delayNode	delayInMin	p_car_delay	p_bus_delay	p_train_delay	p_cycle_delay	pCongFixed	Result
1	5	0	0	0	0	0	63.1666666667
1	5	0	0	0	0	0.3	77.3095238095
1	5	0	0	0	0	0.6	112.666666667
1	5	0	0	0	0	0.9	195.083333333
1	5	0	0	0	0.5	0	63.1666666667
1	5	0	0	0	0.5	0.3	77.3095238095
1	5	0	0	0	0.5	0.6	112.666666667
1	5	0	0	0	0.5	0.9	195.083333333
1	5	0	0	0	1	0	63.1666666667
1	5	0	0	0	1	0.3	77.3095238095
1	5	0	0	0	1	0.6	112.666666667
1	5	0	0	0	1	0.9	195.083333333
1	5	0	0	0.5	0	0	63.1666666667
1	5	0	0	0.5	0	0.3	77.3095238095
1	5	0	0	0.5	0	0.6	112.666666667
1	5	0	0	0.5	0	0.9	195.083333333
1	5	0	0	0.5	0.5	0	63.1666666667
1	5	0	0	0.5	0.5	0.3	77.3095238095
1	5	0	0	0.5	0.5	0.6	112.666666667
1	5	0	0	0.5	0.5	0.9	195.083333333
1	5	0	0	0.5	1	0	63.1666666667
1	5	0	0	0.5	1	0.3	77.3095238095
1	5	0	0	0.5	1	0.6	112.666666667
1	5	0	0	0.5	1	0.9	195.083333333
1	5	0	0	1	0	0	63.1666666667
1	5	0	0	1	0	0.3	77.3095238095
1	5	0	0	1	0	0.6	112.666666667
1	5	0	0	1	0	0.9	195.083333333
1	5	0	0	1	0.5	0	63.1666666667
1	5	0	0	1	0.5	0.3	77.3095238095
1	5	0	0	1	0.5	0.6	112.666666667
1	5	0	0	1	0.5	0.9	195.083333333
1	5	0	0	1	1	0	63.1666666667
1	5	0	0	1	1	0.3	77.3095238095
1	5	0	0	1	1	0.6	112.666666667
1	5	0	0	1	1	0.9	195.083333333
1	5	0	0.5	0	0	0	63.1666666667
1	5	0	0.5	0	0	0.3	77.3095238095
1	5	0	0.5	0	0	0.6	112.666666667
1	5	0	0.5	0	0	0.9	195.083333333
1	5	0	0.5	0	0.5	0	63.1666666667
1	5	0	0.5	0	0.5	0.3	77.3095238095
1	5	0	0.5	0	0.5	0.6	112.666666667
1	5	0	0.5	0	0.5	0.9	195.083333333
1	5	0	0.5	0	1	0	63.1666666667
1	5	0	0.5	0	1	0.3	77.3095238095
1	5	0	0.5	0	1	0.6	112.666666667
1	5	0	0.5	0	1	0.9	195.083333333
1	5	0	0.5	0.5	0	0	63.1666666667
1	5	0	0.5	0.5	0	0.3	77.3095238095
1	5	0	0.5	0.5	0	0.6	112.666666667
1	5	0	0.5	0.5	0	0.9	195.083333333
1	5	0	0.5	0.5	0.5	0	63.1666666667
1	5	0	0.5	0.5	0.5	0.3	77.3095238095
1	5	0	0.5	0.5	0.5	0.6	112.666666667
1	5	0	0.5	0.5	0.5	0.9	195.083333333
1	5	0	0.5	0.5	1	0	63.1666666667
1	5	0	0.5	0.5	1	0.3	77.3095238095
1	5	0	0.5	0.5	1	0.6	112.666666667
1	5	0	0.5	0.5	1	0.9	195.083333333
1	5	0	0.5	1	0	0	63.1666666667
1	5	0	0.5	1	0	0.3	77.3095238095
1	5	0	0.5	1	0	0.6	112.666666667
1	5	0	0.5	1	0	0.9	195.083333333
1	5	0	0.5	1	0.5	0	63.1666666667
1	5	0	0.5	1	0.5	0.3	77.3095238095
1	5	0	0.5	1	0.5	0.6	112.666666667
1	5	0	0.5	1	0.5	0.9	195.083333333
1	5	0	0.5	1	1	0	63.1666666667
1	5	0	0.5	1	1	0.3	77.3095238095
1	5	0	0.5	1	1	0.6	112.666666667
1	5	0	0.5	1	1	0.9	195.083333333
1	5	0	1	0	0	0	63.1666666667
1	5	0	1	0	0	0.3	77.3095238095
1	5	0	1	0	0	0.6	112.666666667
1	5	0	1	0	0	0.9	195.083333333
1	5	0	1	0	0.5	0	63.1666666667
1	5	0	1	0	0.5	0.3	77.3095238095
1	5	0	1	0	0.5	0.6	112.666666667
1	5	0	1	0	0.5	0.9	195.083333333
1	5	0	1	0	1	0	63.1666666667
1	5	0	1	0	1	0.3	77.3095238095
1	5	0	1	0	1	0.6	112.666666667
1	5	0	1	0	1	0.9	195.083333333
1	5	0	1	0.5	0	0	63.1666666667
1	5	0	1	0.5	0	0.3	77.3095238095
1	5	0	1	0.5	0	0.6	112.666666667
1	5	0	1	0.5	0	0.9	195.083333333
1	5	0	1	0.5	0.5	0	63.1666666667
1	5	0	1	0.5	0.5	0.3	77.3095238095
1	5	0	1	0.5	0.5	0.6	112.666666667
1	5	0	1	0.5	0.5	0.9	195.083333333
1	5	0	1	0.5	1	0	63.1666666667
1	5	0	1	0.5	1	0.3	77.3095238095
1	5	0	1	0.5	1	0.6	112.666666667
1	5	0	1	0.5	1	0.9	195.083333333
1	5	0	1	1	0	0	63.1666666667
1	5	0	1	1	0	0.3	77.3095238095
1	5	0	1	1	0	0.6	112.666666667
1	5	0	1	1	0	0.9	195.083333333
1	5	0	1	1	0.5	0	63.1666666667
1	5	0	1	1	0.5	0.3	77.3095238095
1	5	0	1	1	0.5	0.6	112.666666667
1	5	0	1	1	0.5	0.9	195.083333333
1	5	0	1	1	1	0	63.1666666667
1	5	0	1	1	1	0.3	77.3095238095
1	5	0	1	1	1	0.6	112.666666667
1	5	0	1	1	1	0.9	195.083333333
1	5	0.5	0	0	0	0	63.1666666667
1	5	0.5	0	0	0	0.3	77.3095238095
1	5	0.5	0	0	0	0.6	112.666666667
1	5	0.5	0	0	0	0.9	195.083333333
1	5	0.5	0	0	0.5	0	63.1666666667
1	5	0.5	0	0	0.5	0.3	77.3095238095
1	5	0.5	0	0	0.5	0.6	112.666666667
1	5	0.5	0	0	0.5	0.9	195.083333333
1	5	0.5	0	0	1	0	63.1666666667
1	5	0.5	0	0	1	0.3	77.3095238095
1	5	0.5	0	0	1	0.6	112.666666667
1	5	0.5	0	0	1	0.9	195.083333333
1	5	0.5	0	0.5	0	0	63.1666666667
1	5	0.5	0	0.5	0	0.3	77.3095238095
1	5	0.5	0	0.5	0	0.6	112.666666667
1	5	0.5	0	0.5	0	0.9	195.083333333
1	5	0.5	0	0.5	0.5	0	63.1666666667
1	5	0.5	0	0.5	0.5	0.3	77.3095238095
1	5	0.5	0	0.5	0.5	0.6	112.666666667
1	5	0.5	0	0.5	0.5	0.9	195.083333333
1	5	0.5	0	0.5	1	0	63.1666666667
1	5	0.5	0	0.5	1	0.3	77.3095238095
1	5	0.5	0	0.5	1	0.6	112.666666667
1	5	0.5	0	0.5	1	0.9	195.083333333
1	5	0.5	0	1	0	0	63.1666666667
1	5	0.5	0	1	0	0.3	77.3095238095
1	5	0.5	0	1	0	0.6	112.666666667
1	5	0.5	0	1	0	0.9	195.083333333
1	5	0.5	0	1	0.5	0	63.1666666667
1	5	0.5	0	1	0.5	0.3	77.3095238095
1	5	0.5	0	1	0.5	0.6	112.666666667
1	5	0.5	0	1	0.5	0.9	195.083333333
1	5	0.5	0	1	1	0	63.1666666667
1	5	0.5	0	1	1	0.3	77.3095238095
1	5	0.5	0	1	1	0.6	112.666666667
1	5	0.5	0	1	1	0.9	195.083333333
1	5	0.5	0.5	0	0	0	63.1666666667
1	5	0.5	0.5	0	0	0.3	77.3095238095
1	5	0.5	0.5	0	0	0.6	112.666666667
1	5	0.5	0.5	0	0	0.9	195.083333333
1	5	0.5	0.5	0	0.5	0	63.1666666667
1	5	0.5	0.5	0	0.5	0.3	77.3095238095
1	5	0.5	0.5	0	0.5	0.6	112.666666667
1	5	0.5	0.5	0	0.5	0.9	195.083333333
1	5	0.5	0.5	0	1	0	63.1666666667
1	5	0.5	0.5	0	1	0.3	77.3095238095
1	5	0.5	0.5	0	1	0.6	112.666666667
1	5	0.5	0.5	0	1	0.9	195.083333333
1	5	0.5	0.5	0.5	0	0	63.1666666667
1	5	0.5	0.5	0.5	0	0.3	77.3095238095
1	5	0.5	0.5	0.5	0	0.6	112.666666667
1	5	0.5	0.5	0.5	0	0.9	195.083333333
1	5	0.5	0.5	0.5	0.5	0	63.1666666667
1	5	0.5	0.5	0.5	0.5	0.3	77.3095238095
1	5	0.5	0.5	0.5	0.5	0.6	112.666666667
1	5	0.5	0.5	0.5	0.5	0.9	195.083333333
1	5	0.5	0.5	0.5	1	0	63.1666666667
1	5	0.5	0.5	0.5	1	0.3	77.3095238095
1	5	0.5	0.5	0.5	1	0.6	112.666666667
1	5	0.5	0.5	0.5	1	0.9	195.083333333
1	5	0.5	0.5	1	0	0	63.1666666667
1	5	0.5	0.5	1	0	0.3	77.3095238095
1	5	0.5	0.5	1	0	0.6	112.666666667
1	5	0.5	0.5	1	0	0.9	195.083333333
1	5	0.5	0.5	1	0.5	0	63.1666666667
1	5	0.5	0.5	1	0.5	0.3	77.3095238095
1	5	0.5	0.5	1	0.5	0.6	112.666666667
1	5	0.5	0.5	1	0.5	0.9	195.083333333
1	5	0.5	0.5	1	1	0	63.1666666667
1	5	0.5	0.5	1	1	0.3	77.3095238095
1	5	0.5	0.5	1	1	0.6	112.666666667
1	5	0.5	0.5	1	1	0.9	195.083333333
1	5	0.5	1	0	0	0	63.1666666667
1	5	0.5	1	0	0	0.3	77.3095238095
1	5	0.5	1	0	0	0.6	112.666666667
1	5	0.5	1	0	0	0.9	195.083333333
1	5	0.5	1	0	0.5	0	63.1666666667
1	5	0.5	1	0	0.5	0.3	77.3095238095
1	5	0.5	1	0	0.5	0.6	112.666666667
1	5	0.5	1	0	0.5	0.9	195.083333333
1	5	0.5	1	0	1	0	63.1666666667
1	5	0.5	1	0	1	0.3	77.3095238095
1	5	0.5	1	0	1	0.6	112.666666667
1	5	0.5	1	0	1	0.9	195.083333333
1	5	0.5	1	0.5	0	0	63.1666666667
1	5	0.5	1	0.5	0	0.3	77.3095238095
1	5	0.5	1	0.5	0	0.6	112.666666667
1	5	0.5	1	0.5	0	0.9	195.083333333
1	5	0.5	1	0.5	0.5	0	63.1666666667
1	5	0.5	1	0.5	0.5	0.3	77.3095238095
1	5	0.5	1	0.5	0.5	0.6	112.666666667
1	5	0.5	1	0.5	0.5	0.9	195.083333333
1	5	0.5	1	0.5	1	0	63.1666666667
1	5	0.5	1	0.5	1	0.3	77.3095238095
1	5	0.5	1	0.5	1	0.6	112.666666667
1	5	0.5	1	0.5	1	0.9	195.083333333
1	5	0.5	1	1	0	0	63.1666666667
1	5	0.5	1	1	0	0.3	77.3095238095
1	5	0.5	1	1	0	0.6	112.666666667
1	5	0.5	1	1	0	0.9	195.083333333
1	5	0.5	1	1	0.5	0	63.1666666667
1	5	0.5	1	1	0.5	0.3	77.3095238095
1	5	0.5	1	1	0.5	0.6	112.666666667
1	5	0.5	1	1	0.5	0.9	195.083333333
1	5	0.5	1	1	1	0	63.1666666667
1	5	0.5	1	1	1	0.3	77.3095238095
1	5	0.5	1	1	1	0.6	112.666666667
1	5	0.5	1	1	1	0.9	195.083333333
1	5	1	0	0	0	0	63.1666666667
1	5	1	0	0	0	0.3	77.3095238095
1	5	1	0	0	0	0.6	112.666666667
1	5	1	0	0	0	0.9	195.083333333
1	5	1	0	0	0.5	0	63.1666666667
1	5	1	0	0	0.5	0.3	77.3095238095
1	5	1	0	0	0.5	0.6	112.666666667
1	5	1	0	0	0.5	0.9	195.083333333
1	5	1	0	0	1	0	63.1666666667
1	5	1	0	0	1	0.3	77.3095238095
1	5	1	0	0	1	0.6	112.666666667
1	5	1	0	0	1	0.9	195.083333333
1	5	1	0	0.5	0	0	63.1666666667
1	5	1	0	0.5	0	0.3	77.3095238095
1	5	1	0	0.5	0	0.6	112.666666667
1	5	1	0	0.5	0	0.9	195.083333333
1	5	1	0	0.5	0.5	0	63.1666666667
1	5	1	0	0.5	0.5	0.3	77.3095238095
1	5	1	0	0.5	0.5	0.6	112.666666667
1	5	1	0	0.5	0.5	0.9	195.083333333
1	5	1	0	0.5	1	0	63.1666666667
1	5	1	0	0.5	1	0.3	77.3095238095
1	5	1	0	0.5	1	0.6	112.666666667
1	5	1	0	0.5	1	0.9	195.083333333
1	5	1	0	1	0	0	63.1666666667
1	5	1	0	1	0	0.3	77.3095238095
1	5	1	0	1	0	0.6	112.666666667
1	5	1	0	1	0	0.9	195.083333333
1	5	1	0	1	0.5	0	63.1666666667
1	5	1	0	1	0.5	0.3	77.3095238095
1	5	1	0	1	0.5	0.6	112.666666667
1	5	1	0	1	0.5	0.9	195.083333333
1	5	1	0	1	1	0	63.1666666667
1	5	1	0	1	1	0.3	77.3095238095
1	5	1	0	1	1	0.6	112.666666667
1	5	1	0	1	1	0.9	195.083333333
1	5	1	0.5	0	0	0	63.1666666667
1	5	1	0.5	0	0	0.3	77.3095238095
1	5	1	0.5	0	0	0.6	112.666666667
1	5	1	0.5	0	0	0.9	195.083333333
1	5	1	0.5	0	0.5	0	63.1666666667
1	5	1	0.5	0	0.5	0.3	77.3095238095
1	5	1	0.5	0	0.5	0.6	112.666666667
1	5	1	0.5	0	0.5	0.9	195.083333333
1	5	1	0.5	0	1	0	63.1666666667
1	5	1	0.5	0	1	0.3	77.3095238095
1	5	1	0.5	0	1	0.6	112.666666667
1	5	1	0.5	0	1	0.9	195.083333333
1	5	1	0.5	0.5	0	0	63.1666666667
1	5	1	0.5	0.5	0	0.3	77.3095238095
1	5	1	0.5	0.5	0	0.6	112.666666667
1	5	1	0.5	0.5	0	0.9	195.083333333
1	5	1	0.5	0.5	0.5	0	63.1666666667
1	5	1	0.5	0.5	0.5	0.3	77.3095238095
1	5	1	0.5	0.5	0.5	0.6	112.666666667
1	5	1	0.5	0.5	0.5	0.9	195.083333333
1	5	1	0.5	0.5	1	0	63.1666666667
1	5	1	0.5	0.5	1	0.3	77.3095238095
1	5	1	0.5	0.5	1	0.6	112.666666667
1	5	1	0.5	0.5	1	0.9	195.083333333
1	5	1	0.5	1	0	0	63.1666666667
1	5	1	0.5	1	0	0.3	77.3095238095
1	5	1	0.5	1	0	0.6	112.666666667
1	5	1	0.5	1	0	0.9	195.083333333
1	5	1	0.5	1	0.5	0	63.1666666667
1	5	1	0.5	1	0.5	0.3	77.3095238095
1	5	1	0.5	1	0.5	0.6	112.666666667
1	5	1	0.5	1	0.5	0.9	195.083333333
1	5	1	0.5	1	1	0	63.1666666667
1	5	1	0.5	1	1	0.3	77.3095238095
1	5	1	0.5	1	1	0.6	112.666666667
1	5	1	0.5	1	1	0.9	195.083333333
1	5	1	1	0	0	0	63.1666666667
1	5	1	1	0	0	0.3	77.3095238095
1	5	1	1	0	0	0.6	112.666666667
1	5	1	1	0	0	0.9	195.083333333
1	5	1	1	0	0.5	0	63.1666666667
1	5	1	1	0	0.5	0.3	77.3095238095
1	5	1	1	0	0.5	0.6	112.666666667
1	5	1	1	0	0.5	0.9	195.083333333
1	5	1	1	0	1	0	63.1666666667
1	5	1	1	0	1	0.3	77.3095238095
1	5	1	1	0	1	0.6	112.666666667
1	5	1	1	0	1	0.9	195.083333333
1	5	1	1	0.5	0	0	63.1666666667
1	5	1	1	0.5	0	0.3	77.3095238095
1	5	1	1	0.5	0	0.6	112.666666667
1	5	1	1	0.5	0	0.9	195.083333333
1	5	1	1	0.5	0.5	0	63.1666666667
1	5	1	1	0.5	0.5	0.3	77.3095238095
1	5	1	1	0.5	0.5	0.6	112.666666667
1	5	1	1	0.5	0.5	0.9	195.083333333
1	5	1	1	0.5	1	0	63.1666666667
1	5	1	1	0.5	1	0.3	77.3095238095
1	5	1	1	0.5	1	0.6	112.666666667
1	5	1	1	0.5	1	0.9	195.083333333
1	5	1	1	1	0	0	63.1666666667
1	5	1	1	1	0	0.3	77.3095238095
1	5	1	1	1	0	0.6	112.666666667
1	5	1	1	1	0	0.9	195.083333333
1	5	1	1	1	0.5	0	63.1666666667
1	5	1	1	1	0.5	0.3	77.3095238095
1	5	1	1	1	0.5	0.6	112.666666667
1	5	1	1	1	0.5	0.9	195.083333333
1	5	1	1	1	1	0	63.1666666667
1	5	1	1	1	1	0.3	77.3095238095
1	5	1	1	1	1	0.6	112.666666667
1	5	1	1	1	1	0.9	195.083333333
1	10	0	0	0	0	0	63.1666666667
1	10	0	0	0	0	0.3	77.3095238095
1	10	0	0	0	0	0.6	112.666666667
1	10	0	0	0	0	0.9	195.083333333
1	10	0	0	0	0.5	0	63.1666666667
1	10	0	0	0	0.5	0.3	77.3095238095
1	10	0	0	0	0.5	0.6	112.666666667
1	10	0	0	0	0.5	0.9	195.083333333
1	10	0	0	0	1	0	63.1666666667
1	10	0	0	0	1	0.3	77.3095238095
1	10	0	0	0	1	0.6	112.666666667
1	10	0	0	0	1	0.9	195.083333333
1	10	0	0	0.5	0	0	63.1666666667
1	10	0	0	0.5	0	0.3	77.3095238095
1	10	0	0	0.5	0	0.6	112.666666667
1	10	0	0	0.5	0	0.9	195.083333333
1	10	0	0	0.5	0.5	0	63.1666666667
1	10	0	0	0.5	0.5	0.3	77.3095238095
1	10	0	0	0.5	0.5	0.6	112.666666667
1	10	0	0	0.5	0.5	0.9	195.083333333
1	10	0	0	0.5	1	0	63.1666666667
1	10	0	0	0.5	1	0.3	77.3095238095
1	10	0	0	0.5	1	0.6	112.666666667
1	10	0	0	0.5	1	0.9	195.083333333
1	10	0	0	1	0	0	63.1666666667
1	10	0	0	1	0	0.3	77.3095238095
1	10	0	0	1	0	0.6	112.666666667
1	10	0	0	1	0	0.9	195.083333333
1	10	0	0	1	0.5	0	63.1666666667
1	10	0	0	1	0.5	0.3	77.3095238095
1	10	0	0	1	0.5	0.6	112.666666667
1	10	0	0	1	0.5	0.9	195.083333333
1	10	0	0	1	1	0	63.1666666667
1	10	0	0	1	1	0.3	77.3095238095
1	10	0	0	1	1	0.6	112.666666667
1	10	0	0	1	1	0.9	195.083333333
1	10	0	0.5	0	0	0	63.1666666667
1	10	0	0.5	0	0	0.3	77.3095238095
1	10	0	0.5	0	0	0.6	112.666666667
1	10	0	0.5	0	0	0.9	195.083333333
1	10	0	0.5	0	0.5	0	63.1666666667
1	10	0	0.5	0	0.5	0.3	77.3095238095
1	10	0	0.5	0	0.5	0.6	112.666666667
1	10	0	0.5	0	0.5	0.9	195.083333333
1	10	0	0.5	0	1	0	63.1666666667
1	10	0	0.5	0	1	0.3	77.3095238095
1	10	0	0.5	0	1	0.6	112.666666667
1	10	0	0.5	0	1	0.9	195.083333333
1	10	0	0.5	0.5	0	0	63.1666666667
1	10	0	0.5	0.5	0	0.3	77.3095238095
1	10	0	0.5	0.5	0	0.6	112.666666667
1	10	0	0.5	0.5	0	0.9	195.083333333
1	10	0	0.5	0.5	0.5	0	63.1666666667
1	10	0	0.5	0.5	0.5	0.3	77.3095238095
1	10	0	0.5	0.5	0.5	0.6	112.666666667
1	10	0	0.5	0.5	0.5	0.9	195.083333333
1	10	0	0.5	0.5	1	0	63.1666666667
1	10	0	0.5	0.5	1	0.3	77.3095238095
1	10	0	0.5	0.5	1	0.6	112.666666667
1	10	0	0.5	0.5	1	0.9	195.083333333
1	10	0	0.5	1	0	0	63.1666666667
1	10	0	0.5	1	0	0.3	77.3095238095
1	10	0	0.5	1	0	0.6	112.666666667
1	10	0	0.5	1	0	0.9	195.083333333
1	10	0	0.5	1	0.5	0	63.1666666667
1	10	0	0.5	1	0.5	0.3	77.3095238095
1	10	0	0.5	1	0.5	0.6	112.666666667
1	10	0	0.5	1	0.5	0.9	195.083333333
1	10	0	0.5	1	1	0	63.1666666667
1	10	0	0.5	1	1	0.3	77.3095238095
1	10	0	0.5	1	1	0.6	112.666666667
1	10	0	0.5	1	1	0.9	195.083333333
1	10	0	1	0	0	0	63.1666666667
1	10	0	1	0	0	0.3	77.3095238095
1	10	0	1	0	0	0.6	112.666666667
1	10	0	1	0	0	0.9	195.083333333
1	10	0	1	0	0.5	0	63.1666666667
1	10	0	1	0	0.5	0.3	77.3095238095
1	10	0	1	0	0.5	0.6	112.666666667
1	10	0	1	0	0.5	0.9	195.083333333
1	10	0	1	0	1	0	63.1666666667
1	10	0	1	0	1	0.3	77.3095238095
1	10	0	1	0	1	0.6	112.666666667
1	10	0	1	0	1	0.9	195.083333333
1	10	0	1	0.5	0	0	63.1666666667
1	10	0	1	0.5	0	0.3	77.3095238095
1	10	0	1	0.5	0	0.6	112.666666667
1	10	0	1	0.5	0	0.9	195.083333333
1	10	0	1	0.5	0.5	0	63.1666666667
1	10	0	1	0.5	0.5	0.3	77.3095238095
1	10	0	1	0.5	0.5	0.6	112.666666667
1	10	0	1	0.5	0.5	0.9	195.083333333
1	10	0	1	0.5	1	0	63.1666666667
1	10	0	1	0.5	1	0.3	77.3095238095
1	10	0	1	0.5	1	0.6	112.666666667
1	10	0	1	0.5	1	0.9	195.083333333
1	10	0	1	1	0	0	63.1666666667
1	10	0	1	1	0	0.3	77.3095238095
1	10	0	1	1	0	0.6	112.666666667
1	10	0	1	1	0	0.9	195.083333333
1	10	0	1	1	0.5	0	63.1666666667
1	10	0	1	1	0.5	0.3	77.3095238095
1	10	0	1	1	0.5	0.6	112.666666667
1	10	0	1	1	0.5	0.9	195.083333333
1	10	0	1	1	1	0	63.1666666667
1	10	0	1	1	1	0.3	77.3095238095
1	10	0	1	1	1	0.6	112.666666667
1	10	0	1	1	1	0.9	195.083333333
1	10	0.5	0	0	0	0	63.1666666667
1	10	0.5	0	0	0	0.3	77.3095238095
1	10	0.5	0	0	0	0.6	112.666666667
1	10	0.5	0	0	0	0.9	195.083333333
1	10	0.5	0	0	0.5	0	63.1666666667
1	10	0.5	0	0	0.5	0.3	77.3095238095
1	10	0.5	0	0	0.5	0.6	112.666666667
1	10	0.5	0	0	0.5	0.9	195.083333333
1	10	0.5	0	0	1	0	63.1666666667
1	10	0.5	0	0	1	0.3	77.3095238095
1	10	0.5	0	0	1	0.6	112.666666667
1	10	0.5	0	0	1	0.9	195.083333333
1	10	0.5	0	0.5	0	0	63.1666666667
1	10	0.5	0	0.5	0	0.3	77.3095238095
1	10	0.5	0	0.5	0	0.6	112.666666667
1	10	0.5	0	0.5	0	0.9	195.083333333
1	10	0.5	0	0.5	0.5	0	63.1666666667
1	10	0.5	0	0.5	0.5	0.3	77.3095238095
1	10	0.5	0	0.5	0.5	0.6	112.666666667
1	10	0.5	0	0.5	0.5	0.9	195.083333333
1	10	0.5	0	0.5	1	0	63.1666666667
1	10	0.5	0	0.5	1	0.3	77.3095238095
1	10	0.5	0	0.5	1	0.6	112.666666667
1	10	0.5	0	0.5	1	0.9	195.083333333
1	10	0.5	0	1	0	0	63.1666666667
1	10	0.5	0	1	0	0.3	77.3095238095
1	10	0.5	0	1	0	0.6	112.666666667
1	10	0.5	0	1	0	0.9	195.083333333
1	10	0.5	0	1	0.5	0	63.1666666667
1	10	0.5	0	1	0.5	0.3	77.3095238095
1	10	0.5	0	1	0.5	0.6	112.666666667
1	10	0.5	0	1	0.5	0.9	195.083333333
1	10	0.5	0	1	1	0	63.1666666667
1	10	0.5	0	1	1	0.3	77.3095238095
1	10	0.5	0	1	1	0.6	112.666666667
1	10	0.5	0	1	1	0.9	195.083333333
1	10	0.5	0.5	0	0	0	63.1666666667
1	10	0.5	0.5	0	0	0.3	77.3095238095
1	10	0.5	0.5	0	0	0.6	112.666666667
1	10	0.5	0.5	0	0	0.9	195.083333333
1	10	0.5	0.5	0	0.5	0	63.1666666667
1	10	0.5	0.5	0	0.5	0.3	77.3095238095
1	10	0.5	0.5	0	0.5	0.6	112.666666667
1	10	0.5	0.5	0	0.5	0.9	195.083333333
1	10	0.5	0.5	0	1	0	63.1666666667
1	10	0.5	0.5	0	1	0.3	77.3095238095
1	10	0.5	0.5	0	1	0.6	112.666666667
1	10	0.5	0.5	0	1	0.9	195.083333333
1	10	0.5	0.5	0.5	0	0	63.1666666667
1	10	0.5	0.5	0.5	0	0.3	77.3095238095
1	10	0.5	0.5	0.5	0	0.6	112.666666667
1	10	0.5	0.5	0.5	0	0.9	195.083333333
1	10	0.5	0.5	0.5	0.5	0	63.1666666667
1	10	0.5	0.5	0.5	0.5	0.3	77.3095238095
1	10	0.5	0.5	0.5	0.5	0.6	112.666666667
1	10	0.5	0.5	0.5	0.5	0.9	195.083333333
1	10	0.5	0.5	0.5	1	0	63.1666666667
1	10	0.5	0.5	0.5	1	0.3	77.3095238095
1	10	0.5	0.5	0.5	1	0.6	112.666666667
1	10	0.5	0.5	0.5	1	0.9	195.083333333
1	10	0.5	0.5	1	0	0	63.1666666667
1	10	0.5	0.5	1	0	0.3	77.3095238095
1	10	0.5	0.5	1	0	0.6	112.666666667
1	10	0.5	0.5	1	0	0.9	195.083333333
1	10	0.5	0.5	1	0.5	0	63.1666666667
1	10	0.5	0.5	1	0.5	0.3	77.3095238095
1	10	0.5	0.5	1	0.5	0.6	112.666666667
1	10	0.5	0.5	1	0.5	0.9	195.083333333
1	10	0.5	0.5	1	1	0	63.1666666667
1	10	0.5	0.5	1	1	0.3	77.3095238095
1	10	0.5	0.5	1	1	0.6	112.666666667
1	10	0.5	0.5	1	1	0.9	195.083333333
1	10	0.5	1	0	0	0	63.1666666667
1	10	0.5	1	0	0	0.3	77.3095238095
1	10	0.5	1	0	0	0.6	112.666666667
1	10	0.5	1	0	0	0.9	195.083333333
1	10	0.5	1	0	0.5	0	63.1666666667
1	10	0.5	1	0	0.5	0.3	77.3095238095
1	10	0.5	1	0	0.5	0.6	112.666666667
1	10	0.5	1	0	0.5	0.9	195.083333333
1	10	0.5	1	0	1	0	63.1666666667
1	10	0.5	1	0	1	0.3	77.3095238095
1	10	0.5	1	0	1	0.6	112.666666667
1	10	0.5	1	0	1	0.9	195.083333333
1	10	0.5	1	0.5	0	0	63.1666666667
1	10	0.5	1	0.5	0	0.3	77.3095238095
1	10	0.5	1	0.5	0	0.6	112.666666667
1	10	0.5	1	0.5	0	0.9	195.083333333
1	10	0.5	1	0.5	0.5	0	63.1666666667
1	10	0.5	1	0.5	0.5	0.3	77.3095238095
1	10	0.5	1	0.5	0.5	0.6	112.666666667
1	10	0.5	1	0.5	0.5	0.9	195.083333333
1	10	0.5	1	0.5	1	0	63.1666666667
1	10	0.5	1	0.5	1	0.3	77.3095238095
1	10	0.5	1	0.5	1	0.6	112.666666667
1	10	0.5	1	0.5	1	0.9	195.083333333
1	10	0.5	1	1	0	0	63.1666666667
1	10	0.5	1	1	0	0.3	77.3095238095
1	10	0.5	1	1	0	0.6	112.666666667
1	10	0.5	1	1	0	0.9	195.083333333
1	10	0.5	1	1	0.5	0	63.1666666667
1	10	0.5	1	1	0.5	0.3	77.3095238095
1	10	0.5	1	1	0.5	0.6	112.666666667
1	10	0.5	1	1	0.5	0.9	195.083333333
1	10	0.5	1	1	1	0	63.1666666667
1	10	0.5	1	1	1	0.3	77.3095238095
1	10	0.5	1	1	1	0.6	112.666666667
1	10	0.5	1	1	1	0.9	195.083333333
1	10	1	0	0	0	0	63.1666666667
1	10	1	0	0	0	0.3	77.3095238095
1	10	1	0	0	0	0.6	112.666666667
1	10	1	0	0	0	0.9	195.083333333
1	10	1	0	0	0.5	0	63.1666666667
1	10	1	0	0	0.5	0.3	77.3095238095
1	10	1	0	0	0.5	0.6	112.666666667
1	10	1	0	0	0.5	0.9	195.083333333
1	10	1	0	0	1	0	63.1666666667
1	10	1	0	0	1	0.3	77.3095238095
1	10	1	0	0	1	0.6	112.666666667
1	10	1	0	0	1	0.9	195.083333333
1	10	1	0	0.5	0	0	63.1666666667
1	10	1	0	0.5	0	0.3	77.3095238095
1	10	1	0	0.5	0	0.6	112.666666667
1	10	1	0	0.5	0	0.9	195.083333333
1	10	1	0	0.5	0.5	0	63.1666666667
1	10	1	0	0.5	0.5	0.3	77.3095238095
1	10	1	0	0.5	0.5	0.6	112.666666667
1	10	1	0	0.5	0.5	0.9	195.083333333
1	10	1	0	0.5	1	0	63.1666666667
1	10	1	0	0.5	1	0.3	77.3095238095
1	10	1	0	0.5	1	0.6	112.666666667
1	10	1	0	0.5	1	0.9	195.083333333
1	10	1	0	1	0	0	63.1666666667
1	10	1	0	1	0	0.3	77.3095238095
1	10	1	0	1	0	0.6	112.666666667
1	10	1	0	1	0	0.9	195.083333333
1	10	1	0	1	0.5	0	63.1666666667
1	10	1	0	1	0.5	0.3	77.3095238095
1	10	1	0	1	0.5	0.6	112.666666667
1	10	1	0	1	0.5	0.9	195.083333333
1	10	1	0	1	1	0	63.1666666667
1	10	1	0	1	1	0.3	77.3095238095
1	10	1	0	1	1	0.6	112.666666667
1	10	1	0	1	1	0.9	195.083333333
1	10	1	0.5	0	0	0	63.1666666667
1	10	1	0.5	0	0	0.3	77.3095238095
1	10	1	0.5	0	0	0.6	112.666666667
1	10	1	0.5	0	0	0.9	195.083333333
1	10	1	0.5	0	0.5	0	63.1666666667
1	10	1	0.5	0	0.5	0.3	77.3095238095
1	10	1	0.5	0	0.5	0.6	112.666666667
1	10	1	0.5	0	0.5	0.9	195.083333333
1	10	1	0.5	0	1	0	63.1666666667
1	10	1	0.5	0	1	0.3	77.3095238095
1	10	1	0.5	0	1	0.6	112.666666667
1	10	1	0.5	0	1	0.9	195.083333333
1	10	1	0.5	0.5	0	0	63.1666666667
1	10	1	0.5	0.5	0	0.3	77.3095238095
1	10	1	0.5	0.5	0	0.6	112.666666667
1	10	1	0.5	0.5	0	0.9	195.083333333
1	10	1	0.5	0.5	0.5	0	63.1666666667
1	10	1	0.5	0.5	0.5	0.3	77.3095238095
1	10	1	0.5	0.5	0.5	0.6	112.666666667
1	10	1	0.5	0.5	0.5	0.9	195.083333333
1	10	1	0.5	0.5	1	0	63.1666666667
1	10	1	0.5	0.5	1	0.3	77.3095238095
1	10	1	0.5	0.5	1	0.6	112.666666667
1	10	1	0.5	0.5	1	0.9	195.083333333
1	10	1	0.5	1	0	0	63.1666666667
1	10	1	0.5	1	0	0.3	77.3095238095
1	10	1	0.5	1	0	0.6	112.666666667
1	10	1	0.5	1	0	0.9	195.083333333
1	10	1	0.5	1	0.5	0	63.1666666667
1	10	1	0.5	1	0.5	0.3	77.3095238095
1	10	1	0.5	1	0.5	0.6	112.666666667
1	10	1	0.5	1	0.5	0.9	195.083333333
1	10	1	0.5	1	1	0	63.1666666667
1	10	1	0.5	1	1	0.3	77.3095238095
1	10	1	0.5	1	1	0.6	112.666666667
1	10	1	0.5	1	1	0.9	195.083333333
1	10	1	1	0	0	0	63.1666666667
1	10	1	1	0	0	0.3	77.3095238095
1	10	1	1	0	0	0.6	112.666666667
1	10	1	1	0	0	0.9	195.083333333
1	10	1	1	0	0.5	0	63.1666666667
1	10	1	1	0	0.5	0.3	77.3095238095
1	10	1	1	0	0.5	0.6	112.666666667
1	10	1	1	0	0.5	0.9	195.083333333
1	10	1	1	0	1	0	63.1666666667
1	10	1	1	0	1	0.3	77.3095238095
1	10	1	1	0	1	0.6	112.666666667
1	10	1	1	0	1	0.9	195.083333333
1	10	1	1	0.5	0	0	63.1666666667
1	10	1	1	0.5	0	0.3	77.3095238095
1	10	1	1	0.5	0	0.6	112.666666667
1	10	1	1	0.5	0	0.9	195.083333333
1	10	1	1	0.5	0.5	0	63.1666666667
1	10	1	1	0.5	0.5	0.3	77.3095238095
1	10	1	1	0.5	0.5	0.6	112.666666667
1	10	1	1	0.5	0.5	0.9	195.083333333
1	10	1	1	0.5	1	0	63.1666666667
1	10	1	1	0.5	1	0.3	77.3095238095
1	10	1	1	0.5	1	0.6	112.666666667
1	10	1	1	0.5	1	0.9	195.083333333
1	10	1	1	1	0	0	63.1666666667
1	10	1	1	1	0	0.3	77.3095238095
1	10	1	1	1	0	0.6	112.666666667
1	10	1	1	1	0	0.9	195.083333333
1	10	1	1	1	0.5	0	63.1666666667
1	10	1	1	1	0.5	0.3	77.3095238095
1	10	1	1	1	0.5	0.6	112.666666667
1	10	1	1	1	0.5	0.9	195.083333333
1	10	1	1	1	1	0	63.1666666667
1	10	1	1	1	1	0.3	77.3095238095
1	10	1	1	1	1	0.6	112.666666667
1	10	1	1	1	1	0.9	195.083333333
1	15	0	0	0	0	0	63.1666666667
1	15	0	0	0	0	0.3	77.3095238095
1	15	0	0	0	0	0.6	112.666666667
1	15	0	0	0	0	0.9	195.083333333
1	15	0	0	0	0.5	0	63.1666666667
1	15	0	0	0	0.5	0.3	77.3095238095
1	15	0	0	0	0.5	0.6	112.666666667
1	15	0	0	0	0.5	0.9	195.083333333
1	15	0	0	0	1	0	63.1666666667
1	15	0	0	0	1	0.3	77.3095238095
1	15	0	0	0	1	0.6	112.666666667
1	15	0	0	0	1	0.9	195.083333333
1	15	0	0	0.5	0	0	63.1666666667
1	15	0	0	0.5	0	0.3	77.3095238095
1	15	0	0	0.5	0	0.6	112.666666667
1	15	0	0	0.5	0	0.9	195.083333333
1	15	0	0	0.5	0.5	0	63.1666666667
1	15	0	0	0.5	0.5	0.3	77.3095238095
1	15	0	0	0.5	0.5	0.6	112.666666667
1	15	0	0	0.5	0.5	0.9	195.083333333
1	15	0	0	0.5	1	0	63.1666666667
1	15	0	0	0.5	1	0.3	77.3095238095
1	15	0	0	0.5	1	0.6	112.666666667
1	15	0	0	0.5	1	0.9	195.083333333
1	15	0	0	1	0	0	63.1666666667
1	15	0	0	1	0	0.3	77.3095238095
1	15	0	0	1	0	0.6	112.666666667
1	15	0	0	1	0	0.9	195.083333333
1	15	0	0	1	0.5	0	63.1666666667
1	15	0	0	1	0.5	0.3	77.3095238095
1	15	0	0	1	0.5	0.6	112.666666667
1	15	0	0	1	0.5	0.9	195.083333333
1	15	0	0	1	1	0	63.1666666667
1	15	0	0	1	1	0.3	77.3095238095
1	15	0	0	1	1	0.6	112.666666667
1	15	0	0	1	1	0.9	195.083333333
1	15	0	0.5	0	0	0	63.1666666667
1	15	0	0.5	0	0	0.3	77.3095238095
1	15	0	0.5	0	0	0.6	112.666666667
1	15	0	0.5	0	0	0.9	195.083333333
1	15	0	0.5	0	0.5	0	63.1666666667
1	15	0	0.5	0	0.5	0.3	77.3095238095
1	15	0	0.5	0	0.5	0.6	112.666666667
1	15	0	0.5	0	0.5	0.9	195.083333333
1	15	0	0.5	0	1	0	63.1666666667
1	15	0	0.5	0	1	0.3	77.3095238095
1	15	0	0.5	0	1	0.6	112.666666667
1	15	0	0.5	0	1	0.9	195.083333333
1	15	0	0.5	0.5	0	0	63.1666666667
1	15	0	0.5	0.5	0	0.3	77.3095238095
1	15	0	0.5	0.5	0	0.6	112.666666667
1	15	0	0.5	0.5	0	0.9	195.083333333
1	15	0	0.5	0.5	0.5	0	63.1666666667
1	15	0	0.5	0.5	0.5	0.3	77.3095238095
1	15	0	0.5	0.5	0.5	0.6	112.666666667
1	15	0	0.5	0.5	0.5	0.9	195.083333333
1	15	0	0.5	0.5	1	0	63.1666666667
1	15	0	0.5	0.5	1	0.3	77.3095238095
1	15	0	0.5	0.5	1	0.6	112.666666667
1	15	0	0.5	0.5	1	0.9	195.083333333
1	15	0	0.5	1	0	0	63.1666666667
1	15	0	0.5	1	0	0.3	77.3095238095
1	15	0	0.5	1	0	0.6	112.666666667
1	15	0	0.5	1	0	0.9	195.083333333
1	15	0	0.5	1	0.5	0	63.1666666667
1	15	0	0.5	1	0.5	0.3	77.3095238095
1	15	0	0.5	1	0.5	0.6	112.666666667
1	15	0	0.5	1	0.5	0.9	195.083333333
1	15	0	0.5	1	1	0	63.1666666667
1	15	0	0.5	1	1	0.3	77.3095238095
1	15	0	0.5	1	1	0.6	112.666666667
1	15	0	0.5	1	1	0.9	195.083333333
1	15	0	1	0	0	0	63.1666666667
1	15	0	1	0	0	0.3	77.3095238095
1	15	0	1	0	0	0.6	112.666666667
1	15	0	1	0	0	0.9	195.083333333
1	15	0	1	0	0.5	0	63.1666666667
1	15	0	1	0	0.5	0.3	77.3095238095
1	15	0	1	0	0.5	0.6	112.666666667
1	15	0	1	0	0.5	0.9	195.083333333
1	15	0	1	0	1	0	63.1666666667
1	15	0	1	0	1	0.3	77.3095238095
1	15	0	1	0	1	0.6	112.666666667
1	15	0	1	0	1	0.9	195.083333333
1	15	0	1	0.5	0	0	63.1666666667
1	15	0	1	0.5	0	0.3	77.3095238095
1	15	0	1	0.5	0	0.6	112.666666667
1	15	0	1	0.5	0	0.9	195.083333333
1	15	0	1	0.5	0.5	0	63.1666666667
1	15	0	1	0.5	0.5	0.3	77.3095238095
1	15	0	1	0.5	0.5	0.6	112.666666667
1	15	0	1	0.5	0.5	0.9	195.083333333
1	15	0	1	0.5	1	0	63.1666666667
1	15	0	1	0.5	1	0.3	77.3095238095
1	15	0	1	0.5	1	0.6	112.666666667
1	15	0	1	0.5	1	0.9	195.083333333
1	15	0	1	1	0	0	63.1666666667
1	15	0	1	1	0	0.3	77.3095238095
1	15	0	1	1	0	0.6	112.666666667
1	15	0	1	1	0	0.9	195.083333333
1	15	0	1	1	0.5	0	63.1666666667
1	15	0	1	1	0.5	0.3	77.3095238095
1	15	0	1	1	0.5	0.6	112.666666667
1	15	0	1	1	0.5	0.9	195.083333333
1	15	0	1	1	1	0	63.1666666667
1	15	0	1	1	1	0.3	77.3095238095
1	15	0	1	1	1	0.6	112.666666667
1	15	0	1	1	1	0.9	195.083333333
1	15	0.5	0	0	0	0	63.1666666667
1	15	0.5	0	0	0	0.3	77.3095238095
1	15	0.5	0	0	0	0.6	112.666666667
1	15	0.5	0	0	0	0.9	195.083333333
1	15	0.5	0	0	0.5	0	63.1666666667
1	15	0.5	0	0	0.5	0.3	77.3095238095
1	15	0.5	0	0	0.5	0.6	112.666666667
1	15	0.5	0	0	0.5	0.9	195.083333333
1	15	0.5	0	0	1	0	63.1666666667
1	15	0.5	0	0	1	0.3	77.3095238095
1	15	0.5	0	0	1	0.6	112.666666667
1	15	0.5	0	0	1	0.9	195.083333333
1	15	0.5	0	0.5	0	0	63.1666666667
1	15	0.5	0	0.5	0	0.3	77.3095238095
1	15	0.5	0	0.5	0	0.6	112.666666667
1	15	0.5	0	0.5	0	0.9	195.083333333
1	15	0.5	0	0.5	0.5	0	63.1666666667
1	15	0.5	0	0.5	0.5	0.3	77.3095238095
1	15	0.5	0	0.5	0.5	0.6	112.666666667
1	15	0.5	0	0.5	0.5	0.9	195.083333333
1	15	0.5	0	0.5	1	0	63.1666666667
1	15	0.5	0	0.5	1	0.3	77.3095238095
1	15	0.5	0	0.5	1	0.6	112.666666667
1	15	0.5	0	0.5	1	0.9	195.083333333
1	15	0.5	0	1	0	0	63.1666666667
1	15	0.5	0	1	0	0.3	77.3095238095
1	15	0.5	0	1	0	0.6	112.666666667
1	15	0.5	0	1	0	0.9	195.083333333
1	15	0.5	0	1	0.5	0	63.1666666667
1	15	0.5	0	1	0.5	0.3	77.3095238095
1	15	0.5	0	1	0.5	0.6	112.666666667
1	15	0.5	0	1	0.5	0.9	195.083333333
1	15	0.5	0	1	1	0	63.1666666667
1	15	0.5	0	1	1	0.3	77.3095238095
1	15	0.5	0	1	1	0.6	112.666666667
1	15	0.5	0	1	1	0.9	195.083333333
1	15	0.5	0.5	0	0	0	63.1666666667
1	15	0.5	0.5	0	0	0.3	77.3095238095
1	15	0.5	0.5	0	0	0.6	112.666666667
1	15	0.5	0.5	0	0	0.9	195.083333333
1	15	0.5	0.5	0	0.5	0	63.1666666667
1	15	0.5	0.5	0	0.5	0.3	77.3095238095
1	15	0.5	0.5	0	0.5	0.6	112.666666667
1	15	0.5	0.5	0	0.5	0.9	195.083333333
1	15	0.5	0.5	0	1	0	63.1666666667
1	15	0.5	0.5	0	1	0.3	77.3095238095
1	15	0.5	0.5	0	1	0.6	112.666666667
1	15	0.5	0.5	0	1	0.9	195.083333333
1	15	0.5	0.5	0.5	0	0	63.1666666667
1	15	0.5	0.5	0.5	0	0.3	77.3095238095
1	15	0.5	0.5	0.5	0	0.6	112.666666667
1	15	0.5	0.5	0.5	0	0.9	195.083333333
1	15	0.5	0.5	0.5	0.5	0	63.1666666667
1	15	0.5	0.5	0.5	0.5	0.3	77.3095238095
1	15	0.5	0.5	0.5	0.5	0.6	112.666666667
1	15	0.5	0.5	0.5	0.5	0.9	195.083333333
1	15	0.5	0.5	0.5	1	0	63.1666666667
1	15	0.5	0.5	0.5	1	0.3	77.3095238095
1	15	0.5	0.5	0.5	1	0.6	112.666666667
1	15	0.5	0.5	0.5	1	0.9	195.083333333
1	15	0.5	0.5	1	0	0	63.1666666667
1	15	0.5	0.5	1	0	0.3	77.3095238095
1	15	0.5	0.5	1	0	0.6	112.666666667
1	15	0.5	0.5	1	0	0.9	195.083333333
1	15	0.5	0.5	1	0.5	0	63.1666666667
1	15	0.5	0.5	1	0.5	0.3	77.3095238095
1	15	0.5	0.5	1	0.5	0.6	112.666666667
1	15	0.5	0.5	1	0.5	0.9	195.083333333
1	15	0.5	0.5	1	1	0	63.1666666667
1	15	0.5	0.5	1	1	0.3	77.3095238095
1	15	0.5	0.5	1	1	0.6	112.666666667
1	15	0.5	0.5	1	1	0.9	195.083333333
1	15	0.5	1	0	0	0	63.1666666667
1	15	0.5	1	0	0	0.3	77.3095238095
1	15	0.5	1	0	0	0.6	112.666666667
1	15	0.5	1	0	0	0.9	195.083333333
1	15	0.5	1	0	0.5	0	63.1666666667
1	15	0.5	1	0	0.5	0.3	77.3095238095
1	15	0.5	1	0	0.5	0.6	112.666666667
1	15	0.5	1	0	0.5	0.9	195.083333333
1	15	0.5	1	0	1	0	63.1666666667
1	15	0.5	1	0	1	0.3	77.3095238095
1	15	0.5	1	0	1	0.6	112.666666667
1	15	0.5	1	0	1	0.9	195.083333333
1	15	0.5	1	0.5	0	0	63.1666666667
1	15	0.5	1	0.5	0	0.3	77.3095238095
1	15	0.5	1	0.5	0	0.6	112.666666667
1	15	0.5	1	0.5	0	0.9	195.083333333
1	15	0.5	1	0.5	0.5	0	63.1666666667
1	15	0.5	1	0.5	0.5	0.3	77.3095238095
1	15	0.5	1	0.5	0.5	0.6	112.666666667
1	15	0.5	1	0.5	0.5	0.9	195.083333333
1	15	0.5	1	0.5	1	0	63.1666666667
1	15	0.5	1	0.5	1	0.3	77.3095238095
1	15	0.5	1	0.5	1	0.6	112.666666667
1	15	0.5	1	0.5	1	0.9	195.083333333
1	15	0.5	1	1	0	0	63.1666666667
1	15	0.5	1	1	0	0.3	77.3095238095
1	15	0.5	1	1	0	0.6	112.666666667
1	15	0.5	1	1	0	0.9	195.083333333
1	15	0.5	1	1	0.5	0	63.1666666667
1	15	0.5	1	1	0.5	0.3	77.3095238095
1	15	0.5	1	1	0.5	0.6	112.666666667
1	15	0.5	1	1	0.5	0.9	195.083333333
1	15	0.5	1	1	1	0	63.1666666667
1	15	0.5	1	1	1	0.3	77.3095238095
1	15	0.5	1	1	1	0.6	112.666666667
1	15	0.5	1	1	1	0.9	195.083333333
1	15	1	0	0	0	0	63.1666666667
1	15	1	0	0	0	0.3	77.3095238095
1	15	1	0	0	0	0.6	112.666666667
1	15	1	0	0	0	0.9	195.083333333
1	15	1	0	0	0.5	0	63.1666666667
1	15	1	0	0	0.5	0.3	77.3095238095
1	15	1	0	0	0.5	0.6	112.666666667
1	15	1	0	0	0.5	0.9	195.083333333
1	15	1	0	0	1	0	63.1666666667
1	15	1	0	0	1	0.3	77.3095238095
1	15	1	0	0	1	0.6	112.666666667
1	15	1	0	0	1	0.9	195.083333333
1	15	1	0	0.5	0	0	63.1666666667
1	15	1	0	0.5	0	0.3	77.3095238095
1	15	1	0	0.5	0	0.6	112.666666667
1	15	1	0	0.5	0	0.9	195.083333333
1	15	1	0	0.5	0.5	0	63.1666666667
1	15	1	0	0.5	0.5	0.3	77.3095238095
1	15	1	0	0.5	0.5	0.6	112.666666667
1	15	1	0	0.5	0.5	0.9	195.083333333
1	15	1	0	0.5	1	0	63.1666666667
1	15	1	0	0.5	1	0.3	77.3095238095
1	15	1	0	0.5	1	0.6	112.666666667
1	15	1	0	0.5	1	0.9	195.083333333
1	15	1	0	1	0	0	63.1666666667
1	15	1	0	1	0	0.3	77.3095238095
1	15	1	0	1	0	0.6	112.666666667
1	15	1	0	1	0	0.9	195.083333333
1	15	1	0	1	0.5	0	63.1666666667
1	15	1	0	1	0.5	0.3	77.3095238095
1	15	1	0	1	0.5	0.6	112.666666667
1	15	1	0	1	0.5	0.9	195.083333333
1	15	1	0	1	1	0	63.1666666667
1	15	1	0	1	1	0.3	77.3095238095
1	15	1	0	1	1	0.6	112.666666667
1	15	1	0	1	1	0.9	195.083333333
1	15	1	0.5	0	0	0	63.1666666667
1	15	1	0.5	0	0	0.3	77.3095238095
1	15	1	0.5	0	0	0.6	112.666666667
1	15	1	0.5	0	0	0.9	195.083333333
1	15	1	0.5	0	0.5	0	63.1666666667
1	15	1	0.5	0	0.5	0.3	77.3095238095
1	15	1	0.5	0	0.5	0.6	112.666666667
1	15	1	0.5	0	0.5	0.9	195.083333333
1	15	1	0.5	0	1	0	63.1666666667
1	15	1	0.5	0	1	0.3	77.3095238095
1	15	1	0.5	0	1	0.6	112.666666667
1	15	1	0.5	0	1	0.9	195.083333333
1	15	1	0.5	0.5	0	0	63.1666666667
1	15	1	0.5	0.5	0	0.3	77.3095238095
1	15	1	0.5	0.5	0	0.6	112.666666667
1	15	1	0.5	0.5	0	0.9	195.083333333
1	15	1	0.5	0.5	0.5	0	63.1666666667
1	15	1	0.5	0.5	0.5	0.3	77.3095238095
1	15	1	0.5	0.5	0.5	0.6	112.666666667
1	15	1	0.5	0.5	0.5	0.9	195.083333333
1	15	1	0.5	0.5	1	0	63.1666666667
1	15	1	0.5	0.5	1	0.3	77.3095238095
1	15	1	0.5	0.5	1	0.6	112.666666667
1	15	1	0.5	0.5	1	0.9	195.083333333
1	15	1	0.5	1	0	0	63.1666666667
1	15	1	0.5	1	0	0.3	77.3095238095
1	15	1	0.5	1	0	0.6	112.666666667
1	15	1	0.5	1	0	0.9	195.083333333
1	15	1	0.5	1	0.5	0	63.1666666667
1	15	1	0.5	1	0.5	0.3	77.3095238095
1	15	1	0.5	1	0.5	0.6	112.666666667
1	15	1	0.5	1	0.5	0.9	195.083333333
1	15	1	0.5	1	1	0	63.1666666667
1	15	1	0.5	1	1	0.3	77.3095238095
1	15	1	0.5	1	1	0.6	112.666666667
1	15	1	0.5	1	1	0.9	195.083333333
1	15	1	1	0	0	0	63.1666666667
1	15	1	1	0	0	0.3	77.3095238095
1	15	1	1	0	0	0.6	112.666666667
1	15	1	1	0	0	0.9	195.083333333
1	15	1	1	0	0.5	0	63.1666666667
1	15	1	1	0	0.5	0.3	77.3095238095
1	15	1	1	0	0.5	0.6	112.666666667
1	15	1	1	0	0.5	0.9	195.083333333
1	15	1	1	0	1	0	63.1666666667
1	15	1	1	0	1	0.3	77.3095238095
1	15	1	1	0	1	0.6	112.666666667
1	15	1	1	0	1	0.9	195.083333333
1	15	1	1	0.5	0	0	63.1666666667
1	15	1	1	0.5	0	0.3	77.3095238095
1	15	1	1	0.5	0	0.6	112.666666667
1	15	1	1	0.5	0	0.9	195.083333333
1	15	1	1	0.5	0.5	0	63.1666666667
1	15	1	1	0.5	0.5	0.3	77.3095238095
1	15	1	1	0.5	0.5	0.6	112.666666667
1	15	1	1	0.5	0.5	0.9	195.083333333
1	15	1	1	0.5	1	0	63.1666666667
1	15	1	1	0.5	1	0.3	77.3095238095
1	15	1	1	0.5	1	0.6	112.666666667
1	15	1	1	0.5	1	0.9	195.083333333
1	15	1	1	1	0	0	63.1666666667
1	15	1	1	1	0	0.3	77.3095238095
1	15	1	1	1	0	0.6	112.666666667
1	15	1	1	1	0	0.9	195.083333333
1	15	1	1	1	0.5	0	63.1666666667
1	15	1	1	1	0.5	0.3	77.3095238095
1	15	1	1	1	0.5	0.6	112.666666667
1	15	1	1	1	0.5	0.9	195.083333333
1	15	1	1	1	1	0	63.1666666667
1	15	1	1	1	1	0.3	77.3095238095
1	15	1	1	1	1	0.6	112.666666667
1	15	1	1	1	1	0.9	195.083333333
1	20	0	0	0	0	0	63.1666666667
1	20	0	0	0	0	0.3	77.3095238095
1	20	0	0	0	0	0.6	112.666666667
1	20	0	0	0	0	0.9	195.083333333
1	20	0	0	0	0.5	0	63.1666666667
1	20	0	0	0	0.5	0.3	77.3095238095
1	20	0	0	0	0.5	0.6	112.666666667
1	20	0	0	0	0.5	0.9	195.083333333
1	20	0	0	0	1	0	63.1666666667
1	20	0	0	0	1	0.3	77.3095238095
1	20	0	0	0	1	0.6	112.666666667
1	20	0	0	0	1	0.9	195.083333333
1	20	0	0	0.5	0	0	63.1666666667
1	20	0	0	0.5	0	0.3	77.3095238095
1	20	0	0	0.5	0	0.6	112.666666667
1	20	0	0	0.5	0	0.9	195.083333333
1	20	0	0	0.5	0.5	0	63.1666666667
1	20	0	0	0.5	0.5	0.3	77.3095238095
1	20	0	0	0.5	0.5	0.6	112.666666667
1	20	0	0	0.5	0.5	0.9	195.083333333
1	20	0	0	0.5	1	0	63.1666666667
1	20	0	0	0.5	1	0.3	77.3095238095
1	20	0	0	0.5	1	0.6	112.666666667
1	20	0	0	0.5	1	0.9	195.083333333
1	20	0	0	1	0	0	63.1666666667
1	20	0	0	1	0	0.3	77.3095238095
1	20	0	0	1	0	0.6	112.666666667
1	20	0	0	1	0	0.9	195.083333333
1	20	0	0	1	0.5	0	63.1666666667
1	20	0	0	1	0.5	0.3	77.3095238095
1	20	0	0	1	0.5	0.6	112.666666667
1	20	0	0	1	0.5	0.9	195.083333333
1	20	0	0	1	1	0	63.1666666667
1	20	0	0	1	1	0.3	77.3095238095
1	20	0	0	1	1	0.6	112.666666667
1	20	0	0	1	1	0.9	195.083333333
1	20	0	0.5	0	0	0	63.1666666667
1	20	0	0.5	0	0	0.3	77.3095238095
1	20	0	0.5	0	0	0.6	112.666666667
1	20	0	0.5	0	0	0.9	195.083333333
1	20	0	0.5	0	0.5	0	63.1666666667
1	20	0	0.5	0	0.5	0.3	77.3095238095
1	20	0	0.5	0	0.5	0.6	112.666666667
1	20	0	0.5	0	0.5	0.9	195.083333333
1	20	0	0.5	0	1	0	63.1666666667
1	20	0	0.5	0	1	0.3	77.3095238095
1	20	0	0.5	0	1	0.6	112.666666667
1	20	0	0.5	0	1	0.9	195.083333333
1	20	0	0.5	0.5	0	0	63.1666666667
1	20	0	0.5	0.5	0	0.3	77.3095238095
1	20	0	0.5	0.5	0	0.6	112.666666667
1	20	0	0.5	0.5	0	0.9	195.083333333
1	20	0	0.5	0.5	0.5	0	63.1666666667
1	20	0	0.5	0.5	0.5	0.3	77.3095238095
1	20	0	0.5	0.5	0.5	0.6	112.666666667
1	20	0	0.5	0.5	0.5	0.9	195.083333333
1	20	0	0.5	0.5	1	0	63.1666666667
1	20	0	0.5	0.5	1	0.3	77.3095238095
1	20	0	0.5	0.5	1	0.6	112.666666667
1	20	0	0.5	0.5	1	0.9	195.083333333
1	20	0	0.5	1	0	0	63.1666666667
1	20	0	0.5	1	0	0.3	77.3095238095
1	20	0	0.5	1	0	0.6	112.666666667
1	20	0	0.5	1	0	0.9	195.083333333
1	20	0	0.5	1	0.5	0	63.1666666667
1	20	0	0.5	1	0.5	0.3	77.3095238095
1	20	0	0.5	1	0.5	0.6	112.666666667
1	20	0	0.5	1	0.5	0.9	195.083333333
1	20	0	0.5	1	1	0	63.1666666667
1	20	0	0.5	1	1	0.3	77.3095238095
1	20	0	0.5	1	1	0.6	112.666666667
1	20	0	0.5	1	1	0.9	195.083333333
1	20	0	1	0	0	0	63.1666666667
1	20	0	1	0	0	0.3	77.3095238095
1	20	0	1	0	0	0.6	112.666666667
1	20	0	1	0	0	0.9	195.083333333
1	20	0	1	0	0.5	0	63.1666666667
1	20	0	1	0	0.5	0.3	77.3095238095
1	20	0	1	0	0.5	0.6	112.666666667
1	20	0	1	0	0.5	0.9	195.083333333
1	20	0	1	0	1	0	63.1666666667
1	20	0	1	0	1	0.3	77.3095238095
1	20	0	1	0	1	0.6	112.666666667
1	20	0	1	0	1	0.9	195.083333333
1	20	0	1	0.5	0	0	63.1666666667
1	20	0	1	0.5	0	0.3	77.3095238095
1	20	0	1	0.5	0	0.6	112.666666667
1	20	0	1	0.5	0	0.9	195.083333333
1	20	0	1	0.5	0.5	0	63.1666666667
1	20	0	1	0.5	0.5	0.3	77.3095238095
1	20	0	1	0.5	0.5	0.6	112.666666667
1	20	0	1	0.5	0.5	0.9	195.083333333
1	20	0	1	0.5	1	0	63.1666666667
1	20	0	1	0.5	1	0.3	77.3095238095
1	20	0	1	0.5	1	0.6	112.666666667
1	20	0	1	0.5	1	0.9	195.083333333
1	20	0	1	1	0	0	63.1666666667
1	20	0	1	1	0	0.3	77.3095238095
1	20	0	1	1	0	0.6	112.666666667
1	20	0	1	1	0	0.9	195.083333333
1	20	0	1	1	0.5	0	63.1666666667
1	20	0	1	1	0.5	0.3	77.3095238095
1	20	0	1	1	0.5	0.6	112.666666667
1	20	0	1	1	0.5	0.9	195.083333333
1	20	0	1	1	1	0	63.1666666667
1	20	0	1	1	1	0.3	77.3095238095
1	20	0	1	1	1	0.6	112.666666667
1	20	0	1	1	1	0.9	195.083333333
1	20	0.5	0	0	0	0	63.1666666667
1	20	0.5	0	0	0	0.3	77.3095238095
1	20	0.5	0	0	0	0.6	112.666666667
1	20	0.5	0	0	0	0.9	195.083333333
1	20	0.5	0	0	0.5	0	63.1666666667
1	20	0.5	0	0	0.5	0.3	77.3095238095
1	20	0.5	0	0	0.5	0.6	112.666666667
1	20	0.5	0	0	0.5	0.9	195.083333333
1	20	0.5	0	0	1	0	63.1666666667
1	20	0.5	0	0	1	0.3	77.3095238095
1	20	0.5	0	0	1	0.6	112.666666667
1	20	0.5	0	0	1	0.9	195.083333333
1	20	0.5	0	0.5	0	0	63.1666666667
1	20	0.5	0	0.5	0	0.3	77.3095238095
1	20	0.5	0	0.5	0	0.6	112.666666667
1	20	0.5	0	0.5	0	0.9	195.083333333
1	20	0.5	0	0.5	0.5	0	63.1666666667
1	20	0.5	0	0.5	0.5	0.3	77.3095238095
1	20	0.5	0	0.5	0.5	0.6	112.666666667
1	20	0.5	0	0.5	0.5	0.9	195.083333333
1	20	0.5	0	0.5	1	0	63.1666666667
1	20	0.5	0	0.5	1	0.3	77.3095238095
1	20	0.5	0	0.5	1	0.6	112.666666667
1	20	0.5	0	0.5	1	0.9	195.083333333
1	20	0.5	0	1	0	0	63.1666666667
1	20	0.5	0	1	0	0.3	77.3095238095
1	20	0.5	0	1	0	0.6	112.666666667
1	20	0.5	0	1	0	0.9	195.083333333
1	20	0.5	0	1	0.5	0	63.1666666667
1	20	0.5	0	1	0.5	0.3	77.3095238095
1	20	0.5	0	1	0.5	0.6	112.666666667
1	20	0.5	0	1	0.5	0.9	195.083333333
1	20	0.5	0	1	1	0	63.1666666667
1	20	0.5	0	1	1	0.3	77.3095238095
1	20	0.5	0	1	1	0.6	112.666666667
1	20	0.5	0	1	1	0.9	195.083333333
1	20	0.5	0.5	0	0	0	63.1666666667
1	20	0.5	0.5	0	0	0.3	77.3095238095
1	20	0.5	0.5	0	0	0.6	112.666666667
1	20	0.5	0.5	0	0	0.9	195.083333333
1	20	0.5	0.5	0	0.5	0	63.1666666667
1	20	0.5	0.5	0	0.5	0.3	77.3095238095
1	20	0.5	0.5	0	0.5	0.6	112.666666667
1	20	0.5	0.5	0	0.5	0.9	195.083333333
1	20	0.5	0.5	0	1	0	63.1666666667
1	20	0.5	0.5	0	1	0.3	77.3095238095
1	20	0.5	0.5	0	1	0.6	112.666666667
1	20	0.5	0.5	0	1	0.9	195.083333333
1	20	0.5	0.5	0.5	0	0	63.1666666667
1	20	0.5	0.5	0.5	0	0.3	77.3095238095
1	20	0.5	0.5	0.5	0	0.6	112.666666667
1	20	0.5	0.5	0.5	0	0.9	195.083333333
1	20	0.5	0.5	0.5	0.5	0	63.1666666667
1	20	0.5	0.5	0.5	0.5	0.3	77.3095238095
1	20	0.5	0.5	0.5	0.5	0.6	112.666666667
1	20	0.5	0.5	0.5	0.5	0.9	195.083333333
1	20	0.5	0.5	0.5	1	0	63.1666666667
1	20	0.5	0.5	0.5	1	0.3	77.3095238095
1	20	0.5	0.5	0.5	1	0.6	112.666666667
1	20	0.5	0.5	0.5	1	0.9	195.083333333
1	20	0.5	0.5	1	0	0	63.1666666667
1	20	0.5	0.5	1	0	0.3	77.3095238095
1	20	0.5	0.5	1	0	0.6	112.666666667
1	20	0.5	0.5	1	0	0.9	195.083333333
1	20	0.5	0.5	1	0.5	0	63.1666666667
1	20	0.5	0.5	1	0.5	0.3	77.3095238095
1	20	0.5	0.5	1	0.5	0.6	112.666666667
1	20	0.5	0.5	1	0.5	0.9	195.083333333
1	20	0.5	0.5	1	1	0	63.1666666667
1	20	0.5	0.5	1	1	0.3	77.3095238095
1	20	0.5	0.5	1	1	0.6	112.666666667
1	20	0.5	0.5	1	1	0.9	195.083333333
1	20	0.5	1	0	0	0	63.1666666667
1	20	0.5	1	0	0	0.3	77.3095238095
1	20	0.5	1	0	0	0.6	112.666666667
1	20	0.5	1	0	0	0.9	195.083333333
1	20	0.5	1	0	0.5	0	63.1666666667
1	20	0.5	1	0	0.5	0.3	77.3095238095
1	20	0.5	1	0	0.5	0.6	112.666666667
1	20	0.5	1	0	0.5	0.9	195.083333333
1	20	0.5	1	0	1	0	63.1666666667
1	20	0.5	1	0	1	0.3	77.3095238095
1	20	0.5	1	0	1	0.6	112.666666667
1	20	0.5	1	0	1	0.9	195.083333333
1	20	0.5	1	0.5	0	0	63.1666666667
1	20	0.5	1	0.5	0	0.3	77.3095238095
1	20	0.5	1	0.5	0	0.6	112.666666667
1	20	0.5	1	0.5	0	0.9	195.083333333
1	20	0.5	1	0.5	0.5	0	63.1666666667
1	20	0.5	1	0.5	0.5	0.3	77.3095238095
1	20	0.5	1	0.5	0.5	0.6	112.666666667
1	20	0.5	1	0.5	0.5	0.9	195.083333333
1	20	0.5	1	0.5	1	0	63.1666666667
1	20	0.5	1	0.5	1	0.3	77.3095238095
1	20	0.5	1	0.5	1	0.6	112.666666667
1	20	0.5	1	0.5	1	0.9	195.083333333
1	20	0.5	1	1	0	0	63.1666666667
1	20	0.5	1	1	0	0.3	77.3095238095
1	20	0.5	1	1	0	0.6	112.666666667
1	20	0.5	1	1	0	0.9	195.083333333
1	20	0.5	1	1	0.5	0	63.1666666667
1	20	0.5	1	1	0.5	0.3	77.3095238095
1	20	0.5	1	1	0.5	0.6	112.666666667
1	20	0.5	1	1	0.5	0.9	195.083333333
1	20	0.5	1	1	1	0	63.1666666667
1	20	0.5	1	1	1	0.3	77.3095238095
1	20	0.5	1	1	1	0.6	112.666666667
1	20	0.5	1	1	1	0.9	195.083333333
1	20	1	0	0	0	0	63.1666666667
1	20	1	0	0	0	0.3	77.3095238095
1	20	1	0	0	0	0.6	112.666666667
1	20	1	0	0	0	0.9	195.083333333
1	20	1	0	0	0.5	0	63.1666666667
1	20	1	0	0	0.5	0.3	77.3095238095
1	20	1	0	0	0.5	0.6	112.666666667
1	20	1	0	0	0.5	0.9	195.083333333
1	20	1	0	0	1	0	63.1666666667
1	20	1	0	0	1	0.3	77.3095238095
1	20	1	0	0	1	0.6	112.666666667
1	20	1	0	0	1	0.9	195.083333333
1	20	1	0	0.5	0	0	63.1666666667
1	20	1	0	0.5	0	0.3	77.3095238095
1	20	1	0	0.5	0	0.6	112.666666667
1	20	1	0	0.5	0	0.9	195.083333333
1	20	1	0	0.5	0.5	0	63.1666666667
1	20	1	0	0.5	0.5	0.3	77.3095238095
1	20	1	0	0.5	0.5	0.6	112.666666667
1	20	1	0	0.5	0.5	0.9	195.083333333
1	20	1	0	0.5	1	0	63.1666666667
1	20	1	0	0.5	1	0.3	77.3095238095
1	20	1	0	0.5	1	0.6	112.666666667
1	20	1	0	0.5	1	0.9	195.083333333
1	20	1	0	1	0	0	63.1666666667
1	20	1	0	1	0	0.3	77.3095238095
1	20	1	0	1	0	0.6	112.666666667
1	20	1	0	1	0	0.9	195.083333333
1	20	1	0	1	0.5	0	63.1666666667
1	20	1	0	1	0.5	0.3	77.3095238095
1	20	1	0	1	0.5	0.6	112.666666667
1	20	1	0	1	0.5	0.9	195.083333333
1	20	1	0	1	1	0	63.1666666667
1	20	1	0	1	1	0.3	77.3095238095
1	20	1	0	1	1	0.6	112.666666667
1	20	1	0	1	1	0.9	195.083333333
1	20	1	0.5	0	0	0	63.1666666667
1	20	1	0.5	0	0	0.3	77.3095238095
1	20	1	0.5	0	0	0.6	112.666666667
1	20	1	0.5	0	0	0.9	195.083333333
1	20	1	0.5	0	0.5	0	63.1666666667
1	20	1	0.5	0	0.5	0.3	77.3095238095
1	20	1	0.5	0	0.5	0.6	112.666666667
1	20	1	0.5	0	0.5	0.9	195.083333333
1	20	1	0.5	0	1	0	63.1666666667
1	20	1	0.5	0	1	0.3	77.3095238095
1	20	1	0.5	0	1	0.6	112.666666667
1	20	1	0.5	0	1	0.9	195.083333333
1	20	1	0.5	0.5	0	0	63.1666666667
1	20	1	0.5	0.5	0	0.3	77.3095238095
1	20	1	0.5	0.5	0	0.6	112.666666667
1	20	1	0.5	0.5	0	0.9	195.083333333
1	20	1	0.5	0.5	0.5	0	63.1666666667
1	20	1	0.5	0.5	0.5	0.3	77.3095238095
1	20	1	0.5	0.5	0.5	0.6	112.666666667
1	20	1	0.5	0.5	0.5	0.9	195.083333333
1	20	1	0.5	0.5	1	0	63.1666666667
1	20	1	0.5	0.5	1	0.3	77.3095238095
1	20	1	0.5	0.5	1	0.6	112.666666667
1	20	1	0.5	0.5	1	0.9	195.083333333
1	20	1	0.5	1	0	0	63.1666666667
1	20	1	0.5	1	0	0.3	77.3095238095
1	20	1	0.5	1	0	0.6	112.666666667
1	20	1	0.5	1	0	0.9	195.083333333
1	20	1	0.5	1	0.5	0	63.1666666667
1	20	1	0.5	1	0.5	0.3	77.3095238095
1	20	1	0.5	1	0.5	0.6	112.666666667
1	20	1	0.5	1	0.5	0.9	195.083333333
1	20	1	0.5	1	1	0	63.1666666667
1	20	1	0.5	1	1	0.3	77.3095238095
1	20	1	0.5	1	1	0.6	112.666666667
1	20	1	0.5	1	1	0.9	195.083333333
1	20	1	1	0	0	0	63.1666666667
1	20	1	1	0	0	0.3	77.3095238095
1	20	1	1	0	0	0.6	112.666666667
1	20	1	1	0	0	0.9	195.083333333
1	20	1	1	0	0.5	0	63.1666666667
1	20	1	1	0	0.5	0.3	77.3095238095
1	20	1	1	0	0.5	0.6	112.666666667
1	20	1	1	0	0.5	0.9	195.083333333
1	20	1	1	0	1	0	63.1666666667
1	20	1	1	0	1	0.3	77.3095238095
1	20	1	1	0	1	0.6	112.666666667
1	20	1	1	0	1	0.9	195.083333333
1	20	1	1	0.5	0	0	63.1666666667
1	20	1	1	0.5	0	0.3	77.3095238095
1	20	1	1	0.5	0	0.6	112.666666667
1	20	1	1	0.5	0	0.9	195.083333333
1	20	1	1	0.5	0.5	0	63.1666666667
1	20	1	1	0.5	0.5	0.3	77.3095238095
1	20	1	1	0.5	0.5	0.6	112.666666667
1	20	1	1	0.5	0.5	0.9	195.083333333
1	20	1	1	0.5	1	0	63.1666666667
1	20	1	1	0.5	1	0.3	77.3095238095
1	20	1	1	0.5	1	0.6	112.666666667
1	20	1	1	0.5	1	0.9	195.083333333
1	20	1	1	1	0	0	63.1666666667
1	20	1	1	1	0	0.3	77.3095238095
1	20	1	1	1	0	0.6	112.666666667
1	20	1	1	1	0	0.9	195.083333333
1	20	1	1	1	0.5	0	63.1666666667
1	20	1	1	1	0.5	0.3	77.3095238095
1	20	1	1	1	0.5	0.6	112.666666667
1	20	1	1	1	0.5	0.9	195.083333333
1	20	1	1	1	1	0	63.1666666667
1	20	1	1	1	1	0.3	77.3095238095
1	20	1	1	1	1	0.6	112.666666667
1	20	1	1	1	1	0.9	195.083333333
2	5	0	0	0	0	0	63.1666666667
2	5	0	0	0	0	0.3	77.3095238095
2	5	0	0	0	0	0.6	112.666666667
2	5	0	0	0	0	0.9	195.083333333
2	5	0	0	0	0.5	0	65.6666666667
2	5	0	0	0	0.5	0.3	79.8095238095
2	5	0	0	0	0.5	0.6	115.166666667
2	5	0	0	0	0.5	0.9	195.083333333
2	5	0	0	0	1	0	68.1666666667
2	5	0	0	0	1	0.3	82.3095238095
2	5	0	0	0	1	0.6	117.666666667
2	5	0	0	0	1	0.9	195.083333333
2	5	0	0	0.5	0	0	63.1666666667
2	5	0	0	0.5	0	0.3	77.3095238095
2	5	0	0	0.5	0	0.6	112.666666667
2	5	0	0	0.5	0	0.9	195.083333333
2	5	0	0	0.5	0.5	0	65.6666666667
2	5	0	0	0.5	0.5	0.3	79.8095238095
2	5	0	0	0.5	0.5	0.6	115.166666667
2	5	0	0	0.5	0.5	0.9	195.083333333
2	5	0	0	0.5	1	0	68.1666666667
2	5	0	0	0.5	1	0.3	82.3095238095
2	5	0	0	0.5	1	0.6	117.666666667
2	5	0	0	0.5	1	0.9	195.083333333
2	5	0	0	1	0	0	63.1666666667
2	5	0	0	1	0	0.3	77.3095238095
2	5	0	0	1	0	0.6	112.666666667
2	5	0	0	1	0	0.9	195.083333333
2	5	0	0	1	0.5	0	65.6666666667
2	5	0	0	1	0.5	0.3	79.8095238095
2	5	0	0	1	0.5	0.6	115.166666667
2	5	0	0	1	0.5	0.9	195.083333333
2	5	0	0	1	1	0	68.1666666667
2	5	0	0	1	1	0.3	82.3095238095
2	5	0	0	1	1	0.6	117.666666667
2	5	0	0	1	1	0.9	195.083333333
2	5	0	0.5	0	0	0	63.1666666667
2	5	0	0.5	0	0	0.3	77.3095238095
2	5	0	0.5	0	0	0.6	112.666666667
2	5	0	0.5	0	0	0.9	195.083333333
2	5	0	0.5	0	0.5	0	65.6666666667
2	5	0	0.5	0	0.5	0.3	79.8095238095
2	5	0	0.5	0	0.5	0.6	115.166666667
2	5	0	0.5	0	0.5	0.9	195.083333333
2	5	0	0.5	0	1	0	68.1666666667
2	5	0	0.5	0	1	0.3	82.3095238095
2	5	0	0.5	0	1	0.6	117.666666667
2	5	0	0.5	0	1	0.9	195.083333333
2	5	0	0.5	0.5	0	0	63.1666666667
2	5	0	0.5	0.5	0	0.3	77.3095238095
2	5	0	0.5	0.5	0	0.6	112.666666667
2	5	0	0.5	0.5	0	0.9	195.083333333
2	5	0	0.5	0.5	0.5	0	65.6666666667
2	5	0	0.5	0.5	0.5	0.3	79.8095238095
2	5	0	0.5	0.5	0.5	0.6	115.166666667
2	5	0	0.5	0.5	0.5	0.9	195.083333333
2	5	0	0.5	0.5	1	0	68.1666666667
2	5	0	0.5	0.5	1	0.3	82.3095238095
2	5	0	0.5	0.5	1	0.6	117.666666667
2	5	0	0.5	0.5	1	0.9	195.083333333
2	5	0	0.5	1	0	0	63.1666666667
2	5	0	0.5	1	0	0.3	77.3095238095
2	5	0	0.5	1	0	0.6	112.666666667
2	5	0	0.5	1	0	0.9	195.083333333
2	5	0	0.5	1	0.5	0	65.6666666667
2	5	0	0.5	1	0.5	0.3	79.8095238095
2	5	0	0.5	1	0.5	0.6	115.166666667
2	5	0	0.5	1	0.5	0.9	195.083333333
2	5	0	0.5	1	1	0	68.1666666667
2	5	0	0.5	1	1	0.3	82.3095238095
2	5	0	0.5	1	1	0.6	117.666666667
2	5	0	0.5	1	1	0.9	195.083333333
2	5	0	1	0	0	0	63.1666666667
2	5	0	1	0	0	0.3	77.3095238095
2	5	0	1	0	0	0.6	112.666666667
2	5	0	1	0	0	0.9	195.083333333
2	5	0	1	0	0.5	0	65.6666666667
2	5	0	1	0	0.5	0.3	79.8095238095
2	5	0	1	0	0.5	0.6	115.166666667
2	5	0	1	0	0.5	0.9	195.083333333
2	5	0	1	0	1	0	68.1666666667
2	5	0	1	0	1	0.3	82.3095238095
2	5	0	1	0	1	0.6	117.666666667
2	5	0	1	0	1	0.9	195.083333333
2	5	0	1	0.5	0	0	63.1666666667
2	5	0	1	0.5	0	0.3	77.3095238095
2	5	0	1	0.5	0	0.6	112.666666667
2	5	0	1	0.5	0	0.9	195.083333333
2	5	0	1	0.5	0.5	0	65.6666666667
2	5	0	1	0.5	0.5	0.3	79.8095238095
2	5	0	1	0.5	0.5	0.6	115.166666667
2	5	0	1	0.5	0.5	0.9	195.083333333
2	5	0	1	0.5	1	0	68.1666666667
2	5	0	1	0.5	1	0.3	82.3095238095
2	5	0	1	0.5	1	0.6	117.666666667
2	5	0	1	0.5	1	0.9	195.083333333
2	5	0	1	1	0	0	63.1666666667
2	5	0	1	1	0	0.3	77.3095238095
2	5	0	1	1	0	0.6	112.666666667
2	5	0	1	1	0	0.9	195.083333333
2	5	0	1	1	0.5	0	65.6666666667
2	5	0	1	1	0.5	0.3	79.8095238095
2	5	0	1	1	0.5	0.6	115.166666667
2	5	0	1	1	0.5	0.9	195.083333333
2	5	0	1	1	1	0	68.1666666667
2	5	0	1	1	1	0.3	82.3095238095
2	5	0	1	1	1	0.6	117.666666667
2	5	0	1	1	1	0.9	195.083333333
2	5	0.5	0	0	0	0	63.1666666667
2	5	0.5	0	0	0	0.3	77.3095238095
2	5	0.5	0	0	0	0.6	112.666666667
2	5	0.5	0	0	0	0.9	195.083333333
2	5	0.5	0	0	0.5	0	65.6666666667
2	5	0.5	0	0	0.5	0.3	79.8095238095
2	5	0.5	0	0	0.5	0.6	115.166666667
2	5	0.5	0	0	0.5	0.9	195.083333333
2	5	0.5	0	0	1	0	68.1666666667
2	5	0.5	0	0	1	0.3	82.3095238095
2	5	0.5	0	0	1	0.6	117.666666667
2	5	0.5	0	0	1	0.9	195.083333333
2	5	0.5	0	0.5	0	0	63.1666666667
2	5	0.5	0	0.5	0	0.3	77.3095238095
2	5	0.5	0	0.5	0	0.6	112.666666667
2	5	0.5	0	0.5	0	0.9	195.083333333
2	5	0.5	0	0.5	0.5	0	65.6666666667
2	5	0.5	0	0.5	0.5	0.3	79.8095238095
2	5	0.5	0	0.5	0.5	0.6	115.166666667
2	5	0.5	0	0.5	0.5	0.9	195.083333333
2	5	0.5	0	0.5	1	0	68.1666666667
2	5	0.5	0	0.5	1	0.3	82.3095238095
2	5	0.5	0	0.5	1	0.6	117.666666667
2	5	0.5	0	0.5	1	0.9	195.083333333
2	5	0.5	0	1	0	0	63.1666666667
2	5	0.5	0	1	0	0.3	77.3095238095
2	5	0.5	0	1	0	0.6	112.666666667
2	5	0.5	0	1	0	0.9	195.083333333
2	5	0.5	0	1	0.5	0	65.6666666667
2	5	0.5	0	1	0.5	0.3	79.8095238095
2	5	0.5	0	1	0.5	0.6	115.166666667
2	5	0.5	0	1	0.5	0.9	195.083333333
2	5	0.5	0	1	1	0	68.1666666667
2	5	0.5	0	1	1	0.3	82.3095238095
2	5	0.5	0	1	1	0.6	117.666666667
2	5	0.5	0	1	1	0.9	195.083333333
2	5	0.5	0.5	0	0	0	63.1666666667
2	5	0.5	0.5	0	0	0.3	77.3095238095
2	5	0.5	0.5	0	0	0.6	112.666666667
2	5	0.5	0.5	0	0	0.9	195.083333333
2	5	0.5	0.5	0	0.5	0	65.6666666667
2	5	0.5	0.5	0	0.5	0.3	79.8095238095
2	5	0.5	0.5	0	0.5	0.6	115.166666667
2	5	0.5	0.5	0	0.5	0.9	195.083333333
2	5	0.5	0.5	0	1	0	68.1666666667
2	5	0.5	0.5	0	1	0.3	82.3095238095
2	5	0.5	0.5	0	1	0.6	117.666666667
2	5	0.5	0.5	0	1	0.9	195.083333333
2	5	0.5	0.5	0.5	0	0	63.1666666667
2	5	0.5	0.5	0.5	0	0.3	77.3095238095
2	5	0.5	0.5	0.5	0	0.6	112.666666667
2	5	0.5	0.5	0.5	0	0.9	195.083333333
2	5	0.5	0.5	0.5	0.5	0	65.6666666667
2	5	0.5	0.5	0.5	0.5	0.3	79.8095238095
2	5	0.5	0.5	0.5	0.5	0.6	115.166666667
2	5	0.5	0.5	0.5	0.5	0.9	195.083333333
2	5	0.5	0.5	0.5	1	0	68.1666666667
2	5	0.5	0.5	0.5	1	0.3	82.3095238095
2	5	0.5	0.5	0.5	1	0.6	117.666666667
2	5	0.5	0.5	0.5	1	0.9	195.083333333
2	5	0.5	0.5	1	0	0	63.1666666667
2	5	0.5	0.5	1	0	0.3	77.3095238095
2	5	0.5	0.5	1	0	0.6	112.666666667
2	5	0.5	0.5	1	0	0.9	195.083333333
2	5	0.5	0.5	1	0.5	0	65.6666666667
2	5	0.5	0.5	1	0.5	0.3	79.8095238095
2	5	0.5	0.5	1	0.5	0.6	115.166666667
2	5	0.5	0.5	1	0.5	0.9	195.083333333
2	5	0.5	0.5	1	1	0	68.1666666667
2	5	0.5	0.5	1	1	0.3	82.3095238095
2	5	0.5	0.5	1	1	0.6	117.666666667
2	5	0.5	0.5	1	1	0.9	195.083333333
2	5	0.5	1	0	0	0	63.1666666667
2	5	0.5	1	0	0	0.3	77.3095238095
2	5	0.5	1	0	0	0.6	112.666666667
2	5	0.5	1	0	0	0.9	195.083333333
2	5	0.5	1	0	0.5	0	65.6666666667
2	5	0.5	1	0	0.5	0.3	79.8095238095
2	5	0.5	1	0	0.5	0.6	115.166666667
2	5	0.5	1	0	0.5	0.9	195.083333333
2	5	0.5	1	0	1	0	68.1666666667
2	5	0.5	1	0	1	0.3	82.3095238095
2	5	0.5	1	0	1	0.6	117.666666667
2	5	0.5	1	0	1	0.9	195.083333333
2	5	0.5	1	0.5	0	0	63.1666666667
2	5	0.5	1	0.5	0	0.3	77.3095238095
2	5	0.5	1	0.5	0	0.6	112.666666667
2	5	0.5	1	0.5	0	0.9	195.083333333
2	5	0.5	1	0.5	0.5	0	65.6666666667
2	5	0.5	1	0.5	0.5	0.3	79.8095238095
2	5	0.5	1	0.5	0.5	0.6	115.166666667
2	5	0.5	1	0.5	0.5	0.9	195.083333333
2	5	0.5	1	0.5	1	0	68.1666666667
2	5	0.5	1	0.5	1	0.3	82.3095238095
2	5	0.5	1	0.5	1	0.6	117.666666667
2	5	0.5	1	0.5	1	0.9	195.083333333
2	5	0.5	1	1	0	0	63.1666666667
2	5	0.5	1	1	0	0.3	77.3095238095
2	5	0.5	1	1	0	0.6	112.666666667
2	5	0.5	1	1	0	0.9	195.083333333
2	5	0.5	1	1	0.5	0	65.6666666667
2	5	0.5	1	1	0.5	0.3	79.8095238095
2	5	0.5	1	1	0.5	0.6	115.166666667
2	5	0.5	1	1	0.5	0.9	195.083333333
2	5	0.5	1	1	1	0	68.1666666667
2	5	0.5	1	1	1	0.3	82.3095238095
2	5	0.5	1	1	1	0.6	117.666666667
2	5	0.5	1	1	1	0.9	195.083333333
2	5	1	0	0	0	0	63.1666666667
2	5	1	0	0	0	0.3	77.3095238095
2	5	1	0	0	0	0.6	112.666666667
2	5	1	0	0	0	0.9	195.083333333
2	5	1	0	0	0.5	0	65.6666666667
2	5	1	0	0	0.5	0.3	79.8095238095
2	5	1	0	0	0.5	0.6	115.166666667
2	5	1	0	0	0.5	0.9	195.083333333
2	5	1	0	0	1	0	68.1666666667
2	5	1	0	0	1	0.3	82.3095238095
2	5	1	0	0	1	0.6	117.666666667
2	5	1	0	0	1	0.9	195.083333333
2	5	1	0	0.5	0	0	63.1666666667
2	5	1	0	0.5	0	0.3	77.3095238095
2	5	1	0	0.5	0	0.6	112.666666667
2	5	1	0	0.5	0	0.9	195.083333333
2	5	1	0	0.5	0.5	0	65.6666666667
2	5	1	0	0.5	0.5	0.3	79.8095238095
2	5	1	0	0.5	0.5	0.6	115.166666667
2	5	1	0	0.5	0.5	0.9	195.083333333
2	5	1	0	0.5	1	0	68.1666666667
2	5	1	0	0.5	1	0.3	82.3095238095
2	5	1	0	0.5	1	0.6	117.666666667
2	5	1	0	0.5	1	0.9	195.083333333
2	5	1	0	1	0	0	63.1666666667
2	5	1	0	1	0	0.3	77.3095238095
2	5	1	0	1	0	0.6	112.666666667
2	5	1	0	1	0	0.9	195.083333333
2	5	1	0	1	0.5	0	65.6666666667
2	5	1	0	1	0.5	0.3	79.8095238095
2	5	1	0	1	0.5	0.6	115.166666667
2	5	1	0	1	0.5	0.9	195.083333333
2	5	1	0	1	1	0	68.1666666667
2	5	1	0	1	1	0.3	82.3095238095
2	5	1	0	1	1	0.6	117.666666667
2	5	1	0	1	1	0.9	195.083333333
2	5	1	0.5	0	0	0	63.1666666667
2	5	1	0.5	0	0	0.3	77.3095238095
2	5	1	0.5	0	0	0.6	112.666666667
2	5	1	0.5	0	0	0.9	195.083333333
2	5	1	0.5	0	0.5	0	65.6666666667
2	5	1	0.5	0	0.5	0.3	79.8095238095
2	5	1	0.5	0	0.5	0.6	115.166666667
2	5	1	0.5	0	0.5	0.9	195.083333333
2	5	1	0.5	0	1	0	68.1666666667
2	5	1	0.5	0	1	0.3	82.3095238095
2	5	1	0.5	0	1	0.6	117.666666667
2	5	1	0.5	0	1	0.9	195.083333333
2	5	1	0.5	0.5	0	0	63.1666666667
2	5	1	0.5	0.5	0	0.3	77.3095238095
2	5	1	0.5	0.5	0	0.6	112.666666667
2	5	1	0.5	0.5	0	0.9	195.083333333
2	5	1	0.5	0.5	0.5	0	65.6666666667
2	5	1	0.5	0.5	0.5	0.3	79.8095238095
2	5	1	0.5	0.5	0.5	0.6	115.166666667
2	5	1	0.5	0.5	0.5	0.9	195.083333333
2	5	1	0.5	0.5	1	0	68.1666666667
2	5	1	0.5	0.5	1	0.3	82.3095238095
2	5	1	0.5	0.5	1	0.6	117.666666667
2	5	1	0.5	0.5	1	0.9	195.083333333
2	5	1	0.5	1	0	0	63.1666666667
2	5	1	0.5	1	0	0.3	77.3095238095
2	5	1	0.5	1	0	0.6	112.666666667
2	5	1	0.5	1	0	0.9	195.083333333
2	5	1	0.5	1	0.5	0	65.6666666667
2	5	1	0.5	1	0.5	0.3	79.8095238095
2	5	1	0.5	1	0.5	0.6	115.166666667
2	5	1	0.5	1	0.5	0.9	195.083333333
2	5	1	0.5	1	1	0	68.1666666667
2	5	1	0.5	1	1	0.3	82.3095238095
2	5	1	0.5	1	1	0.6	117.666666667
2	5	1	0.5	1	1	0.9	195.083333333
2	5	1	1	0	0	0	63.1666666667
2	5	1	1	0	0	0.3	77.3095238095
2	5	1	1	0	0	0.6	112.666666667
2	5	1	1	0	0	0.9	195.083333333
2	5	1	1	0	0.5	0	65.6666666667
2	5	1	1	0	0.5	0.3	79.8095238095
2	5	1	1	0	0.5	0.6	115.166666667
2	5	1	1	0	0.5	0.9	195.083333333
2	5	1	1	0	1	0	68.1666666667
2	5	1	1	0	1	0.3	82.3095238095
2	5	1	1	0	1	0.6	117.666666667
2	5	1	1	0	1	0.9	195.083333333
2	5	1	1	0.5	0	0	63.1666666667
2	5	1	1	0.5	0	0.3	77.3095238095
2	5	1	1	0.5	0	0.6	112.666666667
2	5	1	1	0.5	0	0.9	195.083333333
2	5	1	1	0.5	0.5	0	65.6666666667
2	5	1	1	0.5	0.5	0.3	79.8095238095
2	5	1	1	0.5	0.5	0.6	115.166666667
2	5	1	1	0.5	0.5	0.9	195.083333333
2	5	1	1	0.5	1	0	68.1666666667
2	5	1	1	0.5	1	0.3	82.3095238095
2	5	1	1	0.5	1	0.6	117.666666667
2	5	1	1	0.5	1	0.9	195.083333333
2	5	1	1	1	0	0	63.1666666667
2	5	1	1	1	0	0.3	77.3095238095
2	5	1	1	1	0	0.6	112.666666667
2	5	1	1	1	0	0.9	195.083333333
2	5	1	1	1	0.5	0	65.6666666667
2	5	1	1	1	0.5	0.3	79.8095238095
2	5	1	1	1	0.5	0.6	115.166666667
2	5	1	1	1	0.5	0.9	195.083333333
2	5	1	1	1	1	0	68.1666666667
2	5	1	1	1	1	0.3	82.3095238095
2	5	1	1	1	1	0.6	117.666666667
2	5	1	1	1	1	0.9	195.083333333
2	10	0	0	0	0	0	63.1666666667
2	10	0	0	0	0	0.3	77.3095238095
2	10	0	0	0	0	0.6	112.666666667
2	10	0	0	0	0	0.9	195.083333333
2	10	0	0	0	0.5	0	68.1666666667
2	10	0	0	0	0.5	0.3	82.3095238095
2	10	0	0	0	0.5	0.6	117.666666667
2	10	0	0	0	0.5	0.9	195.083333333
2	10	0	0	0	1	0	73.1666666667
2	10	0	0	0	1	0.3	87.3095238095
2	10	0	0	0	1	0.6	122.666666667
2	10	0	0	0	1	0.9	195.083333333
2	10	0	0	0.5	0	0	63.1666666667
2	10	0	0	0.5	0	0.3	77.3095238095
2	10	0	0	0.5	0	0.6	112.666666667
2	10	0	0	0.5	0	0.9	195.083333333
2	10	0	0	0.5	0.5	0	68.1666666667
2	10	0	0	0.5	0.5	0.3	82.3095238095
2	10	0	0	0.5	0.5	0.6	117.666666667
2	10	0	0	0.5	0.5	0.9	195.083333333
2	10	0	0	0.5	1	0	73.1666666667
2	10	0	0	0.5	1	0.3	87.3095238095
2	10	0	0	0.5	1	0.6	122.666666667
2	10	0	0	0.5	1	0.9	195.083333333
2	10	0	0	1	0	0	63.1666666667
2	10	0	0	1	0	0.3	77.3095238095
2	10	0	0	1	0	0.6	112.666666667
2	10	0	0	1	0	0.9	195.083333333
2	10	0	0	1	0.5	0	68.1666666667
2	10	0	0	1	0.5	0.3	82.3095238095
2	10	0	0	1	0.5	0.6	117.666666667
2	10	0	0	1	0.5	0.9	195.083333333
2	10	0	0	1	1	0	73.1666666667
2	10	0	0	1	1	0.3	87.3095238095
2	10	0	0	1	1	0.6	122.666666667
2	10	0	0	1	1	0.9	195.083333333
2	10	0	0.5	0	0	0	63.1666666667
2	10	0	0.5	0	0	0.3	77.3095238095
2	10	0	0.5	0	0	0.6	112.666666667
2	10	0	0.5	0	0	0.9	195.083333333
2	10	0	0.5	0	0.5	0	68.1666666667
2	10	0	0.5	0	0.5	0.3	82.3095238095
2	10	0	0.5	0	0.5	0.6	117.666666667
2	10	0	0.5	0	0.5	0.9	195.083333333
2	10	0	0.5	0	1	0	73.1666666667
2	10	0	0.5	0	1	0.3	87.3095238095
2	10	0	0.5	0	1	0.6	122.666666667
2	10	0	0.5	0	1	0.9	195.083333333
2	10	0	0.5	0.5	0	0	63.1666666667
2	10	0	0.5	0.5	0	0.3	77.3095238095
2	10	0	0.5	0.5	0	0.6	112.666666667
2	10	0	0.5	0.5	0	0.9	195.083333333
2	10	0	0.5	0.5	0.5	0	68.1666666667
2	10	0	0.5	0.5	0.5	0.3	82.3095238095
2	10	0	0.5	0.5	0.5	0.6	117.666666667
2	10	0	0.5	0.5	0.5	0.9	195.083333333
2	10	0	0.5	0.5	1	0	73.1666666667
2	10	0	0.5	0.5	1	0.3	87.3095238095
2	10	0	0.5	0.5	1	0.6	122.666666667
2	10	0	0.5	0.5	1	0.9	195.083333333
2	10	0	0.5	1	0	0	63.1666666667
2	10	0	0.5	1	0	0.3	77.3095238095
2	10	0	0.5	1	0	0.6	112.666666667
2	10	0	0.5	1	0	0.9	195.083333333
2	10	0	0.5	1	0.5	0	68.1666666667
2	10	0	0.5	1	0.5	0.3	82.3095238095
2	10	0	0.5	1	0.5	0.6	117.666666667
2	10	0	0.5	1	0.5	0.9	195.083333333
2	10	0	0.5	1	1	0	73.1666666667
2	10	0	0.5	1	1	0.3	87.3095238095
2	10	0	0.5	1	1	0.6	122.666666667
2	10	0	0.5	1	1	0.9	195.083333333
2	10	0	1	0	0	0	63.1666666667
2	10	0	1	0	0	0.3	77.3095238095
2	10	0	1	0	0	0.6	112.666666667
2	10	0	1	0	0	0.9	195.083333333
2	10	0	1	0	0.5	0	68.1666666667
2	10	0	1	0	0.5	0.3	82.3095238095
2	10	0	1	0	0.5	0.6	117.666666667
2	10	0	1	0	0.5	0.9	195.083333333
2	10	0	1	0	1	0	73.1666666667
2	10	0	1	0	1	0.3	87.3095238095
2	10	0	1	0	1	0.6	122.666666667
2	10	0	1	0	1	0.9	195.083333333
2	10	0	1	0.5	0	0	63.1666666667
2	10	0	1	0.5	0	0.3	77.3095238095
2	10	0	1	0.5	0	0.6	112.666666667
2	10	0	1	0.5	0	0.9	195.083333333
2	10	0	1	0.5	0.5	0	68.1666666667
2	10	0	1	0.5	0.5	0.3	82.3095238095
2	10	0	1	0.5	0.5	0.6	117.666666667
2	10	0	1	0.5	0.5	0.9	195.083333333
2	10	0	1	0.5	1	0	73.1666666667
2	10	0	1	0.5	1	0.3	87.3095238095
2	10	0	1	0.5	1	0.6	122.666666667
2	10	0	1	0.5	1	0.9	195.083333333
2	10	0	1	1	0	0	63.1666666667
2	10	0	1	1	0	0.3	77.3095238095
2	10	0	1	1	0	0.6	112.666666667
2	10	0	1	1	0	0.9	195.083333333
2	10	0	1	1	0.5	0	68.1666666667
2	10	0	1	1	0.5	0.3	82.3095238095
2	10	0	1	1	0.5	0.6	117.666666667
2	10	0	1	1	0.5	0.9	195.083333333
2	10	0	1	1	1	0	73.1666666667
2	10	0	1	1	1	0.3	87.3095238095
2	10	0	1	1	1	0.6	122.666666667
2	10	0	1	1	1	0.9	195.083333333
2	10	0.5	0	0	0	0	63.1666666667
2	10	0.5	0	0	0	0.3	77.3095238095
2	10	0.5	0	0	0	0.6	112.666666667
2	10	0.5	0	0	0	0.9	195.083333333
2	10	0.5	0	0	0.5	0	68.1666666667
2	10	0.5	0	0	0.5	0.3	82.3095238095
2	10	0.5	0	0	0.5	0.6	117.666666667
2	10	0.5	0	0	0.5	0.9	195.083333333
2	10	0.5	0	0	1	0	73.1666666667
2	10	0.5	0	0	1	0.3	87.3095238095
2	10	0.5	0	0	1	0.6	122.666666667
2	10	0.5	0	0	1	0.9	195.083333333
2	10	0.5	0	0.5	0	0	63.1666666667
2	10	0.5	0	0.5	0	0.3	77.3095238095
2	10	0.5	0	0.5	0	0.6	112.666666667
2	10	0.5	0	0.5	0	0.9	195.083333333
2	10	0.5	0	0.5	0.5	0	68.1666666667
2	10	0.5	0	0.5	0.5	0.3	82.3095238095
2	10	0.5	0	0.5	0.5	0.6	117.666666667
2	10	0.5	0	0.5	0.5	0.9	195.083333333
2	10	0.5	0	0.5	1	0	73.1666666667
2	10	0.5	0	0.5	1	0.3	87.3095238095
2	10	0.5	0	0.5	1	0.6	122.666666667
2	10	0.5	0	0.5	1	0.9	195.083333333
2	10	0.5	0	1	0	0	63.1666666667
2	10	0.5	0	1	0	0.3	77.3095238095
2	10	0.5	0	1	0	0.6	112.666666667
2	10	0.5	0	1	0	0.9	195.083333333
2	10	0.5	0	1	0.5	0	68.1666666667
2	10	0.5	0	1	0.5	0.3	82.3095238095
2	10	0.5	0	1	0.5	0.6	117.666666667
2	10	0.5	0	1	0.5	0.9	195.083333333
2	10	0.5	0	1	1	0	73.1666666667
2	10	0.5	0	1	1	0.3	87.3095238095
2	10	0.5	0	1	1	0.6	122.666666667
2	10	0.5	0	1	1	0.9	195.083333333
2	10	0.5	0.5	0	0	0	63.1666666667
2	10	0.5	0.5	0	0	0.3	77.3095238095
2	10	0.5	0.5	0	0	0.6	112.666666667
2	10	0.5	0.5	0	0	0.9	195.083333333
2	10	0.5	0.5	0	0.5	0	68.1666666667
2	10	0.5	0.5	0	0.5	0.3	82.3095238095
2	10	0.5	0.5	0	0.5	0.6	117.666666667
2	10	0.5	0.5	0	0.5	0.9	195.083333333
2	10	0.5	0.5	0	1	0	73.1666666667
2	10	0.5	0.5	0	1	0.3	87.3095238095
2	10	0.5	0.5	0	1	0.6	122.666666667
2	10	0.5	0.5	0	1	0.9	195.083333333
2	10	0.5	0.5	0.5	0	0	63.1666666667
2	10	0.5	0.5	0.5	0	0.3	77.3095238095
2	10	0.5	0.5	0.5	0	0.6	112.666666667
2	10	0.5	0.5	0.5	0	0.9	195.083333333
2	10	0.5	0.5	0.5	0.5	0	68.1666666667
2	10	0.5	0.5	0.5	0.5	0.3	82.3095238095
2	10	0.5	0.5	0.5	0.5	0.6	117.666666667
2	10	0.5	0.5	0.5	0.5	0.9	195.083333333
2	10	0.5	0.5	0.5	1	0	73.1666666667
2	10	0.5	0.5	0.5	1	0.3	87.3095238095
2	10	0.5	0.5	0.5	1	0.6	122.666666667
2	10	0.5	0.5	0.5	1	0.9	195.083333333
2	10	0.5	0.5	1	0	0	63.1666666667
2	10	0.5	0.5	1	0	0.3	77.3095238095
2	10	0.5	0.5	1	0	0.6	112.666666667
2	10	0.5	0.5	1	0	0.9	195.083333333
2	10	0.5	0.5	1	0.5	0	68.1666666667
2	10	0.5	0.5	1	0.5	0.3	82.3095238095
2	10	0.5	0.5	1	0.5	0.6	117.666666667
2	10	0.5	0.5	1	0.5	0.9	195.083333333
2	10	0.5	0.5	1	1	0	73.1666666667
2	10	0.5	0.5	1	1	0.3	87.3095238095
2	10	0.5	0.5	1	1	0.6	122.666666667
2	10	0.5	0.5	1	1	0.9	195.083333333
2	10	0.5	1	0	0	0	63.1666666667
2	10	0.5	1	0	0	0.3	77.3095238095
2	10	0.5	1	0	0	0.6	112.666666667
2	10	0.5	1	0	0	0.9	195.083333333
2	10	0.5	1	0	0.5	0	68.1666666667
2	10	0.5	1	0	0.5	0.3	82.3095238095
2	10	0.5	1	0	0.5	0.6	117.666666667
2	10	0.5	1	0	0.5	0.9	195.083333333
2	10	0.5	1	0	1	0	73.1666666667
2	10	0.5	1	0	1	0.3	87.3095238095
2	10	0.5	1	0	1	0.6	122.666666667
2	10	0.5	1	0	1	0.9	195.083333333
2	10	0.5	1	0.5	0	0	63.1666666667
2	10	0.5	1	0.5	0	0.3	77.3095238095
2	10	0.5	1	0.5	0	0.6	112.666666667
2	10	0.5	1	0.5	0	0.9	195.083333333
2	10	0.5	1	0.5	0.5	0	68.1666666667
2	10	0.5	1	0.5	0.5	0.3	82.3095238095
2	10	0.5	1	0.5	0.5	0.6	117.666666667
2	10	0.5	1	0.5	0.5	0.9	195.083333333
2	10	0.5	1	0.5	1	0	73.1666666667
2	10	0.5	1	0.5	1	0.3	87.3095238095
2	10	0.5	1	0.5	1	0.6	122.666666667
2	10	0.5	1	0.5	1	0.9	195.083333333
2	10	0.5	1	1	0	0	63.1666666667
2	10	0.5	1	1	0	0.3	77.3095238095
2	10	0.5	1	1	0	0.6	112.666666667
2	10	0.5	1	1	0	0.9	195.083333333
2	10	0.5	1	1	0.5	0	68.1666666667
2	10	0.5	1	1	0.5	0.3	82.3095238095
2	10	0.5	1	1	0.5	0.6	117.666666667
2	10	0.5	1	1	0.5	0.9	195.083333333
2	10	0.5	1	1	1	0	73.1666666667
2	10	0.5	1	1	1	0.3	87.3095238095
2	10	0.5	1	1	1	0.6	122.666666667
2	10	0.5	1	1	1	0.9	195.083333333
2	10	1	0	0	0	0	63.1666666667
2	10	1	0	0	0	0.3	77.3095238095
2	10	1	0	0	0	0.6	112.666666667
2	10	1	0	0	0	0.9	195.083333333
2	10	1	0	0	0.5	0	68.1666666667
2	10	1	0	0	0.5	0.3	82.3095238095
2	10	1	0	0	0.5	0.6	117.666666667
2	10	1	0	0	0.5	0.9	195.083333333
2	10	1	0	0	1	0	73.1666666667
2	10	1	0	0	1	0.3	87.3095238095
2	10	1	0	0	1	0.6	122.666666667
2	10	1	0	0	1	0.9	195.083333333
2	10	1	0	0.5	0	0	63.1666666667
2	10	1	0	0.5	0	0.3	77.3095238095
2	10	1	0	0.5	0	0.6	112.666666667
2	10	1	0	0.5	0	0.9	195.083333333
2	10	1	0	0.5	0.5	0	68.1666666667
2	10	1	0	0.5	0.5	0.3	82.3095238095
2	10	1	0	0.5	0.5	0.6	117.666666667
2	10	1	0	0.5	0.5	0.9	195.083333333
2	10	1	0	0.5	1	0	73.1666666667
2	10	1	0	0.5	1	0.3	87.3095238095
2	10	1	0	0.5	1	0.6	122.666666667
2	10	1	0	0.5	1	0.9	195.083333333
2	10	1	0	1	0	0	63.1666666667
2	10	1	0	1	0	0.3	77.3095238095
2	10	1	0	1	0	0.6	112.666666667
2	10	1	0	1	0	0.9	195.083333333
2	10	1	0	1	0.5	0	68.1666666667
2	10	1	0	1	0.5	0.3	82.3095238095
2	10	1	0	1	0.5	0.6	117.666666667
2	10	1	0	1	0.5	0.9	195.083333333
2	10	1	0	1	1	0	73.1666666667
2	10	1	0	1	1	0.3	87.3095238095
2	10	1	0	1	1	0.6	122.666666667
2	10	1	0	1	1	0.9	195.083333333
2	10	1	0.5	0	0	0	63.1666666667
2	10	1	0.5	0	0	0.3	77.3095238095
2	10	1	0.5	0	0	0.6	112.666666667
2	10	1	0.5	0	0	0.9	195.083333333
2	10	1	0.5	0	0.5	0	68.1666666667
2	10	1	0.5	0	0.5	0.3	82.3095238095
2	10	1	0.5	0	0.5	0.6	117.666666667
2	10	1	0.5	0	0.5	0.9	195.083333333
2	10	1	0.5	0	1	0	73.1666666667
2	10	1	0.5	0	1	0.3	87.3095238095
2	10	1	0.5	0	1	0.6	122.666666667
2	10	1	0.5	0	1	0.9	195.083333333
2	10	1	0.5	0.5	0	0	63.1666666667
2	10	1	0.5	0.5	0	0.3	77.3095238095
2	10	1	0.5	0.5	0	0.6	112.666666667
2	10	1	0.5	0.5	0	0.9	195.083333333
2	10	1	0.5	0.5	0.5	0	68.1666666667
2	10	1	0.5	0.5	0.5	0.3	82.3095238095
2	10	1	0.5	0.5	0.5	0.6	117.666666667
2	10	1	0.5	0.5	0.5	0.9	195.083333333
2	10	1	0.5	0.5	1	0	73.1666666667
2	10	1	0.5	0.5	1	0.3	87.3095238095
2	10	1	0.5	0.5	1	0.6	122.666666667
2	10	1	0.5	0.5	1	0.9	195.083333333
2	10	1	0.5	1	0	0	63.1666666667
2	10	1	0.5	1	0	0.3	77.3095238095
2	10	1	0.5	1	0	0.6	112.666666667
2	10	1	0.5	1	0	0.9	195.083333333
2	10	1	0.5	1	0.5	0	68.1666666667
2	10	1	0.5	1	0.5	0.3	82.3095238095
2	10	1	0.5	1	0.5	0.6	117.666666667
2	10	1	0.5	1	0.5	0.9	195.083333333
2	10	1	0.5	1	1	0	73.1666666667
2	10	1	0.5	1	1	0.3	87.3095238095
2	10	1	0.5	1	1	0.6	122.666666667
2	10	1	0.5	1	1	0.9	195.083333333
2	10	1	1	0	0	0	63.1666666667
2	10	1	1	0	0	0.3	77.3095238095
2	10	1	1	0	0	0.6	112.666666667
2	10	1	1	0	0	0.9	195.083333333
2	10	1	1	0	0.5	0	68.1666666667
2	10	1	1	0	0.5	0.3	82.3095238095
2	10	1	1	0	0.5	0.6	117.666666667
2	10	1	1	0	0.5	0.9	195.083333333
2	10	1	1	0	1	0	73.1666666667
2	10	1	1	0	1	0.3	87.3095238095
2	10	1	1	0	1	0.6	122.666666667
2	10	1	1	0	1	0.9	195.083333333
2	10	1	1	0.5	0	0	63.1666666667
2	10	1	1	0.5	0	0.3	77.3095238095
2	10	1	1	0.5	0	0.6	112.666666667
2	10	1	1	0.5	0	0.9	195.083333333
2	10	1	1	0.5	0.5	0	68.1666666667
2	10	1	1	0.5	0.5	0.3	82.3095238095
2	10	1	1	0.5	0.5	0.6	117.666666667
2	10	1	1	0.5	0.5	0.9	195.083333333
2	10	1	1	0.5	1	0	73.1666666667
2	10	1	1	0.5	1	0.3	87.3095238095
2	10	1	1	0.5	1	0.6	122.666666667
2	10	1	1	0.5	1	0.9	195.083333333
2	10	1	1	1	0	0	63.1666666667
2	10	1	1	1	0	0.3	77.3095238095
2	10	1	1	1	0	0.6	112.666666667
2	10	1	1	1	0	0.9	195.083333333
2	10	1	1	1	0.5	0	68.1666666667
2	10	1	1	1	0.5	0.3	82.3095238095
2	10	1	1	1	0.5	0.6	117.666666667
2	10	1	1	1	0.5	0.9	195.083333333
2	10	1	1	1	1	0	73.1666666667
2	10	1	1	1	1	0.3	87.3095238095
2	10	1	1	1	1	0.6	122.666666667
2	10	1	1	1	1	0.9	195.083333333
2	15	0	0	0	0	0	63.1666666667
2	15	0	0	0	0	0.3	77.3095238095
2	15	0	0	0	0	0.6	112.666666667
2	15	0	0	0	0	0.9	195.083333333
2	15	0	0	0	0.5	0	70.6666666667
2	15	0	0	0	0.5	0.3	84.8095238095
2	15	0	0	0	0.5	0.6	120.166666667
2	15	0	0	0	0.5	0.9	195.083333333
2	15	0	0	0	1	0	78.1666666667
2	15	0	0	0	1	0.3	92.3095238095
2	15	0	0	0	1	0.6	127.666666667
2	15	0	0	0	1	0.9	195.083333333
2	15	0	0	0.5	0	0	63.1666666667
2	15	0	0	0.5	0	0.3	77.3095238095
2	15	0	0	0.5	0	0.6	112.666666667
2	15	0	0	0.5	0	0.9	195.083333333
2	15	0	0	0.5	0.5	0	70.6666666667
2	15	0	0	0.5	0.5	0.3	84.8095238095
2	15	0	0	0.5	0.5	0.6	120.166666667
2	15	0	0	0.5	0.5	0.9	195.083333333
2	15	0	0	0.5	1	0	78.1666666667
2	15	0	0	0.5	1	0.3	92.3095238095
2	15	0	0	0.5	1	0.6	127.666666667
2	15	0	0	0.5	1	0.9	195.083333333
2	15	0	0	1	0	0	63.1666666667
2	15	0	0	1	0	0.3	77.3095238095
2	15	0	0	1	0	0.6	112.666666667
2	15	0	0	1	0	0.9	195.083333333
2	15	0	0	1	0.5	0	70.6666666667
2	15	0	0	1	0.5	0.3	84.8095238095
2	15	0	0	1	0.5	0.6	120.166666667
2	15	0	0	1	0.5	0.9	195.083333333
2	15	0	0	1	1	0	78.1666666667
2	15	0	0	1	1	0.3	92.3095238095
2	15	0	0	1	1	0.6	127.666666667
2	15	0	0	1	1	0.9	195.083333333
2	15	0	0.5	0	0	0	63.1666666667
2	15	0	0.5	0	0	0.3	77.3095238095
2	15	0	0.5	0	0	0.6	112.666666667
2	15	0	0.5	0	0	0.9	195.083333333
2	15	0	0.5	0	0.5	0	70.6666666667
2	15	0	0.5	0	0.5	0.3	84.8095238095
2	15	0	0.5	0	0.5	0.6	120.166666667
2	15	0	0.5	0	0.5	0.9	195.083333333
2	15	0	0.5	0	1	0	78.1666666667
2	15	0	0.5	0	1	0.3	92.3095238095
2	15	0	0.5	0	1	0.6	127.666666667
2	15	0	0.5	0	1	0.9	195.083333333
2	15	0	0.5	0.5	0	0	63.1666666667
2	15	0	0.5	0.5	0	0.3	77.3095238095
2	15	0	0.5	0.5	0	0.6	112.666666667
2	15	0	0.5	0.5	0	0.9	195.083333333
2	15	0	0.5	0.5	0.5	0	70.6666666667
2	15	0	0.5	0.5	0.5	0.3	84.8095238095
2	15	0	0.5	0.5	0.5	0.6	120.166666667
2	15	0	0.5	0.5	0.5	0.9	195.083333333
2	15	0	0.5	0.5	1	0	78.1666666667
2	15	0	0.5	0.5	1	0.3	92.3095238095
2	15	0	0.5	0.5	1	0.6	127.666666667
2	15	0	0.5	0.5	1	0.9	195.083333333
2	15	0	0.5	1	0	0	63.1666666667
2	15	0	0.5	1	0	0.3	77.3095238095
2	15	0	0.5	1	0	0.6	112.666666667
2	15	0	0.5	1	0	0.9	195.083333333
2	15	0	0.5	1	0.5	0	70.6666666667
2	15	0	0.5	1	0.5	0.3	84.8095238095
2	15	0	0.5	1	0.5	0.6	120.166666667
2	15	0	0.5	1	0.5	0.9	195.083333333
2	15	0	0.5	1	1	0	78.1666666667
2	15	0	0.5	1	1	0.3	92.3095238095
2	15	0	0.5	1	1	0.6	127.666666667
2	15	0	0.5	1	1	0.9	195.083333333
2	15	0	1	0	0	0	63.1666666667
2	15	0	1	0	0	0.3	77.3095238095
2	15	0	1	0	0	0.6	112.666666667
2	15	0	1	0	0	0.9	195.083333333
2	15	0	1	0	0.5	0	70.6666666667
2	15	0	1	0	0.5	0.3	84.8095238095
2	15	0	1	0	0.5	0.6	120.166666667
2	15	0	1	0	0.5	0.9	195.083333333
2	15	0	1	0	1	0	78.1666666667
2	15	0	1	0	1	0.3	92.3095238095
2	15	0	1	0	1	0.6	127.666666667
2	15	0	1	0	1	0.9	195.083333333
2	15	0	1	0.5	0	0	63.1666666667
2	15	0	1	0.5	0	0.3	77.3095238095
2	15	0	1	0.5	0	0.6	112.666666667
2	15	0	1	0.5	0	0.9	195.083333333
2	15	0	1	0.5	0.5	0	70.6666666667
2	15	0	1	0.5	0.5	0.3	84.8095238095
2	15	0	1	0.5	0.5	0.6	120.166666667
2	15	0	1	0.5	0.5	0.9	195.083333333
2	15	0	1	0.5	1	0	78.1666666667
2	15	0	1	0.5	1	0.3	92.3095238095
2	15	0	1	0.5	1	0.6	127.666666667
2	15	0	1	0.5	1	0.9	195.083333333
2	15	0	1	1	0	0	63.1666666667
2	15	0	1	1	0	0.3	77.3095238095
2	15	0	1	1	0	0.6	112.666666667
2	15	0	1	1	0	0.9	195.083333333
2	15	0	1	1	0.5	0	70.6666666667
2	15	0	1	1	0.5	0.3	84.8095238095
2	15	0	1	1	0.5	0.6	120.166666667
2	15	0	1	1	0.5	0.9	195.083333333
2	15	0	1	1	1	0	78.1666666667
2	15	0	1	1	1	0.3	92.3095238095
2	15	0	1	1	1	0.6	127.666666667
2	15	0	1	1	1	0.9	195.083333333
2	15	0.5	0	0	0	0	63.1666666667
2	15	0.5	0	0	0	0.3	77.3095238095
2	15	0.5	0	0	0	0.6	112.666666667
2	15	0.5	0	0	0	0.9	195.083333333
2	15	0.5	0	0	0.5	0	70.6666666667
2	15	0.5	0	0	0.5	0.3	84.8095238095
2	15	0.5	0	0	0.5	0.6	120.166666667
2	15	0.5	0	0	0.5	0.9	195.083333333
2	15	0.5	0	0	1	0	78.1666666667
2	15	0.5	0	0	1	0.3	92.3095238095
2	15	0.5	0	0	1	0.6	127.666666667
2	15	0.5	0	0	1	0.9	195.083333333
2	15	0.5	0	0.5	0	0	63.1666666667
2	15	0.5	0	0.5	0	0.3	77.3095238095
2	15	0.5	0	0.5	0	0.6	112.666666667
2	15	0.5	0	0.5	0	0.9	195.083333333
2	15	0.5	0	0.5	0.5	0	70.6666666667
2	15	0.5	0	0.5	0.5	0.3	84.8095238095
2	15	0.5	0	0.5	0.5	0.6	120.166666667
2	15	0.5	0	0.5	0.5	0.9	195.083333333
2	15	0.5	0	0.5	1	0	78.1666666667
2	15	0.5	0	0.5	1	0.3	92.3095238095
2	15	0.5	0	0.5	1	0.6	127.666666667
2	15	0.5	0	0.5	1	0.9	195.083333333
2	15	0.5	0	1	0	0	63.1666666667
2	15	0.5	0	1	0	0.3	77.3095238095
2	15	0.5	0	1	0	0.6	112.666666667
2	15	0.5	0	1	0	0.9	195.083333333
2	15	0.5	0	1	0.5	0	70.6666666667
2	15	0.5	0	1	0.5	0.3	84.8095238095
2	15	0.5	0	1	0.5	0.6	120.166666667
2	15	0.5	0	1	0.5	0.9	195.083333333
2	15	0.5	0	1	1	0	78.1666666667
2	15	0.5	0	1	1	0.3	92.3095238095
2	15	0.5	0	1	1	0.6	127.666666667
2	15	0.5	0	1	1	0.9	195.083333333
2	15	0.5	0.5	0	0	0	63.1666666667
2	15	0.5	0.5	0	0	0.3	77.3095238095
2	15	0.5	0.5	0	0	0.6	112.666666667
2	15	0.5	0.5	0	0	0.9	195.083333333
2	15	0.5	0.5	0	0.5	0	70.6666666667
2	15	0.5	0.5	0	0.5	0.3	84.8095238095
2	15	0.5	0.5	0	0.5	0.6	120.166666667
2	15	0.5	0.5	0	0.5	0.9	195.083333333
2	15	0.5	0.5	0	1	0	78.1666666667
2	15	0.5	0.5	0	1	0.3	92.3095238095
2	15	0.5	0.5	0	1	0.6	127.666666667
2	15	0.5	0.5	0	1	0.9	195.083333333
2	15	0.5	0.5	0.5	0	0	63.1666666667
2	15	0.5	0.5	0.5	0	0.3	77.3095238095
2	15	0.5	0.5	0.5	0	0.6	112.666666667
2	15	0.5	0.5	0.5	0	0.9	195.083333333
2	15	0.5	0.5	0.5	0.5	0	70.6666666667
2	15	0.5	0.5	0.5	0.5	0.3	84.8095238095
2	15	0.5	0.5	0.5	0.5	0.6	120.166666667
2	15	0.5	0.5	0.5	0.5	0.9	195.083333333
2	15	0.5	0.5	0.5	1	0	78.1666666667
2	15	0.5	0.5	0.5	1	0.3	92.3095238095
2	15	0.5	0.5	0.5	1	0.6	127.666666667
2	15	0.5	0.5	0.5	1	0.9	195.083333333
2	15	0.5	0.5	1	0	0	63.1666666667
2	15	0.5	0.5	1	0	0.3	77.3095238095
2	15	0.5	0.5	1	0	0.6	112.666666667
2	15	0.5	0.5	1	0	0.9	195.083333333
2	15	0.5	0.5	1	0.5	0	70.6666666667
2	15	0.5	0.5	1	0.5	0.3	84.8095238095
2	15	0.5	0.5	1	0.5	0.6	120.166666667
2	15	0.5	0.5	1	0.5	0.9	195.083333333
2	15	0.5	0.5	1	1	0	78.1666666667
2	15	0.5	0.5	1	1	0.3	92.3095238095
2	15	0.5	0.5	1	1	0.6	127.666666667
2	15	0.5	0.5	1	1	0.9	195.083333333
2	15	0.5	1	0	0	0	63.1666666667
2	15	0.5	1	0	0	0.3	77.3095238095
2	15	0.5	1	0	0	0.6	112.666666667
2	15	0.5	1	0	0	0.9	195.083333333
2	15	0.5	1	0	0.5	0	70.6666666667
2	15	0.5	1	0	0.5	0.3	84.8095238095
2	15	0.5	1	0	0.5	0.6	120.166666667
2	15	0.5	1	0	0.5	0.9	195.083333333
2	15	0.5	1	0	1	0	78.1666666667
2	15	0.5	1	0	1	0.3	92.3095238095
2	15	0.5	1	0	1	0.6	127.666666667
2	15	0.5	1	0	1	0.9	195.083333333
2	15	0.5	1	0.5	0	0	63.1666666667
2	15	0.5	1	0.5	0	0.3	77.3095238095
2	15	0.5	1	0.5	0	0.6	112.666666667
2	15	0.5	1	0.5	0	0.9	195.083333333
2	15	0.5	1	0.5	0.5	0	70.6666666667
2	15	0.5	1	0.5	0.5	0.3	84.8095238095
2	15	0.5	1	0.5	0.5	0.6	120.166666667
2	15	0.5	1	0.5	0.5	0.9	195.083333333
2	15	0.5	1	0.5	1	0	78.1666666667
2	15	0.5	1	0.5	1	0.3	92.3095238095
2	15	0.5	1	0.5	1	0.6	127.666666667
2	15	0.5	1	0.5	1	0.9	195.083333333
2	15	0.5	1	1	0	0	63.1666666667
2	15	0.5	1	1	0	0.3	77.3095238095
2	15	0.5	1	1	0	0.6	112.666666667
2	15	0.5	1	1	0	0.9	195.083333333
2	15	0.5	1	1	0.5	0	70.6666666667
2	15	0.5	1	1	0.5	0.3	84.8095238095
2	15	0.5	1	1	0.5	0.6	120.166666667
2	15	0.5	1	1	0.5	0.9	195.083333333
2	15	0.5	1	1	1	0	78.1666666667
2	15	0.5	1	1	1	0.3	92.3095238095
2	15	0.5	1	1	1	0.6	127.666666667
2	15	0.5	1	1	1	0.9	195.083333333
2	15	1	0	0	0	0	63.1666666667
2	15	1	0	0	0	0.3	77.3095238095
2	15	1	0	0	0	0.6	112.666666667
2	15	1	0	0	0	0.9	195.083333333
2	15	1	0	0	0.5	0	70.6666666667
2	15	1	0	0	0.5	0.3	84.8095238095
2	15	1	0	0	0.5	0.6	120.166666667
2	15	1	0	0	0.5	0.9	195.083333333
2	15	1	0	0	1	0	78.1666666667
2	15	1	0	0	1	0.3	92.3095238095
2	15	1	0	0	1	0.6	127.666666667
2	15	1	0	0	1	0.9	195.083333333
2	15	1	0	0.5	0	0	63.1666666667
2	15	1	0	0.5	0	0.3	77.3095238095
2	15	1	0	0.5	0	0.6	112.666666667
2	15	1	0	0.5	0	0.9	195.083333333
2	15	1	0	0.5	0.5	0	70.6666666667
2	15	1	0	0.5	0.5	0.3	84.8095238095
2	15	1	0	0.5	0.5	0.6	120.166666667
2	15	1	0	0.5	0.5	0.9	195.083333333
2	15	1	0	0.5	1	0	78.1666666667
2	15	1	0	0.5	1	0.3	92.3095238095
2	15	1	0	0.5	1	0.6	127.666666667
2	15	1	0	0.5	1	0.9	195.083333333
2	15	1	0	1	0	0	63.1666666667
2	15	1	0	1	0	0.3	77.3095238095
2	15	1	0	1	0	0.6	112.666666667
2	15	1	0	1	0	0.9	195.083333333
2	15	1	0	1	0.5	0	70.6666666667
2	15	1	0	1	0.5	0.3	84.8095238095
2	15	1	0	1	0.5	0.6	120.166666667
2	15	1	0	1	0.5	0.9	195.083333333
2	15	1	0	1	1	0	78.1666666667
2	15	1	0	1	1	0.3	92.3095238095
2	15	1	0	1	1	0.6	127.666666667
2	15	1	0	1	1	0.9	195.083333333
2	15	1	0.5	0	0	0	63.1666666667
2	15	1	0.5	0	0	0.3	77.3095238095
2	15	1	0.5	0	0	0.6	112.666666667
2	15	1	0.5	0	0	0.9	195.083333333
2	15	1	0.5	0	0.5	0	70.6666666667
2	15	1	0.5	0	0.5	0.3	84.8095238095
2	15	1	0.5	0	0.5	0.6	120.166666667
2	15	1	0.5	0	0.5	0.9	195.083333333
2	15	1	0.5	0	1	0	78.1666666667
2	15	1	0.5	0	1	0.3	92.3095238095
2	15	1	0.5	0	1	0.6	127.666666667
2	15	1	0.5	0	1	0.9	195.083333333
2	15	1	0.5	0.5	0	0	63.1666666667
2	15	1	0.5	0.5	0	0.3	77.3095238095
2	15	1	0.5	0.5	0	0.6	112.666666667
2	15	1	0.5	0.5	0	0.9	195.083333333
2	15	1	0.5	0.5	0.5	0	70.6666666667
2	15	1	0.5	0.5	0.5	0.3	84.8095238095
2	15	1	0.5	0.5	0.5	0.6	120.166666667
2	15	1	0.5	0.5	0.5	0.9	195.083333333
2	15	1	0.5	0.5	1	0	78.1666666667
2	15	1	0.5	0.5	1	0.3	92.3095238095
2	15	1	0.5	0.5	1	0.6	127.666666667
2	15	1	0.5	0.5	1	0.9	195.083333333
2	15	1	0.5	1	0	0	63.1666666667
2	15	1	0.5	1	0	0.3	77.3095238095
2	15	1	0.5	1	0	0.6	112.666666667
2	15	1	0.5	1	0	0.9	195.083333333
2	15	1	0.5	1	0.5	0	70.6666666667
2	15	1	0.5	1	0.5	0.3	84.8095238095
2	15	1	0.5	1	0.5	0.6	120.166666667
2	15	1	0.5	1	0.5	0.9	195.083333333
2	15	1	0.5	1	1	0	78.1666666667
2	15	1	0.5	1	1	0.3	92.3095238095
2	15	1	0.5	1	1	0.6	127.666666667
2	15	1	0.5	1	1	0.9	195.083333333
2	15	1	1	0	0	0	63.1666666667
2	15	1	1	0	0	0.3	77.3095238095
2	15	1	1	0	0	0.6	112.666666667
2	15	1	1	0	0	0.9	195.083333333
2	15	1	1	0	0.5	0	70.6666666667
2	15	1	1	0	0.5	0.3	84.8095238095
2	15	1	1	0	0.5	0.6	120.166666667
2	15	1	1	0	0.5	0.9	195.083333333
2	15	1	1	0	1	0	78.1666666667
2	15	1	1	0	1	0.3	92.3095238095
2	15	1	1	0	1	0.6	127.666666667
2	15	1	1	0	1	0.9	195.083333333
2	15	1	1	0.5	0	0	63.1666666667
2	15	1	1	0.5	0	0.3	77.3095238095
2	15	1	1	0.5	0	0.6	112.666666667
2	15	1	1	0.5	0	0.9	195.083333333
2	15	1	1	0.5	0.5	0	70.6666666667
2	15	1	1	0.5	0.5	0.3	84.8095238095
2	15	1	1	0.5	0.5	0.6	120.166666667
2	15	1	1	0.5	0.5	0.9	195.083333333
2	15	1	1	0.5	1	0	78.1666666667
2	15	1	1	0.5	1	0.3	92.3095238095
2	15	1	1	0.5	1	0.6	127.666666667
2	15	1	1	0.5	1	0.9	195.083333333
2	15	1	1	1	0	0	63.1666666667
2	15	1	1	1	0	0.3	77.3095238095
2	15	1	1	1	0	0.6	112.666666667
2	15	1	1	1	0	0.9	195.083333333
2	15	1	1	1	0.5	0	70.6666666667
2	15	1	1	1	0.5	0.3	84.8095238095
2	15	1	1	1	0.5	0.6	120.166666667
2	15	1	1	1	0.5	0.9	195.083333333
2	15	1	1	1	1	0	78.1666666667
2	15	1	1	1	1	0.3	92.3095238095
2	15	1	1	1	1	0.6	127.666666667
2	15	1	1	1	1	0.9	195.083333333
2	20	0	0	0	0	0	63.1666666667
2	20	0	0	0	0	0.3	77.3095238095
2	20	0	0	0	0	0.6	112.666666667
2	20	0	0	0	0	0.9	195.083333333
2	20	0	0	0	0.5	0	73.1666666667
2	20	0	0	0	0.5	0.3	87.3095238095
2	20	0	0	0	0.5	0.6	120.166666667
2	20	0	0	0	0.5	0.9	195.083333333
2	20	0	0	0	1	0	83.1666666667
2	20	0	0	0	1	0.3	97.3095238095
2	20	0	0	0	1	0.6	127.666666667
2	20	0	0	0	1	0.9	195.083333333
2	20	0	0	0.5	0	0	63.1666666667
2	20	0	0	0.5	0	0.3	77.3095238095
2	20	0	0	0.5	0	0.6	112.666666667
2	20	0	0	0.5	0	0.9	195.083333333
2	20	0	0	0.5	0.5	0	73.1666666667
2	20	0	0	0.5	0.5	0.3	87.3095238095
2	20	0	0	0.5	0.5	0.6	120.166666667
2	20	0	0	0.5	0.5	0.9	195.083333333
2	20	0	0	0.5	1	0	83.1666666667
2	20	0	0	0.5	1	0.3	97.3095238095
2	20	0	0	0.5	1	0.6	127.666666667
2	20	0	0	0.5	1	0.9	195.083333333
2	20	0	0	1	0	0	63.1666666667
2	20	0	0	1	0	0.3	77.3095238095
2	20	0	0	1	0	0.6	112.666666667
2	20	0	0	1	0	0.9	195.083333333
2	20	0	0	1	0.5	0	73.1666666667
2	20	0	0	1	0.5	0.3	87.3095238095
2	20	0	0	1	0.5	0.6	120.166666667
2	20	0	0	1	0.5	0.9	195.083333333
2	20	0	0	1	1	0	83.1666666667
2	20	0	0	1	1	0.3	97.3095238095
2	20	0	0	1	1	0.6	127.666666667
2	20	0	0	1	1	0.9	195.083333333
2	20	0	0.5	0	0	0	63.1666666667
2	20	0	0.5	0	0	0.3	77.3095238095
2	20	0	0.5	0	0	0.6	112.666666667
2	20	0	0.5	0	0	0.9	195.083333333
2	20	0	0.5	0	0.5	0	73.1666666667
2	20	0	0.5	0	0.5	0.3	87.3095238095
2	20	0	0.5	0	0.5	0.6	120.166666667
2	20	0	0.5	0	0.5	0.9	195.083333333
2	20	0	0.5	0	1	0	83.1666666667
2	20	0	0.5	0	1	0.3	97.3095238095
2	20	0	0.5	0	1	0.6	127.666666667
2	20	0	0.5	0	1	0.9	195.083333333
2	20	0	0.5	0.5	0	0	63.1666666667
2	20	0	0.5	0.5	0	0.3	77.3095238095
2	20	0	0.5	0.5	0	0.6	112.666666667
2	20	0	0.5	0.5	0	0.9	195.083333333
2	20	0	0.5	0.5	0.5	0	73.1666666667
2	20	0	0.5	0.5	0.5	0.3	87.3095238095
2	20	0	0.5	0.5	0.5	0.6	120.166666667
2	20	0	0.5	0.5	0.5	0.9	195.083333333
2	20	0	0.5	0.5	1	0	83.1666666667
2	20	0	0.5	0.5	1	0.3	97.3095238095
2	20	0	0.5	0.5	1	0.6	127.666666667
2	20	0	0.5	0.5	1	0.9	195.083333333
2	20	0	0.5	1	0	0	63.1666666667
2	20	0	0.5	1	0	0.3	77.3095238095
2	20	0	0.5	1	0	0.6	112.666666667
2	20	0	0.5	1	0	0.9	195.083333333
2	20	0	0.5	1	0.5	0	73.1666666667
2	20	0	0.5	1	0.5	0.3	87.3095238095
2	20	0	0.5	1	0.5	0.6	120.166666667
2	20	0	0.5	1	0.5	0.9	195.083333333
2	20	0	0.5	1	1	0	83.1666666667
2	20	0	0.5	1	1	0.3	97.3095238095
2	20	0	0.5	1	1	0.6	127.666666667
2	20	0	0.5	1	1	0.9	195.083333333
2	20	0	1	0	0	0	63.1666666667
2	20	0	1	0	0	0.3	77.3095238095
2	20	0	1	0	0	0.6	112.666666667
2	20	0	1	0	0	0.9	195.083333333
2	20	0	1	0	0.5	0	73.1666666667
2	20	0	1	0	0.5	0.3	87.3095238095
2	20	0	1	0	0.5	0.6	120.166666667
2	20	0	1	0	0.5	0.9	195.083333333
2	20	0	1	0	1	0	83.1666666667
2	20	0	1	0	1	0.3	97.3095238095
2	20	0	1	0	1	0.6	127.666666667
2	20	0	1	0	1	0.9	195.083333333
2	20	0	1	0.5	0	0	63.1666666667
2	20	0	1	0.5	0	0.3	77.3095238095
2	20	0	1	0.5	0	0.6	112.666666667
2	20	0	1	0.5	0	0.9	195.083333333
2	20	0	1	0.5	0.5	0	73.1666666667
2	20	0	1	0.5	0.5	0.3	87.3095238095
2	20	0	1	0.5	0.5	0.6	120.166666667
2	20	0	1	0.5	0.5	0.9	195.083333333
2	20	0	1	0.5	1	0	83.1666666667
2	20	0	1	0.5	1	0.3	97.3095238095
2	20	0	1	0.5	1	0.6	127.666666667
2	20	0	1	0.5	1	0.9	195.083333333
2	20	0	1	1	0	0	63.1666666667
2	20	0	1	1	0	0.3	77.3095238095
2	20	0	1	1	0	0.6	112.666666667
2	20	0	1	1	0	0.9	195.083333333
2	20	0	1	1	0.5	0	73.1666666667
2	20	0	1	1	0.5	0.3	87.3095238095
2	20	0	1	1	0.5	0.6	120.166666667
2	20	0	1	1	0.5	0.9	195.083333333
2	20	0	1	1	1	0	83.1666666667
2	20	0	1	1	1	0.3	97.3095238095
2	20	0	1	1	1	0.6	127.666666667
2	20	0	1	1	1	0.9	195.083333333
2	20	0.5	0	0	0	0	63.1666666667
2	20	0.5	0	0	0	0.3	77.3095238095
2	20	0.5	0	0	0	0.6	112.666666667
2	20	0.5	0	0	0	0.9	195.083333333
2	20	0.5	0	0	0.5	0	73.1666666667
2	20	0.5	0	0	0.5	0.3	87.3095238095
2	20	0.5	0	0	0.5	0.6	120.166666667
2	20	0.5	0	0	0.5	0.9	195.083333333
2	20	0.5	0	0	1	0	83.1666666667
2	20	0.5	0	0	1	0.3	97.3095238095
2	20	0.5	0	0	1	0.6	127.666666667
2	20	0.5	0	0	1	0.9	195.083333333
2	20	0.5	0	0.5	0	0	63.1666666667
2	20	0.5	0	0.5	0	0.3	77.3095238095
2	20	0.5	0	0.5	0	0.6	112.666666667
2	20	0.5	0	0.5	0	0.9	195.083333333
2	20	0.5	0	0.5	0.5	0	73.1666666667
2	20	0.5	0	0.5	0.5	0.3	87.3095238095
2	20	0.5	0	0.5	0.5	0.6	120.166666667
2	20	0.5	0	0.5	0.5	0.9	195.083333333
2	20	0.5	0	0.5	1	0	83.1666666667
2	20	0.5	0	0.5	1	0.3	97.3095238095
2	20	0.5	0	0.5	1	0.6	127.666666667
2	20	0.5	0	0.5	1	0.9	195.083333333
2	20	0.5	0	1	0	0	63.1666666667
2	20	0.5	0	1	0	0.3	77.3095238095
2	20	0.5	0	1	0	0.6	112.666666667
2	20	0.5	0	1	0	0.9	195.083333333
2	20	0.5	0	1	0.5	0	73.1666666667
2	20	0.5	0	1	0.5	0.3	87.3095238095
2	20	0.5	0	1	0.5	0.6	120.166666667
2	20	0.5	0	1	0.5	0.9	195.083333333
2	20	0.5	0	1	1	0	83.1666666667
2	20	0.5	0	1	1	0.3	97.3095238095
2	20	0.5	0	1	1	0.6	127.666666667
2	20	0.5	0	1	1	0.9	195.083333333
2	20	0.5	0.5	0	0	0	63.1666666667
2	20	0.5	0.5	0	0	0.3	77.3095238095
2	20	0.5	0.5	0	0	0.6	112.666666667
2	20	0.5	0.5	0	0	0.9	195.083333333
2	20	0.5	0.5	0	0.5	0	73.1666666667
2	20	0.5	0.5	0	0.5	0.3	87.3095238095
2	20	0.5	0.5	0	0.5	0.6	120.166666667
2	20	0.5	0.5	0	0.5	0.9	195.083333333
2	20	0.5	0.5	0	1	0	83.1666666667
2	20	0.5	0.5	0	1	0.3	97.3095238095
2	20	0.5	0.5	0	1	0.6	127.666666667
2	20	0.5	0.5	0	1	0.9	195.083333333
2	20	0.5	0.5	0.5	0	0	63.1666666667
2	20	0.5	0.5	0.5	0	0.3	77.3095238095
2	20	0.5	0.5	0.5	0	0.6	112.666666667
2	20	0.5	0.5	0.5	0	0.9	195.083333333
2	20	0.5	0.5	0.5	0.5	0	73.1666666667
2	20	0.5	0.5	0.5	0.5	0.3	87.3095238095
2	20	0.5	0.5	0.5	0.5	0.6	120.166666667
2	20	0.5	0.5	0.5	0.5	0.9	195.083333333
2	20	0.5	0.5	0.5	1	0	83.1666666667
2	20	0.5	0.5	0.5	1	0.3	97.3095238095
2	20	0.5	0.5	0.5	1	0.6	127.666666667
2	20	0.5	0.5	0.5	1	0.9	195.083333333
2	20	0.5	0.5	1	0	0	63.1666666667
2	20	0.5	0.5	1	0	0.3	77.3095238095
2	20	0.5	0.5	1	0	0.6	112.666666667
2	20	0.5	0.5	1	0	0.9	195.083333333
2	20	0.5	0.5	1	0.5	0	73.1666666667
2	20	0.5	0.5	1	0.5	0.3	87.3095238095
2	20	0.5	0.5	1	0.5	0.6	120.166666667
2	20	0.5	0.5	1	0.5	0.9	195.083333333
2	20	0.5	0.5	1	1	0	83.1666666667
2	20	0.5	0.5	1	1	0.3	97.3095238095
2	20	0.5	0.5	1	1	0.6	127.666666667
2	20	0.5	0.5	1	1	0.9	195.083333333
2	20	0.5	1	0	0	0	63.1666666667
2	20	0.5	1	0	0	0.3	77.3095238095
2	20	0.5	1	0	0	0.6	112.666666667
2	20	0.5	1	0	0	0.9	195.083333333
2	20	0.5	1	0	0.5	0	73.1666666667
2	20	0.5	1	0	0.5	0.3	87.3095238095
2	20	0.5	1	0	0.5	0.6	120.166666667
2	20	0.5	1	0	0.5	0.9	195.083333333
2	20	0.5	1	0	1	0	83.1666666667
2	20	0.5	1	0	1	0.3	97.3095238095
2	20	0.5	1	0	1	0.6	127.666666667
2	20	0.5	1	0	1	0.9	195.083333333
2	20	0.5	1	0.5	0	0	63.1666666667
2	20	0.5	1	0.5	0	0.3	77.3095238095
2	20	0.5	1	0.5	0	0.6	112.666666667
2	20	0.5	1	0.5	0	0.9	195.083333333
2	20	0.5	1	0.5	0.5	0	73.1666666667
2	20	0.5	1	0.5	0.5	0.3	87.3095238095
2	20	0.5	1	0.5	0.5	0.6	120.166666667
2	20	0.5	1	0.5	0.5	0.9	195.083333333
2	20	0.5	1	0.5	1	0	83.1666666667
2	20	0.5	1	0.5	1	0.3	97.3095238095
2	20	0.5	1	0.5	1	0.6	127.666666667
2	20	0.5	1	0.5	1	0.9	195.083333333
2	20	0.5	1	1	0	0	63.1666666667
2	20	0.5	1	1	0	0.3	77.3095238095
2	20	0.5	1	1	0	0.6	112.666666667
2	20	0.5	1	1	0	0.9	195.083333333
2	20	0.5	1	1	0.5	0	73.1666666667
2	20	0.5	1	1	0.5	0.3	87.3095238095
2	20	0.5	1	1	0.5	0.6	120.166666667
2	20	0.5	1	1	0.5	0.9	195.083333333
2	20	0.5	1	1	1	0	83.1666666667
2	20	0.5	1	1	1	0.3	97.3095238095
2	20	0.5	1	1	1	0.6	127.666666667
2	20	0.5	1	1	1	0.9	195.083333333
2	20	1	0	0	0	0	63.1666666667
2	20	1	0	0	0	0.3	77.3095238095
2	20	1	0	0	0	0.6	112.666666667
2	20	1	0	0	0	0.9	195.083333333
2	20	1	0	0	0.5	0	73.1666666667
2	20	1	0	0	0.5	0.3	87.3095238095
2	20	1	0	0	0.5	0.6	120.166666667
2	20	1	0	0	0.5	0.9	195.083333333
2	20	1	0	0	1	0	83.1666666667
2	20	1	0	0	1	0.3	97.3095238095
2	20	1	0	0	1	0.6	127.666666667
2	20	1	0	0	1	0.9	195.083333333
2	20	1	0	0.5	0	0	63.1666666667
2	20	1	0	0.5	0	0.3	77.3095238095
2	20	1	0	0.5	0	0.6	112.666666667
2	20	1	0	0.5	0	0.9	195.083333333
2	20	1	0	0.5	0.5	0	73.1666666667
2	20	1	0	0.5	0.5	0.3	87.3095238095
2	20	1	0	0.5	0.5	0.6	120.166666667
2	20	1	0	0.5	0.5	0.9	195.083333333
2	20	1	0	0.5	1	0	83.1666666667
2	20	1	0	0.5	1	0.3	97.3095238095
2	20	1	0	0.5	1	0.6	127.666666667
2	20	1	0	0.5	1	0.9	195.083333333
2	20	1	0	1	0	0	63.1666666667
2	20	1	0	1	0	0.3	77.3095238095
2	20	1	0	1	0	0.6	112.666666667
2	20	1	0	1	0	0.9	195.083333333
2	20	1	0	1	0.5	0	73.1666666667
2	20	1	0	1	0.5	0.3	87.3095238095
2	20	1	0	1	0.5	0.6	120.166666667
2	20	1	0	1	0.5	0.9	195.083333333
2	20	1	0	1	1	0	83.1666666667
2	20	1	0	1	1	0.3	97.3095238095
2	20	1	0	1	1	0.6	127.666666667
2	20	1	0	1	1	0.9	195.083333333
2	20	1	0.5	0	0	0	63.1666666667
2	20	1	0.5	0	0	0.3	77.3095238095
2	20	1	0.5	0	0	0.6	112.666666667
2	20	1	0.5	0	0	0.9	195.083333333
2	20	1	0.5	0	0.5	0	73.1666666667
2	20	1	0.5	0	0.5	0.3	87.3095238095
2	20	1	0.5	0	0.5	0.6	120.166666667
2	20	1	0.5	0	0.5	0.9	195.083333333
2	20	1	0.5	0	1	0	83.1666666667
2	20	1	0.5	0	1	0.3	97.3095238095
2	20	1	0.5	0	1	0.6	127.666666667
2	20	1	0.5	0	1	0.9	195.083333333
2	20	1	0.5	0.5	0	0	63.1666666667
2	20	1	0.5	0.5	0	0.3	77.3095238095
2	20	1	0.5	0.5	0	0.6	112.666666667
2	20	1	0.5	0.5	0	0.9	195.083333333
2	20	1	0.5	0.5	0.5	0	73.1666666667
2	20	1	0.5	0.5	0.5	0.3	87.3095238095
2	20	1	0.5	0.5	0.5	0.6	120.166666667
2	20	1	0.5	0.5	0.5	0.9	195.083333333
2	20	1	0.5	0.5	1	0	83.1666666667
2	20	1	0.5	0.5	1	0.3	97.3095238095
2	20	1	0.5	0.5	1	0.6	127.666666667
2	20	1	0.5	0.5	1	0.9	195.083333333
2	20	1	0.5	1	0	0	63.1666666667
2	20	1	0.5	1	0	0.3	77.3095238095
2	20	1	0.5	1	0	0.6	112.666666667
2	20	1	0.5	1	0	0.9	195.083333333
2	20	1	0.5	1	0.5	0	73.1666666667
2	20	1	0.5	1	0.5	0.3	87.3095238095
2	20	1	0.5	1	0.5	0.6	120.166666667
2	20	1	0.5	1	0.5	0.9	195.083333333
2	20	1	0.5	1	1	0	83.1666666667
2	20	1	0.5	1	1	0.3	97.3095238095
2	20	1	0.5	1	1	0.6	127.666666667
2	20	1	0.5	1	1	0.9	195.083333333
2	20	1	1	0	0	0	63.1666666667
2	20	1	1	0	0	0.3	77.3095238095
2	20	1	1	0	0	0.6	112.666666667
2	20	1	1	0	0	0.9	195.083333333
2	20	1	1	0	0.5	0	73.1666666667
2	20	1	1	0	0.5	0.3	87.3095238095
2	20	1	1	0	0.5	0.6	120.166666667
2	20	1	1	0	0.5	0.9	195.083333333
2	20	1	1	0	1	0	83.1666666667
2	20	1	1	0	1	0.3	97.3095238095
2	20	1	1	0	1	0.6	127.666666667
2	20	1	1	0	1	0.9	195.083333333
2	20	1	1	0.5	0	0	63.1666666667
2	20	1	1	0.5	0	0.3	77.3095238095
2	20	1	1	0.5	0	0.6	112.666666667
2	20	1	1	0.5	0	0.9	195.083333333
2	20	1	1	0.5	0.5	0	73.1666666667
2	20	1	1	0.5	0.5	0.3	87.3095238095
2	20	1	1	0.5	0.5	0.6	120.166666667
2	20	1	1	0.5	0.5	0.9	195.083333333
2	20	1	1	0.5	1	0	83.1666666667
2	20	1	1	0.5	1	0.3	97.3095238095
2	20	1	1	0.5	1	0.6	127.666666667
2	20	1	1	0.5	1	0.9	195.083333333
2	20	1	1	1	0	0	63.1666666667
2	20	1	1	1	0	0.3	77.3095238095
2	20	1	1	1	0	0.6	112.666666667
2	20	1	1	1	0	0.9	195.083333333
2	20	1	1	1	0.5	0	73.1666666667
2	20	1	1	1	0.5	0.3	87.3095238095
2	20	1	1	1	0.5	0.6	120.166666667
2	20	1	1	1	0.5	0.9	195.083333333
2	20	1	1	1	1	0	83.1666666667
2	20	1	1	1	1	0.3	97.3095238095
2	20	1	1	1	1	0.6	127.666666667
2	20	1	1	1	1	0.9	195.083333333
3	5	0	0	0	0	0	63.1666666667
3	5	0	0	0	0	0.3	77.3095238095
3	5	0	0	0	0	0.6	112.666666667
3	5	0	0	0	0	0.9	195.083333333
3	5	0	0	0	0.5	0	63.1666666667
3	5	0	0	0	0.5	0.3	77.3095238095
3	5	0	0	0	0.5	0.6	112.666666667
3	5	0	0	0	0.5	0.9	195.083333333
3	5	0	0	0	1	0	63.1666666667
3	5	0	0	0	1	0.3	77.3095238095
3	5	0	0	0	1	0.6	112.666666667
3	5	0	0	0	1	0.9	195.083333333
3	5	0	0	0.5	0	0	63.1666666667
3	5	0	0	0.5	0	0.3	77.3095238095
3	5	0	0	0.5	0	0.6	112.666666667
3	5	0	0	0.5	0	0.9	195.083333333
3	5	0	0	0.5	0.5	0	63.1666666667
3	5	0	0	0.5	0.5	0.3	77.3095238095
3	5	0	0	0.5	0.5	0.6	112.666666667
3	5	0	0	0.5	0.5	0.9	195.083333333
3	5	0	0	0.5	1	0	63.1666666667
3	5	0	0	0.5	1	0.3	77.3095238095
3	5	0	0	0.5	1	0.6	112.666666667
3	5	0	0	0.5	1	0.9	195.083333333
3	5	0	0	1	0	0	63.1666666667
3	5	0	0	1	0	0.3	77.3095238095
3	5	0	0	1	0	0.6	112.666666667
3	5	0	0	1	0	0.9	195.083333333
3	5	0	0	1	0.5	0	63.1666666667
3	5	0	0	1	0.5	0.3	77.3095238095
3	5	0	0	1	0.5	0.6	112.666666667
3	5	0	0	1	0.5	0.9	195.083333333
3	5	0	0	1	1	0	63.1666666667
3	5	0	0	1	1	0.3	77.3095238095
3	5	0	0	1	1	0.6	112.666666667
3	5	0	0	1	1	0.9	195.083333333
3	5	0	0.5	0	0	0	63.1666666667
3	5	0	0.5	0	0	0.3	77.3095238095
3	5	0	0.5	0	0	0.6	112.666666667
3	5	0	0.5	0	0	0.9	195.083333333
3	5	0	0.5	0	0.5	0	63.1666666667
3	5	0	0.5	0	0.5	0.3	77.3095238095
3	5	0	0.5	0	0.5	0.6	112.666666667
3	5	0	0.5	0	0.5	0.9	195.083333333
3	5	0	0.5	0	1	0	63.1666666667
3	5	0	0.5	0	1	0.3	77.3095238095
3	5	0	0.5	0	1	0.6	112.666666667
3	5	0	0.5	0	1	0.9	195.083333333
3	5	0	0.5	0.5	0	0	63.1666666667
3	5	0	0.5	0.5	0	0.3	77.3095238095
3	5	0	0.5	0.5	0	0.6	112.666666667
3	5	0	0.5	0.5	0	0.9	195.083333333
3	5	0	0.5	0.5	0.5	0	63.1666666667
3	5	0	0.5	0.5	0.5	0.3	77.3095238095
3	5	0	0.5	0.5	0.5	0.6	112.666666667
3	5	0	0.5	0.5	0.5	0.9	195.083333333
3	5	0	0.5	0.5	1	0	63.1666666667
3	5	0	0.5	0.5	1	0.3	77.3095238095
3	5	0	0.5	0.5	1	0.6	112.666666667
3	5	0	0.5	0.5	1	0.9	195.083333333
3	5	0	0.5	1	0	0	63.1666666667
3	5	0	0.5	1	0	0.3	77.3095238095
3	5	0	0.5	1	0	0.6	112.666666667
3	5	0	0.5	1	0	0.9	195.083333333
3	5	0	0.5	1	0.5	0	63.1666666667
3	5	0	0.5	1	0.5	0.3	77.3095238095
3	5	0	0.5	1	0.5	0.6	112.666666667
3	5	0	0.5	1	0.5	0.9	195.083333333
3	5	0	0.5	1	1	0	63.1666666667
3	5	0	0.5	1	1	0.3	77.3095238095
3	5	0	0.5	1	1	0.6	112.666666667
3	5	0	0.5	1	1	0.9	195.083333333
3	5	0	1	0	0	0	63.1666666667
3	5	0	1	0	0	0.3	77.3095238095
3	5	0	1	0	0	0.6	112.666666667
3	5	0	1	0	0	0.9	195.083333333
3	5	0	1	0	0.5	0	63.1666666667
3	5	0	1	0	0.5	0.3	77.3095238095
3	5	0	1	0	0.5	0.6	112.666666667
3	5	0	1	0	0.5	0.9	195.083333333
3	5	0	1	0	1	0	63.1666666667
3	5	0	1	0	1	0.3	77.3095238095
3	5	0	1	0	1	0.6	112.666666667
3	5	0	1	0	1	0.9	195.083333333
3	5	0	1	0.5	0	0	63.1666666667
3	5	0	1	0.5	0	0.3	77.3095238095
3	5	0	1	0.5	0	0.6	112.666666667
3	5	0	1	0.5	0	0.9	195.083333333
3	5	0	1	0.5	0.5	0	63.1666666667
3	5	0	1	0.5	0.5	0.3	77.3095238095
3	5	0	1	0.5	0.5	0.6	112.666666667
3	5	0	1	0.5	0.5	0.9	195.083333333
3	5	0	1	0.5	1	0	63.1666666667
3	5	0	1	0.5	1	0.3	77.3095238095
3	5	0	1	0.5	1	0.6	112.666666667
3	5	0	1	0.5	1	0.9	195.083333333
3	5	0	1	1	0	0	63.1666666667
3	5	0	1	1	0	0.3	77.3095238095
3	5	0	1	1	0	0.6	112.666666667
3	5	0	1	1	0	0.9	195.083333333
3	5	0	1	1	0.5	0	63.1666666667
3	5	0	1	1	0.5	0.3	77.3095238095
3	5	0	1	1	0.5	0.6	112.666666667
3	5	0	1	1	0.5	0.9	195.083333333
3	5	0	1	1	1	0	63.1666666667
3	5	0	1	1	1	0.3	77.3095238095
3	5	0	1	1	1	0.6	112.666666667
3	5	0	1	1	1	0.9	195.083333333
3	5	0.5	0	0	0	0	63.1666666667
3	5	0.5	0	0	0	0.3	77.3095238095
3	5	0.5	0	0	0	0.6	112.666666667
3	5	0.5	0	0	0	0.9	195.083333333
3	5	0.5	0	0	0.5	0	63.1666666667
3	5	0.5	0	0	0.5	0.3	77.3095238095
3	5	0.5	0	0	0.5	0.6	112.666666667
3	5	0.5	0	0	0.5	0.9	195.083333333
3	5	0.5	0	0	1	0	63.1666666667
3	5	0.5	0	0	1	0.3	77.3095238095
3	5	0.5	0	0	1	0.6	112.666666667
3	5	0.5	0	0	1	0.9	195.083333333
3	5	0.5	0	0.5	0	0	63.1666666667
3	5	0.5	0	0.5	0	0.3	77.3095238095
3	5	0.5	0	0.5	0	0.6	112.666666667
3	5	0.5	0	0.5	0	0.9	195.083333333
3	5	0.5	0	0.5	0.5	0	63.1666666667
3	5	0.5	0	0.5	0.5	0.3	77.3095238095
3	5	0.5	0	0.5	0.5	0.6	112.666666667
3	5	0.5	0	0.5	0.5	0.9	195.083333333
3	5	0.5	0	0.5	1	0	63.1666666667
3	5	0.5	0	0.5	1	0.3	77.3095238095
3	5	0.5	0	0.5	1	0.6	112.666666667
3	5	0.5	0	0.5	1	0.9	195.083333333
3	5	0.5	0	1	0	0	63.1666666667
3	5	0.5	0	1	0	0.3	77.3095238095
3	5	0.5	0	1	0	0.6	112.666666667
3	5	0.5	0	1	0	0.9	195.083333333
3	5	0.5	0	1	0.5	0	63.1666666667
3	5	0.5	0	1	0.5	0.3	77.3095238095
3	5	0.5	0	1	0.5	0.6	112.666666667
3	5	0.5	0	1	0.5	0.9	195.083333333
3	5	0.5	0	1	1	0	63.1666666667
3	5	0.5	0	1	1	0.3	77.3095238095
3	5	0.5	0	1	1	0.6	112.666666667
3	5	0.5	0	1	1	0.9	195.083333333
3	5	0.5	0.5	0	0	0	63.1666666667
3	5	0.5	0.5	0	0	0.3	77.3095238095
3	5	0.5	0.5	0	0	0.6	112.666666667
3	5	0.5	0.5	0	0	0.9	195.083333333
3	5	0.5	0.5	0	0.5	0	63.1666666667
3	5	0.5	0.5	0	0.5	0.3	77.3095238095
3	5	0.5	0.5	0	0.5	0.6	112.666666667
3	5	0.5	0.5	0	0.5	0.9	195.083333333
3	5	0.5	0.5	0	1	0	63.1666666667
3	5	0.5	0.5	0	1	0.3	77.3095238095
3	5	0.5	0.5	0	1	0.6	112.666666667
3	5	0.5	0.5	0	1	0.9	195.083333333
3	5	0.5	0.5	0.5	0	0	63.1666666667
3	5	0.5	0.5	0.5	0	0.3	77.3095238095
3	5	0.5	0.5	0.5	0	0.6	112.666666667
3	5	0.5	0.5	0.5	0	0.9	195.083333333
3	5	0.5	0.5	0.5	0.5	0	63.1666666667
3	5	0.5	0.5	0.5	0.5	0.3	77.3095238095
3	5	0.5	0.5	0.5	0.5	0.6	112.666666667
3	5	0.5	0.5	0.5	0.5	0.9	195.083333333
3	5	0.5	0.5	0.5	1	0	63.1666666667
3	5	0.5	0.5	0.5	1	0.3	77.3095238095
3	5	0.5	0.5	0.5	1	0.6	112.666666667
3	5	0.5	0.5	0.5	1	0.9	195.083333333
3	5	0.5	0.5	1	0	0	63.1666666667
3	5	0.5	0.5	1	0	0.3	77.3095238095
3	5	0.5	0.5	1	0	0.6	112.666666667
3	5	0.5	0.5	1	0	0.9	195.083333333
3	5	0.5	0.5	1	0.5	0	63.1666666667
3	5	0.5	0.5	1	0.5	0.3	77.3095238095
3	5	0.5	0.5	1	0.5	0.6	112.666666667
3	5	0.5	0.5	1	0.5	0.9	195.083333333
3	5	0.5	0.5	1	1	0	63.1666666667
3	5	0.5	0.5	1	1	0.3	77.3095238095
3	5	0.5	0.5	1	1	0.6	112.666666667
3	5	0.5	0.5	1	1	0.9	195.083333333
3	5	0.5	1	0	0	0	63.1666666667
3	5	0.5	1	0	0	0.3	77.3095238095
3	5	0.5	1	0	0	0.6	112.666666667
3	5	0.5	1	0	0	0.9	195.083333333
3	5	0.5	1	0	0.5	0	63.1666666667
3	5	0.5	1	0	0.5	0.3	77.3095238095
3	5	0.5	1	0	0.5	0.6	112.666666667
3	5	0.5	1	0	0.5	0.9	195.083333333
3	5	0.5	1	0	1	0	63.1666666667
3	5	0.5	1	0	1	0.3	77.3095238095
3	5	0.5	1	0	1	0.6	112.666666667
3	5	0.5	1	0	1	0.9	195.083333333
3	5	0.5	1	0.5	0	0	63.1666666667
3	5	0.5	1	0.5	0	0.3	77.3095238095
3	5	0.5	1	0.5	0	0.6	112.666666667
3	5	0.5	1	0.5	0	0.9	195.083333333
3	5	0.5	1	0.5	0.5	0	63.1666666667
3	5	0.5	1	0.5	0.5	0.3	77.3095238095
3	5	0.5	1	0.5	0.5	0.6	112.666666667
3	5	0.5	1	0.5	0.5	0.9	195.083333333
3	5	0.5	1	0.5	1	0	63.1666666667
3	5	0.5	1	0.5	1	0.3	77.3095238095
3	5	0.5	1	0.5	1	0.6	112.666666667
3	5	0.5	1	0.5	1	0.9	195.083333333
3	5	0.5	1	1	0	0	63.1666666667
3	5	0.5	1	1	0	0.3	77.3095238095
3	5	0.5	1	1	0	0.6	112.666666667
3	5	0.5	1	1	0	0.9	195.083333333
3	5	0.5	1	1	0.5	0	63.1666666667
3	5	0.5	1	1	0.5	0.3	77.3095238095
3	5	0.5	1	1	0.5	0.6	112.666666667
3	5	0.5	1	1	0.5	0.9	195.083333333
3	5	0.5	1	1	1	0	63.1666666667
3	5	0.5	1	1	1	0.3	77.3095238095
3	5	0.5	1	1	1	0.6	112.666666667
3	5	0.5	1	1	1	0.9	195.083333333
3	5	1	0	0	0	0	63.1666666667
3	5	1	0	0	0	0.3	77.3095238095
3	5	1	0	0	0	0.6	112.666666667
3	5	1	0	0	0	0.9	195.083333333
3	5	1	0	0	0.5	0	63.1666666667
3	5	1	0	0	0.5	0.3	77.3095238095
3	5	1	0	0	0.5	0.6	112.666666667
3	5	1	0	0	0.5	0.9	195.083333333
3	5	1	0	0	1	0	63.1666666667
3	5	1	0	0	1	0.3	77.3095238095
3	5	1	0	0	1	0.6	112.666666667
3	5	1	0	0	1	0.9	195.083333333
3	5	1	0	0.5	0	0	63.1666666667
3	5	1	0	0.5	0	0.3	77.3095238095
3	5	1	0	0.5	0	0.6	112.666666667
3	5	1	0	0.5	0	0.9	195.083333333
3	5	1	0	0.5	0.5	0	63.1666666667
3	5	1	0	0.5	0.5	0.3	77.3095238095
3	5	1	0	0.5	0.5	0.6	112.666666667
3	5	1	0	0.5	0.5	0.9	195.083333333
3	5	1	0	0.5	1	0	63.1666666667
3	5	1	0	0.5	1	0.3	77.3095238095
3	5	1	0	0.5	1	0.6	112.666666667
3	5	1	0	0.5	1	0.9	195.083333333
3	5	1	0	1	0	0	63.1666666667
3	5	1	0	1	0	0.3	77.3095238095
3	5	1	0	1	0	0.6	112.666666667
3	5	1	0	1	0	0.9	195.083333333
3	5	1	0	1	0.5	0	63.1666666667
3	5	1	0	1	0.5	0.3	77.3095238095
3	5	1	0	1	0.5	0.6	112.666666667
3	5	1	0	1	0.5	0.9	195.083333333
3	5	1	0	1	1	0	63.1666666667
3	5	1	0	1	1	0.3	77.3095238095
3	5	1	0	1	1	0.6	112.666666667
3	5	1	0	1	1	0.9	195.083333333
3	5	1	0.5	0	0	0	63.1666666667
3	5	1	0.5	0	0	0.3	77.3095238095
3	5	1	0.5	0	0	0.6	112.666666667
3	5	1	0.5	0	0	0.9	195.083333333
3	5	1	0.5	0	0.5	0	63.1666666667
3	5	1	0.5	0	0.5	0.3	77.3095238095
3	5	1	0.5	0	0.5	0.6	112.666666667
3	5	1	0.5	0	0.5	0.9	195.083333333
3	5	1	0.5	0	1	0	63.1666666667
3	5	1	0.5	0	1	0.3	77.3095238095
3	5	1	0.5	0	1	0.6	112.666666667
3	5	1	0.5	0	1	0.9	195.083333333
3	5	1	0.5	0.5	0	0	63.1666666667
3	5	1	0.5	0.5	0	0.3	77.3095238095
3	5	1	0.5	0.5	0	0.6	112.666666667
3	5	1	0.5	0.5	0	0.9	195.083333333
3	5	1	0.5	0.5	0.5	0	63.1666666667
3	5	1	0.5	0.5	0.5	0.3	77.3095238095
3	5	1	0.5	0.5	0.5	0.6	112.666666667
3	5	1	0.5	0.5	0.5	0.9	195.083333333
3	5	1	0.5	0.5	1	0	63.1666666667
3	5	1	0.5	0.5	1	0.3	77.3095238095
3	5	1	0.5	0.5	1	0.6	112.666666667
3	5	1	0.5	0.5	1	0.9	195.083333333
3	5	1	0.5	1	0	0	63.1666666667
3	5	1	0.5	1	0	0.3	77.3095238095
3	5	1	0.5	1	0	0.6	112.666666667
3	5	1	0.5	1	0	0.9	195.083333333
3	5	1	0.5	1	0.5	0	63.1666666667
3	5	1	0.5	1	0.5	0.3	77.3095238095
3	5	1	0.5	1	0.5	0.6	112.666666667
3	5	1	0.5	1	0.5	0.9	195.083333333
3	5	1	0.5	1	1	0	63.1666666667
3	5	1	0.5	1	1	0.3	77.3095238095
3	5	1	0.5	1	1	0.6	112.666666667
3	5	1	0.5	1	1	0.9	195.083333333
3	5	1	1	0	0	0	63.1666666667
3	5	1	1	0	0	0.3	77.3095238095
3	5	1	1	0	0	0.6	112.666666667
3	5	1	1	0	0	0.9	195.083333333
3	5	1	1	0	0.5	0	63.1666666667
3	5	1	1	0	0.5	0.3	77.3095238095
3	5	1	1	0	0.5	0.6	112.666666667
3	5	1	1	0	0.5	0.9	195.083333333
3	5	1	1	0	1	0	63.1666666667
3	5	1	1	0	1	0.3	77.3095238095
3	5	1	1	0	1	0.6	112.666666667
3	5	1	1	0	1	0.9	195.083333333
3	5	1	1	0.5	0	0	63.1666666667
3	5	1	1	0.5	0	0.3	77.3095238095
3	5	1	1	0.5	0	0.6	112.666666667
3	5	1	1	0.5	0	0.9	195.083333333
3	5	1	1	0.5	0.5	0	63.1666666667
3	5	1	1	0.5	0.5	0.3	77.3095238095
3	5	1	1	0.5	0.5	0.6	112.666666667
3	5	1	1	0.5	0.5	0.9	195.083333333
3	5	1	1	0.5	1	0	63.1666666667
3	5	1	1	0.5	1	0.3	77.3095238095
3	5	1	1	0.5	1	0.6	112.666666667
3	5	1	1	0.5	1	0.9	195.083333333
3	5	1	1	1	0	0	63.1666666667
3	5	1	1	1	0	0.3	77.3095238095
3	5	1	1	1	0	0.6	112.666666667
3	5	1	1	1	0	0.9	195.083333333
3	5	1	1	1	0.5	0	63.1666666667
3	5	1	1	1	0.5	0.3	77.3095238095
3	5	1	1	1	0.5	0.6	112.666666667
3	5	1	1	1	0.5	0.9	195.083333333
3	5	1	1	1	1	0	63.1666666667
3	5	1	1	1	1	0.3	77.3095238095
3	5	1	1	1	1	0.6	112.666666667
3	5	1	1	1	1	0.9	195.083333333
3	10	0	0	0	0	0	63.1666666667
3	10	0	0	0	0	0.3	77.3095238095
3	10	0	0	0	0	0.6	112.666666667
3	10	0	0	0	0	0.9	195.083333333
3	10	0	0	0	0.5	0	63.1666666667
3	10	0	0	0	0.5	0.3	77.3095238095
3	10	0	0	0	0.5	0.6	112.666666667
3	10	0	0	0	0.5	0.9	195.083333333
3	10	0	0	0	1	0	63.1666666667
3	10	0	0	0	1	0.3	77.3095238095
3	10	0	0	0	1	0.6	112.666666667
3	10	0	0	0	1	0.9	195.083333333
3	10	0	0	0.5	0	0	63.1666666667
3	10	0	0	0.5	0	0.3	77.3095238095
3	10	0	0	0.5	0	0.6	112.666666667
3	10	0	0	0.5	0	0.9	195.083333333
3	10	0	0	0.5	0.5	0	63.1666666667
3	10	0	0	0.5	0.5	0.3	77.3095238095
3	10	0	0	0.5	0.5	0.6	112.666666667
3	10	0	0	0.5	0.5	0.9	195.083333333
3	10	0	0	0.5	1	0	63.1666666667
3	10	0	0	0.5	1	0.3	77.3095238095
3	10	0	0	0.5	1	0.6	112.666666667
3	10	0	0	0.5	1	0.9	195.083333333
3	10	0	0	1	0	0	63.1666666667
3	10	0	0	1	0	0.3	77.3095238095
3	10	0	0	1	0	0.6	112.666666667
3	10	0	0	1	0	0.9	195.083333333
3	10	0	0	1	0.5	0	63.1666666667
3	10	0	0	1	0.5	0.3	77.3095238095
3	10	0	0	1	0.5	0.6	112.666666667
3	10	0	0	1	0.5	0.9	195.083333333
3	10	0	0	1	1	0	63.1666666667
3	10	0	0	1	1	0.3	77.3095238095
3	10	0	0	1	1	0.6	112.666666667
3	10	0	0	1	1	0.9	195.083333333
3	10	0	0.5	0	0	0	63.1666666667
3	10	0	0.5	0	0	0.3	77.3095238095
3	10	0	0.5	0	0	0.6	112.666666667
3	10	0	0.5	0	0	0.9	195.083333333
3	10	0	0.5	0	0.5	0	63.1666666667
3	10	0	0.5	0	0.5	0.3	77.3095238095
3	10	0	0.5	0	0.5	0.6	112.666666667
3	10	0	0.5	0	0.5	0.9	195.083333333
3	10	0	0.5	0	1	0	63.1666666667
3	10	0	0.5	0	1	0.3	77.3095238095
3	10	0	0.5	0	1	0.6	112.666666667
3	10	0	0.5	0	1	0.9	195.083333333
3	10	0	0.5	0.5	0	0	63.1666666667
3	10	0	0.5	0.5	0	0.3	77.3095238095
3	10	0	0.5	0.5	0	0.6	112.666666667
3	10	0	0.5	0.5	0	0.9	195.083333333
3	10	0	0.5	0.5	0.5	0	63.1666666667
3	10	0	0.5	0.5	0.5	0.3	77.3095238095
3	10	0	0.5	0.5	0.5	0.6	112.666666667
3	10	0	0.5	0.5	0.5	0.9	195.083333333
3	10	0	0.5	0.5	1	0	63.1666666667
3	10	0	0.5	0.5	1	0.3	77.3095238095
3	10	0	0.5	0.5	1	0.6	112.666666667
3	10	0	0.5	0.5	1	0.9	195.083333333
3	10	0	0.5	1	0	0	63.1666666667
3	10	0	0.5	1	0	0.3	77.3095238095
3	10	0	0.5	1	0	0.6	112.666666667
3	10	0	0.5	1	0	0.9	195.083333333
3	10	0	0.5	1	0.5	0	63.1666666667
3	10	0	0.5	1	0.5	0.3	77.3095238095
3	10	0	0.5	1	0.5	0.6	112.666666667
3	10	0	0.5	1	0.5	0.9	195.083333333
3	10	0	0.5	1	1	0	63.1666666667
3	10	0	0.5	1	1	0.3	77.3095238095
3	10	0	0.5	1	1	0.6	112.666666667
3	10	0	0.5	1	1	0.9	195.083333333
3	10	0	1	0	0	0	63.1666666667
3	10	0	1	0	0	0.3	77.3095238095
3	10	0	1	0	0	0.6	112.666666667
3	10	0	1	0	0	0.9	195.083333333
3	10	0	1	0	0.5	0	63.1666666667
3	10	0	1	0	0.5	0.3	77.3095238095
3	10	0	1	0	0.5	0.6	112.666666667
3	10	0	1	0	0.5	0.9	195.083333333
3	10	0	1	0	1	0	63.1666666667
3	10	0	1	0	1	0.3	77.3095238095
3	10	0	1	0	1	0.6	112.666666667
3	10	0	1	0	1	0.9	195.083333333
3	10	0	1	0.5	0	0	63.1666666667
3	10	0	1	0.5	0	0.3	77.3095238095
3	10	0	1	0.5	0	0.6	112.666666667
3	10	0	1	0.5	0	0.9	195.083333333
3	10	0	1	0.5	0.5	0	63.1666666667
3	10	0	1	0.5	0.5	0.3	77.3095238095
3	10	0	1	0.5	0.5	0.6	112.666666667
3	10	0	1	0.5	0.5	0.9	195.083333333
3	10	0	1	0.5	1	0	63.1666666667
3	10	0	1	0.5	1	0.3	77.3095238095
3	10	0	1	0.5	1	0.6	112.666666667
3	10	0	1	0.5	1	0.9	195.083333333
3	10	0	1	1	0	0	63.1666666667
3	10	0	1	1	0	0.3	77.3095238095
3	10	0	1	1	0	0.6	112.666666667
3	10	0	1	1	0	0.9	195.083333333
3	10	0	1	1	0.5	0	63.1666666667
3	10	0	1	1	0.5	0.3	77.3095238095
3	10	0	1	1	0.5	0.6	112.666666667
3	10	0	1	1	0.5	0.9	195.083333333
3	10	0	1	1	1	0	63.1666666667
3	10	0	1	1	1	0.3	77.3095238095
3	10	0	1	1	1	0.6	112.666666667
3	10	0	1	1	1	0.9	195.083333333
3	10	0.5	0	0	0	0	63.1666666667
3	10	0.5	0	0	0	0.3	77.3095238095
3	10	0.5	0	0	0	0.6	112.666666667
3	10	0.5	0	0	0	0.9	195.083333333
3	10	0.5	0	0	0.5	0	63.1666666667
3	10	0.5	0	0	0.5	0.3	77.3095238095
3	10	0.5	0	0	0.5	0.6	112.666666667
3	10	0.5	0	0	0.5	0.9	195.083333333
3	10	0.5	0	0	1	0	63.1666666667
3	10	0.5	0	0	1	0.3	77.3095238095
3	10	0.5	0	0	1	0.6	112.666666667
3	10	0.5	0	0	1	0.9	195.083333333
3	10	0.5	0	0.5	0	0	63.1666666667
3	10	0.5	0	0.5	0	0.3	77.3095238095
3	10	0.5	0	0.5	0	0.6	112.666666667
3	10	0.5	0	0.5	0	0.9	195.083333333
3	10	0.5	0	0.5	0.5	0	63.1666666667
3	10	0.5	0	0.5	0.5	0.3	77.3095238095
3	10	0.5	0	0.5	0.5	0.6	112.666666667
3	10	0.5	0	0.5	0.5	0.9	195.083333333
3	10	0.5	0	0.5	1	0	63.1666666667
3	10	0.5	0	0.5	1	0.3	77.3095238095
3	10	0.5	0	0.5	1	0.6	112.666666667
3	10	0.5	0	0.5	1	0.9	195.083333333
3	10	0.5	0	1	0	0	63.1666666667
3	10	0.5	0	1	0	0.3	77.3095238095
3	10	0.5	0	1	0	0.6	112.666666667
3	10	0.5	0	1	0	0.9	195.083333333
3	10	0.5	0	1	0.5	0	63.1666666667
3	10	0.5	0	1	0.5	0.3	77.3095238095
3	10	0.5	0	1	0.5	0.6	112.666666667
3	10	0.5	0	1	0.5	0.9	195.083333333
3	10	0.5	0	1	1	0	63.1666666667
3	10	0.5	0	1	1	0.3	77.3095238095
3	10	0.5	0	1	1	0.6	112.666666667
3	10	0.5	0	1	1	0.9	195.083333333
3	10	0.5	0.5	0	0	0	63.1666666667
3	10	0.5	0.5	0	0	0.3	77.3095238095
3	10	0.5	0.5	0	0	0.6	112.666666667
3	10	0.5	0.5	0	0	0.9	195.083333333
3	10	0.5	0.5	0	0.5	0	63.1666666667
3	10	0.5	0.5	0	0.5	0.3	77.3095238095
3	10	0.5	0.5	0	0.5	0.6	112.666666667
3	10	0.5	0.5	0	0.5	0.9	195.083333333
3	10	0.5	0.5	0	1	0	63.1666666667
3	10	0.5	0.5	0	1	0.3	77.3095238095
3	10	0.5	0.5	0	1	0.6	112.666666667
3	10	0.5	0.5	0	1	0.9	195.083333333
3	10	0.5	0.5	0.5	0	0	63.1666666667
3	10	0.5	0.5	0.5	0	0.3	77.3095238095
3	10	0.5	0.5	0.5	0	0.6	112.666666667
3	10	0.5	0.5	0.5	0	0.9	195.083333333
3	10	0.5	0.5	0.5	0.5	0	63.1666666667
3	10	0.5	0.5	0.5	0.5	0.3	77.3095238095
3	10	0.5	0.5	0.5	0.5	0.6	112.666666667
3	10	0.5	0.5	0.5	0.5	0.9	195.083333333
3	10	0.5	0.5	0.5	1	0	63.1666666667
3	10	0.5	0.5	0.5	1	0.3	77.3095238095
3	10	0.5	0.5	0.5	1	0.6	112.666666667
3	10	0.5	0.5	0.5	1	0.9	195.083333333
3	10	0.5	0.5	1	0	0	63.1666666667
3	10	0.5	0.5	1	0	0.3	77.3095238095
3	10	0.5	0.5	1	0	0.6	112.666666667
3	10	0.5	0.5	1	0	0.9	195.083333333
3	10	0.5	0.5	1	0.5	0	63.1666666667
3	10	0.5	0.5	1	0.5	0.3	77.3095238095
3	10	0.5	0.5	1	0.5	0.6	112.666666667
3	10	0.5	0.5	1	0.5	0.9	195.083333333
3	10	0.5	0.5	1	1	0	63.1666666667
3	10	0.5	0.5	1	1	0.3	77.3095238095
3	10	0.5	0.5	1	1	0.6	112.666666667
3	10	0.5	0.5	1	1	0.9	195.083333333
3	10	0.5	1	0	0	0	63.1666666667
3	10	0.5	1	0	0	0.3	77.3095238095
3	10	0.5	1	0	0	0.6	112.666666667
3	10	0.5	1	0	0	0.9	195.083333333
3	10	0.5	1	0	0.5	0	63.1666666667
3	10	0.5	1	0	0.5	0.3	77.3095238095
3	10	0.5	1	0	0.5	0.6	112.666666667
3	10	0.5	1	0	0.5	0.9	195.083333333
3	10	0.5	1	0	1	0	63.1666666667
3	10	0.5	1	0	1	0.3	77.3095238095
3	10	0.5	1	0	1	0.6	112.666666667
3	10	0.5	1	0	1	0.9	195.083333333
3	10	0.5	1	0.5	0	0	63.1666666667
3	10	0.5	1	0.5	0	0.3	77.3095238095
3	10	0.5	1	0.5	0	0.6	112.666666667
3	10	0.5	1	0.5	0	0.9	195.083333333
3	10	0.5	1	0.5	0.5	0	63.1666666667
3	10	0.5	1	0.5	0.5	0.3	77.3095238095
3	10	0.5	1	0.5	0.5	0.6	112.666666667
3	10	0.5	1	0.5	0.5	0.9	195.083333333
3	10	0.5	1	0.5	1	0	63.1666666667
3	10	0.5	1	0.5	1	0.3	77.3095238095
3	10	0.5	1	0.5	1	0.6	112.666666667
3	10	0.5	1	0.5	1	0.9	195.083333333
3	10	0.5	1	1	0	0	63.1666666667
3	10	0.5	1	1	0	0.3	77.3095238095
3	10	0.5	1	1	0	0.6	112.666666667
3	10	0.5	1	1	0	0.9	195.083333333
3	10	0.5	1	1	0.5	0	63.1666666667
3	10	0.5	1	1	0.5	0.3	77.3095238095
3	10	0.5	1	1	0.5	0.6	112.666666667
3	10	0.5	1	1	0.5	0.9	195.083333333
3	10	0.5	1	1	1	0	63.1666666667
3	10	0.5	1	1	1	0.3	77.3095238095
3	10	0.5	1	1	1	0.6	112.666666667
3	10	0.5	1	1	1	0.9	195.083333333
3	10	1	0	0	0	0	63.1666666667
3	10	1	0	0	0	0.3	77.3095238095
3	10	1	0	0	0	0.6	112.666666667
3	10	1	0	0	0	0.9	195.083333333
3	10	1	0	0	0.5	0	63.1666666667
3	10	1	0	0	0.5	0.3	77.3095238095
3	10	1	0	0	0.5	0.6	112.666666667
3	10	1	0	0	0.5	0.9	195.083333333
3	10	1	0	0	1	0	63.1666666667
3	10	1	0	0	1	0.3	77.3095238095
3	10	1	0	0	1	0.6	112.666666667
3	10	1	0	0	1	0.9	195.083333333
3	10	1	0	0.5	0	0	63.1666666667
3	10	1	0	0.5	0	0.3	77.3095238095
3	10	1	0	0.5	0	0.6	112.666666667
3	10	1	0	0.5	0	0.9	195.083333333
3	10	1	0	0.5	0.5	0	63.1666666667
3	10	1	0	0.5	0.5	0.3	77.3095238095
3	10	1	0	0.5	0.5	0.6	112.666666667
3	10	1	0	0.5	0.5	0.9	195.083333333
3	10	1	0	0.5	1	0	63.1666666667
3	10	1	0	0.5	1	0.3	77.3095238095
3	10	1	0	0.5	1	0.6	112.666666667
3	10	1	0	0.5	1	0.9	195.083333333
3	10	1	0	1	0	0	63.1666666667
3	10	1	0	1	0	0.3	77.3095238095
3	10	1	0	1	0	0.6	112.666666667
3	10	1	0	1	0	0.9	195.083333333
3	10	1	0	1	0.5	0	63.1666666667
3	10	1	0	1	0.5	0.3	77.3095238095
3	10	1	0	1	0.5	0.6	112.666666667
3	10	1	0	1	0.5	0.9	195.083333333
3	10	1	0	1	1	0	63.1666666667
3	10	1	0	1	1	0.3	77.3095238095
3	10	1	0	1	1	0.6	112.666666667
3	10	1	0	1	1	0.9	195.083333333
3	10	1	0.5	0	0	0	63.1666666667
3	10	1	0.5	0	0	0.3	77.3095238095
3	10	1	0.5	0	0	0.6	112.666666667
3	10	1	0.5	0	0	0.9	195.083333333
3	10	1	0.5	0	0.5	0	63.1666666667
3	10	1	0.5	0	0.5	0.3	77.3095238095
3	10	1	0.5	0	0.5	0.6	112.666666667
3	10	1	0.5	0	0.5	0.9	195.083333333
3	10	1	0.5	0	1	0	63.1666666667
3	10	1	0.5	0	1	0.3	77.3095238095
3	10	1	0.5	0	1	0.6	112.666666667
3	10	1	0.5	0	1	0.9	195.083333333
3	10	1	0.5	0.5	0	0	63.1666666667
3	10	1	0.5	0.5	0	0.3	77.3095238095
3	10	1	0.5	0.5	0	0.6	112.666666667
3	10	1	0.5	0.5	0	0.9	195.083333333
3	10	1	0.5	0.5	0.5	0	63.1666666667
3	10	1	0.5	0.5	0.5	0.3	77.3095238095
3	10	1	0.5	0.5	0.5	0.6	112.666666667
3	10	1	0.5	0.5	0.5	0.9	195.083333333
3	10	1	0.5	0.5	1	0	63.1666666667
3	10	1	0.5	0.5	1	0.3	77.3095238095
3	10	1	0.5	0.5	1	0.6	112.666666667
3	10	1	0.5	0.5	1	0.9	195.083333333
3	10	1	0.5	1	0	0	63.1666666667
3	10	1	0.5	1	0	0.3	77.3095238095
3	10	1	0.5	1	0	0.6	112.666666667
3	10	1	0.5	1	0	0.9	195.083333333
3	10	1	0.5	1	0.5	0	63.1666666667
3	10	1	0.5	1	0.5	0.3	77.3095238095
3	10	1	0.5	1	0.5	0.6	112.666666667
3	10	1	0.5	1	0.5	0.9	195.083333333
3	10	1	0.5	1	1	0	63.1666666667
3	10	1	0.5	1	1	0.3	77.3095238095
3	10	1	0.5	1	1	0.6	112.666666667
3	10	1	0.5	1	1	0.9	195.083333333
3	10	1	1	0	0	0	63.1666666667
3	10	1	1	0	0	0.3	77.3095238095
3	10	1	1	0	0	0.6	112.666666667
3	10	1	1	0	0	0.9	195.083333333
3	10	1	1	0	0.5	0	63.1666666667
3	10	1	1	0	0.5	0.3	77.3095238095
3	10	1	1	0	0.5	0.6	112.666666667
3	10	1	1	0	0.5	0.9	195.083333333
3	10	1	1	0	1	0	63.1666666667
3	10	1	1	0	1	0.3	77.3095238095
3	10	1	1	0	1	0.6	112.666666667
3	10	1	1	0	1	0.9	195.083333333
3	10	1	1	0.5	0	0	63.1666666667
3	10	1	1	0.5	0	0.3	77.3095238095
3	10	1	1	0.5	0	0.6	112.666666667
3	10	1	1	0.5	0	0.9	195.083333333
3	10	1	1	0.5	0.5	0	63.1666666667
3	10	1	1	0.5	0.5	0.3	77.3095238095
3	10	1	1	0.5	0.5	0.6	112.666666667
3	10	1	1	0.5	0.5	0.9	195.083333333
3	10	1	1	0.5	1	0	63.1666666667
3	10	1	1	0.5	1	0.3	77.3095238095
3	10	1	1	0.5	1	0.6	112.666666667
3	10	1	1	0.5	1	0.9	195.083333333
3	10	1	1	1	0	0	63.1666666667
3	10	1	1	1	0	0.3	77.3095238095
3	10	1	1	1	0	0.6	112.666666667
3	10	1	1	1	0	0.9	195.083333333
3	10	1	1	1	0.5	0	63.1666666667
3	10	1	1	1	0.5	0.3	77.3095238095
3	10	1	1	1	0.5	0.6	112.666666667
3	10	1	1	1	0.5	0.9	195.083333333
3	10	1	1	1	1	0	63.1666666667
3	10	1	1	1	1	0.3	77.3095238095
3	10	1	1	1	1	0.6	112.666666667
3	10	1	1	1	1	0.9	195.083333333
3	15	0	0	0	0	0	63.1666666667
3	15	0	0	0	0	0.3	77.3095238095
3	15	0	0	0	0	0.6	112.666666667
3	15	0	0	0	0	0.9	195.083333333
3	15	0	0	0	0.5	0	63.1666666667
3	15	0	0	0	0.5	0.3	77.3095238095
3	15	0	0	0	0.5	0.6	112.666666667
3	15	0	0	0	0.5	0.9	195.083333333
3	15	0	0	0	1	0	63.1666666667
3	15	0	0	0	1	0.3	77.3095238095
3	15	0	0	0	1	0.6	112.666666667
3	15	0	0	0	1	0.9	195.083333333
3	15	0	0	0.5	0	0	63.1666666667
3	15	0	0	0.5	0	0.3	77.3095238095
3	15	0	0	0.5	0	0.6	112.666666667
3	15	0	0	0.5	0	0.9	195.083333333
3	15	0	0	0.5	0.5	0	63.1666666667
3	15	0	0	0.5	0.5	0.3	77.3095238095
3	15	0	0	0.5	0.5	0.6	112.666666667
3	15	0	0	0.5	0.5	0.9	195.083333333
3	15	0	0	0.5	1	0	63.1666666667
3	15	0	0	0.5	1	0.3	77.3095238095
3	15	0	0	0.5	1	0.6	112.666666667
3	15	0	0	0.5	1	0.9	195.083333333
3	15	0	0	1	0	0	63.1666666667
3	15	0	0	1	0	0.3	77.3095238095
3	15	0	0	1	0	0.6	112.666666667
3	15	0	0	1	0	0.9	195.083333333
3	15	0	0	1	0.5	0	63.1666666667
3	15	0	0	1	0.5	0.3	77.3095238095
3	15	0	0	1	0.5	0.6	112.666666667
3	15	0	0	1	0.5	0.9	195.083333333
3	15	0	0	1	1	0	63.1666666667
3	15	0	0	1	1	0.3	77.3095238095
3	15	0	0	1	1	0.6	112.666666667
3	15	0	0	1	1	0.9	195.083333333
3	15	0	0.5	0	0	0	63.1666666667
3	15	0	0.5	0	0	0.3	77.3095238095
3	15	0	0.5	0	0	0.6	112.666666667
3	15	0	0.5	0	0	0.9	195.083333333
3	15	0	0.5	0	0.5	0	63.1666666667
3	15	0	0.5	0	0.5	0.3	77.3095238095
3	15	0	0.5	0	0.5	0.6	112.666666667
3	15	0	0.5	0	0.5	0.9	195.083333333
3	15	0	0.5	0	1	0	63.1666666667
3	15	0	0.5	0	1	0.3	77.3095238095
3	15	0	0.5	0	1	0.6	112.666666667
3	15	0	0.5	0	1	0.9	195.083333333
3	15	0	0.5	0.5	0	0	63.1666666667
3	15	0	0.5	0.5	0	0.3	77.3095238095
3	15	0	0.5	0.5	0	0.6	112.666666667
3	15	0	0.5	0.5	0	0.9	195.083333333
3	15	0	0.5	0.5	0.5	0	63.1666666667
3	15	0	0.5	0.5	0.5	0.3	77.3095238095
3	15	0	0.5	0.5	0.5	0.6	112.666666667
3	15	0	0.5	0.5	0.5	0.9	195.083333333
3	15	0	0.5	0.5	1	0	63.1666666667
3	15	0	0.5	0.5	1	0.3	77.3095238095
3	15	0	0.5	0.5	1	0.6	112.666666667
3	15	0	0.5	0.5	1	0.9	195.083333333
3	15	0	0.5	1	0	0	63.1666666667
3	15	0	0.5	1	0	0.3	77.3095238095
3	15	0	0.5	1	0	0.6	112.666666667
3	15	0	0.5	1	0	0.9	195.083333333
3	15	0	0.5	1	0.5	0	63.1666666667
3	15	0	0.5	1	0.5	0.3	77.3095238095
3	15	0	0.5	1	0.5	0.6	112.666666667
3	15	0	0.5	1	0.5	0.9	195.083333333
3	15	0	0.5	1	1	0	63.1666666667
3	15	0	0.5	1	1	0.3	77.3095238095
3	15	0	0.5	1	1	0.6	112.666666667
3	15	0	0.5	1	1	0.9	195.083333333
3	15	0	1	0	0	0	63.1666666667
3	15	0	1	0	0	0.3	77.3095238095
3	15	0	1	0	0	0.6	112.666666667
3	15	0	1	0	0	0.9	195.083333333
3	15	0	1	0	0.5	0	63.1666666667
3	15	0	1	0	0.5	0.3	77.3095238095
3	15	0	1	0	0.5	0.6	112.666666667
3	15	0	1	0	0.5	0.9	195.083333333
3	15	0	1	0	1	0	63.1666666667
3	15	0	1	0	1	0.3	77.3095238095
3	15	0	1	0	1	0.6	112.666666667
3	15	0	1	0	1	0.9	195.083333333
3	15	0	1	0.5	0	0	63.1666666667
3	15	0	1	0.5	0	0.3	77.3095238095
3	15	0	1	0.5	0	0.6	112.666666667
3	15	0	1	0.5	0	0.9	195.083333333
3	15	0	1	0.5	0.5	0	63.1666666667
3	15	0	1	0.5	0.5	0.3	77.3095238095
3	15	0	1	0.5	0.5	0.6	112.666666667
3	15	0	1	0.5	0.5	0.9	195.083333333
3	15	0	1	0.5	1	0	63.1666666667
3	15	0	1	0.5	1	0.3	77.3095238095
3	15	0	1	0.5	1	0.6	112.666666667
3	15	0	1	0.5	1	0.9	195.083333333
3	15	0	1	1	0	0	63.1666666667
3	15	0	1	1	0	0.3	77.3095238095
3	15	0	1	1	0	0.6	112.666666667
3	15	0	1	1	0	0.9	195.083333333
3	15	0	1	1	0.5	0	63.1666666667
3	15	0	1	1	0.5	0.3	77.3095238095
3	15	0	1	1	0.5	0.6	112.666666667
3	15	0	1	1	0.5	0.9	195.083333333
3	15	0	1	1	1	0	63.1666666667
3	15	0	1	1	1	0.3	77.3095238095
3	15	0	1	1	1	0.6	112.666666667
3	15	0	1	1	1	0.9	195.083333333
3	15	0.5	0	0	0	0	63.1666666667
3	15	0.5	0	0	0	0.3	77.3095238095
3	15	0.5	0	0	0	0.6	112.666666667
3	15	0.5	0	0	0	0.9	195.083333333
3	15	0.5	0	0	0.5	0	63.1666666667
3	15	0.5	0	0	0.5	0.3	77.3095238095
3	15	0.5	0	0	0.5	0.6	112.666666667
3	15	0.5	0	0	0.5	0.9	195.083333333
3	15	0.5	0	0	1	0	63.1666666667
3	15	0.5	0	0	1	0.3	77.3095238095
3	15	0.5	0	0	1	0.6	112.666666667
3	15	0.5	0	0	1	0.9	195.083333333
3	15	0.5	0	0.5	0	0	63.1666666667
3	15	0.5	0	0.5	0	0.3	77.3095238095
3	15	0.5	0	0.5	0	0.6	112.666666667
3	15	0.5	0	0.5	0	0.9	195.083333333
3	15	0.5	0	0.5	0.5	0	63.1666666667
3	15	0.5	0	0.5	0.5	0.3	77.3095238095
3	15	0.5	0	0.5	0.5	0.6	112.666666667
3	15	0.5	0	0.5	0.5	0.9	195.083333333
3	15	0.5	0	0.5	1	0	63.1666666667
3	15	0.5	0	0.5	1	0.3	77.3095238095
3	15	0.5	0	0.5	1	0.6	112.666666667
3	15	0.5	0	0.5	1	0.9	195.083333333
3	15	0.5	0	1	0	0	63.1666666667
3	15	0.5	0	1	0	0.3	77.3095238095
3	15	0.5	0	1	0	0.6	112.666666667
3	15	0.5	0	1	0	0.9	195.083333333
3	15	0.5	0	1	0.5	0	63.1666666667
3	15	0.5	0	1	0.5	0.3	77.3095238095
3	15	0.5	0	1	0.5	0.6	112.666666667
3	15	0.5	0	1	0.5	0.9	195.083333333
3	15	0.5	0	1	1	0	63.1666666667
3	15	0.5	0	1	1	0.3	77.3095238095
3	15	0.5	0	1	1	0.6	112.666666667
3	15	0.5	0	1	1	0.9	195.083333333
3	15	0.5	0.5	0	0	0	63.1666666667
3	15	0.5	0.5	0	0	0.3	77.3095238095
3	15	0.5	0.5	0	0	0.6	112.666666667
3	15	0.5	0.5	0	0	0.9	195.083333333
3	15	0.5	0.5	0	0.5	0	63.1666666667
3	15	0.5	0.5	0	0.5	0.3	77.3095238095
3	15	0.5	0.5	0	0.5	0.6	112.666666667
3	15	0.5	0.5	0	0.5	0.9	195.083333333
3	15	0.5	0.5	0	1	0	63.1666666667
3	15	0.5	0.5	0	1	0.3	77.3095238095
3	15	0.5	0.5	0	1	0.6	112.666666667
3	15	0.5	0.5	0	1	0.9	195.083333333
3	15	0.5	0.5	0.5	0	0	63.1666666667
3	15	0.5	0.5	0.5	0	0.3	77.3095238095
3	15	0.5	0.5	0.5	0	0.6	112.666666667
3	15	0.5	0.5	0.5	0	0.9	195.083333333
3	15	0.5	0.5	0.5	0.5	0	63.1666666667
3	15	0.5	0.5	0.5	0.5	0.3	77.3095238095
3	15	0.5	0.5	0.5	0.5	0.6	112.666666667
3	15	0.5	0.5	0.5	0.5	0.9	195.083333333
3	15	0.5	0.5	0.5	1	0	63.1666666667
3	15	0.5	0.5	0.5	1	0.3	77.3095238095
3	15	0.5	0.5	0.5	1	0.6	112.666666667
3	15	0.5	0.5	0.5	1	0.9	195.083333333
3	15	0.5	0.5	1	0	0	63.1666666667
3	15	0.5	0.5	1	0	0.3	77.3095238095
3	15	0.5	0.5	1	0	0.6	112.666666667
3	15	0.5	0.5	1	0	0.9	195.083333333
3	15	0.5	0.5	1	0.5	0	63.1666666667
3	15	0.5	0.5	1	0.5	0.3	77.3095238095
3	15	0.5	0.5	1	0.5	0.6	112.666666667
3	15	0.5	0.5	1	0.5	0.9	195.083333333
3	15	0.5	0.5	1	1	0	63.1666666667
3	15	0.5	0.5	1	1	0.3	77.3095238095
3	15	0.5	0.5	1	1	0.6	112.666666667
3	15	0.5	0.5	1	1	0.9	195.083333333
3	15	0.5	1	0	0	0	63.1666666667
3	15	0.5	1	0	0	0.3	77.3095238095
3	15	0.5	1	0	0	0.6	112.666666667
3	15	0.5	1	0	0	0.9	195.083333333
3	15	0.5	1	0	0.5	0	63.1666666667
3	15	0.5	1	0	0.5	0.3	77.3095238095
3	15	0.5	1	0	0.5	0.6	112.666666667
3	15	0.5	1	0	0.5	0.9	195.083333333
3	15	0.5	1	0	1	0	63.1666666667
3	15	0.5	1	0	1	0.3	77.3095238095
3	15	0.5	1	0	1	0.6	112.666666667
3	15	0.5	1	0	1	0.9	195.083333333
3	15	0.5	1	0.5	0	0	63.1666666667
3	15	0.5	1	0.5	0	0.3	77.3095238095
3	15	0.5	1	0.5	0	0.6	112.666666667
3	15	0.5	1	0.5	0	0.9	195.083333333
3	15	0.5	1	0.5	0.5	0	63.1666666667
3	15	0.5	1	0.5	0.5	0.3	77.3095238095
3	15	0.5	1	0.5	0.5	0.6	112.666666667
3	15	0.5	1	0.5	0.5	0.9	195.083333333
3	15	0.5	1	0.5	1	0	63.1666666667
3	15	0.5	1	0.5	1	0.3	77.3095238095
3	15	0.5	1	0.5	1	0.6	112.666666667
3	15	0.5	1	0.5	1	0.9	195.083333333
3	15	0.5	1	1	0	0	63.1666666667
3	15	0.5	1	1	0	0.3	77.3095238095
3	15	0.5	1	1	0	0.6	112.666666667
3	15	0.5	1	1	0	0.9	195.083333333
3	15	0.5	1	1	0.5	0	63.1666666667
3	15	0.5	1	1	0.5	0.3	77.3095238095
3	15	0.5	1	1	0.5	0.6	112.666666667
3	15	0.5	1	1	0.5	0.9	195.083333333
3	15	0.5	1	1	1	0	63.1666666667
3	15	0.5	1	1	1	0.3	77.3095238095
3	15	0.5	1	1	1	0.6	112.666666667
3	15	0.5	1	1	1	0.9	195.083333333
3	15	1	0	0	0	0	63.1666666667
3	15	1	0	0	0	0.3	77.3095238095
3	15	1	0	0	0	0.6	112.666666667
3	15	1	0	0	0	0.9	195.083333333
3	15	1	0	0	0.5	0	63.1666666667
3	15	1	0	0	0.5	0.3	77.3095238095
3	15	1	0	0	0.5	0.6	112.666666667
3	15	1	0	0	0.5	0.9	195.083333333
3	15	1	0	0	1	0	63.1666666667
3	15	1	0	0	1	0.3	77.3095238095
3	15	1	0	0	1	0.6	112.666666667
3	15	1	0	0	1	0.9	195.083333333
3	15	1	0	0.5	0	0	63.1666666667
3	15	1	0	0.5	0	0.3	77.3095238095
3	15	1	0	0.5	0	0.6	112.666666667
3	15	1	0	0.5	0	0.9	195.083333333
3	15	1	0	0.5	0.5	0	63.1666666667
3	15	1	0	0.5	0.5	0.3	77.3095238095
3	15	1	0	0.5	0.5	0.6	112.666666667
3	15	1	0	0.5	0.5	0.9	195.083333333
3	15	1	0	0.5	1	0	63.1666666667
3	15	1	0	0.5	1	0.3	77.3095238095
3	15	1	0	0.5	1	0.6	112.666666667
3	15	1	0	0.5	1	0.9	195.083333333
3	15	1	0	1	0	0	63.1666666667
3	15	1	0	1	0	0.3	77.3095238095
3	15	1	0	1	0	0.6	112.666666667
3	15	1	0	1	0	0.9	195.083333333
3	15	1	0	1	0.5	0	63.1666666667
3	15	1	0	1	0.5	0.3	77.3095238095
3	15	1	0	1	0.5	0.6	112.666666667
3	15	1	0	1	0.5	0.9	195.083333333
3	15	1	0	1	1	0	63.1666666667
3	15	1	0	1	1	0.3	77.3095238095
3	15	1	0	1	1	0.6	112.666666667
3	15	1	0	1	1	0.9	195.083333333
3	15	1	0.5	0	0	0	63.1666666667
3	15	1	0.5	0	0	0.3	77.3095238095
3	15	1	0.5	0	0	0.6	112.666666667
3	15	1	0.5	0	0	0.9	195.083333333
3	15	1	0.5	0	0.5	0	63.1666666667
3	15	1	0.5	0	0.5	0.3	77.3095238095
3	15	1	0.5	0	0.5	0.6	112.666666667
3	15	1	0.5	0	0.5	0.9	195.083333333
3	15	1	0.5	0	1	0	63.1666666667
3	15	1	0.5	0	1	0.3	77.3095238095
3	15	1	0.5	0	1	0.6	112.666666667
3	15	1	0.5	0	1	0.9	195.083333333
3	15	1	0.5	0.5	0	0	63.1666666667
3	15	1	0.5	0.5	0	0.3	77.3095238095
3	15	1	0.5	0.5	0	0.6	112.666666667
3	15	1	0.5	0.5	0	0.9	195.083333333
3	15	1	0.5	0.5	0.5	0	63.1666666667
3	15	1	0.5	0.5	0.5	0.3	77.3095238095
3	15	1	0.5	0.5	0.5	0.6	112.666666667
3	15	1	0.5	0.5	0.5	0.9	195.083333333
3	15	1	0.5	0.5	1	0	63.1666666667
3	15	1	0.5	0.5	1	0.3	77.3095238095
3	15	1	0.5	0.5	1	0.6	112.666666667
3	15	1	0.5	0.5	1	0.9	195.083333333
3	15	1	0.5	1	0	0	63.1666666667
3	15	1	0.5	1	0	0.3	77.3095238095
3	15	1	0.5	1	0	0.6	112.666666667
3	15	1	0.5	1	0	0.9	195.083333333
3	15	1	0.5	1	0.5	0	63.1666666667
3	15	1	0.5	1	0.5	0.3	77.3095238095
3	15	1	0.5	1	0.5	0.6	112.666666667
3	15	1	0.5	1	0.5	0.9	195.083333333
3	15	1	0.5	1	1	0	63.1666666667
3	15	1	0.5	1	1	0.3	77.3095238095
3	15	1	0.5	1	1	0.6	112.666666667
3	15	1	0.5	1	1	0.9	195.083333333
3	15	1	1	0	0	0	63.1666666667
3	15	1	1	0	0	0.3	77.3095238095
3	15	1	1	0	0	0.6	112.666666667
3	15	1	1	0	0	0.9	195.083333333
3	15	1	1	0	0.5	0	63.1666666667
3	15	1	1	0	0.5	0.3	77.3095238095
3	15	1	1	0	0.5	0.6	112.666666667
3	15	1	1	0	0.5	0.9	195.083333333
3	15	1	1	0	1	0	63.1666666667
3	15	1	1	0	1	0.3	77.3095238095
3	15	1	1	0	1	0.6	112.666666667
3	15	1	1	0	1	0.9	195.083333333
3	15	1	1	0.5	0	0	63.1666666667
3	15	1	1	0.5	0	0.3	77.3095238095
3	15	1	1	0.5	0	0.6	112.666666667
3	15	1	1	0.5	0	0.9	195.083333333
3	15	1	1	0.5	0.5	0	63.1666666667
3	15	1	1	0.5	0.5	0.3	77.3095238095
3	15	1	1	0.5	0.5	0.6	112.666666667
3	15	1	1	0.5	0.5	0.9	195.083333333
3	15	1	1	0.5	1	0	63.1666666667
3	15	1	1	0.5	1	0.3	77.3095238095
3	15	1	1	0.5	1	0.6	112.666666667
3	15	1	1	0.5	1	0.9	195.083333333
3	15	1	1	1	0	0	63.1666666667
3	15	1	1	1	0	0.3	77.3095238095
3	15	1	1	1	0	0.6	112.666666667
3	15	1	1	1	0	0.9	195.083333333
3	15	1	1	1	0.5	0	63.1666666667
3	15	1	1	1	0.5	0.3	77.3095238095
3	15	1	1	1	0.5	0.6	112.666666667
3	15	1	1	1	0.5	0.9	195.083333333
3	15	1	1	1	1	0	63.1666666667
3	15	1	1	1	1	0.3	77.3095238095
3	15	1	1	1	1	0.6	112.666666667
3	15	1	1	1	1	0.9	195.083333333
3	20	0	0	0	0	0	63.1666666667
3	20	0	0	0	0	0.3	77.3095238095
3	20	0	0	0	0	0.6	112.666666667
3	20	0	0	0	0	0.9	195.083333333
3	20	0	0	0	0.5	0	63.1666666667
3	20	0	0	0	0.5	0.3	77.3095238095
3	20	0	0	0	0.5	0.6	112.666666667
3	20	0	0	0	0.5	0.9	195.083333333
3	20	0	0	0	1	0	63.1666666667
3	20	0	0	0	1	0.3	77.3095238095
3	20	0	0	0	1	0.6	112.666666667
3	20	0	0	0	1	0.9	195.083333333
3	20	0	0	0.5	0	0	63.1666666667
3	20	0	0	0.5	0	0.3	77.3095238095
3	20	0	0	0.5	0	0.6	112.666666667
3	20	0	0	0.5	0	0.9	195.083333333
3	20	0	0	0.5	0.5	0	63.1666666667
3	20	0	0	0.5	0.5	0.3	77.3095238095
3	20	0	0	0.5	0.5	0.6	112.666666667
3	20	0	0	0.5	0.5	0.9	195.083333333
3	20	0	0	0.5	1	0	63.1666666667
3	20	0	0	0.5	1	0.3	77.3095238095
3	20	0	0	0.5	1	0.6	112.666666667
3	20	0	0	0.5	1	0.9	195.083333333
3	20	0	0	1	0	0	63.1666666667
3	20	0	0	1	0	0.3	77.3095238095
3	20	0	0	1	0	0.6	112.666666667
3	20	0	0	1	0	0.9	195.083333333
3	20	0	0	1	0.5	0	63.1666666667
3	20	0	0	1	0.5	0.3	77.3095238095
3	20	0	0	1	0.5	0.6	112.666666667
3	20	0	0	1	0.5	0.9	195.083333333
3	20	0	0	1	1	0	63.1666666667
3	20	0	0	1	1	0.3	77.3095238095
3	20	0	0	1	1	0.6	112.666666667
3	20	0	0	1	1	0.9	195.083333333
3	20	0	0.5	0	0	0	63.1666666667
3	20	0	0.5	0	0	0.3	77.3095238095
3	20	0	0.5	0	0	0.6	112.666666667
3	20	0	0.5	0	0	0.9	195.083333333
3	20	0	0.5	0	0.5	0	63.1666666667
3	20	0	0.5	0	0.5	0.3	77.3095238095
3	20	0	0.5	0	0.5	0.6	112.666666667
3	20	0	0.5	0	0.5	0.9	195.083333333
3	20	0	0.5	0	1	0	63.1666666667
3	20	0	0.5	0	1	0.3	77.3095238095
3	20	0	0.5	0	1	0.6	112.666666667
3	20	0	0.5	0	1	0.9	195.083333333
3	20	0	0.5	0.5	0	0	63.1666666667
3	20	0	0.5	0.5	0	0.3	77.3095238095
3	20	0	0.5	0.5	0	0.6	112.666666667
3	20	0	0.5	0.5	0	0.9	195.083333333
3	20	0	0.5	0.5	0.5	0	63.1666666667
3	20	0	0.5	0.5	0.5	0.3	77.3095238095
3	20	0	0.5	0.5	0.5	0.6	112.666666667
3	20	0	0.5	0.5	0.5	0.9	195.083333333
3	20	0	0.5	0.5	1	0	63.1666666667
3	20	0	0.5	0.5	1	0.3	77.3095238095
3	20	0	0.5	0.5	1	0.6	112.666666667
3	20	0	0.5	0.5	1	0.9	195.083333333
3	20	0	0.5	1	0	0	63.1666666667
3	20	0	0.5	1	0	0.3	77.3095238095
3	20	0	0.5	1	0	0.6	112.666666667
3	20	0	0.5	1	0	0.9	195.083333333
3	20	0	0.5	1	0.5	0	63.1666666667
3	20	0	0.5	1	0.5	0.3	77.3095238095
3	20	0	0.5	1	0.5	0.6	112.666666667
3	20	0	0.5	1	0.5	0.9	195.083333333
3	20	0	0.5	1	1	0	63.1666666667
3	20	0	0.5	1	1	0.3	77.3095238095
3	20	0	0.5	1	1	0.6	112.666666667
3	20	0	0.5	1	1	0.9	195.083333333
3	20	0	1	0	0	0	63.1666666667
3	20	0	1	0	0	0.3	77.3095238095
3	20	0	1	0	0	0.6	112.666666667
3	20	0	1	0	0	0.9	195.083333333
3	20	0	1	0	0.5	0	63.1666666667
3	20	0	1	0	0.5	0.3	77.3095238095
3	20	0	1	0	0.5	0.6	112.666666667
3	20	0	1	0	0.5	0.9	195.083333333
3	20	0	1	0	1	0	63.1666666667
3	20	0	1	0	1	0.3	77.3095238095
3	20	0	1	0	1	0.6	112.666666667
3	20	0	1	0	1	0.9	195.083333333
3	20	0	1	0.5	0	0	63.1666666667
3	20	0	1	0.5	0	0.3	77.3095238095
3	20	0	1	0.5	0	0.6	112.666666667
3	20	0	1	0.5	0	0.9	195.083333333
3	20	0	1	0.5	0.5	0	63.1666666667
3	20	0	1	0.5	0.5	0.3	77.3095238095
3	20	0	1	0.5	0.5	0.6	112.666666667
3	20	0	1	0.5	0.5	0.9	195.083333333
3	20	0	1	0.5	1	0	63.1666666667
3	20	0	1	0.5	1	0.3	77.3095238095
3	20	0	1	0.5	1	0.6	112.666666667
3	20	0	1	0.5	1	0.9	195.083333333
3	20	0	1	1	0	0	63.1666666667
3	20	0	1	1	0	0.3	77.3095238095
3	20	0	1	1	0	0.6	112.666666667
3	20	0	1	1	0	0.9	195.083333333
3	20	0	1	1	0.5	0	63.1666666667
3	20	0	1	1	0.5	0.3	77.3095238095
3	20	0	1	1	0.5	0.6	112.666666667
3	20	0	1	1	0.5	0.9	195.083333333
3	20	0	1	1	1	0	63.1666666667
3	20	0	1	1	1	0.3	77.3095238095
3	20	0	1	1	1	0.6	112.666666667
3	20	0	1	1	1	0.9	195.083333333
3	20	0.5	0	0	0	0	63.1666666667
3	20	0.5	0	0	0	0.3	77.3095238095
3	20	0.5	0	0	0	0.6	112.666666667
3	20	0.5	0	0	0	0.9	195.083333333
3	20	0.5	0	0	0.5	0	63.1666666667
3	20	0.5	0	0	0.5	0.3	77.3095238095
3	20	0.5	0	0	0.5	0.6	112.666666667
3	20	0.5	0	0	0.5	0.9	195.083333333
3	20	0.5	0	0	1	0	63.1666666667
3	20	0.5	0	0	1	0.3	77.3095238095
3	20	0.5	0	0	1	0.6	112.666666667
3	20	0.5	0	0	1	0.9	195.083333333
3	20	0.5	0	0.5	0	0	63.1666666667
3	20	0.5	0	0.5	0	0.3	77.3095238095
3	20	0.5	0	0.5	0	0.6	112.666666667
3	20	0.5	0	0.5	0	0.9	195.083333333
3	20	0.5	0	0.5	0.5	0	63.1666666667
3	20	0.5	0	0.5	0.5	0.3	77.3095238095
3	20	0.5	0	0.5	0.5	0.6	112.666666667
3	20	0.5	0	0.5	0.5	0.9	195.083333333
3	20	0.5	0	0.5	1	0	63.1666666667
3	20	0.5	0	0.5	1	0.3	77.3095238095
3	20	0.5	0	0.5	1	0.6	112.666666667
3	20	0.5	0	0.5	1	0.9	195.083333333
3	20	0.5	0	1	0	0	63.1666666667
3	20	0.5	0	1	0	0.3	77.3095238095
3	20	0.5	0	1	0	0.6	112.666666667
3	20	0.5	0	1	0	0.9	195.083333333
3	20	0.5	0	1	0.5	0	63.1666666667
3	20	0.5	0	1	0.5	0.3	77.3095238095
3	20	0.5	0	1	0.5	0.6	112.666666667
3	20	0.5	0	1	0.5	0.9	195.083333333
3	20	0.5	0	1	1	0	63.1666666667
3	20	0.5	0	1	1	0.3	77.3095238095
3	20	0.5	0	1	1	0.6	112.666666667
3	20	0.5	0	1	1	0.9	195.083333333
3	20	0.5	0.5	0	0	0	63.1666666667
3	20	0.5	0.5	0	0	0.3	77.3095238095
3	20	0.5	0.5	0	0	0.6	112.666666667
3	20	0.5	0.5	0	0	0.9	195.083333333
3	20	0.5	0.5	0	0.5	0	63.1666666667
3	20	0.5	0.5	0	0.5	0.3	77.3095238095
3	20	0.5	0.5	0	0.5	0.6	112.666666667
3	20	0.5	0.5	0	0.5	0.9	195.083333333
3	20	0.5	0.5	0	1	0	63.1666666667
3	20	0.5	0.5	0	1	0.3	77.3095238095
3	20	0.5	0.5	0	1	0.6	112.666666667
3	20	0.5	0.5	0	1	0.9	195.083333333
3	20	0.5	0.5	0.5	0	0	63.1666666667
3	20	0.5	0.5	0.5	0	0.3	77.3095238095
3	20	0.5	0.5	0.5	0	0.6	112.666666667
3	20	0.5	0.5	0.5	0	0.9	195.083333333
3	20	0.5	0.5	0.5	0.5	0	63.1666666667
3	20	0.5	0.5	0.5	0.5	0.3	77.3095238095
3	20	0.5	0.5	0.5	0.5	0.6	112.666666667
3	20	0.5	0.5	0.5	0.5	0.9	195.083333333
3	20	0.5	0.5	0.5	1	0	63.1666666667
3	20	0.5	0.5	0.5	1	0.3	77.3095238095
3	20	0.5	0.5	0.5	1	0.6	112.666666667
3	20	0.5	0.5	0.5	1	0.9	195.083333333
3	20	0.5	0.5	1	0	0	63.1666666667
3	20	0.5	0.5	1	0	0.3	77.3095238095
3	20	0.5	0.5	1	0	0.6	112.666666667
3	20	0.5	0.5	1	0	0.9	195.083333333
3	20	0.5	0.5	1	0.5	0	63.1666666667
3	20	0.5	0.5	1	0.5	0.3	77.3095238095
3	20	0.5	0.5	1	0.5	0.6	112.666666667
3	20	0.5	0.5	1	0.5	0.9	195.083333333
3	20	0.5	0.5	1	1	0	63.1666666667
3	20	0.5	0.5	1	1	0.3	77.3095238095
3	20	0.5	0.5	1	1	0.6	112.666666667
3	20	0.5	0.5	1	1	0.9	195.083333333
3	20	0.5	1	0	0	0	63.1666666667
3	20	0.5	1	0	0	0.3	77.3095238095
3	20	0.5	1	0	0	0.6	112.666666667
3	20	0.5	1	0	0	0.9	195.083333333
3	20	0.5	1	0	0.5	0	63.1666666667
3	20	0.5	1	0	0.5	0.3	77.3095238095
3	20	0.5	1	0	0.5	0.6	112.666666667
3	20	0.5	1	0	0.5	0.9	195.083333333
3	20	0.5	1	0	1	0	63.1666666667
3	20	0.5	1	0	1	0.3	77.3095238095
3	20	0.5	1	0	1	0.6	112.666666667
3	20	0.5	1	0	1	0.9	195.083333333
3	20	0.5	1	0.5	0	0	63.1666666667
3	20	0.5	1	0.5	0	0.3	77.3095238095
3	20	0.5	1	0.5	0	0.6	112.666666667
3	20	0.5	1	0.5	0	0.9	195.083333333
3	20	0.5	1	0.5	0.5	0	63.1666666667
3	20	0.5	1	0.5	0.5	0.3	77.3095238095
3	20	0.5	1	0.5	0.5	0.6	112.666666667
3	20	0.5	1	0.5	0.5	0.9	195.083333333
3	20	0.5	1	0.5	1	0	63.1666666667
3	20	0.5	1	0.5	1	0.3	77.3095238095
3	20	0.5	1	0.5	1	0.6	112.666666667
3	20	0.5	1	0.5	1	0.9	195.083333333
3	20	0.5	1	1	0	0	63.1666666667
3	20	0.5	1	1	0	0.3	77.3095238095
3	20	0.5	1	1	0	0.6	112.666666667
3	20	0.5	1	1	0	0.9	195.083333333
3	20	0.5	1	1	0.5	0	63.1666666667
3	20	0.5	1	1	0.5	0.3	77.3095238095
3	20	0.5	1	1	0.5	0.6	112.666666667
3	20	0.5	1	1	0.5	0.9	195.083333333
3	20	0.5	1	1	1	0	63.1666666667
3	20	0.5	1	1	1	0.3	77.3095238095
3	20	0.5	1	1	1	0.6	112.666666667
3	20	0.5	1	1	1	0.9	195.083333333
3	20	1	0	0	0	0	63.1666666667
3	20	1	0	0	0	0.3	77.3095238095
3	20	1	0	0	0	0.6	112.666666667
3	20	1	0	0	0	0.9	195.083333333
3	20	1	0	0	0.5	0	63.1666666667
3	20	1	0	0	0.5	0.3	77.3095238095
3	20	1	0	0	0.5	0.6	112.666666667
3	20	1	0	0	0.5	0.9	195.083333333
3	20	1	0	0	1	0	63.1666666667
3	20	1	0	0	1	0.3	77.3095238095
3	20	1	0	0	1	0.6	112.666666667
3	20	1	0	0	1	0.9	195.083333333
3	20	1	0	0.5	0	0	63.1666666667
3	20	1	0	0.5	0	0.3	77.3095238095
3	20	1	0	0.5	0	0.6	112.666666667
3	20	1	0	0.5	0	0.9	195.083333333
3	20	1	0	0.5	0.5	0	63.1666666667
3	20	1	0	0.5	0.5	0.3	77.3095238095
3	20	1	0	0.5	0.5	0.6	112.666666667
3	20	1	0	0.5	0.5	0.9	195.083333333
3	20	1	0	0.5	1	0	63.1666666667
3	20	1	0	0.5	1	0.3	77.3095238095
3	20	1	0	0.5	1	0.6	112.666666667
3	20	1	0	0.5	1	0.9	195.083333333
3	20	1	0	1	0	0	63.1666666667
3	20	1	0	1	0	0.3	77.3095238095
3	20	1	0	1	0	0.6	112.666666667
3	20	1	0	1	0	0.9	195.083333333
3	20	1	0	1	0.5	0	63.1666666667
3	20	1	0	1	0.5	0.3	77.3095238095
3	20	1	0	1	0.5	0.6	112.666666667
3	20	1	0	1	0.5	0.9	195.083333333
3	20	1	0	1	1	0	63.1666666667
3	20	1	0	1	1	0.3	77.3095238095
3	20	1	0	1	1	0.6	112.666666667
3	20	1	0	1	1	0.9	195.083333333
3	20	1	0.5	0	0	0	63.1666666667
3	20	1	0.5	0	0	0.3	77.3095238095
3	20	1	0.5	0	0	0.6	112.666666667
3	20	1	0.5	0	0	0.9	195.083333333
3	20	1	0.5	0	0.5	0	63.1666666667
3	20	1	0.5	0	0.5	0.3	77.3095238095
3	20	1	0.5	0	0.5	0.6	112.666666667
3	20	1	0.5	0	0.5	0.9	195.083333333
3	20	1	0.5	0	1	0	63.1666666667
3	20	1	0.5	0	1	0.3	77.3095238095
3	20	1	0.5	0	1	0.6	112.666666667
3	20	1	0.5	0	1	0.9	195.083333333
3	20	1	0.5	0.5	0	0	63.1666666667
3	20	1	0.5	0.5	0	0.3	77.3095238095
3	20	1	0.5	0.5	0	0.6	112.666666667
3	20	1	0.5	0.5	0	0.9	195.083333333
3	20	1	0.5	0.5	0.5	0	63.1666666667
3	20	1	0.5	0.5	0.5	0.3	77.3095238095
3	20	1	0.5	0.5	0.5	0.6	112.666666667
3	20	1	0.5	0.5	0.5	0.9	195.083333333
3	20	1	0.5	0.5	1	0	63.1666666667
3	20	1	0.5	0.5	1	0.3	77.3095238095
3	20	1	0.5	0.5	1	0.6	112.666666667
3	20	1	0.5	0.5	1	0.9	195.083333333
3	20	1	0.5	1	0	0	63.1666666667
3	20	1	0.5	1	0	0.3	77.3095238095
3	20	1	0.5	1	0	0.6	112.666666667
3	20	1	0.5	1	0	0.9	195.083333333
3	20	1	0.5	1	0.5	0	63.1666666667
3	20	1	0.5	1	0.5	0.3	77.3095238095
3	20	1	0.5	1	0.5	0.6	112.666666667
3	20	1	0.5	1	0.5	0.9	195.083333333
3	20	1	0.5	1	1	0	63.1666666667
3	20	1	0.5	1	1	0.3	77.3095238095
3	20	1	0.5	1	1	0.6	112.666666667
3	20	1	0.5	1	1	0.9	195.083333333
3	20	1	1	0	0	0	63.1666666667
3	20	1	1	0	0	0.3	77.3095238095
3	20	1	1	0	0	0.6	112.666666667
3	20	1	1	0	0	0.9	195.083333333
3	20	1	1	0	0.5	0	63.1666666667
3	20	1	1	0	0.5	0.3	77.3095238095
3	20	1	1	0	0.5	0.6	112.666666667
3	20	1	1	0	0.5	0.9	195.083333333
3	20	1	1	0	1	0	63.1666666667
3	20	1	1	0	1	0.3	77.3095238095
3	20	1	1	0	1	0.6	112.666666667
3	20	1	1	0	1	0.9	195.083333333
3	20	1	1	0.5	0	0	63.1666666667
3	20	1	1	0.5	0	0.3	77.3095238095
3	20	1	1	0.5	0	0.6	112.666666667
3	20	1	1	0.5	0	0.9	195.083333333
3	20	1	1	0.5	0.5	0	63.1666666667
3	20	1	1	0.5	0.5	0.3	77.3095238095
3	20	1	1	0.5	0.5	0.6	112.666666667
3	20	1	1	0.5	0.5	0.9	195.083333333
3	20	1	1	0.5	1	0	63.1666666667
3	20	1	1	0.5	1	0.3	77.3095238095
3	20	1	1	0.5	1	0.6	112.666666667
3	20	1	1	0.5	1	0.9	195.083333333
3	20	1	1	1	0	0	63.1666666667
3	20	1	1	1	0	0.3	77.3095238095
3	20	1	1	1	0	0.6	112.666666667
3	20	1	1	1	0	0.9	195.083333333
3	20	1	1	1	0.5	0	63.1666666667
3	20	1	1	1	0.5	0.3	77.3095238095
3	20	1	1	1	0.5	0.6	112.666666667
3	20	1	1	1	0.5	0.9	195.083333333
3	20	1	1	1	1	0	63.1666666667
3	20	1	1	1	1	0.3	77.3095238095
3	20	1	1	1	1	0.6	112.666666667
3	20	1	1	1	1	0.9	195.083333333
4	5	0	0	0	0	0	63.1666666667
4	5	0	0	0	0	0.3	77.3095238095
4	5	0	0	0	0	0.6	112.666666667
4	5	0	0	0	0	0.9	195.083333333
4	5	0	0	0	0.5	0	63.1666666667
4	5	0	0	0	0.5	0.3	77.3095238095
4	5	0	0	0	0.5	0.6	112.666666667
4	5	0	0	0	0.5	0.9	195.083333333
4	5	0	0	0	1	0	63.1666666667
4	5	0	0	0	1	0.3	77.3095238095
4	5	0	0	0	1	0.6	112.666666667
4	5	0	0	0	1	0.9	195.083333333
4	5	0	0	0.5	0	0	63.1666666667
4	5	0	0	0.5	0	0.3	77.3095238095
4	5	0	0	0.5	0	0.6	112.666666667
4	5	0	0	0.5	0	0.9	195.083333333
4	5	0	0	0.5	0.5	0	63.1666666667
4	5	0	0	0.5	0.5	0.3	77.3095238095
4	5	0	0	0.5	0.5	0.6	112.666666667
4	5	0	0	0.5	0.5	0.9	195.083333333
4	5	0	0	0.5	1	0	63.1666666667
4	5	0	0	0.5	1	0.3	77.3095238095
4	5	0	0	0.5	1	0.6	112.666666667
4	5	0	0	0.5	1	0.9	195.083333333
4	5	0	0	1	0	0	63.1666666667
4	5	0	0	1	0	0.3	77.3095238095
4	5	0	0	1	0	0.6	112.666666667
4	5	0	0	1	0	0.9	195.083333333
4	5	0	0	1	0.5	0	63.1666666667
4	5	0	0	1	0.5	0.3	77.3095238095
4	5	0	0	1	0.5	0.6	112.666666667
4	5	0	0	1	0.5	0.9	195.083333333
4	5	0	0	1	1	0	63.1666666667
4	5	0	0	1	1	0.3	77.3095238095
4	5	0	0	1	1	0.6	112.666666667
4	5	0	0	1	1	0.9	195.083333333
4	5	0	0.5	0	0	0	63.1666666667
4	5	0	0.5	0	0	0.3	77.3095238095
4	5	0	0.5	0	0	0.6	112.666666667
4	5	0	0.5	0	0	0.9	195.083333333
4	5	0	0.5	0	0.5	0	63.1666666667
4	5	0	0.5	0	0.5	0.3	77.3095238095
4	5	0	0.5	0	0.5	0.6	112.666666667
4	5	0	0.5	0	0.5	0.9	195.083333333
4	5	0	0.5	0	1	0	63.1666666667
4	5	0	0.5	0	1	0.3	77.3095238095
4	5	0	0.5	0	1	0.6	112.666666667
4	5	0	0.5	0	1	0.9	195.083333333
4	5	0	0.5	0.5	0	0	63.1666666667
4	5	0	0.5	0.5	0	0.3	77.3095238095
4	5	0	0.5	0.5	0	0.6	112.666666667
4	5	0	0.5	0.5	0	0.9	195.083333333
4	5	0	0.5	0.5	0.5	0	63.1666666667
4	5	0	0.5	0.5	0.5	0.3	77.3095238095
4	5	0	0.5	0.5	0.5	0.6	112.666666667
4	5	0	0.5	0.5	0.5	0.9	195.083333333
4	5	0	0.5	0.5	1	0	63.1666666667
4	5	0	0.5	0.5	1	0.3	77.3095238095
4	5	0	0.5	0.5	1	0.6	112.666666667
4	5	0	0.5	0.5	1	0.9	195.083333333
4	5	0	0.5	1	0	0	63.1666666667
4	5	0	0.5	1	0	0.3	77.3095238095
4	5	0	0.5	1	0	0.6	112.666666667
4	5	0	0.5	1	0	0.9	195.083333333
4	5	0	0.5	1	0.5	0	63.1666666667
4	5	0	0.5	1	0.5	0.3	77.3095238095
4	5	0	0.5	1	0.5	0.6	112.666666667
4	5	0	0.5	1	0.5	0.9	195.083333333
4	5	0	0.5	1	1	0	63.1666666667
4	5	0	0.5	1	1	0.3	77.3095238095
4	5	0	0.5	1	1	0.6	112.666666667
4	5	0	0.5	1	1	0.9	195.083333333
4	5	0	1	0	0	0	63.1666666667
4	5	0	1	0	0	0.3	77.3095238095
4	5	0	1	0	0	0.6	112.666666667
4	5	0	1	0	0	0.9	195.083333333
4	5	0	1	0	0.5	0	63.1666666667
4	5	0	1	0	0.5	0.3	77.3095238095
4	5	0	1	0	0.5	0.6	112.666666667
4	5	0	1	0	0.5	0.9	195.083333333
4	5	0	1	0	1	0	63.1666666667
4	5	0	1	0	1	0.3	77.3095238095
4	5	0	1	0	1	0.6	112.666666667
4	5	0	1	0	1	0.9	195.083333333
4	5	0	1	0.5	0	0	63.1666666667
4	5	0	1	0.5	0	0.3	77.3095238095
4	5	0	1	0.5	0	0.6	112.666666667
4	5	0	1	0.5	0	0.9	195.083333333
4	5	0	1	0.5	0.5	0	63.1666666667
4	5	0	1	0.5	0.5	0.3	77.3095238095
4	5	0	1	0.5	0.5	0.6	112.666666667
4	5	0	1	0.5	0.5	0.9	195.083333333
4	5	0	1	0.5	1	0	63.1666666667
4	5	0	1	0.5	1	0.3	77.3095238095
4	5	0	1	0.5	1	0.6	112.666666667
4	5	0	1	0.5	1	0.9	195.083333333
4	5	0	1	1	0	0	63.1666666667
4	5	0	1	1	0	0.3	77.3095238095
4	5	0	1	1	0	0.6	112.666666667
4	5	0	1	1	0	0.9	195.083333333
4	5	0	1	1	0.5	0	63.1666666667
4	5	0	1	1	0.5	0.3	77.3095238095
4	5	0	1	1	0.5	0.6	112.666666667
4	5	0	1	1	0.5	0.9	195.083333333
4	5	0	1	1	1	0	63.1666666667
4	5	0	1	1	1	0.3	77.3095238095
4	5	0	1	1	1	0.6	112.666666667
4	5	0	1	1	1	0.9	195.083333333
4	5	0.5	0	0	0	0	63.1666666667
4	5	0.5	0	0	0	0.3	77.3095238095
4	5	0.5	0	0	0	0.6	112.666666667
4	5	0.5	0	0	0	0.9	195.083333333
4	5	0.5	0	0	0.5	0	63.1666666667
4	5	0.5	0	0	0.5	0.3	77.3095238095
4	5	0.5	0	0	0.5	0.6	112.666666667
4	5	0.5	0	0	0.5	0.9	195.083333333
4	5	0.5	0	0	1	0	63.1666666667
4	5	0.5	0	0	1	0.3	77.3095238095
4	5	0.5	0	0	1	0.6	112.666666667
4	5	0.5	0	0	1	0.9	195.083333333
4	5	0.5	0	0.5	0	0	63.1666666667
4	5	0.5	0	0.5	0	0.3	77.3095238095
4	5	0.5	0	0.5	0	0.6	112.666666667
4	5	0.5	0	0.5	0	0.9	195.083333333
4	5	0.5	0	0.5	0.5	0	63.1666666667
4	5	0.5	0	0.5	0.5	0.3	77.3095238095
4	5	0.5	0	0.5	0.5	0.6	112.666666667
4	5	0.5	0	0.5	0.5	0.9	195.083333333
4	5	0.5	0	0.5	1	0	63.1666666667
4	5	0.5	0	0.5	1	0.3	77.3095238095
4	5	0.5	0	0.5	1	0.6	112.666666667
4	5	0.5	0	0.5	1	0.9	195.083333333
4	5	0.5	0	1	0	0	63.1666666667
4	5	0.5	0	1	0	0.3	77.3095238095
4	5	0.5	0	1	0	0.6	112.666666667
4	5	0.5	0	1	0	0.9	195.083333333
4	5	0.5	0	1	0.5	0	63.1666666667
4	5	0.5	0	1	0.5	0.3	77.3095238095
4	5	0.5	0	1	0.5	0.6	112.666666667
4	5	0.5	0	1	0.5	0.9	195.083333333
4	5	0.5	0	1	1	0	63.1666666667
4	5	0.5	0	1	1	0.3	77.3095238095
4	5	0.5	0	1	1	0.6	112.666666667
4	5	0.5	0	1	1	0.9	195.083333333
4	5	0.5	0.5	0	0	0	63.1666666667
4	5	0.5	0.5	0	0	0.3	77.3095238095
4	5	0.5	0.5	0	0	0.6	112.666666667
4	5	0.5	0.5	0	0	0.9	195.083333333
4	5	0.5	0.5	0	0.5	0	63.1666666667
4	5	0.5	0.5	0	0.5	0.3	77.3095238095
4	5	0.5	0.5	0	0.5	0.6	112.666666667
4	5	0.5	0.5	0	0.5	0.9	195.083333333
4	5	0.5	0.5	0	1	0	63.1666666667
4	5	0.5	0.5	0	1	0.3	77.3095238095
4	5	0.5	0.5	0	1	0.6	112.666666667
4	5	0.5	0.5	0	1	0.9	195.083333333
4	5	0.5	0.5	0.5	0	0	63.1666666667
4	5	0.5	0.5	0.5	0	0.3	77.3095238095
4	5	0.5	0.5	0.5	0	0.6	112.666666667
4	5	0.5	0.5	0.5	0	0.9	195.083333333
4	5	0.5	0.5	0.5	0.5	0	63.1666666667
4	5	0.5	0.5	0.5	0.5	0.3	77.3095238095
4	5	0.5	0.5	0.5	0.5	0.6	112.666666667
4	5	0.5	0.5	0.5	0.5	0.9	195.083333333
4	5	0.5	0.5	0.5	1	0	63.1666666667
4	5	0.5	0.5	0.5	1	0.3	77.3095238095
4	5	0.5	0.5	0.5	1	0.6	112.666666667
4	5	0.5	0.5	0.5	1	0.9	195.083333333
4	5	0.5	0.5	1	0	0	63.1666666667
4	5	0.5	0.5	1	0	0.3	77.3095238095
4	5	0.5	0.5	1	0	0.6	112.666666667
4	5	0.5	0.5	1	0	0.9	195.083333333
4	5	0.5	0.5	1	0.5	0	63.1666666667
4	5	0.5	0.5	1	0.5	0.3	77.3095238095
4	5	0.5	0.5	1	0.5	0.6	112.666666667
4	5	0.5	0.5	1	0.5	0.9	195.083333333
4	5	0.5	0.5	1	1	0	63.1666666667
4	5	0.5	0.5	1	1	0.3	77.3095238095
4	5	0.5	0.5	1	1	0.6	112.666666667
4	5	0.5	0.5	1	1	0.9	195.083333333
4	5	0.5	1	0	0	0	63.1666666667
4	5	0.5	1	0	0	0.3	77.3095238095
4	5	0.5	1	0	0	0.6	112.666666667
4	5	0.5	1	0	0	0.9	195.083333333
4	5	0.5	1	0	0.5	0	63.1666666667
4	5	0.5	1	0	0.5	0.3	77.3095238095
4	5	0.5	1	0	0.5	0.6	112.666666667
4	5	0.5	1	0	0.5	0.9	195.083333333
4	5	0.5	1	0	1	0	63.1666666667
4	5	0.5	1	0	1	0.3	77.3095238095
4	5	0.5	1	0	1	0.6	112.666666667
4	5	0.5	1	0	1	0.9	195.083333333
4	5	0.5	1	0.5	0	0	63.1666666667
4	5	0.5	1	0.5	0	0.3	77.3095238095
4	5	0.5	1	0.5	0	0.6	112.666666667
4	5	0.5	1	0.5	0	0.9	195.083333333
4	5	0.5	1	0.5	0.5	0	63.1666666667
4	5	0.5	1	0.5	0.5	0.3	77.3095238095
4	5	0.5	1	0.5	0.5	0.6	112.666666667
4	5	0.5	1	0.5	0.5	0.9	195.083333333
4	5	0.5	1	0.5	1	0	63.1666666667
4	5	0.5	1	0.5	1	0.3	77.3095238095
4	5	0.5	1	0.5	1	0.6	112.666666667
4	5	0.5	1	0.5	1	0.9	195.083333333
4	5	0.5	1	1	0	0	63.1666666667
4	5	0.5	1	1	0	0.3	77.3095238095
4	5	0.5	1	1	0	0.6	112.666666667
4	5	0.5	1	1	0	0.9	195.083333333
4	5	0.5	1	1	0.5	0	63.1666666667
4	5	0.5	1	1	0.5	0.3	77.3095238095
4	5	0.5	1	1	0.5	0.6	112.666666667
4	5	0.5	1	1	0.5	0.9	195.083333333
4	5	0.5	1	1	1	0	63.1666666667
4	5	0.5	1	1	1	0.3	77.3095238095
4	5	0.5	1	1	1	0.6	112.666666667
4	5	0.5	1	1	1	0.9	195.083333333
4	5	1	0	0	0	0	63.1666666667
4	5	1	0	0	0	0.3	77.3095238095
4	5	1	0	0	0	0.6	112.666666667
4	5	1	0	0	0	0.9	195.083333333
4	5	1	0	0	0.5	0	63.1666666667
4	5	1	0	0	0.5	0.3	77.3095238095
4	5	1	0	0	0.5	0.6	112.666666667
4	5	1	0	0	0.5	0.9	195.083333333
4	5	1	0	0	1	0	63.1666666667
4	5	1	0	0	1	0.3	77.3095238095
4	5	1	0	0	1	0.6	112.666666667
4	5	1	0	0	1	0.9	195.083333333
4	5	1	0	0.5	0	0	63.1666666667
4	5	1	0	0.5	0	0.3	77.3095238095
4	5	1	0	0.5	0	0.6	112.666666667
4	5	1	0	0.5	0	0.9	195.083333333
4	5	1	0	0.5	0.5	0	63.1666666667
4	5	1	0	0.5	0.5	0.3	77.3095238095
4	5	1	0	0.5	0.5	0.6	112.666666667
4	5	1	0	0.5	0.5	0.9	195.083333333
4	5	1	0	0.5	1	0	63.1666666667
4	5	1	0	0.5	1	0.3	77.3095238095
4	5	1	0	0.5	1	0.6	112.666666667
4	5	1	0	0.5	1	0.9	195.083333333
4	5	1	0	1	0	0	63.1666666667
4	5	1	0	1	0	0.3	77.3095238095
4	5	1	0	1	0	0.6	112.666666667
4	5	1	0	1	0	0.9	195.083333333
4	5	1	0	1	0.5	0	63.1666666667
4	5	1	0	1	0.5	0.3	77.3095238095
4	5	1	0	1	0.5	0.6	112.666666667
4	5	1	0	1	0.5	0.9	195.083333333
4	5	1	0	1	1	0	63.1666666667
4	5	1	0	1	1	0.3	77.3095238095
4	5	1	0	1	1	0.6	112.666666667
4	5	1	0	1	1	0.9	195.083333333
4	5	1	0.5	0	0	0	63.1666666667
4	5	1	0.5	0	0	0.3	77.3095238095
4	5	1	0.5	0	0	0.6	112.666666667
4	5	1	0.5	0	0	0.9	195.083333333
4	5	1	0.5	0	0.5	0	63.1666666667
4	5	1	0.5	0	0.5	0.3	77.3095238095
4	5	1	0.5	0	0.5	0.6	112.666666667
4	5	1	0.5	0	0.5	0.9	195.083333333
4	5	1	0.5	0	1	0	63.1666666667
4	5	1	0.5	0	1	0.3	77.3095238095
4	5	1	0.5	0	1	0.6	112.666666667
4	5	1	0.5	0	1	0.9	195.083333333
4	5	1	0.5	0.5	0	0	63.1666666667
4	5	1	0.5	0.5	0	0.3	77.3095238095
4	5	1	0.5	0.5	0	0.6	112.666666667
4	5	1	0.5	0.5	0	0.9	195.083333333
4	5	1	0.5	0.5	0.5	0	63.1666666667
4	5	1	0.5	0.5	0.5	0.3	77.3095238095
4	5	1	0.5	0.5	0.5	0.6	112.666666667
4	5	1	0.5	0.5	0.5	0.9	195.083333333
4	5	1	0.5	0.5	1	0	63.1666666667
4	5	1	0.5	0.5	1	0.3	77.3095238095
4	5	1	0.5	0.5	1	0.6	112.666666667
4	5	1	0.5	0.5	1	0.9	195.083333333
4	5	1	0.5	1	0	0	63.1666666667
4	5	1	0.5	1	0	0.3	77.3095238095
4	5	1	0.5	1	0	0.6	112.666666667
4	5	1	0.5	1	0	0.9	195.083333333
4	5	1	0.5	1	0.5	0	63.1666666667
4	5	1	0.5	1	0.5	0.3	77.3095238095
4	5	1	0.5	1	0.5	0.6	112.666666667
4	5	1	0.5	1	0.5	0.9	195.083333333
4	5	1	0.5	1	1	0	63.1666666667
4	5	1	0.5	1	1	0.3	77.3095238095
4	5	1	0.5	1	1	0.6	112.666666667
4	5	1	0.5	1	1	0.9	195.083333333
4	5	1	1	0	0	0	63.1666666667
4	5	1	1	0	0	0.3	77.3095238095
4	5	1	1	0	0	0.6	112.666666667
4	5	1	1	0	0	0.9	195.083333333
4	5	1	1	0	0.5	0	63.1666666667
4	5	1	1	0	0.5	0.3	77.3095238095
4	5	1	1	0	0.5	0.6	112.666666667
4	5	1	1	0	0.5	0.9	195.083333333
4	5	1	1	0	1	0	63.1666666667
4	5	1	1	0	1	0.3	77.3095238095
4	5	1	1	0	1	0.6	112.666666667
4	5	1	1	0	1	0.9	195.083333333
4	5	1	1	0.5	0	0	63.1666666667
4	5	1	1	0.5	0	0.3	77.3095238095
4	5	1	1	0.5	0	0.6	112.666666667
4	5	1	1	0.5	0	0.9	195.083333333
4	5	1	1	0.5	0.5	0	63.1666666667
4	5	1	1	0.5	0.5	0.3	77.3095238095
4	5	1	1	0.5	0.5	0.6	112.666666667
4	5	1	1	0.5	0.5	0.9	195.083333333
4	5	1	1	0.5	1	0	63.1666666667
4	5	1	1	0.5	1	0.3	77.3095238095
4	5	1	1	0.5	1	0.6	112.666666667
4	5	1	1	0.5	1	0.9	195.083333333
4	5	1	1	1	0	0	63.1666666667
4	5	1	1	1	0	0.3	77.3095238095
4	5	1	1	1	0	0.6	112.666666667
4	5	1	1	1	0	0.9	195.083333333
4	5	1	1	1	0.5	0	63.1666666667
4	5	1	1	1	0.5	0.3	77.3095238095
4	5	1	1	1	0.5	0.6	112.666666667
4	5	1	1	1	0.5	0.9	195.083333333
4	5	1	1	1	1	0	63.1666666667
4	5	1	1	1	1	0.3	77.3095238095
4	5	1	1	1	1	0.6	112.666666667
4	5	1	1	1	1	0.9	195.083333333
4	10	0	0	0	0	0	63.1666666667
4	10	0	0	0	0	0.3	77.3095238095
4	10	0	0	0	0	0.6	112.666666667
4	10	0	0	0	0	0.9	195.083333333
4	10	0	0	0	0.5	0	63.1666666667
4	10	0	0	0	0.5	0.3	77.3095238095
4	10	0	0	0	0.5	0.6	112.666666667
4	10	0	0	0	0.5	0.9	195.083333333
4	10	0	0	0	1	0	63.1666666667
4	10	0	0	0	1	0.3	77.3095238095
4	10	0	0	0	1	0.6	112.666666667
4	10	0	0	0	1	0.9	195.083333333
4	10	0	0	0.5	0	0	63.1666666667
4	10	0	0	0.5	0	0.3	77.3095238095
4	10	0	0	0.5	0	0.6	112.666666667
4	10	0	0	0.5	0	0.9	195.083333333
4	10	0	0	0.5	0.5	0	63.1666666667
4	10	0	0	0.5	0.5	0.3	77.3095238095
4	10	0	0	0.5	0.5	0.6	112.666666667
4	10	0	0	0.5	0.5	0.9	195.083333333
4	10	0	0	0.5	1	0	63.1666666667
4	10	0	0	0.5	1	0.3	77.3095238095
4	10	0	0	0.5	1	0.6	112.666666667
4	10	0	0	0.5	1	0.9	195.083333333
4	10	0	0	1	0	0	63.1666666667
4	10	0	0	1	0	0.3	77.3095238095
4	10	0	0	1	0	0.6	112.666666667
4	10	0	0	1	0	0.9	195.083333333
4	10	0	0	1	0.5	0	63.1666666667
4	10	0	0	1	0.5	0.3	77.3095238095
4	10	0	0	1	0.5	0.6	112.666666667
4	10	0	0	1	0.5	0.9	195.083333333
4	10	0	0	1	1	0	63.1666666667
4	10	0	0	1	1	0.3	77.3095238095
4	10	0	0	1	1	0.6	112.666666667
4	10	0	0	1	1	0.9	195.083333333
4	10	0	0.5	0	0	0	63.1666666667
4	10	0	0.5	0	0	0.3	77.3095238095
4	10	0	0.5	0	0	0.6	112.666666667
4	10	0	0.5	0	0	0.9	195.083333333
4	10	0	0.5	0	0.5	0	63.1666666667
4	10	0	0.5	0	0.5	0.3	77.3095238095
4	10	0	0.5	0	0.5	0.6	112.666666667
4	10	0	0.5	0	0.5	0.9	195.083333333
4	10	0	0.5	0	1	0	63.1666666667
4	10	0	0.5	0	1	0.3	77.3095238095
4	10	0	0.5	0	1	0.6	112.666666667
4	10	0	0.5	0	1	0.9	195.083333333
4	10	0	0.5	0.5	0	0	63.1666666667
4	10	0	0.5	0.5	0	0.3	77.3095238095
4	10	0	0.5	0.5	0	0.6	112.666666667
4	10	0	0.5	0.5	0	0.9	195.083333333
4	10	0	0.5	0.5	0.5	0	63.1666666667
4	10	0	0.5	0.5	0.5	0.3	77.3095238095
4	10	0	0.5	0.5	0.5	0.6	112.666666667
4	10	0	0.5	0.5	0.5	0.9	195.083333333
4	10	0	0.5	0.5	1	0	63.1666666667
4	10	0	0.5	0.5	1	0.3	77.3095238095
4	10	0	0.5	0.5	1	0.6	112.666666667
4	10	0	0.5	0.5	1	0.9	195.083333333
4	10	0	0.5	1	0	0	63.1666666667
4	10	0	0.5	1	0	0.3	77.3095238095
4	10	0	0.5	1	0	0.6	112.666666667
4	10	0	0.5	1	0	0.9	195.083333333
4	10	0	0.5	1	0.5	0	63.1666666667
4	10	0	0.5	1	0.5	0.3	77.3095238095
4	10	0	0.5	1	0.5	0.6	112.666666667
4	10	0	0.5	1	0.5	0.9	195.083333333
4	10	0	0.5	1	1	0	63.1666666667
4	10	0	0.5	1	1	0.3	77.3095238095
4	10	0	0.5	1	1	0.6	112.666666667
4	10	0	0.5	1	1	0.9	195.083333333
4	10	0	1	0	0	0	63.1666666667
4	10	0	1	0	0	0.3	77.3095238095
4	10	0	1	0	0	0.6	112.666666667
4	10	0	1	0	0	0.9	195.083333333
4	10	0	1	0	0.5	0	63.1666666667
4	10	0	1	0	0.5	0.3	77.3095238095
4	10	0	1	0	0.5	0.6	112.666666667
4	10	0	1	0	0.5	0.9	195.083333333
4	10	0	1	0	1	0	63.1666666667
4	10	0	1	0	1	0.3	77.3095238095
4	10	0	1	0	1	0.6	112.666666667
4	10	0	1	0	1	0.9	195.083333333
4	10	0	1	0.5	0	0	63.1666666667
4	10	0	1	0.5	0	0.3	77.3095238095
4	10	0	1	0.5	0	0.6	112.666666667
4	10	0	1	0.5	0	0.9	195.083333333
4	10	0	1	0.5	0.5	0	63.1666666667
4	10	0	1	0.5	0.5	0.3	77.3095238095
4	10	0	1	0.5	0.5	0.6	112.666666667
4	10	0	1	0.5	0.5	0.9	195.083333333
4	10	0	1	0.5	1	0	63.1666666667
4	10	0	1	0.5	1	0.3	77.3095238095
4	10	0	1	0.5	1	0.6	112.666666667
4	10	0	1	0.5	1	0.9	195.083333333
4	10	0	1	1	0	0	63.1666666667
4	10	0	1	1	0	0.3	77.3095238095
4	10	0	1	1	0	0.6	112.666666667
4	10	0	1	1	0	0.9	195.083333333
4	10	0	1	1	0.5	0	63.1666666667
4	10	0	1	1	0.5	0.3	77.3095238095
4	10	0	1	1	0.5	0.6	112.666666667
4	10	0	1	1	0.5	0.9	195.083333333
4	10	0	1	1	1	0	63.1666666667
4	10	0	1	1	1	0.3	77.3095238095
4	10	0	1	1	1	0.6	112.666666667
4	10	0	1	1	1	0.9	195.083333333
4	10	0.5	0	0	0	0	63.1666666667
4	10	0.5	0	0	0	0.3	77.3095238095
4	10	0.5	0	0	0	0.6	112.666666667
4	10	0.5	0	0	0	0.9	195.083333333
4	10	0.5	0	0	0.5	0	63.1666666667
4	10	0.5	0	0	0.5	0.3	77.3095238095
4	10	0.5	0	0	0.5	0.6	112.666666667
4	10	0.5	0	0	0.5	0.9	195.083333333
4	10	0.5	0	0	1	0	63.1666666667
4	10	0.5	0	0	1	0.3	77.3095238095
4	10	0.5	0	0	1	0.6	112.666666667
4	10	0.5	0	0	1	0.9	195.083333333
4	10	0.5	0	0.5	0	0	63.1666666667
4	10	0.5	0	0.5	0	0.3	77.3095238095
4	10	0.5	0	0.5	0	0.6	112.666666667
4	10	0.5	0	0.5	0	0.9	195.083333333
4	10	0.5	0	0.5	0.5	0	63.1666666667
4	10	0.5	0	0.5	0.5	0.3	77.3095238095
4	10	0.5	0	0.5	0.5	0.6	112.666666667
4	10	0.5	0	0.5	0.5	0.9	195.083333333
4	10	0.5	0	0.5	1	0	63.1666666667
4	10	0.5	0	0.5	1	0.3	77.3095238095
4	10	0.5	0	0.5	1	0.6	112.666666667
4	10	0.5	0	0.5	1	0.9	195.083333333
4	10	0.5	0	1	0	0	63.1666666667
4	10	0.5	0	1	0	0.3	77.3095238095
4	10	0.5	0	1	0	0.6	112.666666667
4	10	0.5	0	1	0	0.9	195.083333333
4	10	0.5	0	1	0.5	0	63.1666666667
4	10	0.5	0	1	0.5	0.3	77.3095238095
4	10	0.5	0	1	0.5	0.6	112.666666667
4	10	0.5	0	1	0.5	0.9	195.083333333
4	10	0.5	0	1	1	0	63.1666666667
4	10	0.5	0	1	1	0.3	77.3095238095
4	10	0.5	0	1	1	0.6	112.666666667
4	10	0.5	0	1	1	0.9	195.083333333
4	10	0.5	0.5	0	0	0	63.1666666667
4	10	0.5	0.5	0	0	0.3	77.3095238095
4	10	0.5	0.5	0	0	0.6	112.666666667
4	10	0.5	0.5	0	0	0.9	195.083333333
4	10	0.5	0.5	0	0.5	0	63.1666666667
4	10	0.5	0.5	0	0.5	0.3	77.3095238095
4	10	0.5	0.5	0	0.5	0.6	112.666666667
4	10	0.5	0.5	0	0.5	0.9	195.083333333
4	10	0.5	0.5	0	1	0	63.1666666667
4	10	0.5	0.5	0	1	0.3	77.3095238095
4	10	0.5	0.5	0	1	0.6	112.666666667
4	10	0.5	0.5	0	1	0.9	195.083333333
4	10	0.5	0.5	0.5	0	0	63.1666666667
4	10	0.5	0.5	0.5	0	0.3	77.3095238095
4	10	0.5	0.5	0.5	0	0.6	112.666666667
4	10	0.5	0.5	0.5	0	0.9	195.083333333
4	10	0.5	0.5	0.5	0.5	0	63.1666666667
4	10	0.5	0.5	0.5	0.5	0.3	77.3095238095
4	10	0.5	0.5	0.5	0.5	0.6	112.666666667
4	10	0.5	0.5	0.5	0.5	0.9	195.083333333
4	10	0.5	0.5	0.5	1	0	63.1666666667
4	10	0.5	0.5	0.5	1	0.3	77.3095238095
4	10	0.5	0.5	0.5	1	0.6	112.666666667
4	10	0.5	0.5	0.5	1	0.9	195.083333333
4	10	0.5	0.5	1	0	0	63.1666666667
4	10	0.5	0.5	1	0	0.3	77.3095238095
4	10	0.5	0.5	1	0	0.6	112.666666667
4	10	0.5	0.5	1	0	0.9	195.083333333
4	10	0.5	0.5	1	0.5	0	63.1666666667
4	10	0.5	0.5	1	0.5	0.3	77.3095238095
4	10	0.5	0.5	1	0.5	0.6	112.666666667
4	10	0.5	0.5	1	0.5	0.9	195.083333333
4	10	0.5	0.5	1	1	0	63.1666666667
4	10	0.5	0.5	1	1	0.3	77.3095238095
4	10	0.5	0.5	1	1	0.6	112.666666667
4	10	0.5	0.5	1	1	0.9	195.083333333
4	10	0.5	1	0	0	0	63.1666666667
4	10	0.5	1	0	0	0.3	77.3095238095
4	10	0.5	1	0	0	0.6	112.666666667
4	10	0.5	1	0	0	0.9	195.083333333
4	10	0.5	1	0	0.5	0	63.1666666667
4	10	0.5	1	0	0.5	0.3	77.3095238095
4	10	0.5	1	0	0.5	0.6	112.666666667
4	10	0.5	1	0	0.5	0.9	195.083333333
4	10	0.5	1	0	1	0	63.1666666667
4	10	0.5	1	0	1	0.3	77.3095238095
4	10	0.5	1	0	1	0.6	112.666666667
4	10	0.5	1	0	1	0.9	195.083333333
4	10	0.5	1	0.5	0	0	63.1666666667
4	10	0.5	1	0.5	0	0.3	77.3095238095
4	10	0.5	1	0.5	0	0.6	112.666666667
4	10	0.5	1	0.5	0	0.9	195.083333333
4	10	0.5	1	0.5	0.5	0	63.1666666667
4	10	0.5	1	0.5	0.5	0.3	77.3095238095
4	10	0.5	1	0.5	0.5	0.6	112.666666667
4	10	0.5	1	0.5	0.5	0.9	195.083333333
4	10	0.5	1	0.5	1	0	63.1666666667
4	10	0.5	1	0.5	1	0.3	77.3095238095
4	10	0.5	1	0.5	1	0.6	112.666666667
4	10	0.5	1	0.5	1	0.9	195.083333333
4	10	0.5	1	1	0	0	63.1666666667
4	10	0.5	1	1	0	0.3	77.3095238095
4	10	0.5	1	1	0	0.6	112.666666667
4	10	0.5	1	1	0	0.9	195.083333333
4	10	0.5	1	1	0.5	0	63.1666666667
4	10	0.5	1	1	0.5	0.3	77.3095238095
4	10	0.5	1	1	0.5	0.6	112.666666667
4	10	0.5	1	1	0.5	0.9	195.083333333
4	10	0.5	1	1	1	0	63.1666666667
4	10	0.5	1	1	1	0.3	77.3095238095
4	10	0.5	1	1	1	0.6	112.666666667
4	10	0.5	1	1	1	0.9	195.083333333
4	10	1	0	0	0	0	63.1666666667
4	10	1	0	0	0	0.3	77.3095238095
4	10	1	0	0	0	0.6	112.666666667
4	10	1	0	0	0	0.9	195.083333333
4	10	1	0	0	0.5	0	63.1666666667
4	10	1	0	0	0.5	0.3	77.3095238095
4	10	1	0	0	0.5	0.6	112.666666667
4	10	1	0	0	0.5	0.9	195.083333333
4	10	1	0	0	1	0	63.1666666667
4	10	1	0	0	1	0.3	77.3095238095
4	10	1	0	0	1	0.6	112.666666667
4	10	1	0	0	1	0.9	195.083333333
4	10	1	0	0.5	0	0	63.1666666667
4	10	1	0	0.5	0	0.3	77.3095238095
4	10	1	0	0.5	0	0.6	112.666666667
4	10	1	0	0.5	0	0.9	195.083333333
4	10	1	0	0.5	0.5	0	63.1666666667
4	10	1	0	0.5	0.5	0.3	77.3095238095
4	10	1	0	0.5	0.5	0.6	112.666666667
4	10	1	0	0.5	0.5	0.9	195.083333333
4	10	1	0	0.5	1	0	63.1666666667
4	10	1	0	0.5	1	0.3	77.3095238095
4	10	1	0	0.5	1	0.6	112.666666667
4	10	1	0	0.5	1	0.9	195.083333333
4	10	1	0	1	0	0	63.1666666667
4	10	1	0	1	0	0.3	77.3095238095
4	10	1	0	1	0	0.6	112.666666667
4	10	1	0	1	0	0.9	195.083333333
4	10	1	0	1	0.5	0	63.1666666667
4	10	1	0	1	0.5	0.3	77.3095238095
4	10	1	0	1	0.5	0.6	112.666666667
4	10	1	0	1	0.5	0.9	195.083333333
4	10	1	0	1	1	0	63.1666666667
4	10	1	0	1	1	0.3	77.3095238095
4	10	1	0	1	1	0.6	112.666666667
4	10	1	0	1	1	0.9	195.083333333
4	10	1	0.5	0	0	0	63.1666666667
4	10	1	0.5	0	0	0.3	77.3095238095
4	10	1	0.5	0	0	0.6	112.666666667
4	10	1	0.5	0	0	0.9	195.083333333
4	10	1	0.5	0	0.5	0	63.1666666667
4	10	1	0.5	0	0.5	0.3	77.3095238095
4	10	1	0.5	0	0.5	0.6	112.666666667
4	10	1	0.5	0	0.5	0.9	195.083333333
4	10	1	0.5	0	1	0	63.1666666667
4	10	1	0.5	0	1	0.3	77.3095238095
4	10	1	0.5	0	1	0.6	112.666666667
4	10	1	0.5	0	1	0.9	195.083333333
4	10	1	0.5	0.5	0	0	63.1666666667
4	10	1	0.5	0.5	0	0.3	77.3095238095
4	10	1	0.5	0.5	0	0.6	112.666666667
4	10	1	0.5	0.5	0	0.9	195.083333333
4	10	1	0.5	0.5	0.5	0	63.1666666667
4	10	1	0.5	0.5	0.5	0.3	77.3095238095
4	10	1	0.5	0.5	0.5	0.6	112.666666667
4	10	1	0.5	0.5	0.5	0.9	195.083333333
4	10	1	0.5	0.5	1	0	63.1666666667
4	10	1	0.5	0.5	1	0.3	77.3095238095
4	10	1	0.5	0.5	1	0.6	112.666666667
4	10	1	0.5	0.5	1	0.9	195.083333333
4	10	1	0.5	1	0	0	63.1666666667
4	10	1	0.5	1	0	0.3	77.3095238095
4	10	1	0.5	1	0	0.6	112.666666667
4	10	1	0.5	1	0	0.9	195.083333333
4	10	1	0.5	1	0.5	0	63.1666666667
4	10	1	0.5	1	0.5	0.3	77.3095238095
4	10	1	0.5	1	0.5	0.6	112.666666667
4	10	1	0.5	1	0.5	0.9	195.083333333
4	10	1	0.5	1	1	0	63.1666666667
4	10	1	0.5	1	1	0.3	77.3095238095
4	10	1	0.5	1	1	0.6	112.666666667
4	10	1	0.5	1	1	0.9	195.083333333
4	10	1	1	0	0	0	63.1666666667
4	10	1	1	0	0	0.3	77.3095238095
4	10	1	1	0	0	0.6	112.666666667
4	10	1	1	0	0	0.9	195.083333333
4	10	1	1	0	0.5	0	63.1666666667
4	10	1	1	0	0.5	0.3	77.3095238095
4	10	1	1	0	0.5	0.6	112.666666667
4	10	1	1	0	0.5	0.9	195.083333333
4	10	1	1	0	1	0	63.1666666667
4	10	1	1	0	1	0.3	77.3095238095
4	10	1	1	0	1	0.6	112.666666667
4	10	1	1	0	1	0.9	195.083333333
4	10	1	1	0.5	0	0	63.1666666667
4	10	1	1	0.5	0	0.3	77.3095238095
4	10	1	1	0.5	0	0.6	112.666666667
4	10	1	1	0.5	0	0.9	195.083333333
4	10	1	1	0.5	0.5	0	63.1666666667
4	10	1	1	0.5	0.5	0.3	77.3095238095
4	10	1	1	0.5	0.5	0.6	112.666666667
4	10	1	1	0.5	0.5	0.9	195.083333333
4	10	1	1	0.5	1	0	63.1666666667
4	10	1	1	0.5	1	0.3	77.3095238095
4	10	1	1	0.5	1	0.6	112.666666667
4	10	1	1	0.5	1	0.9	195.083333333
4	10	1	1	1	0	0	63.1666666667
4	10	1	1	1	0	0.3	77.3095238095
4	10	1	1	1	0	0.6	112.666666667
4	10	1	1	1	0	0.9	195.083333333
4	10	1	1	1	0.5	0	63.1666666667
4	10	1	1	1	0.5	0.3	77.3095238095
4	10	1	1	1	0.5	0.6	112.666666667
4	10	1	1	1	0.5	0.9	195.083333333
4	10	1	1	1	1	0	63.1666666667
4	10	1	1	1	1	0.3	77.3095238095
4	10	1	1	1	1	0.6	112.666666667
4	10	1	1	1	1	0.9	195.083333333
4	15	0	0	0	0	0	63.1666666667
4	15	0	0	0	0	0.3	77.3095238095
4	15	0	0	0	0	0.6	112.666666667
4	15	0	0	0	0	0.9	195.083333333
4	15	0	0	0	0.5	0	63.1666666667
4	15	0	0	0	0.5	0.3	77.3095238095
4	15	0	0	0	0.5	0.6	112.666666667
4	15	0	0	0	0.5	0.9	195.083333333
4	15	0	0	0	1	0	63.1666666667
4	15	0	0	0	1	0.3	77.3095238095
4	15	0	0	0	1	0.6	112.666666667
4	15	0	0	0	1	0.9	195.083333333
4	15	0	0	0.5	0	0	63.1666666667
4	15	0	0	0.5	0	0.3	77.3095238095
4	15	0	0	0.5	0	0.6	112.666666667
4	15	0	0	0.5	0	0.9	195.083333333
4	15	0	0	0.5	0.5	0	63.1666666667
4	15	0	0	0.5	0.5	0.3	77.3095238095
4	15	0	0	0.5	0.5	0.6	112.666666667
4	15	0	0	0.5	0.5	0.9	195.083333333
4	15	0	0	0.5	1	0	63.1666666667
4	15	0	0	0.5	1	0.3	77.3095238095
4	15	0	0	0.5	1	0.6	112.666666667
4	15	0	0	0.5	1	0.9	195.083333333
4	15	0	0	1	0	0	63.1666666667
4	15	0	0	1	0	0.3	77.3095238095
4	15	0	0	1	0	0.6	112.666666667
4	15	0	0	1	0	0.9	195.083333333
4	15	0	0	1	0.5	0	63.1666666667
4	15	0	0	1	0.5	0.3	77.3095238095
4	15	0	0	1	0.5	0.6	112.666666667
4	15	0	0	1	0.5	0.9	195.083333333
4	15	0	0	1	1	0	63.1666666667
4	15	0	0	1	1	0.3	77.3095238095
4	15	0	0	1	1	0.6	112.666666667
4	15	0	0	1	1	0.9	195.083333333
4	15	0	0.5	0	0	0	63.1666666667
4	15	0	0.5	0	0	0.3	77.3095238095
4	15	0	0.5	0	0	0.6	112.666666667
4	15	0	0.5	0	0	0.9	195.083333333
4	15	0	0.5	0	0.5	0	63.1666666667
4	15	0	0.5	0	0.5	0.3	77.3095238095
4	15	0	0.5	0	0.5	0.6	112.666666667
4	15	0	0.5	0	0.5	0.9	195.083333333
4	15	0	0.5	0	1	0	63.1666666667
4	15	0	0.5	0	1	0.3	77.3095238095
4	15	0	0.5	0	1	0.6	112.666666667
4	15	0	0.5	0	1	0.9	195.083333333
4	15	0	0.5	0.5	0	0	63.1666666667
4	15	0	0.5	0.5	0	0.3	77.3095238095
4	15	0	0.5	0.5	0	0.6	112.666666667
4	15	0	0.5	0.5	0	0.9	195.083333333
4	15	0	0.5	0.5	0.5	0	63.1666666667
4	15	0	0.5	0.5	0.5	0.3	77.3095238095
4	15	0	0.5	0.5	0.5	0.6	112.666666667
4	15	0	0.5	0.5	0.5	0.9	195.083333333
4	15	0	0.5	0.5	1	0	63.1666666667
4	15	0	0.5	0.5	1	0.3	77.3095238095
4	15	0	0.5	0.5	1	0.6	112.666666667
4	15	0	0.5	0.5	1	0.9	195.083333333
4	15	0	0.5	1	0	0	63.1666666667
4	15	0	0.5	1	0	0.3	77.3095238095
4	15	0	0.5	1	0	0.6	112.666666667
4	15	0	0.5	1	0	0.9	195.083333333
4	15	0	0.5	1	0.5	0	63.1666666667
4	15	0	0.5	1	0.5	0.3	77.3095238095
4	15	0	0.5	1	0.5	0.6	112.666666667
4	15	0	0.5	1	0.5	0.9	195.083333333
4	15	0	0.5	1	1	0	63.1666666667
4	15	0	0.5	1	1	0.3	77.3095238095
4	15	0	0.5	1	1	0.6	112.666666667
4	15	0	0.5	1	1	0.9	195.083333333
4	15	0	1	0	0	0	63.1666666667
4	15	0	1	0	0	0.3	77.3095238095
4	15	0	1	0	0	0.6	112.666666667
4	15	0	1	0	0	0.9	195.083333333
4	15	0	1	0	0.5	0	63.1666666667
4	15	0	1	0	0.5	0.3	77.3095238095
4	15	0	1	0	0.5	0.6	112.666666667
4	15	0	1	0	0.5	0.9	195.083333333
4	15	0	1	0	1	0	63.1666666667
4	15	0	1	0	1	0.3	77.3095238095
4	15	0	1	0	1	0.6	112.666666667
4	15	0	1	0	1	0.9	195.083333333
4	15	0	1	0.5	0	0	63.1666666667
4	15	0	1	0.5	0	0.3	77.3095238095
4	15	0	1	0.5	0	0.6	112.666666667
4	15	0	1	0.5	0	0.9	195.083333333
4	15	0	1	0.5	0.5	0	63.1666666667
4	15	0	1	0.5	0.5	0.3	77.3095238095
4	15	0	1	0.5	0.5	0.6	112.666666667
4	15	0	1	0.5	0.5	0.9	195.083333333
4	15	0	1	0.5	1	0	63.1666666667
4	15	0	1	0.5	1	0.3	77.3095238095
4	15	0	1	0.5	1	0.6	112.666666667
4	15	0	1	0.5	1	0.9	195.083333333
4	15	0	1	1	0	0	63.1666666667
4	15	0	1	1	0	0.3	77.3095238095
4	15	0	1	1	0	0.6	112.666666667
4	15	0	1	1	0	0.9	195.083333333
4	15	0	1	1	0.5	0	63.1666666667
4	15	0	1	1	0.5	0.3	77.3095238095
4	15	0	1	1	0.5	0.6	112.666666667
4	15	0	1	1	0.5	0.9	195.083333333
4	15	0	1	1	1	0	63.1666666667
4	15	0	1	1	1	0.3	77.3095238095
4	15	0	1	1	1	0.6	112.666666667
4	15	0	1	1	1	0.9	195.083333333
4	15	0.5	0	0	0	0	63.1666666667
4	15	0.5	0	0	0	0.3	77.3095238095
4	15	0.5	0	0	0	0.6	112.666666667
4	15	0.5	0	0	0	0.9	195.083333333
4	15	0.5	0	0	0.5	0	63.1666666667
4	15	0.5	0	0	0.5	0.3	77.3095238095
4	15	0.5	0	0	0.5	0.6	112.666666667
4	15	0.5	0	0	0.5	0.9	195.083333333
4	15	0.5	0	0	1	0	63.1666666667
4	15	0.5	0	0	1	0.3	77.3095238095
4	15	0.5	0	0	1	0.6	112.666666667
4	15	0.5	0	0	1	0.9	195.083333333
4	15	0.5	0	0.5	0	0	63.1666666667
4	15	0.5	0	0.5	0	0.3	77.3095238095
4	15	0.5	0	0.5	0	0.6	112.666666667
4	15	0.5	0	0.5	0	0.9	195.083333333
4	15	0.5	0	0.5	0.5	0	63.1666666667
4	15	0.5	0	0.5	0.5	0.3	77.3095238095
4	15	0.5	0	0.5	0.5	0.6	112.666666667
4	15	0.5	0	0.5	0.5	0.9	195.083333333
4	15	0.5	0	0.5	1	0	63.1666666667
4	15	0.5	0	0.5	1	0.3	77.3095238095
4	15	0.5	0	0.5	1	0.6	112.666666667
4	15	0.5	0	0.5	1	0.9	195.083333333
4	15	0.5	0	1	0	0	63.1666666667
4	15	0.5	0	1	0	0.3	77.3095238095
4	15	0.5	0	1	0	0.6	112.666666667
4	15	0.5	0	1	0	0.9	195.083333333
4	15	0.5	0	1	0.5	0	63.1666666667
4	15	0.5	0	1	0.5	0.3	77.3095238095
4	15	0.5	0	1	0.5	0.6	112.666666667
4	15	0.5	0	1	0.5	0.9	195.083333333
4	15	0.5	0	1	1	0	63.1666666667
4	15	0.5	0	1	1	0.3	77.3095238095
4	15	0.5	0	1	1	0.6	112.666666667
4	15	0.5	0	1	1	0.9	195.083333333
4	15	0.5	0.5	0	0	0	63.1666666667
4	15	0.5	0.5	0	0	0.3	77.3095238095
4	15	0.5	0.5	0	0	0.6	112.666666667
4	15	0.5	0.5	0	0	0.9	195.083333333
4	15	0.5	0.5	0	0.5	0	63.1666666667
4	15	0.5	0.5	0	0.5	0.3	77.3095238095
4	15	0.5	0.5	0	0.5	0.6	112.666666667
4	15	0.5	0.5	0	0.5	0.9	195.083333333
4	15	0.5	0.5	0	1	0	63.1666666667
4	15	0.5	0.5	0	1	0.3	77.3095238095
4	15	0.5	0.5	0	1	0.6	112.666666667
4	15	0.5	0.5	0	1	0.9	195.083333333
4	15	0.5	0.5	0.5	0	0	63.1666666667
4	15	0.5	0.5	0.5	0	0.3	77.3095238095
4	15	0.5	0.5	0.5	0	0.6	112.666666667
4	15	0.5	0.5	0.5	0	0.9	195.083333333
4	15	0.5	0.5	0.5	0.5	0	63.1666666667
4	15	0.5	0.5	0.5	0.5	0.3	77.3095238095
4	15	0.5	0.5	0.5	0.5	0.6	112.666666667
4	15	0.5	0.5	0.5	0.5	0.9	195.083333333
4	15	0.5	0.5	0.5	1	0	63.1666666667
4	15	0.5	0.5	0.5	1	0.3	77.3095238095
4	15	0.5	0.5	0.5	1	0.6	112.666666667
4	15	0.5	0.5	0.5	1	0.9	195.083333333
4	15	0.5	0.5	1	0	0	63.1666666667
4	15	0.5	0.5	1	0	0.3	77.3095238095
4	15	0.5	0.5	1	0	0.6	112.666666667
4	15	0.5	0.5	1	0	0.9	195.083333333
4	15	0.5	0.5	1	0.5	0	63.1666666667
4	15	0.5	0.5	1	0.5	0.3	77.3095238095
4	15	0.5	0.5	1	0.5	0.6	112.666666667
4	15	0.5	0.5	1	0.5	0.9	195.083333333
4	15	0.5	0.5	1	1	0	63.1666666667
4	15	0.5	0.5	1	1	0.3	77.3095238095
4	15	0.5	0.5	1	1	0.6	112.666666667
4	15	0.5	0.5	1	1	0.9	195.083333333
4	15	0.5	1	0	0	0	63.1666666667
4	15	0.5	1	0	0	0.3	77.3095238095
4	15	0.5	1	0	0	0.6	112.666666667
4	15	0.5	1	0	0	0.9	195.083333333
4	15	0.5	1	0	0.5	0	63.1666666667
4	15	0.5	1	0	0.5	0.3	77.3095238095
4	15	0.5	1	0	0.5	0.6	112.666666667
4	15	0.5	1	0	0.5	0.9	195.083333333
4	15	0.5	1	0	1	0	63.1666666667
4	15	0.5	1	0	1	0.3	77.3095238095
4	15	0.5	1	0	1	0.6	112.666666667
4	15	0.5	1	0	1	0.9	195.083333333
4	15	0.5	1	0.5	0	0	63.1666666667
4	15	0.5	1	0.5	0	0.3	77.3095238095
4	15	0.5	1	0.5	0	0.6	112.666666667
4	15	0.5	1	0.5	0	0.9	195.083333333
4	15	0.5	1	0.5	0.5	0	63.1666666667
4	15	0.5	1	0.5	0.5	0.3	77.3095238095
4	15	0.5	1	0.5	0.5	0.6	112.666666667
4	15	0.5	1	0.5	0.5	0.9	195.083333333
4	15	0.5	1	0.5	1	0	63.1666666667
4	15	0.5	1	0.5	1	0.3	77.3095238095
4	15	0.5	1	0.5	1	0.6	112.666666667
4	15	0.5	1	0.5	1	0.9	195.083333333
4	15	0.5	1	1	0	0	63.1666666667
4	15	0.5	1	1	0	0.3	77.3095238095
4	15	0.5	1	1	0	0.6	112.666666667
4	15	0.5	1	1	0	0.9	195.083333333
4	15	0.5	1	1	0.5	0	63.1666666667
4	15	0.5	1	1	0.5	0.3	77.3095238095
4	15	0.5	1	1	0.5	0.6	112.666666667
4	15	0.5	1	1	0.5	0.9	195.083333333
4	15	0.5	1	1	1	0	63.1666666667
4	15	0.5	1	1	1	0.3	77.3095238095
4	15	0.5	1	1	1	0.6	112.666666667
4	15	0.5	1	1	1	0.9	195.083333333
4	15	1	0	0	0	0	63.1666666667
4	15	1	0	0	0	0.3	77.3095238095
4	15	1	0	0	0	0.6	112.666666667
4	15	1	0	0	0	0.9	195.083333333
4	15	1	0	0	0.5	0	63.1666666667
4	15	1	0	0	0.5	0.3	77.3095238095
4	15	1	0	0	0.5	0.6	112.666666667
4	15	1	0	0	0.5	0.9	195.083333333
4	15	1	0	0	1	0	63.1666666667
4	15	1	0	0	1	0.3	77.3095238095
4	15	1	0	0	1	0.6	112.666666667
4	15	1	0	0	1	0.9	195.083333333
4	15	1	0	0.5	0	0	63.1666666667
4	15	1	0	0.5	0	0.3	77.3095238095
4	15	1	0	0.5	0	0.6	112.666666667
4	15	1	0	0.5	0	0.9	195.083333333
4	15	1	0	0.5	0.5	0	63.1666666667
4	15	1	0	0.5	0.5	0.3	77.3095238095
4	15	1	0	0.5	0.5	0.6	112.666666667
4	15	1	0	0.5	0.5	0.9	195.083333333
4	15	1	0	0.5	1	0	63.1666666667
4	15	1	0	0.5	1	0.3	77.3095238095
4	15	1	0	0.5	1	0.6	112.666666667
4	15	1	0	0.5	1	0.9	195.083333333
4	15	1	0	1	0	0	63.1666666667
4	15	1	0	1	0	0.3	77.3095238095
4	15	1	0	1	0	0.6	112.666666667
4	15	1	0	1	0	0.9	195.083333333
4	15	1	0	1	0.5	0	63.1666666667
4	15	1	0	1	0.5	0.3	77.3095238095
4	15	1	0	1	0.5	0.6	112.666666667
4	15	1	0	1	0.5	0.9	195.083333333
4	15	1	0	1	1	0	63.1666666667
4	15	1	0	1	1	0.3	77.3095238095
4	15	1	0	1	1	0.6	112.666666667
4	15	1	0	1	1	0.9	195.083333333
4	15	1	0.5	0	0	0	63.1666666667
4	15	1	0.5	0	0	0.3	77.3095238095
4	15	1	0.5	0	0	0.6	112.666666667
4	15	1	0.5	0	0	0.9	195.083333333
4	15	1	0.5	0	0.5	0	63.1666666667
4	15	1	0.5	0	0.5	0.3	77.3095238095
4	15	1	0.5	0	0.5	0.6	112.666666667
4	15	1	0.5	0	0.5	0.9	195.083333333
4	15	1	0.5	0	1	0	63.1666666667
4	15	1	0.5	0	1	0.3	77.3095238095
4	15	1	0.5	0	1	0.6	112.666666667
4	15	1	0.5	0	1	0.9	195.083333333
4	15	1	0.5	0.5	0	0	63.1666666667
4	15	1	0.5	0.5	0	0.3	77.3095238095
4	15	1	0.5	0.5	0	0.6	112.666666667
4	15	1	0.5	0.5	0	0.9	195.083333333
4	15	1	0.5	0.5	0.5	0	63.1666666667
4	15	1	0.5	0.5	0.5	0.3	77.3095238095
4	15	1	0.5	0.5	0.5	0.6	112.666666667
4	15	1	0.5	0.5	0.5	0.9	195.083333333
4	15	1	0.5	0.5	1	0	63.1666666667
4	15	1	0.5	0.5	1	0.3	77.3095238095
4	15	1	0.5	0.5	1	0.6	112.666666667
4	15	1	0.5	0.5	1	0.9	195.083333333
4	15	1	0.5	1	0	0	63.1666666667
4	15	1	0.5	1	0	0.3	77.3095238095
4	15	1	0.5	1	0	0.6	112.666666667
4	15	1	0.5	1	0	0.9	195.083333333
4	15	1	0.5	1	0.5	0	63.1666666667
4	15	1	0.5	1	0.5	0.3	77.3095238095
4	15	1	0.5	1	0.5	0.6	112.666666667
4	15	1	0.5	1	0.5	0.9	195.083333333
4	15	1	0.5	1	1	0	63.1666666667
4	15	1	0.5	1	1	0.3	77.3095238095
4	15	1	0.5	1	1	0.6	112.666666667
4	15	1	0.5	1	1	0.9	195.083333333
4	15	1	1	0	0	0	63.1666666667
4	15	1	1	0	0	0.3	77.3095238095
4	15	1	1	0	0	0.6	112.666666667
4	15	1	1	0	0	0.9	195.083333333
4	15	1	1	0	0.5	0	63.1666666667
4	15	1	1	0	0.5	0.3	77.3095238095
4	15	1	1	0	0.5	0.6	112.666666667
4	15	1	1	0	0.5	0.9	195.083333333
4	15	1	1	0	1	0	63.1666666667
4	15	1	1	0	1	0.3	77.3095238095
4	15	1	1	0	1	0.6	112.666666667
4	15	1	1	0	1	0.9	195.083333333
4	15	1	1	0.5	0	0	63.1666666667
4	15	1	1	0.5	0	0.3	77.3095238095
4	15	1	1	0.5	0	0.6	112.666666667
4	15	1	1	0.5	0	0.9	195.083333333
4	15	1	1	0.5	0.5	0	63.1666666667
4	15	1	1	0.5	0.5	0.3	77.3095238095
4	15	1	1	0.5	0.5	0.6	112.666666667
4	15	1	1	0.5	0.5	0.9	195.083333333
4	15	1	1	0.5	1	0	63.1666666667
4	15	1	1	0.5	1	0.3	77.3095238095
4	15	1	1	0.5	1	0.6	112.666666667
4	15	1	1	0.5	1	0.9	195.083333333
4	15	1	1	1	0	0	63.1666666667
4	15	1	1	1	0	0.3	77.3095238095
4	15	1	1	1	0	0.6	112.666666667
4	15	1	1	1	0	0.9	195.083333333
4	15	1	1	1	0.5	0	63.1666666667
4	15	1	1	1	0.5	0.3	77.3095238095
4	15	1	1	1	0.5	0.6	112.666666667
4	15	1	1	1	0.5	0.9	195.083333333
4	15	1	1	1	1	0	63.1666666667
4	15	1	1	1	1	0.3	77.3095238095
4	15	1	1	1	1	0.6	112.666666667
4	15	1	1	1	1	0.9	195.083333333
4	20	0	0	0	0	0	63.1666666667
4	20	0	0	0	0	0.3	77.3095238095
4	20	0	0	0	0	0.6	112.666666667
4	20	0	0	0	0	0.9	195.083333333
4	20	0	0	0	0.5	0	63.1666666667
4	20	0	0	0	0.5	0.3	77.3095238095
4	20	0	0	0	0.5	0.6	112.666666667
4	20	0	0	0	0.5	0.9	195.083333333
4	20	0	0	0	1	0	63.1666666667
4	20	0	0	0	1	0.3	77.3095238095
4	20	0	0	0	1	0.6	112.666666667
4	20	0	0	0	1	0.9	195.083333333
4	20	0	0	0.5	0	0	63.1666666667
4	20	0	0	0.5	0	0.3	77.3095238095
4	20	0	0	0.5	0	0.6	112.666666667
4	20	0	0	0.5	0	0.9	195.083333333
4	20	0	0	0.5	0.5	0	63.1666666667
4	20	0	0	0.5	0.5	0.3	77.3095238095
4	20	0	0	0.5	0.5	0.6	112.666666667
4	20	0	0	0.5	0.5	0.9	195.083333333
4	20	0	0	0.5	1	0	63.1666666667
4	20	0	0	0.5	1	0.3	77.3095238095
4	20	0	0	0.5	1	0.6	112.666666667
4	20	0	0	0.5	1	0.9	195.083333333
4	20	0	0	1	0	0	63.1666666667
4	20	0	0	1	0	0.3	77.3095238095
4	20	0	0	1	0	0.6	112.666666667
4	20	0	0	1	0	0.9	195.083333333
4	20	0	0	1	0.5	0	63.1666666667
4	20	0	0	1	0.5	0.3	77.3095238095
4	20	0	0	1	0.5	0.6	112.666666667
4	20	0	0	1	0.5	0.9	195.083333333
4	20	0	0	1	1	0	63.1666666667
4	20	0	0	1	1	0.3	77.3095238095
4	20	0	0	1	1	0.6	112.666666667
4	20	0	0	1	1	0.9	195.083333333
4	20	0	0.5	0	0	0	63.1666666667
4	20	0	0.5	0	0	0.3	77.3095238095
4	20	0	0.5	0	0	0.6	112.666666667
4	20	0	0.5	0	0	0.9	195.083333333
4	20	0	0.5	0	0.5	0	63.1666666667
4	20	0	0.5	0	0.5	0.3	77.3095238095
4	20	0	0.5	0	0.5	0.6	112.666666667
4	20	0	0.5	0	0.5	0.9	195.083333333
4	20	0	0.5	0	1	0	63.1666666667
4	20	0	0.5	0	1	0.3	77.3095238095
4	20	0	0.5	0	1	0.6	112.666666667
4	20	0	0.5	0	1	0.9	195.083333333
4	20	0	0.5	0.5	0	0	63.1666666667
4	20	0	0.5	0.5	0	0.3	77.3095238095
4	20	0	0.5	0.5	0	0.6	112.666666667
4	20	0	0.5	0.5	0	0.9	195.083333333
4	20	0	0.5	0.5	0.5	0	63.1666666667
4	20	0	0.5	0.5	0.5	0.3	77.3095238095
4	20	0	0.5	0.5	0.5	0.6	112.666666667
4	20	0	0.5	0.5	0.5	0.9	195.083333333
4	20	0	0.5	0.5	1	0	63.1666666667
4	20	0	0.5	0.5	1	0.3	77.3095238095
4	20	0	0.5	0.5	1	0.6	112.666666667
4	20	0	0.5	0.5	1	0.9	195.083333333
4	20	0	0.5	1	0	0	63.1666666667
4	20	0	0.5	1	0	0.3	77.3095238095
4	20	0	0.5	1	0	0.6	112.666666667
4	20	0	0.5	1	0	0.9	195.083333333
4	20	0	0.5	1	0.5	0	63.1666666667
4	20	0	0.5	1	0.5	0.3	77.3095238095
4	20	0	0.5	1	0.5	0.6	112.666666667
4	20	0	0.5	1	0.5	0.9	195.083333333
4	20	0	0.5	1	1	0	63.1666666667
4	20	0	0.5	1	1	0.3	77.3095238095
4	20	0	0.5	1	1	0.6	112.666666667
4	20	0	0.5	1	1	0.9	195.083333333
4	20	0	1	0	0	0	63.1666666667
4	20	0	1	0	0	0.3	77.3095238095
4	20	0	1	0	0	0.6	112.666666667
4	20	0	1	0	0	0.9	195.083333333
4	20	0	1	0	0.5	0	63.1666666667
4	20	0	1	0	0.5	0.3	77.3095238095
4	20	0	1	0	0.5	0.6	112.666666667
4	20	0	1	0	0.5	0.9	195.083333333
4	20	0	1	0	1	0	63.1666666667
4	20	0	1	0	1	0.3	77.3095238095
4	20	0	1	0	1	0.6	112.666666667
4	20	0	1	0	1	0.9	195.083333333
4	20	0	1	0.5	0	0	63.1666666667
4	20	0	1	0.5	0	0.3	77.3095238095
4	20	0	1	0.5	0	0.6	112.666666667
4	20	0	1	0.5	0	0.9	195.083333333
4	20	0	1	0.5	0.5	0	63.1666666667
4	20	0	1	0.5	0.5	0.3	77.3095238095
4	20	0	1	0.5	0.5	0.6	112.666666667
4	20	0	1	0.5	0.5	0.9	195.083333333
4	20	0	1	0.5	1	0	63.1666666667
4	20	0	1	0.5	1	0.3	77.3095238095
4	20	0	1	0.5	1	0.6	112.666666667
4	20	0	1	0.5	1	0.9	195.083333333
4	20	0	1	1	0	0	63.1666666667
4	20	0	1	1	0	0.3	77.3095238095
4	20	0	1	1	0	0.6	112.666666667
4	20	0	1	1	0	0.9	195.083333333
4	20	0	1	1	0.5	0	63.1666666667
4	20	0	1	1	0.5	0.3	77.3095238095
4	20	0	1	1	0.5	0.6	112.666666667
4	20	0	1	1	0.5	0.9	195.083333333
4	20	0	1	1	1	0	63.1666666667
4	20	0	1	1	1	0.3	77.3095238095
4	20	0	1	1	1	0.6	112.666666667
4	20	0	1	1	1	0.9	195.083333333
4	20	0.5	0	0	0	0	63.1666666667
4	20	0.5	0	0	0	0.3	77.3095238095
4	20	0.5	0	0	0	0.6	112.666666667
4	20	0.5	0	0	0	0.9	195.083333333
4	20	0.5	0	0	0.5	0	63.1666666667
4	20	0.5	0	0	0.5	0.3	77.3095238095
4	20	0.5	0	0	0.5	0.6	112.666666667
4	20	0.5	0	0	0.5	0.9	195.083333333
4	20	0.5	0	0	1	0	63.1666666667
4	20	0.5	0	0	1	0.3	77.3095238095
4	20	0.5	0	0	1	0.6	112.666666667
4	20	0.5	0	0	1	0.9	195.083333333
4	20	0.5	0	0.5	0	0	63.1666666667
4	20	0.5	0	0.5	0	0.3	77.3095238095
4	20	0.5	0	0.5	0	0.6	112.666666667
4	20	0.5	0	0.5	0	0.9	195.083333333
4	20	0.5	0	0.5	0.5	0	63.1666666667
4	20	0.5	0	0.5	0.5	0.3	77.3095238095
4	20	0.5	0	0.5	0.5	0.6	112.666666667
4	20	0.5	0	0.5	0.5	0.9	195.083333333
4	20	0.5	0	0.5	1	0	63.1666666667
4	20	0.5	0	0.5	1	0.3	77.3095238095
4	20	0.5	0	0.5	1	0.6	112.666666667
4	20	0.5	0	0.5	1	0.9	195.083333333
4	20	0.5	0	1	0	0	63.1666666667
4	20	0.5	0	1	0	0.3	77.3095238095
4	20	0.5	0	1	0	0.6	112.666666667
4	20	0.5	0	1	0	0.9	195.083333333
4	20	0.5	0	1	0.5	0	63.1666666667
4	20	0.5	0	1	0.5	0.3	77.3095238095
4	20	0.5	0	1	0.5	0.6	112.666666667
4	20	0.5	0	1	0.5	0.9	195.083333333
4	20	0.5	0	1	1	0	63.1666666667
4	20	0.5	0	1	1	0.3	77.3095238095
4	20	0.5	0	1	1	0.6	112.666666667
4	20	0.5	0	1	1	0.9	195.083333333
4	20	0.5	0.5	0	0	0	63.1666666667
4	20	0.5	0.5	0	0	0.3	77.3095238095
4	20	0.5	0.5	0	0	0.6	112.666666667
4	20	0.5	0.5	0	0	0.9	195.083333333
4	20	0.5	0.5	0	0.5	0	63.1666666667
4	20	0.5	0.5	0	0.5	0.3	77.3095238095
4	20	0.5	0.5	0	0.5	0.6	112.666666667
4	20	0.5	0.5	0	0.5	0.9	195.083333333
4	20	0.5	0.5	0	1	0	63.1666666667
4	20	0.5	0.5	0	1	0.3	77.3095238095
4	20	0.5	0.5	0	1	0.6	112.666666667
4	20	0.5	0.5	0	1	0.9	195.083333333
4	20	0.5	0.5	0.5	0	0	63.1666666667
4	20	0.5	0.5	0.5	0	0.3	77.3095238095
4	20	0.5	0.5	0.5	0	0.6	112.666666667
4	20	0.5	0.5	0.5	0	0.9	195.083333333
4	20	0.5	0.5	0.5	0.5	0	63.1666666667
4	20	0.5	0.5	0.5	0.5	0.3	77.3095238095
4	20	0.5	0.5	0.5	0.5	0.6	112.666666667
4	20	0.5	0.5	0.5	0.5	0.9	195.083333333
4	20	0.5	0.5	0.5	1	0	63.1666666667
4	20	0.5	0.5	0.5	1	0.3	77.3095238095
4	20	0.5	0.5	0.5	1	0.6	112.666666667
4	20	0.5	0.5	0.5	1	0.9	195.083333333
4	20	0.5	0.5	1	0	0	63.1666666667
4	20	0.5	0.5	1	0	0.3	77.3095238095
4	20	0.5	0.5	1	0	0.6	112.666666667
4	20	0.5	0.5	1	0	0.9	195.083333333
4	20	0.5	0.5	1	0.5	0	63.1666666667
4	20	0.5	0.5	1	0.5	0.3	77.3095238095
4	20	0.5	0.5	1	0.5	0.6	112.666666667
4	20	0.5	0.5	1	0.5	0.9	195.083333333
4	20	0.5	0.5	1	1	0	63.1666666667
4	20	0.5	0.5	1	1	0.3	77.3095238095
4	20	0.5	0.5	1	1	0.6	112.666666667
4	20	0.5	0.5	1	1	0.9	195.083333333
4	20	0.5	1	0	0	0	63.1666666667
4	20	0.5	1	0	0	0.3	77.3095238095
4	20	0.5	1	0	0	0.6	112.666666667
4	20	0.5	1	0	0	0.9	195.083333333
4	20	0.5	1	0	0.5	0	63.1666666667
4	20	0.5	1	0	0.5	0.3	77.3095238095
4	20	0.5	1	0	0.5	0.6	112.666666667
4	20	0.5	1	0	0.5	0.9	195.083333333
4	20	0.5	1	0	1	0	63.1666666667
4	20	0.5	1	0	1	0.3	77.3095238095
4	20	0.5	1	0	1	0.6	112.666666667
4	20	0.5	1	0	1	0.9	195.083333333
4	20	0.5	1	0.5	0	0	63.1666666667
4	20	0.5	1	0.5	0	0.3	77.3095238095
4	20	0.5	1	0.5	0	0.6	112.666666667
4	20	0.5	1	0.5	0	0.9	195.083333333
4	20	0.5	1	0.5	0.5	0	63.1666666667
4	20	0.5	1	0.5	0.5	0.3	77.3095238095
4	20	0.5	1	0.5	0.5	0.6	112.666666667
4	20	0.5	1	0.5	0.5	0.9	195.083333333
4	20	0.5	1	0.5	1	0	63.1666666667
4	20	0.5	1	0.5	1	0.3	77.3095238095
4	20	0.5	1	0.5	1	0.6	112.666666667
4	20	0.5	1	0.5	1	0.9	195.083333333
4	20	0.5	1	1	0	0	63.1666666667
4	20	0.5	1	1	0	0.3	77.3095238095
4	20	0.5	1	1	0	0.6	112.666666667
4	20	0.5	1	1	0	0.9	195.083333333
4	20	0.5	1	1	0.5	0	63.1666666667
4	20	0.5	1	1	0.5	0.3	77.3095238095
4	20	0.5	1	1	0.5	0.6	112.666666667
4	20	0.5	1	1	0.5	0.9	195.083333333
4	20	0.5	1	1	1	0	63.1666666667
4	20	0.5	1	1	1	0.3	77.3095238095
4	20	0.5	1	1	1	0.6	112.666666667
4	20	0.5	1	1	1	0.9	195.083333333
4	20	1	0	0	0	0	63.1666666667
4	20	1	0	0	0	0.3	77.3095238095
4	20	1	0	0	0	0.6	112.666666667
4	20	1	0	0	0	0.9	195.083333333
4	20	1	0	0	0.5	0	63.1666666667
4	20	1	0	0	0.5	0.3	77.3095238095
4	20	1	0	0	0.5	0.6	112.666666667
4	20	1	0	0	0.5	0.9	195.083333333
4	20	1	0	0	1	0	63.1666666667
4	20	1	0	0	1	0.3	77.3095238095
4	20	1	0	0	1	0.6	112.666666667
4	20	1	0	0	1	0.9	195.083333333
4	20	1	0	0.5	0	0	63.1666666667
4	20	1	0	0.5	0	0.3	77.3095238095
4	20	1	0	0.5	0	0.6	112.666666667
4	20	1	0	0.5	0	0.9	195.083333333
4	20	1	0	0.5	0.5	0	63.1666666667
4	20	1	0	0.5	0.5	0.3	77.3095238095
4	20	1	0	0.5	0.5	0.6	112.666666667
4	20	1	0	0.5	0.5	0.9	195.083333333
4	20	1	0	0.5	1	0	63.1666666667
4	20	1	0	0.5	1	0.3	77.3095238095
4	20	1	0	0.5	1	0.6	112.666666667
4	20	1	0	0.5	1	0.9	195.083333333
4	20	1	0	1	0	0	63.1666666667
4	20	1	0	1	0	0.3	77.3095238095
4	20	1	0	1	0	0.6	112.666666667
4	20	1	0	1	0	0.9	195.083333333
4	20	1	0	1	0.5	0	63.1666666667
4	20	1	0	1	0.5	0.3	77.3095238095
4	20	1	0	1	0.5	0.6	112.666666667
4	20	1	0	1	0.5	0.9	195.083333333
4	20	1	0	1	1	0	63.1666666667
4	20	1	0	1	1	0.3	77.3095238095
4	20	1	0	1	1	0.6	112.666666667
4	20	1	0	1	1	0.9	195.083333333
4	20	1	0.5	0	0	0	63.1666666667
4	20	1	0.5	0	0	0.3	77.3095238095
4	20	1	0.5	0	0	0.6	112.666666667
4	20	1	0.5	0	0	0.9	195.083333333
4	20	1	0.5	0	0.5	0	63.1666666667
4	20	1	0.5	0	0.5	0.3	77.3095238095
4	20	1	0.5	0	0.5	0.6	112.666666667
4	20	1	0.5	0	0.5	0.9	195.083333333
4	20	1	0.5	0	1	0	63.1666666667
4	20	1	0.5	0	1	0.3	77.3095238095
4	20	1	0.5	0	1	0.6	112.666666667
4	20	1	0.5	0	1	0.9	195.083333333
4	20	1	0.5	0.5	0	0	63.1666666667
4	20	1	0.5	0.5	0	0.3	77.3095238095
4	20	1	0.5	0.5	0	0.6	112.666666667
4	20	1	0.5	0.5	0	0.9	195.083333333
4	20	1	0.5	0.5	0.5	0	63.1666666667
4	20	1	0.5	0.5	0.5	0.3	77.3095238095
4	20	1	0.5	0.5	0.5	0.6	112.666666667
4	20	1	0.5	0.5	0.5	0.9	195.083333333
4	20	1	0.5	0.5	1	0	63.1666666667
4	20	1	0.5	0.5	1	0.3	77.3095238095
4	20	1	0.5	0.5	1	0.6	112.666666667
4	20	1	0.5	0.5	1	0.9	195.083333333
4	20	1	0.5	1	0	0	63.1666666667
4	20	1	0.5	1	0	0.3	77.3095238095
4	20	1	0.5	1	0	0.6	112.666666667
4	20	1	0.5	1	0	0.9	195.083333333
4	20	1	0.5	1	0.5	0	63.1666666667
4	20	1	0.5	1	0.5	0.3	77.3095238095
4	20	1	0.5	1	0.5	0.6	112.666666667
4	20	1	0.5	1	0.5	0.9	195.083333333
4	20	1	0.5	1	1	0	63.1666666667
4	20	1	0.5	1	1	0.3	77.3095238095
4	20	1	0.5	1	1	0.6	112.666666667
4	20	1	0.5	1	1	0.9	195.083333333
4	20	1	1	0	0	0	63.1666666667
4	20	1	1	0	0	0.3	77.3095238095
4	20	1	1	0	0	0.6	112.666666667
4	20	1	1	0	0	0.9	195.083333333
4	20	1	1	0	0.5	0	63.1666666667
4	20	1	1	0	0.5	0.3	77.3095238095
4	20	1	1	0	0.5	0.6	112.666666667
4	20	1	1	0	0.5	0.9	195.083333333
4	20	1	1	0	1	0	63.1666666667
4	20	1	1	0	1	0.3	77.3095238095
4	20	1	1	0	1	0.6	112.666666667
4	20	1	1	0	1	0.9	195.083333333
4	20	1	1	0.5	0	0	63.1666666667
4	20	1	1	0.5	0	0.3	77.3095238095
4	20	1	1	0.5	0	0.6	112.666666667
4	20	1	1	0.5	0	0.9	195.083333333
4	20	1	1	0.5	0.5	0	63.1666666667
4	20	1	1	0.5	0.5	0.3	77.3095238095
4	20	1	1	0.5	0.5	0.6	112.666666667
4	20	1	1	0.5	0.5	0.9	195.083333333
4	20	1	1	0.5	1	0	63.1666666667
4	20	1	1	0.5	1	0.3	77.3095238095
4	20	1	1	0.5	1	0.6	112.666666667
4	20	1	1	0.5	1	0.9	195.083333333
4	20	1	1	1	0	0	63.1666666667
4	20	1	1	1	0	0.3	77.3095238095
4	20	1	1	1	0	0.6	112.666666667
4	20	1	1	1	0	0.9	195.083333333
4	20	1	1	1	0.5	0	63.1666666667
4	20	1	1	1	0.5	0.3	77.3095238095
4	20	1	1	1	0.5	0.6	112.666666667
4	20	1	1	1	0.5	0.9	195.083333333
4	20	1	1	1	1	0	63.1666666667
4	20	1	1	1	1	0.3	77.3095238095
4	20	1	1	1	1	0.6	112.666666667
4	20	1	1	1	1	0.9	195.083333333
5	5	0	0	0	0	0	63.1666666667
5	5	0	0	0	0	0.3	77.3095238095
5	5	0	0	0	0	0.6	112.666666667
5	5	0	0	0	0	0.9	195.083333333
5	5	0	0	0	0.5	0	63.1666666667
5	5	0	0	0	0.5	0.3	77.3095238095
5	5	0	0	0	0.5	0.6	112.666666667
5	5	0	0	0	0.5	0.9	195.083333333
5	5	0	0	0	1	0	63.1666666667
5	5	0	0	0	1	0.3	77.3095238095
5	5	0	0	0	1	0.6	112.666666667
5	5	0	0	0	1	0.9	195.083333333
5	5	0	0	0.5	0	0	63.1666666667
5	5	0	0	0.5	0	0.3	77.3095238095
5	5	0	0	0.5	0	0.6	112.666666667
5	5	0	0	0.5	0	0.9	195.083333333
5	5	0	0	0.5	0.5	0	63.1666666667
5	5	0	0	0.5	0.5	0.3	77.3095238095
5	5	0	0	0.5	0.5	0.6	112.666666667
5	5	0	0	0.5	0.5	0.9	195.083333333
5	5	0	0	0.5	1	0	63.1666666667
5	5	0	0	0.5	1	0.3	77.3095238095
5	5	0	0	0.5	1	0.6	112.666666667
5	5	0	0	0.5	1	0.9	195.083333333
5	5	0	0	1	0	0	63.1666666667
5	5	0	0	1	0	0.3	77.3095238095
5	5	0	0	1	0	0.6	112.666666667
5	5	0	0	1	0	0.9	195.083333333
5	5	0	0	1	0.5	0	63.1666666667
5	5	0	0	1	0.5	0.3	77.3095238095
5	5	0	0	1	0.5	0.6	112.666666667
5	5	0	0	1	0.5	0.9	195.083333333
5	5	0	0	1	1	0	63.1666666667
5	5	0	0	1	1	0.3	77.3095238095
5	5	0	0	1	1	0.6	112.666666667
5	5	0	0	1	1	0.9	195.083333333
5	5	0	0.5	0	0	0	63.1666666667
5	5	0	0.5	0	0	0.3	77.3095238095
5	5	0	0.5	0	0	0.6	112.666666667
5	5	0	0.5	0	0	0.9	195.083333333
5	5	0	0.5	0	0.5	0	63.1666666667
5	5	0	0.5	0	0.5	0.3	77.3095238095
5	5	0	0.5	0	0.5	0.6	112.666666667
5	5	0	0.5	0	0.5	0.9	195.083333333
5	5	0	0.5	0	1	0	63.1666666667
5	5	0	0.5	0	1	0.3	77.3095238095
5	5	0	0.5	0	1	0.6	112.666666667
5	5	0	0.5	0	1	0.9	195.083333333
5	5	0	0.5	0.5	0	0	63.1666666667
5	5	0	0.5	0.5	0	0.3	77.3095238095
5	5	0	0.5	0.5	0	0.6	112.666666667
5	5	0	0.5	0.5	0	0.9	195.083333333
5	5	0	0.5	0.5	0.5	0	63.1666666667
5	5	0	0.5	0.5	0.5	0.3	77.3095238095
5	5	0	0.5	0.5	0.5	0.6	112.666666667
5	5	0	0.5	0.5	0.5	0.9	195.083333333
5	5	0	0.5	0.5	1	0	63.1666666667
5	5	0	0.5	0.5	1	0.3	77.3095238095
5	5	0	0.5	0.5	1	0.6	112.666666667
5	5	0	0.5	0.5	1	0.9	195.083333333
5	5	0	0.5	1	0	0	63.1666666667
5	5	0	0.5	1	0	0.3	77.3095238095
5	5	0	0.5	1	0	0.6	112.666666667
5	5	0	0.5	1	0	0.9	195.083333333
5	5	0	0.5	1	0.5	0	63.1666666667
5	5	0	0.5	1	0.5	0.3	77.3095238095
5	5	0	0.5	1	0.5	0.6	112.666666667
5	5	0	0.5	1	0.5	0.9	195.083333333
5	5	0	0.5	1	1	0	63.1666666667
5	5	0	0.5	1	1	0.3	77.3095238095
5	5	0	0.5	1	1	0.6	112.666666667
5	5	0	0.5	1	1	0.9	195.083333333
5	5	0	1	0	0	0	63.1666666667
5	5	0	1	0	0	0.3	77.3095238095
5	5	0	1	0	0	0.6	112.666666667
5	5	0	1	0	0	0.9	195.083333333
5	5	0	1	0	0.5	0	63.1666666667
5	5	0	1	0	0.5	0.3	77.3095238095
5	5	0	1	0	0.5	0.6	112.666666667
5	5	0	1	0	0.5	0.9	195.083333333
5	5	0	1	0	1	0	63.1666666667
5	5	0	1	0	1	0.3	77.3095238095
5	5	0	1	0	1	0.6	112.666666667
5	5	0	1	0	1	0.9	195.083333333
5	5	0	1	0.5	0	0	63.1666666667
5	5	0	1	0.5	0	0.3	77.3095238095
5	5	0	1	0.5	0	0.6	112.666666667
5	5	0	1	0.5	0	0.9	195.083333333
5	5	0	1	0.5	0.5	0	63.1666666667
5	5	0	1	0.5	0.5	0.3	77.3095238095
5	5	0	1	0.5	0.5	0.6	112.666666667
5	5	0	1	0.5	0.5	0.9	195.083333333
5	5	0	1	0.5	1	0	63.1666666667
5	5	0	1	0.5	1	0.3	77.3095238095
5	5	0	1	0.5	1	0.6	112.666666667
5	5	0	1	0.5	1	0.9	195.083333333
5	5	0	1	1	0	0	63.1666666667
5	5	0	1	1	0	0.3	77.3095238095
5	5	0	1	1	0	0.6	112.666666667
5	5	0	1	1	0	0.9	195.083333333
5	5	0	1	1	0.5	0	63.1666666667
5	5	0	1	1	0.5	0.3	77.3095238095
5	5	0	1	1	0.5	0.6	112.666666667
5	5	0	1	1	0.5	0.9	195.083333333
5	5	0	1	1	1	0	63.1666666667
5	5	0	1	1	1	0.3	77.3095238095
5	5	0	1	1	1	0.6	112.666666667
5	5	0	1	1	1	0.9	195.083333333
5	5	0.5	0	0	0	0	64.6666666667
5	5	0.5	0	0	0	0.3	79.4523809524
5	5	0.5	0	0	0	0.6	115.166666667
5	5	0.5	0	0	0	0.9	195.083333333
5	5	0.5	0	0	0.5	0	64.6666666667
5	5	0.5	0	0	0.5	0.3	79.4523809524
5	5	0.5	0	0	0.5	0.6	115.166666667
5	5	0.5	0	0	0.5	0.9	195.083333333
5	5	0.5	0	0	1	0	64.6666666667
5	5	0.5	0	0	1	0.3	79.4523809524
5	5	0.5	0	0	1	0.6	115.166666667
5	5	0.5	0	0	1	0.9	195.083333333
5	5	0.5	0	0.5	0	0	64.6666666667
5	5	0.5	0	0.5	0	0.3	79.4523809524
5	5	0.5	0	0.5	0	0.6	115.166666667
5	5	0.5	0	0.5	0	0.9	195.083333333
5	5	0.5	0	0.5	0.5	0	64.6666666667
5	5	0.5	0	0.5	0.5	0.3	79.4523809524
5	5	0.5	0	0.5	0.5	0.6	115.166666667
5	5	0.5	0	0.5	0.5	0.9	195.083333333
5	5	0.5	0	0.5	1	0	64.6666666667
5	5	0.5	0	0.5	1	0.3	79.4523809524
5	5	0.5	0	0.5	1	0.6	115.166666667
5	5	0.5	0	0.5	1	0.9	195.083333333
5	5	0.5	0	1	0	0	64.6666666667
5	5	0.5	0	1	0	0.3	79.4523809524
5	5	0.5	0	1	0	0.6	115.166666667
5	5	0.5	0	1	0	0.9	195.083333333
5	5	0.5	0	1	0.5	0	64.6666666667
5	5	0.5	0	1	0.5	0.3	79.4523809524
5	5	0.5	0	1	0.5	0.6	115.166666667
5	5	0.5	0	1	0.5	0.9	195.083333333
5	5	0.5	0	1	1	0	64.6666666667
5	5	0.5	0	1	1	0.3	79.4523809524
5	5	0.5	0	1	1	0.6	115.166666667
5	5	0.5	0	1	1	0.9	195.083333333
5	5	0.5	0.5	0	0	0	64.6666666667
5	5	0.5	0.5	0	0	0.3	79.4523809524
5	5	0.5	0.5	0	0	0.6	115.166666667
5	5	0.5	0.5	0	0	0.9	195.083333333
5	5	0.5	0.5	0	0.5	0	64.6666666667
5	5	0.5	0.5	0	0.5	0.3	79.4523809524
5	5	0.5	0.5	0	0.5	0.6	115.166666667
5	5	0.5	0.5	0	0.5	0.9	195.083333333
5	5	0.5	0.5	0	1	0	64.6666666667
5	5	0.5	0.5	0	1	0.3	79.4523809524
5	5	0.5	0.5	0	1	0.6	115.166666667
5	5	0.5	0.5	0	1	0.9	195.083333333
5	5	0.5	0.5	0.5	0	0	64.6666666667
5	5	0.5	0.5	0.5	0	0.3	79.4523809524
5	5	0.5	0.5	0.5	0	0.6	115.166666667
5	5	0.5	0.5	0.5	0	0.9	195.083333333
5	5	0.5	0.5	0.5	0.5	0	64.6666666667
5	5	0.5	0.5	0.5	0.5	0.3	79.4523809524
5	5	0.5	0.5	0.5	0.5	0.6	115.166666667
5	5	0.5	0.5	0.5	0.5	0.9	195.083333333
5	5	0.5	0.5	0.5	1	0	64.6666666667
5	5	0.5	0.5	0.5	1	0.3	79.4523809524
5	5	0.5	0.5	0.5	1	0.6	115.166666667
5	5	0.5	0.5	0.5	1	0.9	195.083333333
5	5	0.5	0.5	1	0	0	64.6666666667
5	5	0.5	0.5	1	0	0.3	79.4523809524
5	5	0.5	0.5	1	0	0.6	115.166666667
5	5	0.5	0.5	1	0	0.9	195.083333333
5	5	0.5	0.5	1	0.5	0	64.6666666667
5	5	0.5	0.5	1	0.5	0.3	79.4523809524
5	5	0.5	0.5	1	0.5	0.6	115.166666667
5	5	0.5	0.5	1	0.5	0.9	195.083333333
5	5	0.5	0.5	1	1	0	64.6666666667
5	5	0.5	0.5	1	1	0.3	79.4523809524
5	5	0.5	0.5	1	1	0.6	115.166666667
5	5	0.5	0.5	1	1	0.9	195.083333333
5	5	0.5	1	0	0	0	64.6666666667
5	5	0.5	1	0	0	0.3	79.4523809524
5	5	0.5	1	0	0	0.6	115.166666667
5	5	0.5	1	0	0	0.9	195.083333333
5	5	0.5	1	0	0.5	0	64.6666666667
5	5	0.5	1	0	0.5	0.3	79.4523809524
5	5	0.5	1	0	0.5	0.6	115.166666667
5	5	0.5	1	0	0.5	0.9	195.083333333
5	5	0.5	1	0	1	0	64.6666666667
5	5	0.5	1	0	1	0.3	79.4523809524
5	5	0.5	1	0	1	0.6	115.166666667
5	5	0.5	1	0	1	0.9	195.083333333
5	5	0.5	1	0.5	0	0	64.6666666667
5	5	0.5	1	0.5	0	0.3	79.4523809524
5	5	0.5	1	0.5	0	0.6	115.166666667
5	5	0.5	1	0.5	0	0.9	195.083333333
5	5	0.5	1	0.5	0.5	0	64.6666666667
5	5	0.5	1	0.5	0.5	0.3	79.4523809524
5	5	0.5	1	0.5	0.5	0.6	115.166666667
5	5	0.5	1	0.5	0.5	0.9	195.083333333
5	5	0.5	1	0.5	1	0	64.6666666667
5	5	0.5	1	0.5	1	0.3	79.4523809524
5	5	0.5	1	0.5	1	0.6	115.166666667
5	5	0.5	1	0.5	1	0.9	195.083333333
5	5	0.5	1	1	0	0	64.6666666667
5	5	0.5	1	1	0	0.3	79.4523809524
5	5	0.5	1	1	0	0.6	115.166666667
5	5	0.5	1	1	0	0.9	195.083333333
5	5	0.5	1	1	0.5	0	64.6666666667
5	5	0.5	1	1	0.5	0.3	79.4523809524
5	5	0.5	1	1	0.5	0.6	115.166666667
5	5	0.5	1	1	0.5	0.9	195.083333333
5	5	0.5	1	1	1	0	64.6666666667
5	5	0.5	1	1	1	0.3	79.4523809524
5	5	0.5	1	1	1	0.6	115.166666667
5	5	0.5	1	1	1	0.9	195.083333333
5	5	1	0	0	0	0	64.75
5	5	1	0	0	0	0.3	79.5357142857
5	5	1	0	0	0	0.6	116.5
5	5	1	0	0	0	0.9	195.083333333
5	5	1	0	0	0.5	0	64.75
5	5	1	0	0	0.5	0.3	79.5357142857
5	5	1	0	0	0.5	0.6	116.5
5	5	1	0	0	0.5	0.9	195.083333333
5	5	1	0	0	1	0	64.75
5	5	1	0	0	1	0.3	79.5357142857
5	5	1	0	0	1	0.6	116.5
5	5	1	0	0	1	0.9	195.083333333
5	5	1	0	0.5	0	0	64.75
5	5	1	0	0.5	0	0.3	79.5357142857
5	5	1	0	0.5	0	0.6	116.5
5	5	1	0	0.5	0	0.9	195.083333333
5	5	1	0	0.5	0.5	0	64.75
5	5	1	0	0.5	0.5	0.3	79.5357142857
5	5	1	0	0.5	0.5	0.6	116.5
5	5	1	0	0.5	0.5	0.9	195.083333333
5	5	1	0	0.5	1	0	64.75
5	5	1	0	0.5	1	0.3	79.5357142857
5	5	1	0	0.5	1	0.6	116.5
5	5	1	0	0.5	1	0.9	195.083333333
5	5	1	0	1	0	0	64.75
5	5	1	0	1	0	0.3	79.5357142857
5	5	1	0	1	0	0.6	116.5
5	5	1	0	1	0	0.9	195.083333333
5	5	1	0	1	0.5	0	64.75
5	5	1	0	1	0.5	0.3	79.5357142857
5	5	1	0	1	0.5	0.6	116.5
5	5	1	0	1	0.5	0.9	195.083333333
5	5	1	0	1	1	0	64.75
5	5	1	0	1	1	0.3	79.5357142857
5	5	1	0	1	1	0.6	116.5
5	5	1	0	1	1	0.9	195.083333333
5	5	1	0.5	0	0	0	66.1666666667
5	5	1	0.5	0	0	0.3	81.5952380952
5	5	1	0.5	0	0	0.6	117.666666667
5	5	1	0.5	0	0	0.9	195.083333333
5	5	1	0.5	0	0.5	0	66.1666666667
5	5	1	0.5	0	0.5	0.3	81.5952380952
5	5	1	0.5	0	0.5	0.6	117.666666667
5	5	1	0.5	0	0.5	0.9	195.083333333
5	5	1	0.5	0	1	0	66.1666666667
5	5	1	0.5	0	1	0.3	81.5952380952
5	5	1	0.5	0	1	0.6	117.666666667
5	5	1	0.5	0	1	0.9	195.083333333
5	5	1	0.5	0.5	0	0	66.1666666667
5	5	1	0.5	0.5	0	0.3	81.5952380952
5	5	1	0.5	0.5	0	0.6	117.666666667
5	5	1	0.5	0.5	0	0.9	195.083333333
5	5	1	0.5	0.5	0.5	0	66.1666666667
5	5	1	0.5	0.5	0.5	0.3	81.5952380952
5	5	1	0.5	0.5	0.5	0.6	117.666666667
5	5	1	0.5	0.5	0.5	0.9	195.083333333
5	5	1	0.5	0.5	1	0	66.1666666667
5	5	1	0.5	0.5	1	0.3	81.5952380952
5	5	1	0.5	0.5	1	0.6	117.666666667
5	5	1	0.5	0.5	1	0.9	195.083333333
5	5	1	0.5	1	0	0	66.1666666667
5	5	1	0.5	1	0	0.3	81.5952380952
5	5	1	0.5	1	0	0.6	117.666666667
5	5	1	0.5	1	0	0.9	195.083333333
5	5	1	0.5	1	0.5	0	66.1666666667
5	5	1	0.5	1	0.5	0.3	81.5952380952
5	5	1	0.5	1	0.5	0.6	117.666666667
5	5	1	0.5	1	0.5	0.9	195.083333333
5	5	1	0.5	1	1	0	66.1666666667
5	5	1	0.5	1	1	0.3	81.5952380952
5	5	1	0.5	1	1	0.6	117.666666667
5	5	1	0.5	1	1	0.9	195.083333333
5	5	1	1	0	0	0	66.1666666667
5	5	1	1	0	0	0.3	81.5952380952
5	5	1	1	0	0	0.6	117.666666667
5	5	1	1	0	0	0.9	195.083333333
5	5	1	1	0	0.5	0	66.1666666667
5	5	1	1	0	0.5	0.3	81.5952380952
5	5	1	1	0	0.5	0.6	117.666666667
5	5	1	1	0	0.5	0.9	195.083333333
5	5	1	1	0	1	0	66.1666666667
5	5	1	1	0	1	0.3	81.5952380952
5	5	1	1	0	1	0.6	117.666666667
5	5	1	1	0	1	0.9	195.083333333
5	5	1	1	0.5	0	0	66.1666666667
5	5	1	1	0.5	0	0.3	81.5952380952
5	5	1	1	0.5	0	0.6	117.666666667
5	5	1	1	0.5	0	0.9	195.083333333
5	5	1	1	0.5	0.5	0	66.1666666667
5	5	1	1	0.5	0.5	0.3	81.5952380952
5	5	1	1	0.5	0.5	0.6	117.666666667
5	5	1	1	0.5	0.5	0.9	195.083333333
5	5	1	1	0.5	1	0	66.1666666667
5	5	1	1	0.5	1	0.3	81.5952380952
5	5	1	1	0.5	1	0.6	117.666666667
5	5	1	1	0.5	1	0.9	195.083333333
5	5	1	1	1	0	0	66.1666666667
5	5	1	1	1	0	0.3	81.5952380952
5	5	1	1	1	0	0.6	117.666666667
5	5	1	1	1	0	0.9	195.083333333
5	5	1	1	1	0.5	0	66.1666666667
5	5	1	1	1	0.5	0.3	81.5952380952
5	5	1	1	1	0.5	0.6	117.666666667
5	5	1	1	1	0.5	0.9	195.083333333
5	5	1	1	1	1	0	66.1666666667
5	5	1	1	1	1	0.3	81.5952380952
5	5	1	1	1	1	0.6	117.666666667
5	5	1	1	1	1	0.9	195.083333333
5	10	0	0	0	0	0	63.1666666667
5	10	0	0	0	0	0.3	77.3095238095
5	10	0	0	0	0	0.6	112.666666667
5	10	0	0	0	0	0.9	195.083333333
5	10	0	0	0	0.5	0	63.1666666667
5	10	0	0	0	0.5	0.3	77.3095238095
5	10	0	0	0	0.5	0.6	112.666666667
5	10	0	0	0	0.5	0.9	195.083333333
5	10	0	0	0	1	0	63.1666666667
5	10	0	0	0	1	0.3	77.3095238095
5	10	0	0	0	1	0.6	112.666666667
5	10	0	0	0	1	0.9	195.083333333
5	10	0	0	0.5	0	0	63.1666666667
5	10	0	0	0.5	0	0.3	77.3095238095
5	10	0	0	0.5	0	0.6	112.666666667
5	10	0	0	0.5	0	0.9	195.083333333
5	10	0	0	0.5	0.5	0	63.1666666667
5	10	0	0	0.5	0.5	0.3	77.3095238095
5	10	0	0	0.5	0.5	0.6	112.666666667
5	10	0	0	0.5	0.5	0.9	195.083333333
5	10	0	0	0.5	1	0	63.1666666667
5	10	0	0	0.5	1	0.3	77.3095238095
5	10	0	0	0.5	1	0.6	112.666666667
5	10	0	0	0.5	1	0.9	195.083333333
5	10	0	0	1	0	0	63.1666666667
5	10	0	0	1	0	0.3	77.3095238095
5	10	0	0	1	0	0.6	112.666666667
5	10	0	0	1	0	0.9	195.083333333
5	10	0	0	1	0.5	0	63.1666666667
5	10	0	0	1	0.5	0.3	77.3095238095
5	10	0	0	1	0.5	0.6	112.666666667
5	10	0	0	1	0.5	0.9	195.083333333
5	10	0	0	1	1	0	63.1666666667
5	10	0	0	1	1	0.3	77.3095238095
5	10	0	0	1	1	0.6	112.666666667
5	10	0	0	1	1	0.9	195.083333333
5	10	0	0.5	0	0	0	63.1666666667
5	10	0	0.5	0	0	0.3	77.3095238095
5	10	0	0.5	0	0	0.6	112.666666667
5	10	0	0.5	0	0	0.9	195.083333333
5	10	0	0.5	0	0.5	0	63.1666666667
5	10	0	0.5	0	0.5	0.3	77.3095238095
5	10	0	0.5	0	0.5	0.6	112.666666667
5	10	0	0.5	0	0.5	0.9	195.083333333
5	10	0	0.5	0	1	0	63.1666666667
5	10	0	0.5	0	1	0.3	77.3095238095
5	10	0	0.5	0	1	0.6	112.666666667
5	10	0	0.5	0	1	0.9	195.083333333
5	10	0	0.5	0.5	0	0	63.1666666667
5	10	0	0.5	0.5	0	0.3	77.3095238095
5	10	0	0.5	0.5	0	0.6	112.666666667
5	10	0	0.5	0.5	0	0.9	195.083333333
5	10	0	0.5	0.5	0.5	0	63.1666666667
5	10	0	0.5	0.5	0.5	0.3	77.3095238095
5	10	0	0.5	0.5	0.5	0.6	112.666666667
5	10	0	0.5	0.5	0.5	0.9	195.083333333
5	10	0	0.5	0.5	1	0	63.1666666667
5	10	0	0.5	0.5	1	0.3	77.3095238095
5	10	0	0.5	0.5	1	0.6	112.666666667
5	10	0	0.5	0.5	1	0.9	195.083333333
5	10	0	0.5	1	0	0	63.1666666667
5	10	0	0.5	1	0	0.3	77.3095238095
5	10	0	0.5	1	0	0.6	112.666666667
5	10	0	0.5	1	0	0.9	195.083333333
5	10	0	0.5	1	0.5	0	63.1666666667
5	10	0	0.5	1	0.5	0.3	77.3095238095
5	10	0	0.5	1	0.5	0.6	112.666666667
5	10	0	0.5	1	0.5	0.9	195.083333333
5	10	0	0.5	1	1	0	63.1666666667
5	10	0	0.5	1	1	0.3	77.3095238095
5	10	0	0.5	1	1	0.6	112.666666667
5	10	0	0.5	1	1	0.9	195.083333333
5	10	0	1	0	0	0	63.1666666667
5	10	0	1	0	0	0.3	77.3095238095
5	10	0	1	0	0	0.6	112.666666667
5	10	0	1	0	0	0.9	195.083333333
5	10	0	1	0	0.5	0	63.1666666667
5	10	0	1	0	0.5	0.3	77.3095238095
5	10	0	1	0	0.5	0.6	112.666666667
5	10	0	1	0	0.5	0.9	195.083333333
5	10	0	1	0	1	0	63.1666666667
5	10	0	1	0	1	0.3	77.3095238095
5	10	0	1	0	1	0.6	112.666666667
5	10	0	1	0	1	0.9	195.083333333
5	10	0	1	0.5	0	0	63.1666666667
5	10	0	1	0.5	0	0.3	77.3095238095
5	10	0	1	0.5	0	0.6	112.666666667
5	10	0	1	0.5	0	0.9	195.083333333
5	10	0	1	0.5	0.5	0	63.1666666667
5	10	0	1	0.5	0.5	0.3	77.3095238095
5	10	0	1	0.5	0.5	0.6	112.666666667
5	10	0	1	0.5	0.5	0.9	195.083333333
5	10	0	1	0.5	1	0	63.1666666667
5	10	0	1	0.5	1	0.3	77.3095238095
5	10	0	1	0.5	1	0.6	112.666666667
5	10	0	1	0.5	1	0.9	195.083333333
5	10	0	1	1	0	0	63.1666666667
5	10	0	1	1	0	0.3	77.3095238095
5	10	0	1	1	0	0.6	112.666666667
5	10	0	1	1	0	0.9	195.083333333
5	10	0	1	1	0.5	0	63.1666666667
5	10	0	1	1	0.5	0.3	77.3095238095
5	10	0	1	1	0.5	0.6	112.666666667
5	10	0	1	1	0.5	0.9	195.083333333
5	10	0	1	1	1	0	63.1666666667
5	10	0	1	1	1	0.3	77.3095238095
5	10	0	1	1	1	0.6	112.666666667
5	10	0	1	1	1	0.9	195.083333333
5	10	0.5	0	0	0	0	64.6666666667
5	10	0.5	0	0	0	0.3	79.4523809524
5	10	0.5	0	0	0	0.6	116.416666667
5	10	0.5	0	0	0	0.9	195.083333333
5	10	0.5	0	0	0.5	0	64.6666666667
5	10	0.5	0	0	0.5	0.3	79.4523809524
5	10	0.5	0	0	0.5	0.6	116.416666667
5	10	0.5	0	0	0.5	0.9	195.083333333
5	10	0.5	0	0	1	0	64.6666666667
5	10	0.5	0	0	1	0.3	79.4523809524
5	10	0.5	0	0	1	0.6	116.416666667
5	10	0.5	0	0	1	0.9	195.083333333
5	10	0.5	0	0.5	0	0	64.6666666667
5	10	0.5	0	0.5	0	0.3	79.4523809524
5	10	0.5	0	0.5	0	0.6	116.416666667
5	10	0.5	0	0.5	0	0.9	195.083333333
5	10	0.5	0	0.5	0.5	0	64.6666666667
5	10	0.5	0	0.5	0.5	0.3	79.4523809524
5	10	0.5	0	0.5	0.5	0.6	116.416666667
5	10	0.5	0	0.5	0.5	0.9	195.083333333
5	10	0.5	0	0.5	1	0	64.6666666667
5	10	0.5	0	0.5	1	0.3	79.4523809524
5	10	0.5	0	0.5	1	0.6	116.416666667
5	10	0.5	0	0.5	1	0.9	195.083333333
5	10	0.5	0	1	0	0	64.6666666667
5	10	0.5	0	1	0	0.3	79.4523809524
5	10	0.5	0	1	0	0.6	116.416666667
5	10	0.5	0	1	0	0.9	195.083333333
5	10	0.5	0	1	0.5	0	64.6666666667
5	10	0.5	0	1	0.5	0.3	79.4523809524
5	10	0.5	0	1	0.5	0.6	116.416666667
5	10	0.5	0	1	0.5	0.9	195.083333333
5	10	0.5	0	1	1	0	64.6666666667
5	10	0.5	0	1	1	0.3	79.4523809524
5	10	0.5	0	1	1	0.6	116.416666667
5	10	0.5	0	1	1	0.9	195.083333333
5	10	0.5	0.5	0	0	0	64.6666666667
5	10	0.5	0.5	0	0	0.3	79.4523809524
5	10	0.5	0.5	0	0	0.6	116.416666667
5	10	0.5	0.5	0	0	0.9	195.083333333
5	10	0.5	0.5	0	0.5	0	64.6666666667
5	10	0.5	0.5	0	0.5	0.3	79.4523809524
5	10	0.5	0.5	0	0.5	0.6	116.416666667
5	10	0.5	0.5	0	0.5	0.9	195.083333333
5	10	0.5	0.5	0	1	0	64.6666666667
5	10	0.5	0.5	0	1	0.3	79.4523809524
5	10	0.5	0.5	0	1	0.6	116.416666667
5	10	0.5	0.5	0	1	0.9	195.083333333
5	10	0.5	0.5	0.5	0	0	64.6666666667
5	10	0.5	0.5	0.5	0	0.3	79.4523809524
5	10	0.5	0.5	0.5	0	0.6	116.416666667
5	10	0.5	0.5	0.5	0	0.9	195.083333333
5	10	0.5	0.5	0.5	0.5	0	64.6666666667
5	10	0.5	0.5	0.5	0.5	0.3	79.4523809524
5	10	0.5	0.5	0.5	0.5	0.6	116.416666667
5	10	0.5	0.5	0.5	0.5	0.9	195.083333333
5	10	0.5	0.5	0.5	1	0	64.6666666667
5	10	0.5	0.5	0.5	1	0.3	79.4523809524
5	10	0.5	0.5	0.5	1	0.6	116.416666667
5	10	0.5	0.5	0.5	1	0.9	195.083333333
5	10	0.5	0.5	1	0	0	64.6666666667
5	10	0.5	0.5	1	0	0.3	79.4523809524
5	10	0.5	0.5	1	0	0.6	116.416666667
5	10	0.5	0.5	1	0	0.9	195.083333333
5	10	0.5	0.5	1	0.5	0	64.6666666667
5	10	0.5	0.5	1	0.5	0.3	79.4523809524
5	10	0.5	0.5	1	0.5	0.6	116.416666667
5	10	0.5	0.5	1	0.5	0.9	195.083333333
5	10	0.5	0.5	1	1	0	64.6666666667
5	10	0.5	0.5	1	1	0.3	79.4523809524
5	10	0.5	0.5	1	1	0.6	116.416666667
5	10	0.5	0.5	1	1	0.9	195.083333333
5	10	0.5	1	0	0	0	64.6666666667
5	10	0.5	1	0	0	0.3	79.4523809524
5	10	0.5	1	0	0	0.6	116.416666667
5	10	0.5	1	0	0	0.9	195.083333333
5	10	0.5	1	0	0.5	0	64.6666666667
5	10	0.5	1	0	0.5	0.3	79.4523809524
5	10	0.5	1	0	0.5	0.6	116.416666667
5	10	0.5	1	0	0.5	0.9	195.083333333
5	10	0.5	1	0	1	0	64.6666666667
5	10	0.5	1	0	1	0.3	79.4523809524
5	10	0.5	1	0	1	0.6	116.416666667
5	10	0.5	1	0	1	0.9	195.083333333
5	10	0.5	1	0.5	0	0	64.6666666667
5	10	0.5	1	0.5	0	0.3	79.4523809524
5	10	0.5	1	0.5	0	0.6	116.416666667
5	10	0.5	1	0.5	0	0.9	195.083333333
5	10	0.5	1	0.5	0.5	0	64.6666666667
5	10	0.5	1	0.5	0.5	0.3	79.4523809524
5	10	0.5	1	0.5	0.5	0.6	116.416666667
5	10	0.5	1	0.5	0.5	0.9	195.083333333
5	10	0.5	1	0.5	1	0	64.6666666667
5	10	0.5	1	0.5	1	0.3	79.4523809524
5	10	0.5	1	0.5	1	0.6	116.416666667
5	10	0.5	1	0.5	1	0.9	195.083333333
5	10	0.5	1	1	0	0	64.6666666667
5	10	0.5	1	1	0	0.3	79.4523809524
5	10	0.5	1	1	0	0.6	116.416666667
5	10	0.5	1	1	0	0.9	195.083333333
5	10	0.5	1	1	0.5	0	64.6666666667
5	10	0.5	1	1	0.5	0.3	79.4523809524
5	10	0.5	1	1	0.5	0.6	116.416666667
5	10	0.5	1	1	0.5	0.9	195.083333333
5	10	0.5	1	1	1	0	64.6666666667
5	10	0.5	1	1	1	0.3	79.4523809524
5	10	0.5	1	1	1	0.6	116.416666667
5	10	0.5	1	1	1	0.9	195.083333333
5	10	1	0	0	0	0	64.75
5	10	1	0	0	0	0.3	79.5357142857
5	10	1	0	0	0	0.6	116.5
5	10	1	0	0	0	0.9	195.083333333
5	10	1	0	0	0.5	0	64.75
5	10	1	0	0	0.5	0.3	79.5357142857
5	10	1	0	0	0.5	0.6	116.5
5	10	1	0	0	0.5	0.9	195.083333333
5	10	1	0	0	1	0	64.75
5	10	1	0	0	1	0.3	79.5357142857
5	10	1	0	0	1	0.6	116.5
5	10	1	0	0	1	0.9	195.083333333
5	10	1	0	0.5	0	0	64.75
5	10	1	0	0.5	0	0.3	79.5357142857
5	10	1	0	0.5	0	0.6	116.5
5	10	1	0	0.5	0	0.9	195.083333333
5	10	1	0	0.5	0.5	0	64.75
5	10	1	0	0.5	0.5	0.3	79.5357142857
5	10	1	0	0.5	0.5	0.6	116.5
5	10	1	0	0.5	0.5	0.9	195.083333333
5	10	1	0	0.5	1	0	64.75
5	10	1	0	0.5	1	0.3	79.5357142857
5	10	1	0	0.5	1	0.6	116.5
5	10	1	0	0.5	1	0.9	195.083333333
5	10	1	0	1	0	0	64.75
5	10	1	0	1	0	0.3	79.5357142857
5	10	1	0	1	0	0.6	116.5
5	10	1	0	1	0	0.9	195.083333333
5	10	1	0	1	0.5	0	64.75
5	10	1	0	1	0.5	0.3	79.5357142857
5	10	1	0	1	0.5	0.6	116.5
5	10	1	0	1	0.5	0.9	195.083333333
5	10	1	0	1	1	0	64.75
5	10	1	0	1	1	0.3	79.5357142857
5	10	1	0	1	1	0.6	116.5
5	10	1	0	1	1	0.9	195.083333333
5	10	1	0.5	0	0	0	66.1666666667
5	10	1	0.5	0	0	0.3	81.5952380952
5	10	1	0.5	0	0	0.6	120.166666667
5	10	1	0.5	0	0	0.9	195.083333333
5	10	1	0.5	0	0.5	0	66.1666666667
5	10	1	0.5	0	0.5	0.3	81.5952380952
5	10	1	0.5	0	0.5	0.6	120.166666667
5	10	1	0.5	0	0.5	0.9	195.083333333
5	10	1	0.5	0	1	0	66.1666666667
5	10	1	0.5	0	1	0.3	81.5952380952
5	10	1	0.5	0	1	0.6	120.166666667
5	10	1	0.5	0	1	0.9	195.083333333
5	10	1	0.5	0.5	0	0	66.1666666667
5	10	1	0.5	0.5	0	0.3	81.5952380952
5	10	1	0.5	0.5	0	0.6	120.166666667
5	10	1	0.5	0.5	0	0.9	195.083333333
5	10	1	0.5	0.5	0.5	0	66.1666666667
5	10	1	0.5	0.5	0.5	0.3	81.5952380952
5	10	1	0.5	0.5	0.5	0.6	120.166666667
5	10	1	0.5	0.5	0.5	0.9	195.083333333
5	10	1	0.5	0.5	1	0	66.1666666667
5	10	1	0.5	0.5	1	0.3	81.5952380952
5	10	1	0.5	0.5	1	0.6	120.166666667
5	10	1	0.5	0.5	1	0.9	195.083333333
5	10	1	0.5	1	0	0	66.1666666667
5	10	1	0.5	1	0	0.3	81.5952380952
5	10	1	0.5	1	0	0.6	120.166666667
5	10	1	0.5	1	0	0.9	195.083333333
5	10	1	0.5	1	0.5	0	66.1666666667
5	10	1	0.5	1	0.5	0.3	81.5952380952
5	10	1	0.5	1	0.5	0.6	120.166666667
5	10	1	0.5	1	0.5	0.9	195.083333333
5	10	1	0.5	1	1	0	66.1666666667
5	10	1	0.5	1	1	0.3	81.5952380952
5	10	1	0.5	1	1	0.6	120.166666667
5	10	1	0.5	1	1	0.9	195.083333333
5	10	1	1	0	0	0	66.1666666667
5	10	1	1	0	0	0.3	81.5952380952
5	10	1	1	0	0	0.6	120.166666667
5	10	1	1	0	0	0.9	195.083333333
5	10	1	1	0	0.5	0	66.1666666667
5	10	1	1	0	0.5	0.3	81.5952380952
5	10	1	1	0	0.5	0.6	120.166666667
5	10	1	1	0	0.5	0.9	195.083333333
5	10	1	1	0	1	0	66.1666666667
5	10	1	1	0	1	0.3	81.5952380952
5	10	1	1	0	1	0.6	120.166666667
5	10	1	1	0	1	0.9	195.083333333
5	10	1	1	0.5	0	0	66.1666666667
5	10	1	1	0.5	0	0.3	81.5952380952
5	10	1	1	0.5	0	0.6	120.166666667
5	10	1	1	0.5	0	0.9	195.083333333
5	10	1	1	0.5	0.5	0	66.1666666667
5	10	1	1	0.5	0.5	0.3	81.5952380952
5	10	1	1	0.5	0.5	0.6	120.166666667
5	10	1	1	0.5	0.5	0.9	195.083333333
5	10	1	1	0.5	1	0	66.1666666667
5	10	1	1	0.5	1	0.3	81.5952380952
5	10	1	1	0.5	1	0.6	120.166666667
5	10	1	1	0.5	1	0.9	195.083333333
5	10	1	1	1	0	0	66.1666666667
5	10	1	1	1	0	0.3	81.5952380952
5	10	1	1	1	0	0.6	120.166666667
5	10	1	1	1	0	0.9	195.083333333
5	10	1	1	1	0.5	0	66.1666666667
5	10	1	1	1	0.5	0.3	81.5952380952
5	10	1	1	1	0.5	0.6	120.166666667
5	10	1	1	1	0.5	0.9	195.083333333
5	10	1	1	1	1	0	66.1666666667
5	10	1	1	1	1	0.3	81.5952380952
5	10	1	1	1	1	0.6	120.166666667
5	10	1	1	1	1	0.9	195.083333333
5	15	0	0	0	0	0	63.1666666667
5	15	0	0	0	0	0.3	77.3095238095
5	15	0	0	0	0	0.6	112.666666667
5	15	0	0	0	0	0.9	195.083333333
5	15	0	0	0	0.5	0	63.1666666667
5	15	0	0	0	0.5	0.3	77.3095238095
5	15	0	0	0	0.5	0.6	112.666666667
5	15	0	0	0	0.5	0.9	195.083333333
5	15	0	0	0	1	0	63.1666666667
5	15	0	0	0	1	0.3	77.3095238095
5	15	0	0	0	1	0.6	112.666666667
5	15	0	0	0	1	0.9	195.083333333
5	15	0	0	0.5	0	0	63.1666666667
5	15	0	0	0.5	0	0.3	77.3095238095
5	15	0	0	0.5	0	0.6	112.666666667
5	15	0	0	0.5	0	0.9	195.083333333
5	15	0	0	0.5	0.5	0	63.1666666667
5	15	0	0	0.5	0.5	0.3	77.3095238095
5	15	0	0	0.5	0.5	0.6	112.666666667
5	15	0	0	0.5	0.5	0.9	195.083333333
5	15	0	0	0.5	1	0	63.1666666667
5	15	0	0	0.5	1	0.3	77.3095238095
5	15	0	0	0.5	1	0.6	112.666666667
5	15	0	0	0.5	1	0.9	195.083333333
5	15	0	0	1	0	0	63.1666666667
5	15	0	0	1	0	0.3	77.3095238095
5	15	0	0	1	0	0.6	112.666666667
5	15	0	0	1	0	0.9	195.083333333
5	15	0	0	1	0.5	0	63.1666666667
5	15	0	0	1	0.5	0.3	77.3095238095
5	15	0	0	1	0.5	0.6	112.666666667
5	15	0	0	1	0.5	0.9	195.083333333
5	15	0	0	1	1	0	63.1666666667
5	15	0	0	1	1	0.3	77.3095238095
5	15	0	0	1	1	0.6	112.666666667
5	15	0	0	1	1	0.9	195.083333333
5	15	0	0.5	0	0	0	63.1666666667
5	15	0	0.5	0	0	0.3	77.3095238095
5	15	0	0.5	0	0	0.6	112.666666667
5	15	0	0.5	0	0	0.9	195.083333333
5	15	0	0.5	0	0.5	0	63.1666666667
5	15	0	0.5	0	0.5	0.3	77.3095238095
5	15	0	0.5	0	0.5	0.6	112.666666667
5	15	0	0.5	0	0.5	0.9	195.083333333
5	15	0	0.5	0	1	0	63.1666666667
5	15	0	0.5	0	1	0.3	77.3095238095
5	15	0	0.5	0	1	0.6	112.666666667
5	15	0	0.5	0	1	0.9	195.083333333
5	15	0	0.5	0.5	0	0	63.1666666667
5	15	0	0.5	0.5	0	0.3	77.3095238095
5	15	0	0.5	0.5	0	0.6	112.666666667
5	15	0	0.5	0.5	0	0.9	195.083333333
5	15	0	0.5	0.5	0.5	0	63.1666666667
5	15	0	0.5	0.5	0.5	0.3	77.3095238095
5	15	0	0.5	0.5	0.5	0.6	112.666666667
5	15	0	0.5	0.5	0.5	0.9	195.083333333
5	15	0	0.5	0.5	1	0	63.1666666667
5	15	0	0.5	0.5	1	0.3	77.3095238095
5	15	0	0.5	0.5	1	0.6	112.666666667
5	15	0	0.5	0.5	1	0.9	195.083333333
5	15	0	0.5	1	0	0	63.1666666667
5	15	0	0.5	1	0	0.3	77.3095238095
5	15	0	0.5	1	0	0.6	112.666666667
5	15	0	0.5	1	0	0.9	195.083333333
5	15	0	0.5	1	0.5	0	63.1666666667
5	15	0	0.5	1	0.5	0.3	77.3095238095
5	15	0	0.5	1	0.5	0.6	112.666666667
5	15	0	0.5	1	0.5	0.9	195.083333333
5	15	0	0.5	1	1	0	63.1666666667
5	15	0	0.5	1	1	0.3	77.3095238095
5	15	0	0.5	1	1	0.6	112.666666667
5	15	0	0.5	1	1	0.9	195.083333333
5	15	0	1	0	0	0	63.1666666667
5	15	0	1	0	0	0.3	77.3095238095
5	15	0	1	0	0	0.6	112.666666667
5	15	0	1	0	0	0.9	195.083333333
5	15	0	1	0	0.5	0	63.1666666667
5	15	0	1	0	0.5	0.3	77.3095238095
5	15	0	1	0	0.5	0.6	112.666666667
5	15	0	1	0	0.5	0.9	195.083333333
5	15	0	1	0	1	0	63.1666666667
5	15	0	1	0	1	0.3	77.3095238095
5	15	0	1	0	1	0.6	112.666666667
5	15	0	1	0	1	0.9	195.083333333
5	15	0	1	0.5	0	0	63.1666666667
5	15	0	1	0.5	0	0.3	77.3095238095
5	15	0	1	0.5	0	0.6	112.666666667
5	15	0	1	0.5	0	0.9	195.083333333
5	15	0	1	0.5	0.5	0	63.1666666667
5	15	0	1	0.5	0.5	0.3	77.3095238095
5	15	0	1	0.5	0.5	0.6	112.666666667
5	15	0	1	0.5	0.5	0.9	195.083333333
5	15	0	1	0.5	1	0	63.1666666667
5	15	0	1	0.5	1	0.3	77.3095238095
5	15	0	1	0.5	1	0.6	112.666666667
5	15	0	1	0.5	1	0.9	195.083333333
5	15	0	1	1	0	0	63.1666666667
5	15	0	1	1	0	0.3	77.3095238095
5	15	0	1	1	0	0.6	112.666666667
5	15	0	1	1	0	0.9	195.083333333
5	15	0	1	1	0.5	0	63.1666666667
5	15	0	1	1	0.5	0.3	77.3095238095
5	15	0	1	1	0.5	0.6	112.666666667
5	15	0	1	1	0.5	0.9	195.083333333
5	15	0	1	1	1	0	63.1666666667
5	15	0	1	1	1	0.3	77.3095238095
5	15	0	1	1	1	0.6	112.666666667
5	15	0	1	1	1	0.9	195.083333333
5	15	0.5	0	0	0	0	64.6666666667
5	15	0.5	0	0	0	0.3	79.4523809524
5	15	0.5	0	0	0	0.6	116.416666667
5	15	0.5	0	0	0	0.9	195.083333333
5	15	0.5	0	0	0.5	0	64.6666666667
5	15	0.5	0	0	0.5	0.3	79.4523809524
5	15	0.5	0	0	0.5	0.6	116.416666667
5	15	0.5	0	0	0.5	0.9	195.083333333
5	15	0.5	0	0	1	0	64.6666666667
5	15	0.5	0	0	1	0.3	79.4523809524
5	15	0.5	0	0	1	0.6	116.416666667
5	15	0.5	0	0	1	0.9	195.083333333
5	15	0.5	0	0.5	0	0	64.6666666667
5	15	0.5	0	0.5	0	0.3	79.4523809524
5	15	0.5	0	0.5	0	0.6	116.416666667
5	15	0.5	0	0.5	0	0.9	195.083333333
5	15	0.5	0	0.5	0.5	0	64.6666666667
5	15	0.5	0	0.5	0.5	0.3	79.4523809524
5	15	0.5	0	0.5	0.5	0.6	116.416666667
5	15	0.5	0	0.5	0.5	0.9	195.083333333
5	15	0.5	0	0.5	1	0	64.6666666667
5	15	0.5	0	0.5	1	0.3	79.4523809524
5	15	0.5	0	0.5	1	0.6	116.416666667
5	15	0.5	0	0.5	1	0.9	195.083333333
5	15	0.5	0	1	0	0	64.6666666667
5	15	0.5	0	1	0	0.3	79.4523809524
5	15	0.5	0	1	0	0.6	116.416666667
5	15	0.5	0	1	0	0.9	195.083333333
5	15	0.5	0	1	0.5	0	64.6666666667
5	15	0.5	0	1	0.5	0.3	79.4523809524
5	15	0.5	0	1	0.5	0.6	116.416666667
5	15	0.5	0	1	0.5	0.9	195.083333333
5	15	0.5	0	1	1	0	64.6666666667
5	15	0.5	0	1	1	0.3	79.4523809524
5	15	0.5	0	1	1	0.6	116.416666667
5	15	0.5	0	1	1	0.9	195.083333333
5	15	0.5	0.5	0	0	0	64.6666666667
5	15	0.5	0.5	0	0	0.3	79.4523809524
5	15	0.5	0.5	0	0	0.6	116.416666667
5	15	0.5	0.5	0	0	0.9	195.083333333
5	15	0.5	0.5	0	0.5	0	64.6666666667
5	15	0.5	0.5	0	0.5	0.3	79.4523809524
5	15	0.5	0.5	0	0.5	0.6	116.416666667
5	15	0.5	0.5	0	0.5	0.9	195.083333333
5	15	0.5	0.5	0	1	0	64.6666666667
5	15	0.5	0.5	0	1	0.3	79.4523809524
5	15	0.5	0.5	0	1	0.6	116.416666667
5	15	0.5	0.5	0	1	0.9	195.083333333
5	15	0.5	0.5	0.5	0	0	64.6666666667
5	15	0.5	0.5	0.5	0	0.3	79.4523809524
5	15	0.5	0.5	0.5	0	0.6	116.416666667
5	15	0.5	0.5	0.5	0	0.9	195.083333333
5	15	0.5	0.5	0.5	0.5	0	64.6666666667
5	15	0.5	0.5	0.5	0.5	0.3	79.4523809524
5	15	0.5	0.5	0.5	0.5	0.6	116.416666667
5	15	0.5	0.5	0.5	0.5	0.9	195.083333333
5	15	0.5	0.5	0.5	1	0	64.6666666667
5	15	0.5	0.5	0.5	1	0.3	79.4523809524
5	15	0.5	0.5	0.5	1	0.6	116.416666667
5	15	0.5	0.5	0.5	1	0.9	195.083333333
5	15	0.5	0.5	1	0	0	64.6666666667
5	15	0.5	0.5	1	0	0.3	79.4523809524
5	15	0.5	0.5	1	0	0.6	116.416666667
5	15	0.5	0.5	1	0	0.9	195.083333333
5	15	0.5	0.5	1	0.5	0	64.6666666667
5	15	0.5	0.5	1	0.5	0.3	79.4523809524
5	15	0.5	0.5	1	0.5	0.6	116.416666667
5	15	0.5	0.5	1	0.5	0.9	195.083333333
5	15	0.5	0.5	1	1	0	64.6666666667
5	15	0.5	0.5	1	1	0.3	79.4523809524
5	15	0.5	0.5	1	1	0.6	116.416666667
5	15	0.5	0.5	1	1	0.9	195.083333333
5	15	0.5	1	0	0	0	64.6666666667
5	15	0.5	1	0	0	0.3	79.4523809524
5	15	0.5	1	0	0	0.6	116.416666667
5	15	0.5	1	0	0	0.9	195.083333333
5	15	0.5	1	0	0.5	0	64.6666666667
5	15	0.5	1	0	0.5	0.3	79.4523809524
5	15	0.5	1	0	0.5	0.6	116.416666667
5	15	0.5	1	0	0.5	0.9	195.083333333
5	15	0.5	1	0	1	0	64.6666666667
5	15	0.5	1	0	1	0.3	79.4523809524
5	15	0.5	1	0	1	0.6	116.416666667
5	15	0.5	1	0	1	0.9	195.083333333
5	15	0.5	1	0.5	0	0	64.6666666667
5	15	0.5	1	0.5	0	0.3	79.4523809524
5	15	0.5	1	0.5	0	0.6	116.416666667
5	15	0.5	1	0.5	0	0.9	195.083333333
5	15	0.5	1	0.5	0.5	0	64.6666666667
5	15	0.5	1	0.5	0.5	0.3	79.4523809524
5	15	0.5	1	0.5	0.5	0.6	116.416666667
5	15	0.5	1	0.5	0.5	0.9	195.083333333
5	15	0.5	1	0.5	1	0	64.6666666667
5	15	0.5	1	0.5	1	0.3	79.4523809524
5	15	0.5	1	0.5	1	0.6	116.416666667
5	15	0.5	1	0.5	1	0.9	195.083333333
5	15	0.5	1	1	0	0	64.6666666667
5	15	0.5	1	1	0	0.3	79.4523809524
5	15	0.5	1	1	0	0.6	116.416666667
5	15	0.5	1	1	0	0.9	195.083333333
5	15	0.5	1	1	0.5	0	64.6666666667
5	15	0.5	1	1	0.5	0.3	79.4523809524
5	15	0.5	1	1	0.5	0.6	116.416666667
5	15	0.5	1	1	0.5	0.9	195.083333333
5	15	0.5	1	1	1	0	64.6666666667
5	15	0.5	1	1	1	0.3	79.4523809524
5	15	0.5	1	1	1	0.6	116.416666667
5	15	0.5	1	1	1	0.9	195.083333333
5	15	1	0	0	0	0	64.75
5	15	1	0	0	0	0.3	79.5357142857
5	15	1	0	0	0	0.6	116.5
5	15	1	0	0	0	0.9	195.083333333
5	15	1	0	0	0.5	0	64.75
5	15	1	0	0	0.5	0.3	79.5357142857
5	15	1	0	0	0.5	0.6	116.5
5	15	1	0	0	0.5	0.9	195.083333333
5	15	1	0	0	1	0	64.75
5	15	1	0	0	1	0.3	79.5357142857
5	15	1	0	0	1	0.6	116.5
5	15	1	0	0	1	0.9	195.083333333
5	15	1	0	0.5	0	0	64.75
5	15	1	0	0.5	0	0.3	79.5357142857
5	15	1	0	0.5	0	0.6	116.5
5	15	1	0	0.5	0	0.9	195.083333333
5	15	1	0	0.5	0.5	0	64.75
5	15	1	0	0.5	0.5	0.3	79.5357142857
5	15	1	0	0.5	0.5	0.6	116.5
5	15	1	0	0.5	0.5	0.9	195.083333333
5	15	1	0	0.5	1	0	64.75
5	15	1	0	0.5	1	0.3	79.5357142857
5	15	1	0	0.5	1	0.6	116.5
5	15	1	0	0.5	1	0.9	195.083333333
5	15	1	0	1	0	0	64.75
5	15	1	0	1	0	0.3	79.5357142857
5	15	1	0	1	0	0.6	116.5
5	15	1	0	1	0	0.9	195.083333333
5	15	1	0	1	0.5	0	64.75
5	15	1	0	1	0.5	0.3	79.5357142857
5	15	1	0	1	0.5	0.6	116.5
5	15	1	0	1	0.5	0.9	195.083333333
5	15	1	0	1	1	0	64.75
5	15	1	0	1	1	0.3	79.5357142857
5	15	1	0	1	1	0.6	116.5
5	15	1	0	1	1	0.9	195.083333333
5	15	1	0.5	0	0	0	66.1666666667
5	15	1	0.5	0	0	0.3	81.5952380952
5	15	1	0.5	0	0	0.6	120.166666667
5	15	1	0.5	0	0	0.9	195.083333333
5	15	1	0.5	0	0.5	0	66.1666666667
5	15	1	0.5	0	0.5	0.3	81.5952380952
5	15	1	0.5	0	0.5	0.6	120.166666667
5	15	1	0.5	0	0.5	0.9	195.083333333
5	15	1	0.5	0	1	0	66.1666666667
5	15	1	0.5	0	1	0.3	81.5952380952
5	15	1	0.5	0	1	0.6	120.166666667
5	15	1	0.5	0	1	0.9	195.083333333
5	15	1	0.5	0.5	0	0	66.1666666667
5	15	1	0.5	0.5	0	0.3	81.5952380952
5	15	1	0.5	0.5	0	0.6	120.166666667
5	15	1	0.5	0.5	0	0.9	195.083333333
5	15	1	0.5	0.5	0.5	0	66.1666666667
5	15	1	0.5	0.5	0.5	0.3	81.5952380952
5	15	1	0.5	0.5	0.5	0.6	120.166666667
5	15	1	0.5	0.5	0.5	0.9	195.083333333
5	15	1	0.5	0.5	1	0	66.1666666667
5	15	1	0.5	0.5	1	0.3	81.5952380952
5	15	1	0.5	0.5	1	0.6	120.166666667
5	15	1	0.5	0.5	1	0.9	195.083333333
5	15	1	0.5	1	0	0	66.1666666667
5	15	1	0.5	1	0	0.3	81.5952380952
5	15	1	0.5	1	0	0.6	120.166666667
5	15	1	0.5	1	0	0.9	195.083333333
5	15	1	0.5	1	0.5	0	66.1666666667
5	15	1	0.5	1	0.5	0.3	81.5952380952
5	15	1	0.5	1	0.5	0.6	120.166666667
5	15	1	0.5	1	0.5	0.9	195.083333333
5	15	1	0.5	1	1	0	66.1666666667
5	15	1	0.5	1	1	0.3	81.5952380952
5	15	1	0.5	1	1	0.6	120.166666667
5	15	1	0.5	1	1	0.9	195.083333333
5	15	1	1	0	0	0	66.1666666667
5	15	1	1	0	0	0.3	81.5952380952
5	15	1	1	0	0	0.6	120.166666667
5	15	1	1	0	0	0.9	195.083333333
5	15	1	1	0	0.5	0	66.1666666667
5	15	1	1	0	0.5	0.3	81.5952380952
5	15	1	1	0	0.5	0.6	120.166666667
5	15	1	1	0	0.5	0.9	195.083333333
5	15	1	1	0	1	0	66.1666666667
5	15	1	1	0	1	0.3	81.5952380952
5	15	1	1	0	1	0.6	120.166666667
5	15	1	1	0	1	0.9	195.083333333
5	15	1	1	0.5	0	0	66.1666666667
5	15	1	1	0.5	0	0.3	81.5952380952
5	15	1	1	0.5	0	0.6	120.166666667
5	15	1	1	0.5	0	0.9	195.083333333
5	15	1	1	0.5	0.5	0	66.1666666667
5	15	1	1	0.5	0.5	0.3	81.5952380952
5	15	1	1	0.5	0.5	0.6	120.166666667
5	15	1	1	0.5	0.5	0.9	195.083333333
5	15	1	1	0.5	1	0	66.1666666667
5	15	1	1	0.5	1	0.3	81.5952380952
5	15	1	1	0.5	1	0.6	120.166666667
5	15	1	1	0.5	1	0.9	195.083333333
5	15	1	1	1	0	0	66.1666666667
5	15	1	1	1	0	0.3	81.5952380952
5	15	1	1	1	0	0.6	120.166666667
5	15	1	1	1	0	0.9	195.083333333
5	15	1	1	1	0.5	0	66.1666666667
5	15	1	1	1	0.5	0.3	81.5952380952
5	15	1	1	1	0.5	0.6	120.166666667
5	15	1	1	1	0.5	0.9	195.083333333
5	15	1	1	1	1	0	66.1666666667
5	15	1	1	1	1	0.3	81.5952380952
5	15	1	1	1	1	0.6	120.166666667
5	15	1	1	1	1	0.9	195.083333333
5	20	0	0	0	0	0	63.1666666667
5	20	0	0	0	0	0.3	77.3095238095
5	20	0	0	0	0	0.6	112.666666667
5	20	0	0	0	0	0.9	195.083333333
5	20	0	0	0	0.5	0	63.1666666667
5	20	0	0	0	0.5	0.3	77.3095238095
5	20	0	0	0	0.5	0.6	112.666666667
5	20	0	0	0	0.5	0.9	195.083333333
5	20	0	0	0	1	0	63.1666666667
5	20	0	0	0	1	0.3	77.3095238095
5	20	0	0	0	1	0.6	112.666666667
5	20	0	0	0	1	0.9	195.083333333
5	20	0	0	0.5	0	0	63.1666666667
5	20	0	0	0.5	0	0.3	77.3095238095
5	20	0	0	0.5	0	0.6	112.666666667
5	20	0	0	0.5	0	0.9	195.083333333
5	20	0	0	0.5	0.5	0	63.1666666667
5	20	0	0	0.5	0.5	0.3	77.3095238095
5	20	0	0	0.5	0.5	0.6	112.666666667
5	20	0	0	0.5	0.5	0.9	195.083333333
5	20	0	0	0.5	1	0	63.1666666667
5	20	0	0	0.5	1	0.3	77.3095238095
5	20	0	0	0.5	1	0.6	112.666666667
5	20	0	0	0.5	1	0.9	195.083333333
5	20	0	0	1	0	0	63.1666666667
5	20	0	0	1	0	0.3	77.3095238095
5	20	0	0	1	0	0.6	112.666666667
5	20	0	0	1	0	0.9	195.083333333
5	20	0	0	1	0.5	0	63.1666666667
5	20	0	0	1	0.5	0.3	77.3095238095
5	20	0	0	1	0.5	0.6	112.666666667
5	20	0	0	1	0.5	0.9	195.083333333
5	20	0	0	1	1	0	63.1666666667
5	20	0	0	1	1	0.3	77.3095238095
5	20	0	0	1	1	0.6	112.666666667
5	20	0	0	1	1	0.9	195.083333333
5	20	0	0.5	0	0	0	63.1666666667
5	20	0	0.5	0	0	0.3	77.3095238095
5	20	0	0.5	0	0	0.6	112.666666667
5	20	0	0.5	0	0	0.9	195.083333333
5	20	0	0.5	0	0.5	0	63.1666666667
5	20	0	0.5	0	0.5	0.3	77.3095238095
5	20	0	0.5	0	0.5	0.6	112.666666667
5	20	0	0.5	0	0.5	0.9	195.083333333
5	20	0	0.5	0	1	0	63.1666666667
5	20	0	0.5	0	1	0.3	77.3095238095
5	20	0	0.5	0	1	0.6	112.666666667
5	20	0	0.5	0	1	0.9	195.083333333
5	20	0	0.5	0.5	0	0	63.1666666667
5	20	0	0.5	0.5	0	0.3	77.3095238095
5	20	0	0.5	0.5	0	0.6	112.666666667
5	20	0	0.5	0.5	0	0.9	195.083333333
5	20	0	0.5	0.5	0.5	0	63.1666666667
5	20	0	0.5	0.5	0.5	0.3	77.3095238095
5	20	0	0.5	0.5	0.5	0.6	112.666666667
5	20	0	0.5	0.5	0.5	0.9	195.083333333
5	20	0	0.5	0.5	1	0	63.1666666667
5	20	0	0.5	0.5	1	0.3	77.3095238095
5	20	0	0.5	0.5	1	0.6	112.666666667
5	20	0	0.5	0.5	1	0.9	195.083333333
5	20	0	0.5	1	0	0	63.1666666667
5	20	0	0.5	1	0	0.3	77.3095238095
5	20	0	0.5	1	0	0.6	112.666666667
5	20	0	0.5	1	0	0.9	195.083333333
5	20	0	0.5	1	0.5	0	63.1666666667
5	20	0	0.5	1	0.5	0.3	77.3095238095
5	20	0	0.5	1	0.5	0.6	112.666666667
5	20	0	0.5	1	0.5	0.9	195.083333333
5	20	0	0.5	1	1	0	63.1666666667
5	20	0	0.5	1	1	0.3	77.3095238095
5	20	0	0.5	1	1	0.6	112.666666667
5	20	0	0.5	1	1	0.9	195.083333333
5	20	0	1	0	0	0	63.1666666667
5	20	0	1	0	0	0.3	77.3095238095
5	20	0	1	0	0	0.6	112.666666667
5	20	0	1	0	0	0.9	195.083333333
5	20	0	1	0	0.5	0	63.1666666667
5	20	0	1	0	0.5	0.3	77.3095238095
5	20	0	1	0	0.5	0.6	112.666666667
5	20	0	1	0	0.5	0.9	195.083333333
5	20	0	1	0	1	0	63.1666666667
5	20	0	1	0	1	0.3	77.3095238095
5	20	0	1	0	1	0.6	112.666666667
5	20	0	1	0	1	0.9	195.083333333
5	20	0	1	0.5	0	0	63.1666666667
5	20	0	1	0.5	0	0.3	77.3095238095
5	20	0	1	0.5	0	0.6	112.666666667
5	20	0	1	0.5	0	0.9	195.083333333
5	20	0	1	0.5	0.5	0	63.1666666667
5	20	0	1	0.5	0.5	0.3	77.3095238095
5	20	0	1	0.5	0.5	0.6	112.666666667
5	20	0	1	0.5	0.5	0.9	195.083333333
5	20	0	1	0.5	1	0	63.1666666667
5	20	0	1	0.5	1	0.3	77.3095238095
5	20	0	1	0.5	1	0.6	112.666666667
5	20	0	1	0.5	1	0.9	195.083333333
5	20	0	1	1	0	0	63.1666666667
5	20	0	1	1	0	0.3	77.3095238095
5	20	0	1	1	0	0.6	112.666666667
5	20	0	1	1	0	0.9	195.083333333
5	20	0	1	1	0.5	0	63.1666666667
5	20	0	1	1	0.5	0.3	77.3095238095
5	20	0	1	1	0.5	0.6	112.666666667
5	20	0	1	1	0.5	0.9	195.083333333
5	20	0	1	1	1	0	63.1666666667
5	20	0	1	1	1	0.3	77.3095238095
5	20	0	1	1	1	0.6	112.666666667
5	20	0	1	1	1	0.9	195.083333333
5	20	0.5	0	0	0	0	64.6666666667
5	20	0.5	0	0	0	0.3	79.4523809524
5	20	0.5	0	0	0	0.6	116.416666667
5	20	0.5	0	0	0	0.9	195.083333333
5	20	0.5	0	0	0.5	0	64.6666666667
5	20	0.5	0	0	0.5	0.3	79.4523809524
5	20	0.5	0	0	0.5	0.6	116.416666667
5	20	0.5	0	0	0.5	0.9	195.083333333
5	20	0.5	0	0	1	0	64.6666666667
5	20	0.5	0	0	1	0.3	79.4523809524
5	20	0.5	0	0	1	0.6	116.416666667
5	20	0.5	0	0	1	0.9	195.083333333
5	20	0.5	0	0.5	0	0	64.6666666667
5	20	0.5	0	0.5	0	0.3	79.4523809524
5	20	0.5	0	0.5	0	0.6	116.416666667
5	20	0.5	0	0.5	0	0.9	195.083333333
5	20	0.5	0	0.5	0.5	0	64.6666666667
5	20	0.5	0	0.5	0.5	0.3	79.4523809524
5	20	0.5	0	0.5	0.5	0.6	116.416666667
5	20	0.5	0	0.5	0.5	0.9	195.083333333
5	20	0.5	0	0.5	1	0	64.6666666667
5	20	0.5	0	0.5	1	0.3	79.4523809524
5	20	0.5	0	0.5	1	0.6	116.416666667
5	20	0.5	0	0.5	1	0.9	195.083333333
5	20	0.5	0	1	0	0	64.6666666667
5	20	0.5	0	1	0	0.3	79.4523809524
5	20	0.5	0	1	0	0.6	116.416666667
5	20	0.5	0	1	0	0.9	195.083333333
5	20	0.5	0	1	0.5	0	64.6666666667
5	20	0.5	0	1	0.5	0.3	79.4523809524
5	20	0.5	0	1	0.5	0.6	116.416666667
5	20	0.5	0	1	0.5	0.9	195.083333333
5	20	0.5	0	1	1	0	64.6666666667
5	20	0.5	0	1	1	0.3	79.4523809524
5	20	0.5	0	1	1	0.6	116.416666667
5	20	0.5	0	1	1	0.9	195.083333333
5	20	0.5	0.5	0	0	0	64.6666666667
5	20	0.5	0.5	0	0	0.3	79.4523809524
5	20	0.5	0.5	0	0	0.6	116.416666667
5	20	0.5	0.5	0	0	0.9	195.083333333
5	20	0.5	0.5	0	0.5	0	64.6666666667
5	20	0.5	0.5	0	0.5	0.3	79.4523809524
5	20	0.5	0.5	0	0.5	0.6	116.416666667
5	20	0.5	0.5	0	0.5	0.9	195.083333333
5	20	0.5	0.5	0	1	0	64.6666666667
5	20	0.5	0.5	0	1	0.3	79.4523809524
5	20	0.5	0.5	0	1	0.6	116.416666667
5	20	0.5	0.5	0	1	0.9	195.083333333
5	20	0.5	0.5	0.5	0	0	64.6666666667
5	20	0.5	0.5	0.5	0	0.3	79.4523809524
5	20	0.5	0.5	0.5	0	0.6	116.416666667
5	20	0.5	0.5	0.5	0	0.9	195.083333333
5	20	0.5	0.5	0.5	0.5	0	64.6666666667
5	20	0.5	0.5	0.5	0.5	0.3	79.4523809524
5	20	0.5	0.5	0.5	0.5	0.6	116.416666667
5	20	0.5	0.5	0.5	0.5	0.9	195.083333333
5	20	0.5	0.5	0.5	1	0	64.6666666667
5	20	0.5	0.5	0.5	1	0.3	79.4523809524
5	20	0.5	0.5	0.5	1	0.6	116.416666667
5	20	0.5	0.5	0.5	1	0.9	195.083333333
5	20	0.5	0.5	1	0	0	64.6666666667
5	20	0.5	0.5	1	0	0.3	79.4523809524
5	20	0.5	0.5	1	0	0.6	116.416666667
5	20	0.5	0.5	1	0	0.9	195.083333333
5	20	0.5	0.5	1	0.5	0	64.6666666667
5	20	0.5	0.5	1	0.5	0.3	79.4523809524
5	20	0.5	0.5	1	0.5	0.6	116.416666667
5	20	0.5	0.5	1	0.5	0.9	195.083333333
5	20	0.5	0.5	1	1	0	64.6666666667
5	20	0.5	0.5	1	1	0.3	79.4523809524
5	20	0.5	0.5	1	1	0.6	116.416666667
5	20	0.5	0.5	1	1	0.9	195.083333333
5	20	0.5	1	0	0	0	64.6666666667
5	20	0.5	1	0	0	0.3	79.4523809524
5	20	0.5	1	0	0	0.6	116.416666667
5	20	0.5	1	0	0	0.9	195.083333333
5	20	0.5	1	0	0.5	0	64.6666666667
5	20	0.5	1	0	0.5	0.3	79.4523809524
5	20	0.5	1	0	0.5	0.6	116.416666667
5	20	0.5	1	0	0.5	0.9	195.083333333
5	20	0.5	1	0	1	0	64.6666666667
5	20	0.5	1	0	1	0.3	79.4523809524
5	20	0.5	1	0	1	0.6	116.416666667
5	20	0.5	1	0	1	0.9	195.083333333
5	20	0.5	1	0.5	0	0	64.6666666667
5	20	0.5	1	0.5	0	0.3	79.4523809524
5	20	0.5	1	0.5	0	0.6	116.416666667
5	20	0.5	1	0.5	0	0.9	195.083333333
5	20	0.5	1	0.5	0.5	0	64.6666666667
5	20	0.5	1	0.5	0.5	0.3	79.4523809524
5	20	0.5	1	0.5	0.5	0.6	116.416666667
5	20	0.5	1	0.5	0.5	0.9	195.083333333
5	20	0.5	1	0.5	1	0	64.6666666667
5	20	0.5	1	0.5	1	0.3	79.4523809524
5	20	0.5	1	0.5	1	0.6	116.416666667
5	20	0.5	1	0.5	1	0.9	195.083333333
5	20	0.5	1	1	0	0	64.6666666667
5	20	0.5	1	1	0	0.3	79.4523809524
5	20	0.5	1	1	0	0.6	116.416666667
5	20	0.5	1	1	0	0.9	195.083333333
5	20	0.5	1	1	0.5	0	64.6666666667
5	20	0.5	1	1	0.5	0.3	79.4523809524
5	20	0.5	1	1	0.5	0.6	116.416666667
5	20	0.5	1	1	0.5	0.9	195.083333333
5	20	0.5	1	1	1	0	64.6666666667
5	20	0.5	1	1	1	0.3	79.4523809524
5	20	0.5	1	1	1	0.6	116.416666667
5	20	0.5	1	1	1	0.9	195.083333333
5	20	1	0	0	0	0	64.75
5	20	1	0	0	0	0.3	79.5357142857
5	20	1	0	0	0	0.6	116.5
5	20	1	0	0	0	0.9	195.083333333
5	20	1	0	0	0.5	0	64.75
5	20	1	0	0	0.5	0.3	79.5357142857
5	20	1	0	0	0.5	0.6	116.5
5	20	1	0	0	0.5	0.9	195.083333333
5	20	1	0	0	1	0	64.75
5	20	1	0	0	1	0.3	79.5357142857
5	20	1	0	0	1	0.6	116.5
5	20	1	0	0	1	0.9	195.083333333
5	20	1	0	0.5	0	0	64.75
5	20	1	0	0.5	0	0.3	79.5357142857
5	20	1	0	0.5	0	0.6	116.5
5	20	1	0	0.5	0	0.9	195.083333333
5	20	1	0	0.5	0.5	0	64.75
5	20	1	0	0.5	0.5	0.3	79.5357142857
5	20	1	0	0.5	0.5	0.6	116.5
5	20	1	0	0.5	0.5	0.9	195.083333333
5	20	1	0	0.5	1	0	64.75
5	20	1	0	0.5	1	0.3	79.5357142857
5	20	1	0	0.5	1	0.6	116.5
5	20	1	0	0.5	1	0.9	195.083333333
5	20	1	0	1	0	0	64.75
5	20	1	0	1	0	0.3	79.5357142857
5	20	1	0	1	0	0.6	116.5
5	20	1	0	1	0	0.9	195.083333333
5	20	1	0	1	0.5	0	64.75
5	20	1	0	1	0.5	0.3	79.5357142857
5	20	1	0	1	0.5	0.6	116.5
5	20	1	0	1	0.5	0.9	195.083333333
5	20	1	0	1	1	0	64.75
5	20	1	0	1	1	0.3	79.5357142857
5	20	1	0	1	1	0.6	116.5
5	20	1	0	1	1	0.9	195.083333333
5	20	1	0.5	0	0	0	66.1666666667
5	20	1	0.5	0	0	0.3	81.5952380952
5	20	1	0.5	0	0	0.6	120.166666667
5	20	1	0.5	0	0	0.9	195.083333333
5	20	1	0.5	0	0.5	0	66.1666666667
5	20	1	0.5	0	0.5	0.3	81.5952380952
5	20	1	0.5	0	0.5	0.6	120.166666667
5	20	1	0.5	0	0.5	0.9	195.083333333
5	20	1	0.5	0	1	0	66.1666666667
5	20	1	0.5	0	1	0.3	81.5952380952
5	20	1	0.5	0	1	0.6	120.166666667
5	20	1	0.5	0	1	0.9	195.083333333
5	20	1	0.5	0.5	0	0	66.1666666667
5	20	1	0.5	0.5	0	0.3	81.5952380952
5	20	1	0.5	0.5	0	0.6	120.166666667
5	20	1	0.5	0.5	0	0.9	195.083333333
5	20	1	0.5	0.5	0.5	0	66.1666666667
5	20	1	0.5	0.5	0.5	0.3	81.5952380952
5	20	1	0.5	0.5	0.5	0.6	120.166666667
5	20	1	0.5	0.5	0.5	0.9	195.083333333
5	20	1	0.5	0.5	1	0	66.1666666667
5	20	1	0.5	0.5	1	0.3	81.5952380952
5	20	1	0.5	0.5	1	0.6	120.166666667
5	20	1	0.5	0.5	1	0.9	195.083333333
5	20	1	0.5	1	0	0	66.1666666667
5	20	1	0.5	1	0	0.3	81.5952380952
5	20	1	0.5	1	0	0.6	120.166666667
5	20	1	0.5	1	0	0.9	195.083333333
5	20	1	0.5	1	0.5	0	66.1666666667
5	20	1	0.5	1	0.5	0.3	81.5952380952
5	20	1	0.5	1	0.5	0.6	120.166666667
5	20	1	0.5	1	0.5	0.9	195.083333333
5	20	1	0.5	1	1	0	66.1666666667
5	20	1	0.5	1	1	0.3	81.5952380952
5	20	1	0.5	1	1	0.6	120.166666667
5	20	1	0.5	1	1	0.9	195.083333333
5	20	1	1	0	0	0	66.1666666667
5	20	1	1	0	0	0.3	81.5952380952
5	20	1	1	0	0	0.6	120.166666667
5	20	1	1	0	0	0.9	195.083333333
5	20	1	1	0	0.5	0	66.1666666667
5	20	1	1	0	0.5	0.3	81.5952380952
5	20	1	1	0	0.5	0.6	120.166666667
5	20	1	1	0	0.5	0.9	195.083333333
5	20	1	1	0	1	0	66.1666666667
5	20	1	1	0	1	0.3	81.5952380952
5	20	1	1	0	1	0.6	120.166666667
5	20	1	1	0	1	0.9	195.083333333
5	20	1	1	0.5	0	0	66.1666666667
5	20	1	1	0.5	0	0.3	81.5952380952
5	20	1	1	0.5	0	0.6	120.166666667
5	20	1	1	0.5	0	0.9	195.083333333
5	20	1	1	0.5	0.5	0	66.1666666667
5	20	1	1	0.5	0.5	0.3	81.5952380952
5	20	1	1	0.5	0.5	0.6	120.166666667
5	20	1	1	0.5	0.5	0.9	195.083333333
5	20	1	1	0.5	1	0	66.1666666667
5	20	1	1	0.5	1	0.3	81.5952380952
5	20	1	1	0.5	1	0.6	120.166666667
5	20	1	1	0.5	1	0.9	195.083333333
5	20	1	1	1	0	0	66.1666666667
5	20	1	1	1	0	0.3	81.5952380952
5	20	1	1	1	0	0.6	120.166666667
5	20	1	1	1	0	0.9	195.083333333
5	20	1	1	1	0.5	0	66.1666666667
5	20	1	1	1	0.5	0.3	81.5952380952
5	20	1	1	1	0.5	0.6	120.166666667
5	20	1	1	1	0.5	0.9	195.083333333
5	20	1	1	1	1	0	66.1666666667
5	20	1	1	1	1	0.3	81.5952380952
5	20	1	1	1	1	0.6	120.166666667
5	20	1	1	1	1	0.9	195.083333333
6	5	0	0	0	0	0	63.1666666667
6	5	0	0	0	0	0.3	77.3095238095
6	5	0	0	0	0	0.6	112.666666667
6	5	0	0	0	0	0.9	195.083333333
6	5	0	0	0	0.5	0	63.1666666667
6	5	0	0	0	0.5	0.3	77.3095238095
6	5	0	0	0	0.5	0.6	112.666666667
6	5	0	0	0	0.5	0.9	195.083333333
6	5	0	0	0	1	0	63.1666666667
6	5	0	0	0	1	0.3	77.3095238095
6	5	0	0	0	1	0.6	112.666666667
6	5	0	0	0	1	0.9	195.083333333
6	5	0	0	0.5	0	0	63.1666666667
6	5	0	0	0.5	0	0.3	77.3095238095
6	5	0	0	0.5	0	0.6	112.666666667
6	5	0	0	0.5	0	0.9	195.083333333
6	5	0	0	0.5	0.5	0	63.1666666667
6	5	0	0	0.5	0.5	0.3	77.3095238095
6	5	0	0	0.5	0.5	0.6	112.666666667
6	5	0	0	0.5	0.5	0.9	195.083333333
6	5	0	0	0.5	1	0	63.1666666667
6	5	0	0	0.5	1	0.3	77.3095238095
6	5	0	0	0.5	1	0.6	112.666666667
6	5	0	0	0.5	1	0.9	195.083333333
6	5	0	0	1	0	0	63.1666666667
6	5	0	0	1	0	0.3	77.3095238095
6	5	0	0	1	0	0.6	112.666666667
6	5	0	0	1	0	0.9	195.083333333
6	5	0	0	1	0.5	0	63.1666666667
6	5	0	0	1	0.5	0.3	77.3095238095
6	5	0	0	1	0.5	0.6	112.666666667
6	5	0	0	1	0.5	0.9	195.083333333
6	5	0	0	1	1	0	63.1666666667
6	5	0	0	1	1	0.3	77.3095238095
6	5	0	0	1	1	0.6	112.666666667
6	5	0	0	1	1	0.9	195.083333333
6	5	0	0.5	0	0	0	63.1666666667
6	5	0	0.5	0	0	0.3	77.3095238095
6	5	0	0.5	0	0	0.6	112.666666667
6	5	0	0.5	0	0	0.9	195.083333333
6	5	0	0.5	0	0.5	0	63.1666666667
6	5	0	0.5	0	0.5	0.3	77.3095238095
6	5	0	0.5	0	0.5	0.6	112.666666667
6	5	0	0.5	0	0.5	0.9	195.083333333
6	5	0	0.5	0	1	0	63.1666666667
6	5	0	0.5	0	1	0.3	77.3095238095
6	5	0	0.5	0	1	0.6	112.666666667
6	5	0	0.5	0	1	0.9	195.083333333
6	5	0	0.5	0.5	0	0	63.1666666667
6	5	0	0.5	0.5	0	0.3	77.3095238095
6	5	0	0.5	0.5	0	0.6	112.666666667
6	5	0	0.5	0.5	0	0.9	195.083333333
6	5	0	0.5	0.5	0.5	0	63.1666666667
6	5	0	0.5	0.5	0.5	0.3	77.3095238095
6	5	0	0.5	0.5	0.5	0.6	112.666666667
6	5	0	0.5	0.5	0.5	0.9	195.083333333
6	5	0	0.5	0.5	1	0	63.1666666667
6	5	0	0.5	0.5	1	0.3	77.3095238095
6	5	0	0.5	0.5	1	0.6	112.666666667
6	5	0	0.5	0.5	1	0.9	195.083333333
6	5	0	0.5	1	0	0	63.1666666667
6	5	0	0.5	1	0	0.3	77.3095238095
6	5	0	0.5	1	0	0.6	112.666666667
6	5	0	0.5	1	0	0.9	195.083333333
6	5	0	0.5	1	0.5	0	63.1666666667
6	5	0	0.5	1	0.5	0.3	77.3095238095
6	5	0	0.5	1	0.5	0.6	112.666666667
6	5	0	0.5	1	0.5	0.9	195.083333333
6	5	0	0.5	1	1	0	63.1666666667
6	5	0	0.5	1	1	0.3	77.3095238095
6	5	0	0.5	1	1	0.6	112.666666667
6	5	0	0.5	1	1	0.9	195.083333333
6	5	0	1	0	0	0	63.1666666667
6	5	0	1	0	0	0.3	77.3095238095
6	5	0	1	0	0	0.6	112.666666667
6	5	0	1	0	0	0.9	195.083333333
6	5	0	1	0	0.5	0	63.1666666667
6	5	0	1	0	0.5	0.3	77.3095238095
6	5	0	1	0	0.5	0.6	112.666666667
6	5	0	1	0	0.5	0.9	195.083333333
6	5	0	1	0	1	0	63.1666666667
6	5	0	1	0	1	0.3	77.3095238095
6	5	0	1	0	1	0.6	112.666666667
6	5	0	1	0	1	0.9	195.083333333
6	5	0	1	0.5	0	0	63.1666666667
6	5	0	1	0.5	0	0.3	77.3095238095
6	5	0	1	0.5	0	0.6	112.666666667
6	5	0	1	0.5	0	0.9	195.083333333
6	5	0	1	0.5	0.5	0	63.1666666667
6	5	0	1	0.5	0.5	0.3	77.3095238095
6	5	0	1	0.5	0.5	0.6	112.666666667
6	5	0	1	0.5	0.5	0.9	195.083333333
6	5	0	1	0.5	1	0	63.1666666667
6	5	0	1	0.5	1	0.3	77.3095238095
6	5	0	1	0.5	1	0.6	112.666666667
6	5	0	1	0.5	1	0.9	195.083333333
6	5	0	1	1	0	0	63.1666666667
6	5	0	1	1	0	0.3	77.3095238095
6	5	0	1	1	0	0.6	112.666666667
6	5	0	1	1	0	0.9	195.083333333
6	5	0	1	1	0.5	0	63.1666666667
6	5	0	1	1	0.5	0.3	77.3095238095
6	5	0	1	1	0.5	0.6	112.666666667
6	5	0	1	1	0.5	0.9	195.083333333
6	5	0	1	1	1	0	63.1666666667
6	5	0	1	1	1	0.3	77.3095238095
6	5	0	1	1	1	0.6	112.666666667
6	5	0	1	1	1	0.9	195.083333333
6	5	0.5	0	0	0	0	63.1666666667
6	5	0.5	0	0	0	0.3	77.3095238095
6	5	0.5	0	0	0	0.6	112.666666667
6	5	0.5	0	0	0	0.9	195.083333333
6	5	0.5	0	0	0.5	0	63.1666666667
6	5	0.5	0	0	0.5	0.3	77.3095238095
6	5	0.5	0	0	0.5	0.6	112.666666667
6	5	0.5	0	0	0.5	0.9	195.083333333
6	5	0.5	0	0	1	0	63.1666666667
6	5	0.5	0	0	1	0.3	77.3095238095
6	5	0.5	0	0	1	0.6	112.666666667
6	5	0.5	0	0	1	0.9	195.083333333
6	5	0.5	0	0.5	0	0	63.1666666667
6	5	0.5	0	0.5	0	0.3	77.3095238095
6	5	0.5	0	0.5	0	0.6	112.666666667
6	5	0.5	0	0.5	0	0.9	195.083333333
6	5	0.5	0	0.5	0.5	0	63.1666666667
6	5	0.5	0	0.5	0.5	0.3	77.3095238095
6	5	0.5	0	0.5	0.5	0.6	112.666666667
6	5	0.5	0	0.5	0.5	0.9	195.083333333
6	5	0.5	0	0.5	1	0	63.1666666667
6	5	0.5	0	0.5	1	0.3	77.3095238095
6	5	0.5	0	0.5	1	0.6	112.666666667
6	5	0.5	0	0.5	1	0.9	195.083333333
6	5	0.5	0	1	0	0	63.1666666667
6	5	0.5	0	1	0	0.3	77.3095238095
6	5	0.5	0	1	0	0.6	112.666666667
6	5	0.5	0	1	0	0.9	195.083333333
6	5	0.5	0	1	0.5	0	63.1666666667
6	5	0.5	0	1	0.5	0.3	77.3095238095
6	5	0.5	0	1	0.5	0.6	112.666666667
6	5	0.5	0	1	0.5	0.9	195.083333333
6	5	0.5	0	1	1	0	63.1666666667
6	5	0.5	0	1	1	0.3	77.3095238095
6	5	0.5	0	1	1	0.6	112.666666667
6	5	0.5	0	1	1	0.9	195.083333333
6	5	0.5	0.5	0	0	0	63.1666666667
6	5	0.5	0.5	0	0	0.3	77.3095238095
6	5	0.5	0.5	0	0	0.6	112.666666667
6	5	0.5	0.5	0	0	0.9	195.083333333
6	5	0.5	0.5	0	0.5	0	63.1666666667
6	5	0.5	0.5	0	0.5	0.3	77.3095238095
6	5	0.5	0.5	0	0.5	0.6	112.666666667
6	5	0.5	0.5	0	0.5	0.9	195.083333333
6	5	0.5	0.5	0	1	0	63.1666666667
6	5	0.5	0.5	0	1	0.3	77.3095238095
6	5	0.5	0.5	0	1	0.6	112.666666667
6	5	0.5	0.5	0	1	0.9	195.083333333
6	5	0.5	0.5	0.5	0	0	63.1666666667
6	5	0.5	0.5	0.5	0	0.3	77.3095238095
6	5	0.5	0.5	0.5	0	0.6	112.666666667
6	5	0.5	0.5	0.5	0	0.9	195.083333333
6	5	0.5	0.5	0.5	0.5	0	63.1666666667
6	5	0.5	0.5	0.5	0.5	0.3	77.3095238095
6	5	0.5	0.5	0.5	0.5	0.6	112.666666667
6	5	0.5	0.5	0.5	0.5	0.9	195.083333333
6	5	0.5	0.5	0.5	1	0	63.1666666667
6	5	0.5	0.5	0.5	1	0.3	77.3095238095
6	5	0.5	0.5	0.5	1	0.6	112.666666667
6	5	0.5	0.5	0.5	1	0.9	195.083333333
6	5	0.5	0.5	1	0	0	63.1666666667
6	5	0.5	0.5	1	0	0.3	77.3095238095
6	5	0.5	0.5	1	0	0.6	112.666666667
6	5	0.5	0.5	1	0	0.9	195.083333333
6	5	0.5	0.5	1	0.5	0	63.1666666667
6	5	0.5	0.5	1	0.5	0.3	77.3095238095
6	5	0.5	0.5	1	0.5	0.6	112.666666667
6	5	0.5	0.5	1	0.5	0.9	195.083333333
6	5	0.5	0.5	1	1	0	63.1666666667
6	5	0.5	0.5	1	1	0.3	77.3095238095
6	5	0.5	0.5	1	1	0.6	112.666666667
6	5	0.5	0.5	1	1	0.9	195.083333333
6	5	0.5	1	0	0	0	63.1666666667
6	5	0.5	1	0	0	0.3	77.3095238095
6	5	0.5	1	0	0	0.6	112.666666667
6	5	0.5	1	0	0	0.9	195.083333333
6	5	0.5	1	0	0.5	0	63.1666666667
6	5	0.5	1	0	0.5	0.3	77.3095238095
6	5	0.5	1	0	0.5	0.6	112.666666667
6	5	0.5	1	0	0.5	0.9	195.083333333
6	5	0.5	1	0	1	0	63.1666666667
6	5	0.5	1	0	1	0.3	77.3095238095
6	5	0.5	1	0	1	0.6	112.666666667
6	5	0.5	1	0	1	0.9	195.083333333
6	5	0.5	1	0.5	0	0	63.1666666667
6	5	0.5	1	0.5	0	0.3	77.3095238095
6	5	0.5	1	0.5	0	0.6	112.666666667
6	5	0.5	1	0.5	0	0.9	195.083333333
6	5	0.5	1	0.5	0.5	0	63.1666666667
6	5	0.5	1	0.5	0.5	0.3	77.3095238095
6	5	0.5	1	0.5	0.5	0.6	112.666666667
6	5	0.5	1	0.5	0.5	0.9	195.083333333
6	5	0.5	1	0.5	1	0	63.1666666667
6	5	0.5	1	0.5	1	0.3	77.3095238095
6	5	0.5	1	0.5	1	0.6	112.666666667
6	5	0.5	1	0.5	1	0.9	195.083333333
6	5	0.5	1	1	0	0	63.1666666667
6	5	0.5	1	1	0	0.3	77.3095238095
6	5	0.5	1	1	0	0.6	112.666666667
6	5	0.5	1	1	0	0.9	195.083333333
6	5	0.5	1	1	0.5	0	63.1666666667
6	5	0.5	1	1	0.5	0.3	77.3095238095
6	5	0.5	1	1	0.5	0.6	112.666666667
6	5	0.5	1	1	0.5	0.9	195.083333333
6	5	0.5	1	1	1	0	63.1666666667
6	5	0.5	1	1	1	0.3	77.3095238095
6	5	0.5	1	1	1	0.6	112.666666667
6	5	0.5	1	1	1	0.9	195.083333333
6	5	1	0	0	0	0	63.1666666667
6	5	1	0	0	0	0.3	77.3095238095
6	5	1	0	0	0	0.6	112.666666667
6	5	1	0	0	0	0.9	195.083333333
6	5	1	0	0	0.5	0	63.1666666667
6	5	1	0	0	0.5	0.3	77.3095238095
6	5	1	0	0	0.5	0.6	112.666666667
6	5	1	0	0	0.5	0.9	195.083333333
6	5	1	0	0	1	0	63.1666666667
6	5	1	0	0	1	0.3	77.3095238095
6	5	1	0	0	1	0.6	112.666666667
6	5	1	0	0	1	0.9	195.083333333
6	5	1	0	0.5	0	0	63.1666666667
6	5	1	0	0.5	0	0.3	77.3095238095
6	5	1	0	0.5	0	0.6	112.666666667
6	5	1	0	0.5	0	0.9	195.083333333
6	5	1	0	0.5	0.5	0	63.1666666667
6	5	1	0	0.5	0.5	0.3	77.3095238095
6	5	1	0	0.5	0.5	0.6	112.666666667
6	5	1	0	0.5	0.5	0.9	195.083333333
6	5	1	0	0.5	1	0	63.1666666667
6	5	1	0	0.5	1	0.3	77.3095238095
6	5	1	0	0.5	1	0.6	112.666666667
6	5	1	0	0.5	1	0.9	195.083333333
6	5	1	0	1	0	0	63.1666666667
6	5	1	0	1	0	0.3	77.3095238095
6	5	1	0	1	0	0.6	112.666666667
6	5	1	0	1	0	0.9	195.083333333
6	5	1	0	1	0.5	0	63.1666666667
6	5	1	0	1	0.5	0.3	77.3095238095
6	5	1	0	1	0.5	0.6	112.666666667
6	5	1	0	1	0.5	0.9	195.083333333
6	5	1	0	1	1	0	63.1666666667
6	5	1	0	1	1	0.3	77.3095238095
6	5	1	0	1	1	0.6	112.666666667
6	5	1	0	1	1	0.9	195.083333333
6	5	1	0.5	0	0	0	63.1666666667
6	5	1	0.5	0	0	0.3	77.3095238095
6	5	1	0.5	0	0	0.6	112.666666667
6	5	1	0.5	0	0	0.9	195.083333333
6	5	1	0.5	0	0.5	0	63.1666666667
6	5	1	0.5	0	0.5	0.3	77.3095238095
6	5	1	0.5	0	0.5	0.6	112.666666667
6	5	1	0.5	0	0.5	0.9	195.083333333
6	5	1	0.5	0	1	0	63.1666666667
6	5	1	0.5	0	1	0.3	77.3095238095
6	5	1	0.5	0	1	0.6	112.666666667
6	5	1	0.5	0	1	0.9	195.083333333
6	5	1	0.5	0.5	0	0	63.1666666667
6	5	1	0.5	0.5	0	0.3	77.3095238095
6	5	1	0.5	0.5	0	0.6	112.666666667
6	5	1	0.5	0.5	0	0.9	195.083333333
6	5	1	0.5	0.5	0.5	0	63.1666666667
6	5	1	0.5	0.5	0.5	0.3	77.3095238095
6	5	1	0.5	0.5	0.5	0.6	112.666666667
6	5	1	0.5	0.5	0.5	0.9	195.083333333
6	5	1	0.5	0.5	1	0	63.1666666667
6	5	1	0.5	0.5	1	0.3	77.3095238095
6	5	1	0.5	0.5	1	0.6	112.666666667
6	5	1	0.5	0.5	1	0.9	195.083333333
6	5	1	0.5	1	0	0	63.1666666667
6	5	1	0.5	1	0	0.3	77.3095238095
6	5	1	0.5	1	0	0.6	112.666666667
6	5	1	0.5	1	0	0.9	195.083333333
6	5	1	0.5	1	0.5	0	63.1666666667
6	5	1	0.5	1	0.5	0.3	77.3095238095
6	5	1	0.5	1	0.5	0.6	112.666666667
6	5	1	0.5	1	0.5	0.9	195.083333333
6	5	1	0.5	1	1	0	63.1666666667
6	5	1	0.5	1	1	0.3	77.3095238095
6	5	1	0.5	1	1	0.6	112.666666667
6	5	1	0.5	1	1	0.9	195.083333333
6	5	1	1	0	0	0	63.1666666667
6	5	1	1	0	0	0.3	77.3095238095
6	5	1	1	0	0	0.6	112.666666667
6	5	1	1	0	0	0.9	195.083333333
6	5	1	1	0	0.5	0	63.1666666667
6	5	1	1	0	0.5	0.3	77.3095238095
6	5	1	1	0	0.5	0.6	112.666666667
6	5	1	1	0	0.5	0.9	195.083333333
6	5	1	1	0	1	0	63.1666666667
6	5	1	1	0	1	0.3	77.3095238095
6	5	1	1	0	1	0.6	112.666666667
6	5	1	1	0	1	0.9	195.083333333
6	5	1	1	0.5	0	0	63.1666666667
6	5	1	1	0.5	0	0.3	77.3095238095
6	5	1	1	0.5	0	0.6	112.666666667
6	5	1	1	0.5	0	0.9	195.083333333
6	5	1	1	0.5	0.5	0	63.1666666667
6	5	1	1	0.5	0.5	0.3	77.3095238095
6	5	1	1	0.5	0.5	0.6	112.666666667
6	5	1	1	0.5	0.5	0.9	195.083333333
6	5	1	1	0.5	1	0	63.1666666667
6	5	1	1	0.5	1	0.3	77.3095238095
6	5	1	1	0.5	1	0.6	112.666666667
6	5	1	1	0.5	1	0.9	195.083333333
6	5	1	1	1	0	0	63.1666666667
6	5	1	1	1	0	0.3	77.3095238095
6	5	1	1	1	0	0.6	112.666666667
6	5	1	1	1	0	0.9	195.083333333
6	5	1	1	1	0.5	0	63.1666666667
6	5	1	1	1	0.5	0.3	77.3095238095
6	5	1	1	1	0.5	0.6	112.666666667
6	5	1	1	1	0.5	0.9	195.083333333
6	5	1	1	1	1	0	63.1666666667
6	5	1	1	1	1	0.3	77.3095238095
6	5	1	1	1	1	0.6	112.666666667
6	5	1	1	1	1	0.9	195.083333333
6	10	0	0	0	0	0	63.1666666667
6	10	0	0	0	0	0.3	77.3095238095
6	10	0	0	0	0	0.6	112.666666667
6	10	0	0	0	0	0.9	195.083333333
6	10	0	0	0	0.5	0	63.1666666667
6	10	0	0	0	0.5	0.3	77.3095238095
6	10	0	0	0	0.5	0.6	112.666666667
6	10	0	0	0	0.5	0.9	195.083333333
6	10	0	0	0	1	0	63.1666666667
6	10	0	0	0	1	0.3	77.3095238095
6	10	0	0	0	1	0.6	112.666666667
6	10	0	0	0	1	0.9	195.083333333
6	10	0	0	0.5	0	0	63.1666666667
6	10	0	0	0.5	0	0.3	77.3095238095
6	10	0	0	0.5	0	0.6	112.666666667
6	10	0	0	0.5	0	0.9	195.083333333
6	10	0	0	0.5	0.5	0	63.1666666667
6	10	0	0	0.5	0.5	0.3	77.3095238095
6	10	0	0	0.5	0.5	0.6	112.666666667
6	10	0	0	0.5	0.5	0.9	195.083333333
6	10	0	0	0.5	1	0	63.1666666667
6	10	0	0	0.5	1	0.3	77.3095238095
6	10	0	0	0.5	1	0.6	112.666666667
6	10	0	0	0.5	1	0.9	195.083333333
6	10	0	0	1	0	0	63.1666666667
6	10	0	0	1	0	0.3	77.3095238095
6	10	0	0	1	0	0.6	112.666666667
6	10	0	0	1	0	0.9	195.083333333
6	10	0	0	1	0.5	0	63.1666666667
6	10	0	0	1	0.5	0.3	77.3095238095
6	10	0	0	1	0.5	0.6	112.666666667
6	10	0	0	1	0.5	0.9	195.083333333
6	10	0	0	1	1	0	63.1666666667
6	10	0	0	1	1	0.3	77.3095238095
6	10	0	0	1	1	0.6	112.666666667
6	10	0	0	1	1	0.9	195.083333333
6	10	0	0.5	0	0	0	63.1666666667
6	10	0	0.5	0	0	0.3	77.3095238095
6	10	0	0.5	0	0	0.6	112.666666667
6	10	0	0.5	0	0	0.9	195.083333333
6	10	0	0.5	0	0.5	0	63.1666666667
6	10	0	0.5	0	0.5	0.3	77.3095238095
6	10	0	0.5	0	0.5	0.6	112.666666667
6	10	0	0.5	0	0.5	0.9	195.083333333
6	10	0	0.5	0	1	0	63.1666666667
6	10	0	0.5	0	1	0.3	77.3095238095
6	10	0	0.5	0	1	0.6	112.666666667
6	10	0	0.5	0	1	0.9	195.083333333
6	10	0	0.5	0.5	0	0	63.1666666667
6	10	0	0.5	0.5	0	0.3	77.3095238095
6	10	0	0.5	0.5	0	0.6	112.666666667
6	10	0	0.5	0.5	0	0.9	195.083333333
6	10	0	0.5	0.5	0.5	0	63.1666666667
6	10	0	0.5	0.5	0.5	0.3	77.3095238095
6	10	0	0.5	0.5	0.5	0.6	112.666666667
6	10	0	0.5	0.5	0.5	0.9	195.083333333
6	10	0	0.5	0.5	1	0	63.1666666667
6	10	0	0.5	0.5	1	0.3	77.3095238095
6	10	0	0.5	0.5	1	0.6	112.666666667
6	10	0	0.5	0.5	1	0.9	195.083333333
6	10	0	0.5	1	0	0	63.1666666667
6	10	0	0.5	1	0	0.3	77.3095238095
6	10	0	0.5	1	0	0.6	112.666666667
6	10	0	0.5	1	0	0.9	195.083333333
6	10	0	0.5	1	0.5	0	63.1666666667
6	10	0	0.5	1	0.5	0.3	77.3095238095
6	10	0	0.5	1	0.5	0.6	112.666666667
6	10	0	0.5	1	0.5	0.9	195.083333333
6	10	0	0.5	1	1	0	63.1666666667
6	10	0	0.5	1	1	0.3	77.3095238095
6	10	0	0.5	1	1	0.6	112.666666667
6	10	0	0.5	1	1	0.9	195.083333333
6	10	0	1	0	0	0	63.1666666667
6	10	0	1	0	0	0.3	77.3095238095
6	10	0	1	0	0	0.6	112.666666667
6	10	0	1	0	0	0.9	195.083333333
6	10	0	1	0	0.5	0	63.1666666667
6	10	0	1	0	0.5	0.3	77.3095238095
6	10	0	1	0	0.5	0.6	112.666666667
6	10	0	1	0	0.5	0.9	195.083333333
6	10	0	1	0	1	0	63.1666666667
6	10	0	1	0	1	0.3	77.3095238095
6	10	0	1	0	1	0.6	112.666666667
6	10	0	1	0	1	0.9	195.083333333
6	10	0	1	0.5	0	0	63.1666666667
6	10	0	1	0.5	0	0.3	77.3095238095
6	10	0	1	0.5	0	0.6	112.666666667
6	10	0	1	0.5	0	0.9	195.083333333
6	10	0	1	0.5	0.5	0	63.1666666667
6	10	0	1	0.5	0.5	0.3	77.3095238095
6	10	0	1	0.5	0.5	0.6	112.666666667
6	10	0	1	0.5	0.5	0.9	195.083333333
6	10	0	1	0.5	1	0	63.1666666667
6	10	0	1	0.5	1	0.3	77.3095238095
6	10	0	1	0.5	1	0.6	112.666666667
6	10	0	1	0.5	1	0.9	195.083333333
6	10	0	1	1	0	0	63.1666666667
6	10	0	1	1	0	0.3	77.3095238095
6	10	0	1	1	0	0.6	112.666666667
6	10	0	1	1	0	0.9	195.083333333
6	10	0	1	1	0.5	0	63.1666666667
6	10	0	1	1	0.5	0.3	77.3095238095
6	10	0	1	1	0.5	0.6	112.666666667
6	10	0	1	1	0.5	0.9	195.083333333
6	10	0	1	1	1	0	63.1666666667
6	10	0	1	1	1	0.3	77.3095238095
6	10	0	1	1	1	0.6	112.666666667
6	10	0	1	1	1	0.9	195.083333333
6	10	0.5	0	0	0	0	63.1666666667
6	10	0.5	0	0	0	0.3	77.3095238095
6	10	0.5	0	0	0	0.6	112.666666667
6	10	0.5	0	0	0	0.9	195.083333333
6	10	0.5	0	0	0.5	0	63.1666666667
6	10	0.5	0	0	0.5	0.3	77.3095238095
6	10	0.5	0	0	0.5	0.6	112.666666667
6	10	0.5	0	0	0.5	0.9	195.083333333
6	10	0.5	0	0	1	0	63.1666666667
6	10	0.5	0	0	1	0.3	77.3095238095
6	10	0.5	0	0	1	0.6	112.666666667
6	10	0.5	0	0	1	0.9	195.083333333
6	10	0.5	0	0.5	0	0	63.1666666667
6	10	0.5	0	0.5	0	0.3	77.3095238095
6	10	0.5	0	0.5	0	0.6	112.666666667
6	10	0.5	0	0.5	0	0.9	195.083333333
6	10	0.5	0	0.5	0.5	0	63.1666666667
6	10	0.5	0	0.5	0.5	0.3	77.3095238095
6	10	0.5	0	0.5	0.5	0.6	112.666666667
6	10	0.5	0	0.5	0.5	0.9	195.083333333
6	10	0.5	0	0.5	1	0	63.1666666667
6	10	0.5	0	0.5	1	0.3	77.3095238095
6	10	0.5	0	0.5	1	0.6	112.666666667
6	10	0.5	0	0.5	1	0.9	195.083333333
6	10	0.5	0	1	0	0	63.1666666667
6	10	0.5	0	1	0	0.3	77.3095238095
6	10	0.5	0	1	0	0.6	112.666666667
6	10	0.5	0	1	0	0.9	195.083333333
6	10	0.5	0	1	0.5	0	63.1666666667
6	10	0.5	0	1	0.5	0.3	77.3095238095
6	10	0.5	0	1	0.5	0.6	112.666666667
6	10	0.5	0	1	0.5	0.9	195.083333333
6	10	0.5	0	1	1	0	63.1666666667
6	10	0.5	0	1	1	0.3	77.3095238095
6	10	0.5	0	1	1	0.6	112.666666667
6	10	0.5	0	1	1	0.9	195.083333333
6	10	0.5	0.5	0	0	0	63.1666666667
6	10	0.5	0.5	0	0	0.3	77.3095238095
6	10	0.5	0.5	0	0	0.6	112.666666667
6	10	0.5	0.5	0	0	0.9	195.083333333
6	10	0.5	0.5	0	0.5	0	63.1666666667
6	10	0.5	0.5	0	0.5	0.3	77.3095238095
6	10	0.5	0.5	0	0.5	0.6	112.666666667
6	10	0.5	0.5	0	0.5	0.9	195.083333333
6	10	0.5	0.5	0	1	0	63.1666666667
6	10	0.5	0.5	0	1	0.3	77.3095238095
6	10	0.5	0.5	0	1	0.6	112.666666667
6	10	0.5	0.5	0	1	0.9	195.083333333
6	10	0.5	0.5	0.5	0	0	63.1666666667
6	10	0.5	0.5	0.5	0	0.3	77.3095238095
6	10	0.5	0.5	0.5	0	0.6	112.666666667
6	10	0.5	0.5	0.5	0	0.9	195.083333333
6	10	0.5	0.5	0.5	0.5	0	63.1666666667
6	10	0.5	0.5	0.5	0.5	0.3	77.3095238095
6	10	0.5	0.5	0.5	0.5	0.6	112.666666667
6	10	0.5	0.5	0.5	0.5	0.9	195.083333333
6	10	0.5	0.5	0.5	1	0	63.1666666667
6	10	0.5	0.5	0.5	1	0.3	77.3095238095
6	10	0.5	0.5	0.5	1	0.6	112.666666667
6	10	0.5	0.5	0.5	1	0.9	195.083333333
6	10	0.5	0.5	1	0	0	63.1666666667
6	10	0.5	0.5	1	0	0.3	77.3095238095
6	10	0.5	0.5	1	0	0.6	112.666666667
6	10	0.5	0.5	1	0	0.9	195.083333333
6	10	0.5	0.5	1	0.5	0	63.1666666667
6	10	0.5	0.5	1	0.5	0.3	77.3095238095
6	10	0.5	0.5	1	0.5	0.6	112.666666667
6	10	0.5	0.5	1	0.5	0.9	195.083333333
6	10	0.5	0.5	1	1	0	63.1666666667
6	10	0.5	0.5	1	1	0.3	77.3095238095
6	10	0.5	0.5	1	1	0.6	112.666666667
6	10	0.5	0.5	1	1	0.9	195.083333333
6	10	0.5	1	0	0	0	63.1666666667
6	10	0.5	1	0	0	0.3	77.3095238095
6	10	0.5	1	0	0	0.6	112.666666667
6	10	0.5	1	0	0	0.9	195.083333333
6	10	0.5	1	0	0.5	0	63.1666666667
6	10	0.5	1	0	0.5	0.3	77.3095238095
6	10	0.5	1	0	0.5	0.6	112.666666667
6	10	0.5	1	0	0.5	0.9	195.083333333
6	10	0.5	1	0	1	0	63.1666666667
6	10	0.5	1	0	1	0.3	77.3095238095
6	10	0.5	1	0	1	0.6	112.666666667
6	10	0.5	1	0	1	0.9	195.083333333
6	10	0.5	1	0.5	0	0	63.1666666667
6	10	0.5	1	0.5	0	0.3	77.3095238095
6	10	0.5	1	0.5	0	0.6	112.666666667
6	10	0.5	1	0.5	0	0.9	195.083333333
6	10	0.5	1	0.5	0.5	0	63.1666666667
6	10	0.5	1	0.5	0.5	0.3	77.3095238095
6	10	0.5	1	0.5	0.5	0.6	112.666666667
6	10	0.5	1	0.5	0.5	0.9	195.083333333
6	10	0.5	1	0.5	1	0	63.1666666667
6	10	0.5	1	0.5	1	0.3	77.3095238095
6	10	0.5	1	0.5	1	0.6	112.666666667
6	10	0.5	1	0.5	1	0.9	195.083333333
6	10	0.5	1	1	0	0	63.1666666667
6	10	0.5	1	1	0	0.3	77.3095238095
6	10	0.5	1	1	0	0.6	112.666666667
6	10	0.5	1	1	0	0.9	195.083333333
6	10	0.5	1	1	0.5	0	63.1666666667
6	10	0.5	1	1	0.5	0.3	77.3095238095
6	10	0.5	1	1	0.5	0.6	112.666666667
6	10	0.5	1	1	0.5	0.9	195.083333333
6	10	0.5	1	1	1	0	63.1666666667
6	10	0.5	1	1	1	0.3	77.3095238095
6	10	0.5	1	1	1	0.6	112.666666667
6	10	0.5	1	1	1	0.9	195.083333333
6	10	1	0	0	0	0	63.1666666667
6	10	1	0	0	0	0.3	77.3095238095
6	10	1	0	0	0	0.6	112.666666667
6	10	1	0	0	0	0.9	195.083333333
6	10	1	0	0	0.5	0	63.1666666667
6	10	1	0	0	0.5	0.3	77.3095238095
6	10	1	0	0	0.5	0.6	112.666666667
6	10	1	0	0	0.5	0.9	195.083333333
6	10	1	0	0	1	0	63.1666666667
6	10	1	0	0	1	0.3	77.3095238095
6	10	1	0	0	1	0.6	112.666666667
6	10	1	0	0	1	0.9	195.083333333
6	10	1	0	0.5	0	0	63.1666666667
6	10	1	0	0.5	0	0.3	77.3095238095
6	10	1	0	0.5	0	0.6	112.666666667
6	10	1	0	0.5	0	0.9	195.083333333
6	10	1	0	0.5	0.5	0	63.1666666667
6	10	1	0	0.5	0.5	0.3	77.3095238095
6	10	1	0	0.5	0.5	0.6	112.666666667
6	10	1	0	0.5	0.5	0.9	195.083333333
6	10	1	0	0.5	1	0	63.1666666667
6	10	1	0	0.5	1	0.3	77.3095238095
6	10	1	0	0.5	1	0.6	112.666666667
6	10	1	0	0.5	1	0.9	195.083333333
6	10	1	0	1	0	0	63.1666666667
6	10	1	0	1	0	0.3	77.3095238095
6	10	1	0	1	0	0.6	112.666666667
6	10	1	0	1	0	0.9	195.083333333
6	10	1	0	1	0.5	0	63.1666666667
6	10	1	0	1	0.5	0.3	77.3095238095
6	10	1	0	1	0.5	0.6	112.666666667
6	10	1	0	1	0.5	0.9	195.083333333
6	10	1	0	1	1	0	63.1666666667
6	10	1	0	1	1	0.3	77.3095238095
6	10	1	0	1	1	0.6	112.666666667
6	10	1	0	1	1	0.9	195.083333333
6	10	1	0.5	0	0	0	63.1666666667
6	10	1	0.5	0	0	0.3	77.3095238095
6	10	1	0.5	0	0	0.6	112.666666667
6	10	1	0.5	0	0	0.9	195.083333333
6	10	1	0.5	0	0.5	0	63.1666666667
6	10	1	0.5	0	0.5	0.3	77.3095238095
6	10	1	0.5	0	0.5	0.6	112.666666667
6	10	1	0.5	0	0.5	0.9	195.083333333
6	10	1	0.5	0	1	0	63.1666666667
6	10	1	0.5	0	1	0.3	77.3095238095
6	10	1	0.5	0	1	0.6	112.666666667
6	10	1	0.5	0	1	0.9	195.083333333
6	10	1	0.5	0.5	0	0	63.1666666667
6	10	1	0.5	0.5	0	0.3	77.3095238095
6	10	1	0.5	0.5	0	0.6	112.666666667
6	10	1	0.5	0.5	0	0.9	195.083333333
6	10	1	0.5	0.5	0.5	0	63.1666666667
6	10	1	0.5	0.5	0.5	0.3	77.3095238095
6	10	1	0.5	0.5	0.5	0.6	112.666666667
6	10	1	0.5	0.5	0.5	0.9	195.083333333
6	10	1	0.5	0.5	1	0	63.1666666667
6	10	1	0.5	0.5	1	0.3	77.3095238095
6	10	1	0.5	0.5	1	0.6	112.666666667
6	10	1	0.5	0.5	1	0.9	195.083333333
6	10	1	0.5	1	0	0	63.1666666667
6	10	1	0.5	1	0	0.3	77.3095238095
6	10	1	0.5	1	0	0.6	112.666666667
6	10	1	0.5	1	0	0.9	195.083333333
6	10	1	0.5	1	0.5	0	63.1666666667
6	10	1	0.5	1	0.5	0.3	77.3095238095
6	10	1	0.5	1	0.5	0.6	112.666666667
6	10	1	0.5	1	0.5	0.9	195.083333333
6	10	1	0.5	1	1	0	63.1666666667
6	10	1	0.5	1	1	0.3	77.3095238095
6	10	1	0.5	1	1	0.6	112.666666667
6	10	1	0.5	1	1	0.9	195.083333333
6	10	1	1	0	0	0	63.1666666667
6	10	1	1	0	0	0.3	77.3095238095
6	10	1	1	0	0	0.6	112.666666667
6	10	1	1	0	0	0.9	195.083333333
6	10	1	1	0	0.5	0	63.1666666667
6	10	1	1	0	0.5	0.3	77.3095238095
6	10	1	1	0	0.5	0.6	112.666666667
6	10	1	1	0	0.5	0.9	195.083333333
6	10	1	1	0	1	0	63.1666666667
6	10	1	1	0	1	0.3	77.3095238095
6	10	1	1	0	1	0.6	112.666666667
6	10	1	1	0	1	0.9	195.083333333
6	10	1	1	0.5	0	0	63.1666666667
6	10	1	1	0.5	0	0.3	77.3095238095
6	10	1	1	0.5	0	0.6	112.666666667
6	10	1	1	0.5	0	0.9	195.083333333
6	10	1	1	0.5	0.5	0	63.1666666667
6	10	1	1	0.5	0.5	0.3	77.3095238095
6	10	1	1	0.5	0.5	0.6	112.666666667
6	10	1	1	0.5	0.5	0.9	195.083333333
6	10	1	1	0.5	1	0	63.1666666667
6	10	1	1	0.5	1	0.3	77.3095238095
6	10	1	1	0.5	1	0.6	112.666666667
6	10	1	1	0.5	1	0.9	195.083333333
6	10	1	1	1	0	0	63.1666666667
6	10	1	1	1	0	0.3	77.3095238095
6	10	1	1	1	0	0.6	112.666666667
6	10	1	1	1	0	0.9	195.083333333
6	10	1	1	1	0.5	0	63.1666666667
6	10	1	1	1	0.5	0.3	77.3095238095
6	10	1	1	1	0.5	0.6	112.666666667
6	10	1	1	1	0.5	0.9	195.083333333
6	10	1	1	1	1	0	63.1666666667
6	10	1	1	1	1	0.3	77.3095238095
6	10	1	1	1	1	0.6	112.666666667
6	10	1	1	1	1	0.9	195.083333333
6	15	0	0	0	0	0	63.1666666667
6	15	0	0	0	0	0.3	77.3095238095
6	15	0	0	0	0	0.6	112.666666667
6	15	0	0	0	0	0.9	195.083333333
6	15	0	0	0	0.5	0	63.1666666667
6	15	0	0	0	0.5	0.3	77.3095238095
6	15	0	0	0	0.5	0.6	112.666666667
6	15	0	0	0	0.5	0.9	195.083333333
6	15	0	0	0	1	0	63.1666666667
6	15	0	0	0	1	0.3	77.3095238095
6	15	0	0	0	1	0.6	112.666666667
6	15	0	0	0	1	0.9	195.083333333
6	15	0	0	0.5	0	0	63.1666666667
6	15	0	0	0.5	0	0.3	77.3095238095
6	15	0	0	0.5	0	0.6	112.666666667
6	15	0	0	0.5	0	0.9	195.083333333
6	15	0	0	0.5	0.5	0	63.1666666667
6	15	0	0	0.5	0.5	0.3	77.3095238095
6	15	0	0	0.5	0.5	0.6	112.666666667
6	15	0	0	0.5	0.5	0.9	195.083333333
6	15	0	0	0.5	1	0	63.1666666667
6	15	0	0	0.5	1	0.3	77.3095238095
6	15	0	0	0.5	1	0.6	112.666666667
6	15	0	0	0.5	1	0.9	195.083333333
6	15	0	0	1	0	0	63.1666666667
6	15	0	0	1	0	0.3	77.3095238095
6	15	0	0	1	0	0.6	112.666666667
6	15	0	0	1	0	0.9	195.083333333
6	15	0	0	1	0.5	0	63.1666666667
6	15	0	0	1	0.5	0.3	77.3095238095
6	15	0	0	1	0.5	0.6	112.666666667
6	15	0	0	1	0.5	0.9	195.083333333
6	15	0	0	1	1	0	63.1666666667
6	15	0	0	1	1	0.3	77.3095238095
6	15	0	0	1	1	0.6	112.666666667
6	15	0	0	1	1	0.9	195.083333333
6	15	0	0.5	0	0	0	63.1666666667
6	15	0	0.5	0	0	0.3	77.3095238095
6	15	0	0.5	0	0	0.6	112.666666667
6	15	0	0.5	0	0	0.9	195.083333333
6	15	0	0.5	0	0.5	0	63.1666666667
6	15	0	0.5	0	0.5	0.3	77.3095238095
6	15	0	0.5	0	0.5	0.6	112.666666667
6	15	0	0.5	0	0.5	0.9	195.083333333
6	15	0	0.5	0	1	0	63.1666666667
6	15	0	0.5	0	1	0.3	77.3095238095
6	15	0	0.5	0	1	0.6	112.666666667
6	15	0	0.5	0	1	0.9	195.083333333
6	15	0	0.5	0.5	0	0	63.1666666667
6	15	0	0.5	0.5	0	0.3	77.3095238095
6	15	0	0.5	0.5	0	0.6	112.666666667
6	15	0	0.5	0.5	0	0.9	195.083333333
6	15	0	0.5	0.5	0.5	0	63.1666666667
6	15	0	0.5	0.5	0.5	0.3	77.3095238095
6	15	0	0.5	0.5	0.5	0.6	112.666666667
6	15	0	0.5	0.5	0.5	0.9	195.083333333
6	15	0	0.5	0.5	1	0	63.1666666667
6	15	0	0.5	0.5	1	0.3	77.3095238095
6	15	0	0.5	0.5	1	0.6	112.666666667
6	15	0	0.5	0.5	1	0.9	195.083333333
6	15	0	0.5	1	0	0	63.1666666667
6	15	0	0.5	1	0	0.3	77.3095238095
6	15	0	0.5	1	0	0.6	112.666666667
6	15	0	0.5	1	0	0.9	195.083333333
6	15	0	0.5	1	0.5	0	63.1666666667
6	15	0	0.5	1	0.5	0.3	77.3095238095
6	15	0	0.5	1	0.5	0.6	112.666666667
6	15	0	0.5	1	0.5	0.9	195.083333333
6	15	0	0.5	1	1	0	63.1666666667
6	15	0	0.5	1	1	0.3	77.3095238095
6	15	0	0.5	1	1	0.6	112.666666667
6	15	0	0.5	1	1	0.9	195.083333333
6	15	0	1	0	0	0	63.1666666667
6	15	0	1	0	0	0.3	77.3095238095
6	15	0	1	0	0	0.6	112.666666667
6	15	0	1	0	0	0.9	195.083333333
6	15	0	1	0	0.5	0	63.1666666667
6	15	0	1	0	0.5	0.3	77.3095238095
6	15	0	1	0	0.5	0.6	112.666666667
6	15	0	1	0	0.5	0.9	195.083333333
6	15	0	1	0	1	0	63.1666666667
6	15	0	1	0	1	0.3	77.3095238095
6	15	0	1	0	1	0.6	112.666666667
6	15	0	1	0	1	0.9	195.083333333
6	15	0	1	0.5	0	0	63.1666666667
6	15	0	1	0.5	0	0.3	77.3095238095
6	15	0	1	0.5	0	0.6	112.666666667
6	15	0	1	0.5	0	0.9	195.083333333
6	15	0	1	0.5	0.5	0	63.1666666667
6	15	0	1	0.5	0.5	0.3	77.3095238095
6	15	0	1	0.5	0.5	0.6	112.666666667
6	15	0	1	0.5	0.5	0.9	195.083333333
6	15	0	1	0.5	1	0	63.1666666667
6	15	0	1	0.5	1	0.3	77.3095238095
6	15	0	1	0.5	1	0.6	112.666666667
6	15	0	1	0.5	1	0.9	195.083333333
6	15	0	1	1	0	0	63.1666666667
6	15	0	1	1	0	0.3	77.3095238095
6	15	0	1	1	0	0.6	112.666666667
6	15	0	1	1	0	0.9	195.083333333
6	15	0	1	1	0.5	0	63.1666666667
6	15	0	1	1	0.5	0.3	77.3095238095
6	15	0	1	1	0.5	0.6	112.666666667
6	15	0	1	1	0.5	0.9	195.083333333
6	15	0	1	1	1	0	63.1666666667
6	15	0	1	1	1	0.3	77.3095238095
6	15	0	1	1	1	0.6	112.666666667
6	15	0	1	1	1	0.9	195.083333333
6	15	0.5	0	0	0	0	63.1666666667
6	15	0.5	0	0	0	0.3	77.3095238095
6	15	0.5	0	0	0	0.6	112.666666667
6	15	0.5	0	0	0	0.9	195.083333333
6	15	0.5	0	0	0.5	0	63.1666666667
6	15	0.5	0	0	0.5	0.3	77.3095238095
6	15	0.5	0	0	0.5	0.6	112.666666667
6	15	0.5	0	0	0.5	0.9	195.083333333
6	15	0.5	0	0	1	0	63.1666666667
6	15	0.5	0	0	1	0.3	77.3095238095
6	15	0.5	0	0	1	0.6	112.666666667
6	15	0.5	0	0	1	0.9	195.083333333
6	15	0.5	0	0.5	0	0	63.1666666667
6	15	0.5	0	0.5	0	0.3	77.3095238095
6	15	0.5	0	0.5	0	0.6	112.666666667
6	15	0.5	0	0.5	0	0.9	195.083333333
6	15	0.5	0	0.5	0.5	0	63.1666666667
6	15	0.5	0	0.5	0.5	0.3	77.3095238095
6	15	0.5	0	0.5	0.5	0.6	112.666666667
6	15	0.5	0	0.5	0.5	0.9	195.083333333
6	15	0.5	0	0.5	1	0	63.1666666667
6	15	0.5	0	0.5	1	0.3	77.3095238095
6	15	0.5	0	0.5	1	0.6	112.666666667
6	15	0.5	0	0.5	1	0.9	195.083333333
6	15	0.5	0	1	0	0	63.1666666667
6	15	0.5	0	1	0	0.3	77.3095238095
6	15	0.5	0	1	0	0.6	112.666666667
6	15	0.5	0	1	0	0.9	195.083333333
6	15	0.5	0	1	0.5	0	63.1666666667
6	15	0.5	0	1	0.5	0.3	77.3095238095
6	15	0.5	0	1	0.5	0.6	112.666666667
6	15	0.5	0	1	0.5	0.9	195.083333333
6	15	0.5	0	1	1	0	63.1666666667
6	15	0.5	0	1	1	0.3	77.3095238095
6	15	0.5	0	1	1	0.6	112.666666667
6	15	0.5	0	1	1	0.9	195.083333333
6	15	0.5	0.5	0	0	0	63.1666666667
6	15	0.5	0.5	0	0	0.3	77.3095238095
6	15	0.5	0.5	0	0	0.6	112.666666667
6	15	0.5	0.5	0	0	0.9	195.083333333
6	15	0.5	0.5	0	0.5	0	63.1666666667
6	15	0.5	0.5	0	0.5	0.3	77.3095238095
6	15	0.5	0.5	0	0.5	0.6	112.666666667
6	15	0.5	0.5	0	0.5	0.9	195.083333333
6	15	0.5	0.5	0	1	0	63.1666666667
6	15	0.5	0.5	0	1	0.3	77.3095238095
6	15	0.5	0.5	0	1	0.6	112.666666667
6	15	0.5	0.5	0	1	0.9	195.083333333
6	15	0.5	0.5	0.5	0	0	63.1666666667
6	15	0.5	0.5	0.5	0	0.3	77.3095238095
6	15	0.5	0.5	0.5	0	0.6	112.666666667
6	15	0.5	0.5	0.5	0	0.9	195.083333333
6	15	0.5	0.5	0.5	0.5	0	63.1666666667
6	15	0.5	0.5	0.5	0.5	0.3	77.3095238095
6	15	0.5	0.5	0.5	0.5	0.6	112.666666667
6	15	0.5	0.5	0.5	0.5	0.9	195.083333333
6	15	0.5	0.5	0.5	1	0	63.1666666667
6	15	0.5	0.5	0.5	1	0.3	77.3095238095
6	15	0.5	0.5	0.5	1	0.6	112.666666667
6	15	0.5	0.5	0.5	1	0.9	195.083333333
6	15	0.5	0.5	1	0	0	63.1666666667
6	15	0.5	0.5	1	0	0.3	77.3095238095
6	15	0.5	0.5	1	0	0.6	112.666666667
6	15	0.5	0.5	1	0	0.9	195.083333333
6	15	0.5	0.5	1	0.5	0	63.1666666667
6	15	0.5	0.5	1	0.5	0.3	77.3095238095
6	15	0.5	0.5	1	0.5	0.6	112.666666667
6	15	0.5	0.5	1	0.5	0.9	195.083333333
6	15	0.5	0.5	1	1	0	63.1666666667
6	15	0.5	0.5	1	1	0.3	77.3095238095
6	15	0.5	0.5	1	1	0.6	112.666666667
6	15	0.5	0.5	1	1	0.9	195.083333333
6	15	0.5	1	0	0	0	63.1666666667
6	15	0.5	1	0	0	0.3	77.3095238095
6	15	0.5	1	0	0	0.6	112.666666667
6	15	0.5	1	0	0	0.9	195.083333333
6	15	0.5	1	0	0.5	0	63.1666666667
6	15	0.5	1	0	0.5	0.3	77.3095238095
6	15	0.5	1	0	0.5	0.6	112.666666667
6	15	0.5	1	0	0.5	0.9	195.083333333
6	15	0.5	1	0	1	0	63.1666666667
6	15	0.5	1	0	1	0.3	77.3095238095
6	15	0.5	1	0	1	0.6	112.666666667
6	15	0.5	1	0	1	0.9	195.083333333
6	15	0.5	1	0.5	0	0	63.1666666667
6	15	0.5	1	0.5	0	0.3	77.3095238095
6	15	0.5	1	0.5	0	0.6	112.666666667
6	15	0.5	1	0.5	0	0.9	195.083333333
6	15	0.5	1	0.5	0.5	0	63.1666666667
6	15	0.5	1	0.5	0.5	0.3	77.3095238095
6	15	0.5	1	0.5	0.5	0.6	112.666666667
6	15	0.5	1	0.5	0.5	0.9	195.083333333
6	15	0.5	1	0.5	1	0	63.1666666667
6	15	0.5	1	0.5	1	0.3	77.3095238095
6	15	0.5	1	0.5	1	0.6	112.666666667
6	15	0.5	1	0.5	1	0.9	195.083333333
6	15	0.5	1	1	0	0	63.1666666667
6	15	0.5	1	1	0	0.3	77.3095238095
6	15	0.5	1	1	0	0.6	112.666666667
6	15	0.5	1	1	0	0.9	195.083333333
6	15	0.5	1	1	0.5	0	63.1666666667
6	15	0.5	1	1	0.5	0.3	77.3095238095
6	15	0.5	1	1	0.5	0.6	112.666666667
6	15	0.5	1	1	0.5	0.9	195.083333333
6	15	0.5	1	1	1	0	63.1666666667
6	15	0.5	1	1	1	0.3	77.3095238095
6	15	0.5	1	1	1	0.6	112.666666667
6	15	0.5	1	1	1	0.9	195.083333333
6	15	1	0	0	0	0	63.1666666667
6	15	1	0	0	0	0.3	77.3095238095
6	15	1	0	0	0	0.6	112.666666667
6	15	1	0	0	0	0.9	195.083333333
6	15	1	0	0	0.5	0	63.1666666667
6	15	1	0	0	0.5	0.3	77.3095238095
6	15	1	0	0	0.5	0.6	112.666666667
6	15	1	0	0	0.5	0.9	195.083333333
6	15	1	0	0	1	0	63.1666666667
6	15	1	0	0	1	0.3	77.3095238095
6	15	1	0	0	1	0.6	112.666666667
6	15	1	0	0	1	0.9	195.083333333
6	15	1	0	0.5	0	0	63.1666666667
6	15	1	0	0.5	0	0.3	77.3095238095
6	15	1	0	0.5	0	0.6	112.666666667
6	15	1	0	0.5	0	0.9	195.083333333
6	15	1	0	0.5	0.5	0	63.1666666667
6	15	1	0	0.5	0.5	0.3	77.3095238095
6	15	1	0	0.5	0.5	0.6	112.666666667
6	15	1	0	0.5	0.5	0.9	195.083333333
6	15	1	0	0.5	1	0	63.1666666667
6	15	1	0	0.5	1	0.3	77.3095238095
6	15	1	0	0.5	1	0.6	112.666666667
6	15	1	0	0.5	1	0.9	195.083333333
6	15	1	0	1	0	0	63.1666666667
6	15	1	0	1	0	0.3	77.3095238095
6	15	1	0	1	0	0.6	112.666666667
6	15	1	0	1	0	0.9	195.083333333
6	15	1	0	1	0.5	0	63.1666666667
6	15	1	0	1	0.5	0.3	77.3095238095
6	15	1	0	1	0.5	0.6	112.666666667
6	15	1	0	1	0.5	0.9	195.083333333
6	15	1	0	1	1	0	63.1666666667
6	15	1	0	1	1	0.3	77.3095238095
6	15	1	0	1	1	0.6	112.666666667
6	15	1	0	1	1	0.9	195.083333333
6	15	1	0.5	0	0	0	63.1666666667
6	15	1	0.5	0	0	0.3	77.3095238095
6	15	1	0.5	0	0	0.6	112.666666667
6	15	1	0.5	0	0	0.9	195.083333333
6	15	1	0.5	0	0.5	0	63.1666666667
6	15	1	0.5	0	0.5	0.3	77.3095238095
6	15	1	0.5	0	0.5	0.6	112.666666667
6	15	1	0.5	0	0.5	0.9	195.083333333
6	15	1	0.5	0	1	0	63.1666666667
6	15	1	0.5	0	1	0.3	77.3095238095
6	15	1	0.5	0	1	0.6	112.666666667
6	15	1	0.5	0	1	0.9	195.083333333
6	15	1	0.5	0.5	0	0	63.1666666667
6	15	1	0.5	0.5	0	0.3	77.3095238095
6	15	1	0.5	0.5	0	0.6	112.666666667
6	15	1	0.5	0.5	0	0.9	195.083333333
6	15	1	0.5	0.5	0.5	0	63.1666666667
6	15	1	0.5	0.5	0.5	0.3	77.3095238095
6	15	1	0.5	0.5	0.5	0.6	112.666666667
6	15	1	0.5	0.5	0.5	0.9	195.083333333
6	15	1	0.5	0.5	1	0	63.1666666667
6	15	1	0.5	0.5	1	0.3	77.3095238095
6	15	1	0.5	0.5	1	0.6	112.666666667
6	15	1	0.5	0.5	1	0.9	195.083333333
6	15	1	0.5	1	0	0	63.1666666667
6	15	1	0.5	1	0	0.3	77.3095238095
6	15	1	0.5	1	0	0.6	112.666666667
6	15	1	0.5	1	0	0.9	195.083333333
6	15	1	0.5	1	0.5	0	63.1666666667
6	15	1	0.5	1	0.5	0.3	77.3095238095
6	15	1	0.5	1	0.5	0.6	112.666666667
6	15	1	0.5	1	0.5	0.9	195.083333333
6	15	1	0.5	1	1	0	63.1666666667
6	15	1	0.5	1	1	0.3	77.3095238095
6	15	1	0.5	1	1	0.6	112.666666667
6	15	1	0.5	1	1	0.9	195.083333333
6	15	1	1	0	0	0	63.1666666667
6	15	1	1	0	0	0.3	77.3095238095
6	15	1	1	0	0	0.6	112.666666667
6	15	1	1	0	0	0.9	195.083333333
6	15	1	1	0	0.5	0	63.1666666667
6	15	1	1	0	0.5	0.3	77.3095238095
6	15	1	1	0	0.5	0.6	112.666666667
6	15	1	1	0	0.5	0.9	195.083333333
6	15	1	1	0	1	0	63.1666666667
6	15	1	1	0	1	0.3	77.3095238095
6	15	1	1	0	1	0.6	112.666666667
6	15	1	1	0	1	0.9	195.083333333
6	15	1	1	0.5	0	0	63.1666666667
6	15	1	1	0.5	0	0.3	77.3095238095
6	15	1	1	0.5	0	0.6	112.666666667
6	15	1	1	0.5	0	0.9	195.083333333
6	15	1	1	0.5	0.5	0	63.1666666667
6	15	1	1	0.5	0.5	0.3	77.3095238095
6	15	1	1	0.5	0.5	0.6	112.666666667
6	15	1	1	0.5	0.5	0.9	195.083333333
6	15	1	1	0.5	1	0	63.1666666667
6	15	1	1	0.5	1	0.3	77.3095238095
6	15	1	1	0.5	1	0.6	112.666666667
6	15	1	1	0.5	1	0.9	195.083333333
6	15	1	1	1	0	0	63.1666666667
6	15	1	1	1	0	0.3	77.3095238095
6	15	1	1	1	0	0.6	112.666666667
6	15	1	1	1	0	0.9	195.083333333
6	15	1	1	1	0.5	0	63.1666666667
6	15	1	1	1	0.5	0.3	77.3095238095
6	15	1	1	1	0.5	0.6	112.666666667
6	15	1	1	1	0.5	0.9	195.083333333
6	15	1	1	1	1	0	63.1666666667
6	15	1	1	1	1	0.3	77.3095238095
6	15	1	1	1	1	0.6	112.666666667
6	15	1	1	1	1	0.9	195.083333333
6	20	0	0	0	0	0	63.1666666667
6	20	0	0	0	0	0.3	77.3095238095
6	20	0	0	0	0	0.6	112.666666667
6	20	0	0	0	0	0.9	195.083333333
6	20	0	0	0	0.5	0	63.1666666667
6	20	0	0	0	0.5	0.3	77.3095238095
6	20	0	0	0	0.5	0.6	112.666666667
6	20	0	0	0	0.5	0.9	195.083333333
6	20	0	0	0	1	0	63.1666666667
6	20	0	0	0	1	0.3	77.3095238095
6	20	0	0	0	1	0.6	112.666666667
6	20	0	0	0	1	0.9	195.083333333
6	20	0	0	0.5	0	0	63.1666666667
6	20	0	0	0.5	0	0.3	77.3095238095
6	20	0	0	0.5	0	0.6	112.666666667
6	20	0	0	0.5	0	0.9	195.083333333
6	20	0	0	0.5	0.5	0	63.1666666667
6	20	0	0	0.5	0.5	0.3	77.3095238095
6	20	0	0	0.5	0.5	0.6	112.666666667
6	20	0	0	0.5	0.5	0.9	195.083333333
6	20	0	0	0.5	1	0	63.1666666667
6	20	0	0	0.5	1	0.3	77.3095238095
6	20	0	0	0.5	1	0.6	112.666666667
6	20	0	0	0.5	1	0.9	195.083333333
6	20	0	0	1	0	0	63.1666666667
6	20	0	0	1	0	0.3	77.3095238095
6	20	0	0	1	0	0.6	112.666666667
6	20	0	0	1	0	0.9	195.083333333
6	20	0	0	1	0.5	0	63.1666666667
6	20	0	0	1	0.5	0.3	77.3095238095
6	20	0	0	1	0.5	0.6	112.666666667
6	20	0	0	1	0.5	0.9	195.083333333
6	20	0	0	1	1	0	63.1666666667
6	20	0	0	1	1	0.3	77.3095238095
6	20	0	0	1	1	0.6	112.666666667
6	20	0	0	1	1	0.9	195.083333333
6	20	0	0.5	0	0	0	63.1666666667
6	20	0	0.5	0	0	0.3	77.3095238095
6	20	0	0.5	0	0	0.6	112.666666667
6	20	0	0.5	0	0	0.9	195.083333333
6	20	0	0.5	0	0.5	0	63.1666666667
6	20	0	0.5	0	0.5	0.3	77.3095238095
6	20	0	0.5	0	0.5	0.6	112.666666667
6	20	0	0.5	0	0.5	0.9	195.083333333
6	20	0	0.5	0	1	0	63.1666666667
6	20	0	0.5	0	1	0.3	77.3095238095
6	20	0	0.5	0	1	0.6	112.666666667
6	20	0	0.5	0	1	0.9	195.083333333
6	20	0	0.5	0.5	0	0	63.1666666667
6	20	0	0.5	0.5	0	0.3	77.3095238095
6	20	0	0.5	0.5	0	0.6	112.666666667
6	20	0	0.5	0.5	0	0.9	195.083333333
6	20	0	0.5	0.5	0.5	0	63.1666666667
6	20	0	0.5	0.5	0.5	0.3	77.3095238095
6	20	0	0.5	0.5	0.5	0.6	112.666666667
6	20	0	0.5	0.5	0.5	0.9	195.083333333
6	20	0	0.5	0.5	1	0	63.1666666667
6	20	0	0.5	0.5	1	0.3	77.3095238095
6	20	0	0.5	0.5	1	0.6	112.666666667
6	20	0	0.5	0.5	1	0.9	195.083333333
6	20	0	0.5	1	0	0	63.1666666667
6	20	0	0.5	1	0	0.3	77.3095238095
6	20	0	0.5	1	0	0.6	112.666666667
6	20	0	0.5	1	0	0.9	195.083333333
6	20	0	0.5	1	0.5	0	63.1666666667
6	20	0	0.5	1	0.5	0.3	77.3095238095
6	20	0	0.5	1	0.5	0.6	112.666666667
6	20	0	0.5	1	0.5	0.9	195.083333333
6	20	0	0.5	1	1	0	63.1666666667
6	20	0	0.5	1	1	0.3	77.3095238095
6	20	0	0.5	1	1	0.6	112.666666667
6	20	0	0.5	1	1	0.9	195.083333333
6	20	0	1	0	0	0	63.1666666667
6	20	0	1	0	0	0.3	77.3095238095
6	20	0	1	0	0	0.6	112.666666667
6	20	0	1	0	0	0.9	195.083333333
6	20	0	1	0	0.5	0	63.1666666667
6	20	0	1	0	0.5	0.3	77.3095238095
6	20	0	1	0	0.5	0.6	112.666666667
6	20	0	1	0	0.5	0.9	195.083333333
6	20	0	1	0	1	0	63.1666666667
6	20	0	1	0	1	0.3	77.3095238095
6	20	0	1	0	1	0.6	112.666666667
6	20	0	1	0	1	0.9	195.083333333
6	20	0	1	0.5	0	0	63.1666666667
6	20	0	1	0.5	0	0.3	77.3095238095
6	20	0	1	0.5	0	0.6	112.666666667
6	20	0	1	0.5	0	0.9	195.083333333
6	20	0	1	0.5	0.5	0	63.1666666667
6	20	0	1	0.5	0.5	0.3	77.3095238095
6	20	0	1	0.5	0.5	0.6	112.666666667
6	20	0	1	0.5	0.5	0.9	195.083333333
6	20	0	1	0.5	1	0	63.1666666667
6	20	0	1	0.5	1	0.3	77.3095238095
6	20	0	1	0.5	1	0.6	112.666666667
6	20	0	1	0.5	1	0.9	195.083333333
6	20	0	1	1	0	0	63.1666666667
6	20	0	1	1	0	0.3	77.3095238095
6	20	0	1	1	0	0.6	112.666666667
6	20	0	1	1	0	0.9	195.083333333
6	20	0	1	1	0.5	0	63.1666666667
6	20	0	1	1	0.5	0.3	77.3095238095
6	20	0	1	1	0.5	0.6	112.666666667
6	20	0	1	1	0.5	0.9	195.083333333
6	20	0	1	1	1	0	63.1666666667
6	20	0	1	1	1	0.3	77.3095238095
6	20	0	1	1	1	0.6	112.666666667
6	20	0	1	1	1	0.9	195.083333333
6	20	0.5	0	0	0	0	63.1666666667
6	20	0.5	0	0	0	0.3	77.3095238095
6	20	0.5	0	0	0	0.6	112.666666667
6	20	0.5	0	0	0	0.9	195.083333333
6	20	0.5	0	0	0.5	0	63.1666666667
6	20	0.5	0	0	0.5	0.3	77.3095238095
6	20	0.5	0	0	0.5	0.6	112.666666667
6	20	0.5	0	0	0.5	0.9	195.083333333
6	20	0.5	0	0	1	0	63.1666666667
6	20	0.5	0	0	1	0.3	77.3095238095
6	20	0.5	0	0	1	0.6	112.666666667
6	20	0.5	0	0	1	0.9	195.083333333
6	20	0.5	0	0.5	0	0	63.1666666667
6	20	0.5	0	0.5	0	0.3	77.3095238095
6	20	0.5	0	0.5	0	0.6	112.666666667
6	20	0.5	0	0.5	0	0.9	195.083333333
6	20	0.5	0	0.5	0.5	0	63.1666666667
6	20	0.5	0	0.5	0.5	0.3	77.3095238095
6	20	0.5	0	0.5	0.5	0.6	112.666666667
6	20	0.5	0	0.5	0.5	0.9	195.083333333
6	20	0.5	0	0.5	1	0	63.1666666667
6	20	0.5	0	0.5	1	0.3	77.3095238095
6	20	0.5	0	0.5	1	0.6	112.666666667
6	20	0.5	0	0.5	1	0.9	195.083333333
6	20	0.5	0	1	0	0	63.1666666667
6	20	0.5	0	1	0	0.3	77.3095238095
6	20	0.5	0	1	0	0.6	112.666666667
6	20	0.5	0	1	0	0.9	195.083333333
6	20	0.5	0	1	0.5	0	63.1666666667
6	20	0.5	0	1	0.5	0.3	77.3095238095
6	20	0.5	0	1	0.5	0.6	112.666666667
6	20	0.5	0	1	0.5	0.9	195.083333333
6	20	0.5	0	1	1	0	63.1666666667
6	20	0.5	0	1	1	0.3	77.3095238095
6	20	0.5	0	1	1	0.6	112.666666667
6	20	0.5	0	1	1	0.9	195.083333333
6	20	0.5	0.5	0	0	0	63.1666666667
6	20	0.5	0.5	0	0	0.3	77.3095238095
6	20	0.5	0.5	0	0	0.6	112.666666667
6	20	0.5	0.5	0	0	0.9	195.083333333
6	20	0.5	0.5	0	0.5	0	63.1666666667
6	20	0.5	0.5	0	0.5	0.3	77.3095238095
6	20	0.5	0.5	0	0.5	0.6	112.666666667
6	20	0.5	0.5	0	0.5	0.9	195.083333333
6	20	0.5	0.5	0	1	0	63.1666666667
6	20	0.5	0.5	0	1	0.3	77.3095238095
6	20	0.5	0.5	0	1	0.6	112.666666667
6	20	0.5	0.5	0	1	0.9	195.083333333
6	20	0.5	0.5	0.5	0	0	63.1666666667
6	20	0.5	0.5	0.5	0	0.3	77.3095238095
6	20	0.5	0.5	0.5	0	0.6	112.666666667
6	20	0.5	0.5	0.5	0	0.9	195.083333333
6	20	0.5	0.5	0.5	0.5	0	63.1666666667
6	20	0.5	0.5	0.5	0.5	0.3	77.3095238095
6	20	0.5	0.5	0.5	0.5	0.6	112.666666667
6	20	0.5	0.5	0.5	0.5	0.9	195.083333333
6	20	0.5	0.5	0.5	1	0	63.1666666667
6	20	0.5	0.5	0.5	1	0.3	77.3095238095
6	20	0.5	0.5	0.5	1	0.6	112.666666667
6	20	0.5	0.5	0.5	1	0.9	195.083333333
6	20	0.5	0.5	1	0	0	63.1666666667
6	20	0.5	0.5	1	0	0.3	77.3095238095
6	20	0.5	0.5	1	0	0.6	112.666666667
6	20	0.5	0.5	1	0	0.9	195.083333333
6	20	0.5	0.5	1	0.5	0	63.1666666667
6	20	0.5	0.5	1	0.5	0.3	77.3095238095
6	20	0.5	0.5	1	0.5	0.6	112.666666667
6	20	0.5	0.5	1	0.5	0.9	195.083333333
6	20	0.5	0.5	1	1	0	63.1666666667
6	20	0.5	0.5	1	1	0.3	77.3095238095
6	20	0.5	0.5	1	1	0.6	112.666666667
6	20	0.5	0.5	1	1	0.9	195.083333333
6	20	0.5	1	0	0	0	63.1666666667
6	20	0.5	1	0	0	0.3	77.3095238095
6	20	0.5	1	0	0	0.6	112.666666667
6	20	0.5	1	0	0	0.9	195.083333333
6	20	0.5	1	0	0.5	0	63.1666666667
6	20	0.5	1	0	0.5	0.3	77.3095238095
6	20	0.5	1	0	0.5	0.6	112.666666667
6	20	0.5	1	0	0.5	0.9	195.083333333
6	20	0.5	1	0	1	0	63.1666666667
6	20	0.5	1	0	1	0.3	77.3095238095
6	20	0.5	1	0	1	0.6	112.666666667
6	20	0.5	1	0	1	0.9	195.083333333
6	20	0.5	1	0.5	0	0	63.1666666667
6	20	0.5	1	0.5	0	0.3	77.3095238095
6	20	0.5	1	0.5	0	0.6	112.666666667
6	20	0.5	1	0.5	0	0.9	195.083333333
6	20	0.5	1	0.5	0.5	0	63.1666666667
6	20	0.5	1	0.5	0.5	0.3	77.3095238095
6	20	0.5	1	0.5	0.5	0.6	112.666666667
6	20	0.5	1	0.5	0.5	0.9	195.083333333
6	20	0.5	1	0.5	1	0	63.1666666667
6	20	0.5	1	0.5	1	0.3	77.3095238095
6	20	0.5	1	0.5	1	0.6	112.666666667
6	20	0.5	1	0.5	1	0.9	195.083333333
6	20	0.5	1	1	0	0	63.1666666667
6	20	0.5	1	1	0	0.3	77.3095238095
6	20	0.5	1	1	0	0.6	112.666666667
6	20	0.5	1	1	0	0.9	195.083333333
6	20	0.5	1	1	0.5	0	63.1666666667
6	20	0.5	1	1	0.5	0.3	77.3095238095
6	20	0.5	1	1	0.5	0.6	112.666666667
6	20	0.5	1	1	0.5	0.9	195.083333333
6	20	0.5	1	1	1	0	63.1666666667
6	20	0.5	1	1	1	0.3	77.3095238095
6	20	0.5	1	1	1	0.6	112.666666667
6	20	0.5	1	1	1	0.9	195.083333333
6	20	1	0	0	0	0	63.1666666667
6	20	1	0	0	0	0.3	77.3095238095
6	20	1	0	0	0	0.6	112.666666667
6	20	1	0	0	0	0.9	195.083333333
6	20	1	0	0	0.5	0	63.1666666667
6	20	1	0	0	0.5	0.3	77.3095238095
6	20	1	0	0	0.5	0.6	112.666666667
6	20	1	0	0	0.5	0.9	195.083333333
6	20	1	0	0	1	0	63.1666666667
6	20	1	0	0	1	0.3	77.3095238095
6	20	1	0	0	1	0.6	112.666666667
6	20	1	0	0	1	0.9	195.083333333
6	20	1	0	0.5	0	0	63.1666666667
6	20	1	0	0.5	0	0.3	77.3095238095
6	20	1	0	0.5	0	0.6	112.666666667
6	20	1	0	0.5	0	0.9	195.083333333
6	20	1	0	0.5	0.5	0	63.1666666667
6	20	1	0	0.5	0.5	0.3	77.3095238095
6	20	1	0	0.5	0.5	0.6	112.666666667
6	20	1	0	0.5	0.5	0.9	195.083333333
6	20	1	0	0.5	1	0	63.1666666667
6	20	1	0	0.5	1	0.3	77.3095238095
6	20	1	0	0.5	1	0.6	112.666666667
6	20	1	0	0.5	1	0.9	195.083333333
6	20	1	0	1	0	0	63.1666666667
6	20	1	0	1	0	0.3	77.3095238095
6	20	1	0	1	0	0.6	112.666666667
6	20	1	0	1	0	0.9	195.083333333
6	20	1	0	1	0.5	0	63.1666666667
6	20	1	0	1	0.5	0.3	77.3095238095
6	20	1	0	1	0.5	0.6	112.666666667
6	20	1	0	1	0.5	0.9	195.083333333
6	20	1	0	1	1	0	63.1666666667
6	20	1	0	1	1	0.3	77.3095238095
6	20	1	0	1	1	0.6	112.666666667
6	20	1	0	1	1	0.9	195.083333333
6	20	1	0.5	0	0	0	63.1666666667
6	20	1	0.5	0	0	0.3	77.3095238095
6	20	1	0.5	0	0	0.6	112.666666667
6	20	1	0.5	0	0	0.9	195.083333333
6	20	1	0.5	0	0.5	0	63.1666666667
6	20	1	0.5	0	0.5	0.3	77.3095238095
6	20	1	0.5	0	0.5	0.6	112.666666667
6	20	1	0.5	0	0.5	0.9	195.083333333
6	20	1	0.5	0	1	0	63.1666666667
6	20	1	0.5	0	1	0.3	77.3095238095
6	20	1	0.5	0	1	0.6	112.666666667
6	20	1	0.5	0	1	0.9	195.083333333
6	20	1	0.5	0.5	0	0	63.1666666667
6	20	1	0.5	0.5	0	0.3	77.3095238095
6	20	1	0.5	0.5	0	0.6	112.666666667
6	20	1	0.5	0.5	0	0.9	195.083333333
6	20	1	0.5	0.5	0.5	0	63.1666666667
6	20	1	0.5	0.5	0.5	0.3	77.3095238095
6	20	1	0.5	0.5	0.5	0.6	112.666666667
6	20	1	0.5	0.5	0.5	0.9	195.083333333
6	20	1	0.5	0.5	1	0	63.1666666667
6	20	1	0.5	0.5	1	0.3	77.3095238095
6	20	1	0.5	0.5	1	0.6	112.666666667
6	20	1	0.5	0.5	1	0.9	195.083333333
6	20	1	0.5	1	0	0	63.1666666667
6	20	1	0.5	1	0	0.3	77.3095238095
6	20	1	0.5	1	0	0.6	112.666666667
6	20	1	0.5	1	0	0.9	195.083333333
6	20	1	0.5	1	0.5	0	63.1666666667
6	20	1	0.5	1	0.5	0.3	77.3095238095
6	20	1	0.5	1	0.5	0.6	112.666666667
6	20	1	0.5	1	0.5	0.9	195.083333333
6	20	1	0.5	1	1	0	63.1666666667
6	20	1	0.5	1	1	0.3	77.3095238095
6	20	1	0.5	1	1	0.6	112.666666667
6	20	1	0.5	1	1	0.9	195.083333333
6	20	1	1	0	0	0	63.1666666667
6	20	1	1	0	0	0.3	77.3095238095
6	20	1	1	0	0	0.6	112.666666667
6	20	1	1	0	0	0.9	195.083333333
6	20	1	1	0	0.5	0	63.1666666667
6	20	1	1	0	0.5	0.3	77.3095238095
6	20	1	1	0	0.5	0.6	112.666666667
6	20	1	1	0	0.5	0.9	195.083333333
6	20	1	1	0	1	0	63.1666666667
6	20	1	1	0	1	0.3	77.3095238095
6	20	1	1	0	1	0.6	112.666666667
6	20	1	1	0	1	0.9	195.083333333
6	20	1	1	0.5	0	0	63.1666666667
6	20	1	1	0.5	0	0.3	77.3095238095
6	20	1	1	0.5	0	0.6	112.666666667
6	20	1	1	0.5	0	0.9	195.083333333
6	20	1	1	0.5	0.5	0	63.1666666667
6	20	1	1	0.5	0.5	0.3	77.3095238095
6	20	1	1	0.5	0.5	0.6	112.666666667
6	20	1	1	0.5	0.5	0.9	195.083333333
6	20	1	1	0.5	1	0	63.1666666667
6	20	1	1	0.5	1	0.3	77.3095238095
6	20	1	1	0.5	1	0.6	112.666666667
6	20	1	1	0.5	1	0.9	195.083333333
6	20	1	1	1	0	0	63.1666666667
6	20	1	1	1	0	0.3	77.3095238095
6	20	1	1	1	0	0.6	112.666666667
6	20	1	1	1	0	0.9	195.083333333
6	20	1	1	1	0.5	0	63.1666666667
6	20	1	1	1	0.5	0.3	77.3095238095
6	20	1	1	1	0.5	0.6	112.666666667
6	20	1	1	1	0.5	0.9	195.083333333
6	20	1	1	1	1	0	63.1666666667
6	20	1	1	1	1	0.3	77.3095238095
6	20	1	1	1	1	0.6	112.666666667
6	20	1	1	1	1	0.9	195.083333333
7	5	0	0	0	0	0	63.1666666667
7	5	0	0	0	0	0.3	77.3095238095
7	5	0	0	0	0	0.6	112.666666667
7	5	0	0	0	0	0.9	195.083333333
7	5	0	0	0	0.5	0	63.1666666667
7	5	0	0	0	0.5	0.3	77.3095238095
7	5	0	0	0	0.5	0.6	112.666666667
7	5	0	0	0	0.5	0.9	195.083333333
7	5	0	0	0	1	0	63.1666666667
7	5	0	0	0	1	0.3	77.3095238095
7	5	0	0	0	1	0.6	112.666666667
7	5	0	0	0	1	0.9	195.083333333
7	5	0	0	0.5	0	0	63.1666666667
7	5	0	0	0.5	0	0.3	77.3095238095
7	5	0	0	0.5	0	0.6	112.666666667
7	5	0	0	0.5	0	0.9	195.083333333
7	5	0	0	0.5	0.5	0	63.1666666667
7	5	0	0	0.5	0.5	0.3	77.3095238095
7	5	0	0	0.5	0.5	0.6	112.666666667
7	5	0	0	0.5	0.5	0.9	195.083333333
7	5	0	0	0.5	1	0	63.1666666667
7	5	0	0	0.5	1	0.3	77.3095238095
7	5	0	0	0.5	1	0.6	112.666666667
7	5	0	0	0.5	1	0.9	195.083333333
7	5	0	0	1	0	0	63.1666666667
7	5	0	0	1	0	0.3	77.3095238095
7	5	0	0	1	0	0.6	112.666666667
7	5	0	0	1	0	0.9	195.083333333
7	5	0	0	1	0.5	0	63.1666666667
7	5	0	0	1	0.5	0.3	77.3095238095
7	5	0	0	1	0.5	0.6	112.666666667
7	5	0	0	1	0.5	0.9	195.083333333
7	5	0	0	1	1	0	63.1666666667
7	5	0	0	1	1	0.3	77.3095238095
7	5	0	0	1	1	0.6	112.666666667
7	5	0	0	1	1	0.9	195.083333333
7	5	0	0.5	0	0	0	63.1666666667
7	5	0	0.5	0	0	0.3	77.3095238095
7	5	0	0.5	0	0	0.6	112.666666667
7	5	0	0.5	0	0	0.9	195.083333333
7	5	0	0.5	0	0.5	0	63.1666666667
7	5	0	0.5	0	0.5	0.3	77.3095238095
7	5	0	0.5	0	0.5	0.6	112.666666667
7	5	0	0.5	0	0.5	0.9	195.083333333
7	5	0	0.5	0	1	0	63.1666666667
7	5	0	0.5	0	1	0.3	77.3095238095
7	5	0	0.5	0	1	0.6	112.666666667
7	5	0	0.5	0	1	0.9	195.083333333
7	5	0	0.5	0.5	0	0	63.1666666667
7	5	0	0.5	0.5	0	0.3	77.3095238095
7	5	0	0.5	0.5	0	0.6	112.666666667
7	5	0	0.5	0.5	0	0.9	195.083333333
7	5	0	0.5	0.5	0.5	0	63.1666666667
7	5	0	0.5	0.5	0.5	0.3	77.3095238095
7	5	0	0.5	0.5	0.5	0.6	112.666666667
7	5	0	0.5	0.5	0.5	0.9	195.083333333
7	5	0	0.5	0.5	1	0	63.1666666667
7	5	0	0.5	0.5	1	0.3	77.3095238095
7	5	0	0.5	0.5	1	0.6	112.666666667
7	5	0	0.5	0.5	1	0.9	195.083333333
7	5	0	0.5	1	0	0	63.1666666667
7	5	0	0.5	1	0	0.3	77.3095238095
7	5	0	0.5	1	0	0.6	112.666666667
7	5	0	0.5	1	0	0.9	195.083333333
7	5	0	0.5	1	0.5	0	63.1666666667
7	5	0	0.5	1	0.5	0.3	77.3095238095
7	5	0	0.5	1	0.5	0.6	112.666666667
7	5	0	0.5	1	0.5	0.9	195.083333333
7	5	0	0.5	1	1	0	63.1666666667
7	5	0	0.5	1	1	0.3	77.3095238095
7	5	0	0.5	1	1	0.6	112.666666667
7	5	0	0.5	1	1	0.9	195.083333333
7	5	0	1	0	0	0	63.1666666667
7	5	0	1	0	0	0.3	77.3095238095
7	5	0	1	0	0	0.6	112.666666667
7	5	0	1	0	0	0.9	195.083333333
7	5	0	1	0	0.5	0	63.1666666667
7	5	0	1	0	0.5	0.3	77.3095238095
7	5	0	1	0	0.5	0.6	112.666666667
7	5	0	1	0	0.5	0.9	195.083333333
7	5	0	1	0	1	0	63.1666666667
7	5	0	1	0	1	0.3	77.3095238095
7	5	0	1	0	1	0.6	112.666666667
7	5	0	1	0	1	0.9	195.083333333
7	5	0	1	0.5	0	0	63.1666666667
7	5	0	1	0.5	0	0.3	77.3095238095
7	5	0	1	0.5	0	0.6	112.666666667
7	5	0	1	0.5	0	0.9	195.083333333
7	5	0	1	0.5	0.5	0	63.1666666667
7	5	0	1	0.5	0.5	0.3	77.3095238095
7	5	0	1	0.5	0.5	0.6	112.666666667
7	5	0	1	0.5	0.5	0.9	195.083333333
7	5	0	1	0.5	1	0	63.1666666667
7	5	0	1	0.5	1	0.3	77.3095238095
7	5	0	1	0.5	1	0.6	112.666666667
7	5	0	1	0.5	1	0.9	195.083333333
7	5	0	1	1	0	0	63.1666666667
7	5	0	1	1	0	0.3	77.3095238095
7	5	0	1	1	0	0.6	112.666666667
7	5	0	1	1	0	0.9	195.083333333
7	5	0	1	1	0.5	0	63.1666666667
7	5	0	1	1	0.5	0.3	77.3095238095
7	5	0	1	1	0.5	0.6	112.666666667
7	5	0	1	1	0.5	0.9	195.083333333
7	5	0	1	1	1	0	63.1666666667
7	5	0	1	1	1	0.3	77.3095238095
7	5	0	1	1	1	0.6	112.666666667
7	5	0	1	1	1	0.9	195.083333333
7	5	0.5	0	0	0	0	63.1666666667
7	5	0.5	0	0	0	0.3	77.3095238095
7	5	0.5	0	0	0	0.6	112.666666667
7	5	0.5	0	0	0	0.9	195.083333333
7	5	0.5	0	0	0.5	0	63.1666666667
7	5	0.5	0	0	0.5	0.3	77.3095238095
7	5	0.5	0	0	0.5	0.6	112.666666667
7	5	0.5	0	0	0.5	0.9	195.083333333
7	5	0.5	0	0	1	0	63.1666666667
7	5	0.5	0	0	1	0.3	77.3095238095
7	5	0.5	0	0	1	0.6	112.666666667
7	5	0.5	0	0	1	0.9	195.083333333
7	5	0.5	0	0.5	0	0	63.1666666667
7	5	0.5	0	0.5	0	0.3	77.3095238095
7	5	0.5	0	0.5	0	0.6	112.666666667
7	5	0.5	0	0.5	0	0.9	195.083333333
7	5	0.5	0	0.5	0.5	0	63.1666666667
7	5	0.5	0	0.5	0.5	0.3	77.3095238095
7	5	0.5	0	0.5	0.5	0.6	112.666666667
7	5	0.5	0	0.5	0.5	0.9	195.083333333
7	5	0.5	0	0.5	1	0	63.1666666667
7	5	0.5	0	0.5	1	0.3	77.3095238095
7	5	0.5	0	0.5	1	0.6	112.666666667
7	5	0.5	0	0.5	1	0.9	195.083333333
7	5	0.5	0	1	0	0	63.1666666667
7	5	0.5	0	1	0	0.3	77.3095238095
7	5	0.5	0	1	0	0.6	112.666666667
7	5	0.5	0	1	0	0.9	195.083333333
7	5	0.5	0	1	0.5	0	63.1666666667
7	5	0.5	0	1	0.5	0.3	77.3095238095
7	5	0.5	0	1	0.5	0.6	112.666666667
7	5	0.5	0	1	0.5	0.9	195.083333333
7	5	0.5	0	1	1	0	63.1666666667
7	5	0.5	0	1	1	0.3	77.3095238095
7	5	0.5	0	1	1	0.6	112.666666667
7	5	0.5	0	1	1	0.9	195.083333333
7	5	0.5	0.5	0	0	0	63.1666666667
7	5	0.5	0.5	0	0	0.3	77.3095238095
7	5	0.5	0.5	0	0	0.6	112.666666667
7	5	0.5	0.5	0	0	0.9	195.083333333
7	5	0.5	0.5	0	0.5	0	63.1666666667
7	5	0.5	0.5	0	0.5	0.3	77.3095238095
7	5	0.5	0.5	0	0.5	0.6	112.666666667
7	5	0.5	0.5	0	0.5	0.9	195.083333333
7	5	0.5	0.5	0	1	0	63.1666666667
7	5	0.5	0.5	0	1	0.3	77.3095238095
7	5	0.5	0.5	0	1	0.6	112.666666667
7	5	0.5	0.5	0	1	0.9	195.083333333
7	5	0.5	0.5	0.5	0	0	63.1666666667
7	5	0.5	0.5	0.5	0	0.3	77.3095238095
7	5	0.5	0.5	0.5	0	0.6	112.666666667
7	5	0.5	0.5	0.5	0	0.9	195.083333333
7	5	0.5	0.5	0.5	0.5	0	63.1666666667
7	5	0.5	0.5	0.5	0.5	0.3	77.3095238095
7	5	0.5	0.5	0.5	0.5	0.6	112.666666667
7	5	0.5	0.5	0.5	0.5	0.9	195.083333333
7	5	0.5	0.5	0.5	1	0	63.1666666667
7	5	0.5	0.5	0.5	1	0.3	77.3095238095
7	5	0.5	0.5	0.5	1	0.6	112.666666667
7	5	0.5	0.5	0.5	1	0.9	195.083333333
7	5	0.5	0.5	1	0	0	63.1666666667
7	5	0.5	0.5	1	0	0.3	77.3095238095
7	5	0.5	0.5	1	0	0.6	112.666666667
7	5	0.5	0.5	1	0	0.9	195.083333333
7	5	0.5	0.5	1	0.5	0	63.1666666667
7	5	0.5	0.5	1	0.5	0.3	77.3095238095
7	5	0.5	0.5	1	0.5	0.6	112.666666667
7	5	0.5	0.5	1	0.5	0.9	195.083333333
7	5	0.5	0.5	1	1	0	63.1666666667
7	5	0.5	0.5	1	1	0.3	77.3095238095
7	5	0.5	0.5	1	1	0.6	112.666666667
7	5	0.5	0.5	1	1	0.9	195.083333333
7	5	0.5	1	0	0	0	63.1666666667
7	5	0.5	1	0	0	0.3	77.3095238095
7	5	0.5	1	0	0	0.6	112.666666667
7	5	0.5	1	0	0	0.9	195.083333333
7	5	0.5	1	0	0.5	0	63.1666666667
7	5	0.5	1	0	0.5	0.3	77.3095238095
7	5	0.5	1	0	0.5	0.6	112.666666667
7	5	0.5	1	0	0.5	0.9	195.083333333
7	5	0.5	1	0	1	0	63.1666666667
7	5	0.5	1	0	1	0.3	77.3095238095
7	5	0.5	1	0	1	0.6	112.666666667
7	5	0.5	1	0	1	0.9	195.083333333
7	5	0.5	1	0.5	0	0	63.1666666667
7	5	0.5	1	0.5	0	0.3	77.3095238095
7	5	0.5	1	0.5	0	0.6	112.666666667
7	5	0.5	1	0.5	0	0.9	195.083333333
7	5	0.5	1	0.5	0.5	0	63.1666666667
7	5	0.5	1	0.5	0.5	0.3	77.3095238095
7	5	0.5	1	0.5	0.5	0.6	112.666666667
7	5	0.5	1	0.5	0.5	0.9	195.083333333
7	5	0.5	1	0.5	1	0	63.1666666667
7	5	0.5	1	0.5	1	0.3	77.3095238095
7	5	0.5	1	0.5	1	0.6	112.666666667
7	5	0.5	1	0.5	1	0.9	195.083333333
7	5	0.5	1	1	0	0	63.1666666667
7	5	0.5	1	1	0	0.3	77.3095238095
7	5	0.5	1	1	0	0.6	112.666666667
7	5	0.5	1	1	0	0.9	195.083333333
7	5	0.5	1	1	0.5	0	63.1666666667
7	5	0.5	1	1	0.5	0.3	77.3095238095
7	5	0.5	1	1	0.5	0.6	112.666666667
7	5	0.5	1	1	0.5	0.9	195.083333333
7	5	0.5	1	1	1	0	63.1666666667
7	5	0.5	1	1	1	0.3	77.3095238095
7	5	0.5	1	1	1	0.6	112.666666667
7	5	0.5	1	1	1	0.9	195.083333333
7	5	1	0	0	0	0	63.1666666667
7	5	1	0	0	0	0.3	77.3095238095
7	5	1	0	0	0	0.6	112.666666667
7	5	1	0	0	0	0.9	195.083333333
7	5	1	0	0	0.5	0	63.1666666667
7	5	1	0	0	0.5	0.3	77.3095238095
7	5	1	0	0	0.5	0.6	112.666666667
7	5	1	0	0	0.5	0.9	195.083333333
7	5	1	0	0	1	0	63.1666666667
7	5	1	0	0	1	0.3	77.3095238095
7	5	1	0	0	1	0.6	112.666666667
7	5	1	0	0	1	0.9	195.083333333
7	5	1	0	0.5	0	0	63.1666666667
7	5	1	0	0.5	0	0.3	77.3095238095
7	5	1	0	0.5	0	0.6	112.666666667
7	5	1	0	0.5	0	0.9	195.083333333
7	5	1	0	0.5	0.5	0	63.1666666667
7	5	1	0	0.5	0.5	0.3	77.3095238095
7	5	1	0	0.5	0.5	0.6	112.666666667
7	5	1	0	0.5	0.5	0.9	195.083333333
7	5	1	0	0.5	1	0	63.1666666667
7	5	1	0	0.5	1	0.3	77.3095238095
7	5	1	0	0.5	1	0.6	112.666666667
7	5	1	0	0.5	1	0.9	195.083333333
7	5	1	0	1	0	0	63.1666666667
7	5	1	0	1	0	0.3	77.3095238095
7	5	1	0	1	0	0.6	112.666666667
7	5	1	0	1	0	0.9	195.083333333
7	5	1	0	1	0.5	0	63.1666666667
7	5	1	0	1	0.5	0.3	77.3095238095
7	5	1	0	1	0.5	0.6	112.666666667
7	5	1	0	1	0.5	0.9	195.083333333
7	5	1	0	1	1	0	63.1666666667
7	5	1	0	1	1	0.3	77.3095238095
7	5	1	0	1	1	0.6	112.666666667
7	5	1	0	1	1	0.9	195.083333333
7	5	1	0.5	0	0	0	63.1666666667
7	5	1	0.5	0	0	0.3	77.3095238095
7	5	1	0.5	0	0	0.6	112.666666667
7	5	1	0.5	0	0	0.9	195.083333333
7	5	1	0.5	0	0.5	0	63.1666666667
7	5	1	0.5	0	0.5	0.3	77.3095238095
7	5	1	0.5	0	0.5	0.6	112.666666667
7	5	1	0.5	0	0.5	0.9	195.083333333
7	5	1	0.5	0	1	0	63.1666666667
7	5	1	0.5	0	1	0.3	77.3095238095
7	5	1	0.5	0	1	0.6	112.666666667
7	5	1	0.5	0	1	0.9	195.083333333
7	5	1	0.5	0.5	0	0	63.1666666667
7	5	1	0.5	0.5	0	0.3	77.3095238095
7	5	1	0.5	0.5	0	0.6	112.666666667
7	5	1	0.5	0.5	0	0.9	195.083333333
7	5	1	0.5	0.5	0.5	0	63.1666666667
7	5	1	0.5	0.5	0.5	0.3	77.3095238095
7	5	1	0.5	0.5	0.5	0.6	112.666666667
7	5	1	0.5	0.5	0.5	0.9	195.083333333
7	5	1	0.5	0.5	1	0	63.1666666667
7	5	1	0.5	0.5	1	0.3	77.3095238095
7	5	1	0.5	0.5	1	0.6	112.666666667
7	5	1	0.5	0.5	1	0.9	195.083333333
7	5	1	0.5	1	0	0	63.1666666667
7	5	1	0.5	1	0	0.3	77.3095238095
7	5	1	0.5	1	0	0.6	112.666666667
7	5	1	0.5	1	0	0.9	195.083333333
7	5	1	0.5	1	0.5	0	63.1666666667
7	5	1	0.5	1	0.5	0.3	77.3095238095
7	5	1	0.5	1	0.5	0.6	112.666666667
7	5	1	0.5	1	0.5	0.9	195.083333333
7	5	1	0.5	1	1	0	63.1666666667
7	5	1	0.5	1	1	0.3	77.3095238095
7	5	1	0.5	1	1	0.6	112.666666667
7	5	1	0.5	1	1	0.9	195.083333333
7	5	1	1	0	0	0	63.1666666667
7	5	1	1	0	0	0.3	77.3095238095
7	5	1	1	0	0	0.6	112.666666667
7	5	1	1	0	0	0.9	195.083333333
7	5	1	1	0	0.5	0	63.1666666667
7	5	1	1	0	0.5	0.3	77.3095238095
7	5	1	1	0	0.5	0.6	112.666666667
7	5	1	1	0	0.5	0.9	195.083333333
7	5	1	1	0	1	0	63.1666666667
7	5	1	1	0	1	0.3	77.3095238095
7	5	1	1	0	1	0.6	112.666666667
7	5	1	1	0	1	0.9	195.083333333
7	5	1	1	0.5	0	0	63.1666666667
7	5	1	1	0.5	0	0.3	77.3095238095
7	5	1	1	0.5	0	0.6	112.666666667
7	5	1	1	0.5	0	0.9	195.083333333
7	5	1	1	0.5	0.5	0	63.1666666667
7	5	1	1	0.5	0.5	0.3	77.3095238095
7	5	1	1	0.5	0.5	0.6	112.666666667
7	5	1	1	0.5	0.5	0.9	195.083333333
7	5	1	1	0.5	1	0	63.1666666667
7	5	1	1	0.5	1	0.3	77.3095238095
7	5	1	1	0.5	1	0.6	112.666666667
7	5	1	1	0.5	1	0.9	195.083333333
7	5	1	1	1	0	0	63.1666666667
7	5	1	1	1	0	0.3	77.3095238095
7	5	1	1	1	0	0.6	112.666666667
7	5	1	1	1	0	0.9	195.083333333
7	5	1	1	1	0.5	0	63.1666666667
7	5	1	1	1	0.5	0.3	77.3095238095
7	5	1	1	1	0.5	0.6	112.666666667
7	5	1	1	1	0.5	0.9	195.083333333
7	5	1	1	1	1	0	63.1666666667
7	5	1	1	1	1	0.3	77.3095238095
7	5	1	1	1	1	0.6	112.666666667
7	5	1	1	1	1	0.9	195.083333333
7	10	0	0	0	0	0	63.1666666667
7	10	0	0	0	0	0.3	77.3095238095
7	10	0	0	0	0	0.6	112.666666667
7	10	0	0	0	0	0.9	195.083333333
7	10	0	0	0	0.5	0	63.1666666667
7	10	0	0	0	0.5	0.3	77.3095238095
7	10	0	0	0	0.5	0.6	112.666666667
7	10	0	0	0	0.5	0.9	195.083333333
7	10	0	0	0	1	0	63.1666666667
7	10	0	0	0	1	0.3	77.3095238095
7	10	0	0	0	1	0.6	112.666666667
7	10	0	0	0	1	0.9	195.083333333
7	10	0	0	0.5	0	0	63.1666666667
7	10	0	0	0.5	0	0.3	77.3095238095
7	10	0	0	0.5	0	0.6	112.666666667
7	10	0	0	0.5	0	0.9	195.083333333
7	10	0	0	0.5	0.5	0	63.1666666667
7	10	0	0	0.5	0.5	0.3	77.3095238095
7	10	0	0	0.5	0.5	0.6	112.666666667
7	10	0	0	0.5	0.5	0.9	195.083333333
7	10	0	0	0.5	1	0	63.1666666667
7	10	0	0	0.5	1	0.3	77.3095238095
7	10	0	0	0.5	1	0.6	112.666666667
7	10	0	0	0.5	1	0.9	195.083333333
7	10	0	0	1	0	0	63.1666666667
7	10	0	0	1	0	0.3	77.3095238095
7	10	0	0	1	0	0.6	112.666666667
7	10	0	0	1	0	0.9	195.083333333
7	10	0	0	1	0.5	0	63.1666666667
7	10	0	0	1	0.5	0.3	77.3095238095
7	10	0	0	1	0.5	0.6	112.666666667
7	10	0	0	1	0.5	0.9	195.083333333
7	10	0	0	1	1	0	63.1666666667
7	10	0	0	1	1	0.3	77.3095238095
7	10	0	0	1	1	0.6	112.666666667
7	10	0	0	1	1	0.9	195.083333333
7	10	0	0.5	0	0	0	63.1666666667
7	10	0	0.5	0	0	0.3	77.3095238095
7	10	0	0.5	0	0	0.6	112.666666667
7	10	0	0.5	0	0	0.9	195.083333333
7	10	0	0.5	0	0.5	0	63.1666666667
7	10	0	0.5	0	0.5	0.3	77.3095238095
7	10	0	0.5	0	0.5	0.6	112.666666667
7	10	0	0.5	0	0.5	0.9	195.083333333
7	10	0	0.5	0	1	0	63.1666666667
7	10	0	0.5	0	1	0.3	77.3095238095
7	10	0	0.5	0	1	0.6	112.666666667
7	10	0	0.5	0	1	0.9	195.083333333
7	10	0	0.5	0.5	0	0	63.1666666667
7	10	0	0.5	0.5	0	0.3	77.3095238095
7	10	0	0.5	0.5	0	0.6	112.666666667
7	10	0	0.5	0.5	0	0.9	195.083333333
7	10	0	0.5	0.5	0.5	0	63.1666666667
7	10	0	0.5	0.5	0.5	0.3	77.3095238095
7	10	0	0.5	0.5	0.5	0.6	112.666666667
7	10	0	0.5	0.5	0.5	0.9	195.083333333
7	10	0	0.5	0.5	1	0	63.1666666667
7	10	0	0.5	0.5	1	0.3	77.3095238095
7	10	0	0.5	0.5	1	0.6	112.666666667
7	10	0	0.5	0.5	1	0.9	195.083333333
7	10	0	0.5	1	0	0	63.1666666667
7	10	0	0.5	1	0	0.3	77.3095238095
7	10	0	0.5	1	0	0.6	112.666666667
7	10	0	0.5	1	0	0.9	195.083333333
7	10	0	0.5	1	0.5	0	63.1666666667
7	10	0	0.5	1	0.5	0.3	77.3095238095
7	10	0	0.5	1	0.5	0.6	112.666666667
7	10	0	0.5	1	0.5	0.9	195.083333333
7	10	0	0.5	1	1	0	63.1666666667
7	10	0	0.5	1	1	0.3	77.3095238095
7	10	0	0.5	1	1	0.6	112.666666667
7	10	0	0.5	1	1	0.9	195.083333333
7	10	0	1	0	0	0	63.1666666667
7	10	0	1	0	0	0.3	77.3095238095
7	10	0	1	0	0	0.6	112.666666667
7	10	0	1	0	0	0.9	195.083333333
7	10	0	1	0	0.5	0	63.1666666667
7	10	0	1	0	0.5	0.3	77.3095238095
7	10	0	1	0	0.5	0.6	112.666666667
7	10	0	1	0	0.5	0.9	195.083333333
7	10	0	1	0	1	0	63.1666666667
7	10	0	1	0	1	0.3	77.3095238095
7	10	0	1	0	1	0.6	112.666666667
7	10	0	1	0	1	0.9	195.083333333
7	10	0	1	0.5	0	0	63.1666666667
7	10	0	1	0.5	0	0.3	77.3095238095
7	10	0	1	0.5	0	0.6	112.666666667
7	10	0	1	0.5	0	0.9	195.083333333
7	10	0	1	0.5	0.5	0	63.1666666667
7	10	0	1	0.5	0.5	0.3	77.3095238095
7	10	0	1	0.5	0.5	0.6	112.666666667
7	10	0	1	0.5	0.5	0.9	195.083333333
7	10	0	1	0.5	1	0	63.1666666667
7	10	0	1	0.5	1	0.3	77.3095238095
7	10	0	1	0.5	1	0.6	112.666666667
7	10	0	1	0.5	1	0.9	195.083333333
7	10	0	1	1	0	0	63.1666666667
7	10	0	1	1	0	0.3	77.3095238095
7	10	0	1	1	0	0.6	112.666666667
7	10	0	1	1	0	0.9	195.083333333
7	10	0	1	1	0.5	0	63.1666666667
7	10	0	1	1	0.5	0.3	77.3095238095
7	10	0	1	1	0.5	0.6	112.666666667
7	10	0	1	1	0.5	0.9	195.083333333
7	10	0	1	1	1	0	63.1666666667
7	10	0	1	1	1	0.3	77.3095238095
7	10	0	1	1	1	0.6	112.666666667
7	10	0	1	1	1	0.9	195.083333333
7	10	0.5	0	0	0	0	63.1666666667
7	10	0.5	0	0	0	0.3	77.3095238095
7	10	0.5	0	0	0	0.6	112.666666667
7	10	0.5	0	0	0	0.9	195.083333333
7	10	0.5	0	0	0.5	0	63.1666666667
7	10	0.5	0	0	0.5	0.3	77.3095238095
7	10	0.5	0	0	0.5	0.6	112.666666667
7	10	0.5	0	0	0.5	0.9	195.083333333
7	10	0.5	0	0	1	0	63.1666666667
7	10	0.5	0	0	1	0.3	77.3095238095
7	10	0.5	0	0	1	0.6	112.666666667
7	10	0.5	0	0	1	0.9	195.083333333
7	10	0.5	0	0.5	0	0	63.1666666667
7	10	0.5	0	0.5	0	0.3	77.3095238095
7	10	0.5	0	0.5	0	0.6	112.666666667
7	10	0.5	0	0.5	0	0.9	195.083333333
7	10	0.5	0	0.5	0.5	0	63.1666666667
7	10	0.5	0	0.5	0.5	0.3	77.3095238095
7	10	0.5	0	0.5	0.5	0.6	112.666666667
7	10	0.5	0	0.5	0.5	0.9	195.083333333
7	10	0.5	0	0.5	1	0	63.1666666667
7	10	0.5	0	0.5	1	0.3	77.3095238095
7	10	0.5	0	0.5	1	0.6	112.666666667
7	10	0.5	0	0.5	1	0.9	195.083333333
7	10	0.5	0	1	0	0	63.1666666667
7	10	0.5	0	1	0	0.3	77.3095238095
7	10	0.5	0	1	0	0.6	112.666666667
7	10	0.5	0	1	0	0.9	195.083333333
7	10	0.5	0	1	0.5	0	63.1666666667
7	10	0.5	0	1	0.5	0.3	77.3095238095
7	10	0.5	0	1	0.5	0.6	112.666666667
7	10	0.5	0	1	0.5	0.9	195.083333333
7	10	0.5	0	1	1	0	63.1666666667
7	10	0.5	0	1	1	0.3	77.3095238095
7	10	0.5	0	1	1	0.6	112.666666667
7	10	0.5	0	1	1	0.9	195.083333333
7	10	0.5	0.5	0	0	0	63.1666666667
7	10	0.5	0.5	0	0	0.3	77.3095238095
7	10	0.5	0.5	0	0	0.6	112.666666667
7	10	0.5	0.5	0	0	0.9	195.083333333
7	10	0.5	0.5	0	0.5	0	63.1666666667
7	10	0.5	0.5	0	0.5	0.3	77.3095238095
7	10	0.5	0.5	0	0.5	0.6	112.666666667
7	10	0.5	0.5	0	0.5	0.9	195.083333333
7	10	0.5	0.5	0	1	0	63.1666666667
7	10	0.5	0.5	0	1	0.3	77.3095238095
7	10	0.5	0.5	0	1	0.6	112.666666667
7	10	0.5	0.5	0	1	0.9	195.083333333
7	10	0.5	0.5	0.5	0	0	63.1666666667
7	10	0.5	0.5	0.5	0	0.3	77.3095238095
7	10	0.5	0.5	0.5	0	0.6	112.666666667
7	10	0.5	0.5	0.5	0	0.9	195.083333333
7	10	0.5	0.5	0.5	0.5	0	63.1666666667
7	10	0.5	0.5	0.5	0.5	0.3	77.3095238095
7	10	0.5	0.5	0.5	0.5	0.6	112.666666667
7	10	0.5	0.5	0.5	0.5	0.9	195.083333333
7	10	0.5	0.5	0.5	1	0	63.1666666667
7	10	0.5	0.5	0.5	1	0.3	77.3095238095
7	10	0.5	0.5	0.5	1	0.6	112.666666667
7	10	0.5	0.5	0.5	1	0.9	195.083333333
7	10	0.5	0.5	1	0	0	63.1666666667
7	10	0.5	0.5	1	0	0.3	77.3095238095
7	10	0.5	0.5	1	0	0.6	112.666666667
7	10	0.5	0.5	1	0	0.9	195.083333333
7	10	0.5	0.5	1	0.5	0	63.1666666667
7	10	0.5	0.5	1	0.5	0.3	77.3095238095
7	10	0.5	0.5	1	0.5	0.6	112.666666667
7	10	0.5	0.5	1	0.5	0.9	195.083333333
7	10	0.5	0.5	1	1	0	63.1666666667
7	10	0.5	0.5	1	1	0.3	77.3095238095
7	10	0.5	0.5	1	1	0.6	112.666666667
7	10	0.5	0.5	1	1	0.9	195.083333333
7	10	0.5	1	0	0	0	63.1666666667
7	10	0.5	1	0	0	0.3	77.3095238095
7	10	0.5	1	0	0	0.6	112.666666667
7	10	0.5	1	0	0	0.9	195.083333333
7	10	0.5	1	0	0.5	0	63.1666666667
7	10	0.5	1	0	0.5	0.3	77.3095238095
7	10	0.5	1	0	0.5	0.6	112.666666667
7	10	0.5	1	0	0.5	0.9	195.083333333
7	10	0.5	1	0	1	0	63.1666666667
7	10	0.5	1	0	1	0.3	77.3095238095
7	10	0.5	1	0	1	0.6	112.666666667
7	10	0.5	1	0	1	0.9	195.083333333
7	10	0.5	1	0.5	0	0	63.1666666667
7	10	0.5	1	0.5	0	0.3	77.3095238095
7	10	0.5	1	0.5	0	0.6	112.666666667
7	10	0.5	1	0.5	0	0.9	195.083333333
7	10	0.5	1	0.5	0.5	0	63.1666666667
7	10	0.5	1	0.5	0.5	0.3	77.3095238095
7	10	0.5	1	0.5	0.5	0.6	112.666666667
7	10	0.5	1	0.5	0.5	0.9	195.083333333
7	10	0.5	1	0.5	1	0	63.1666666667
7	10	0.5	1	0.5	1	0.3	77.3095238095
7	10	0.5	1	0.5	1	0.6	112.666666667
7	10	0.5	1	0.5	1	0.9	195.083333333
7	10	0.5	1	1	0	0	63.1666666667
7	10	0.5	1	1	0	0.3	77.3095238095
7	10	0.5	1	1	0	0.6	112.666666667
7	10	0.5	1	1	0	0.9	195.083333333
7	10	0.5	1	1	0.5	0	63.1666666667
7	10	0.5	1	1	0.5	0.3	77.3095238095
7	10	0.5	1	1	0.5	0.6	112.666666667
7	10	0.5	1	1	0.5	0.9	195.083333333
7	10	0.5	1	1	1	0	63.1666666667
7	10	0.5	1	1	1	0.3	77.3095238095
7	10	0.5	1	1	1	0.6	112.666666667
7	10	0.5	1	1	1	0.9	195.083333333
7	10	1	0	0	0	0	63.1666666667
7	10	1	0	0	0	0.3	77.3095238095
7	10	1	0	0	0	0.6	112.666666667
7	10	1	0	0	0	0.9	195.083333333
7	10	1	0	0	0.5	0	63.1666666667
7	10	1	0	0	0.5	0.3	77.3095238095
7	10	1	0	0	0.5	0.6	112.666666667
7	10	1	0	0	0.5	0.9	195.083333333
7	10	1	0	0	1	0	63.1666666667
7	10	1	0	0	1	0.3	77.3095238095
7	10	1	0	0	1	0.6	112.666666667
7	10	1	0	0	1	0.9	195.083333333
7	10	1	0	0.5	0	0	63.1666666667
7	10	1	0	0.5	0	0.3	77.3095238095
7	10	1	0	0.5	0	0.6	112.666666667
7	10	1	0	0.5	0	0.9	195.083333333
7	10	1	0	0.5	0.5	0	63.1666666667
7	10	1	0	0.5	0.5	0.3	77.3095238095
7	10	1	0	0.5	0.5	0.6	112.666666667
7	10	1	0	0.5	0.5	0.9	195.083333333
7	10	1	0	0.5	1	0	63.1666666667
7	10	1	0	0.5	1	0.3	77.3095238095
7	10	1	0	0.5	1	0.6	112.666666667
7	10	1	0	0.5	1	0.9	195.083333333
7	10	1	0	1	0	0	63.1666666667
7	10	1	0	1	0	0.3	77.3095238095
7	10	1	0	1	0	0.6	112.666666667
7	10	1	0	1	0	0.9	195.083333333
7	10	1	0	1	0.5	0	63.1666666667
7	10	1	0	1	0.5	0.3	77.3095238095
7	10	1	0	1	0.5	0.6	112.666666667
7	10	1	0	1	0.5	0.9	195.083333333
7	10	1	0	1	1	0	63.1666666667
7	10	1	0	1	1	0.3	77.3095238095
7	10	1	0	1	1	0.6	112.666666667
7	10	1	0	1	1	0.9	195.083333333
7	10	1	0.5	0	0	0	63.1666666667
7	10	1	0.5	0	0	0.3	77.3095238095
7	10	1	0.5	0	0	0.6	112.666666667
7	10	1	0.5	0	0	0.9	195.083333333
7	10	1	0.5	0	0.5	0	63.1666666667
7	10	1	0.5	0	0.5	0.3	77.3095238095
7	10	1	0.5	0	0.5	0.6	112.666666667
7	10	1	0.5	0	0.5	0.9	195.083333333
7	10	1	0.5	0	1	0	63.1666666667
7	10	1	0.5	0	1	0.3	77.3095238095
7	10	1	0.5	0	1	0.6	112.666666667
7	10	1	0.5	0	1	0.9	195.083333333
7	10	1	0.5	0.5	0	0	63.1666666667
7	10	1	0.5	0.5	0	0.3	77.3095238095
7	10	1	0.5	0.5	0	0.6	112.666666667
7	10	1	0.5	0.5	0	0.9	195.083333333
7	10	1	0.5	0.5	0.5	0	63.1666666667
7	10	1	0.5	0.5	0.5	0.3	77.3095238095
7	10	1	0.5	0.5	0.5	0.6	112.666666667
7	10	1	0.5	0.5	0.5	0.9	195.083333333
7	10	1	0.5	0.5	1	0	63.1666666667
7	10	1	0.5	0.5	1	0.3	77.3095238095
7	10	1	0.5	0.5	1	0.6	112.666666667
7	10	1	0.5	0.5	1	0.9	195.083333333
7	10	1	0.5	1	0	0	63.1666666667
7	10	1	0.5	1	0	0.3	77.3095238095
7	10	1	0.5	1	0	0.6	112.666666667
7	10	1	0.5	1	0	0.9	195.083333333
7	10	1	0.5	1	0.5	0	63.1666666667
7	10	1	0.5	1	0.5	0.3	77.3095238095
7	10	1	0.5	1	0.5	0.6	112.666666667
7	10	1	0.5	1	0.5	0.9	195.083333333
7	10	1	0.5	1	1	0	63.1666666667
7	10	1	0.5	1	1	0.3	77.3095238095
7	10	1	0.5	1	1	0.6	112.666666667
7	10	1	0.5	1	1	0.9	195.083333333
7	10	1	1	0	0	0	63.1666666667
7	10	1	1	0	0	0.3	77.3095238095
7	10	1	1	0	0	0.6	112.666666667
7	10	1	1	0	0	0.9	195.083333333
7	10	1	1	0	0.5	0	63.1666666667
7	10	1	1	0	0.5	0.3	77.3095238095
7	10	1	1	0	0.5	0.6	112.666666667
7	10	1	1	0	0.5	0.9	195.083333333
7	10	1	1	0	1	0	63.1666666667
7	10	1	1	0	1	0.3	77.3095238095
7	10	1	1	0	1	0.6	112.666666667
7	10	1	1	0	1	0.9	195.083333333
7	10	1	1	0.5	0	0	63.1666666667
7	10	1	1	0.5	0	0.3	77.3095238095
7	10	1	1	0.5	0	0.6	112.666666667
7	10	1	1	0.5	0	0.9	195.083333333
7	10	1	1	0.5	0.5	0	63.1666666667
7	10	1	1	0.5	0.5	0.3	77.3095238095
7	10	1	1	0.5	0.5	0.6	112.666666667
7	10	1	1	0.5	0.5	0.9	195.083333333
7	10	1	1	0.5	1	0	63.1666666667
7	10	1	1	0.5	1	0.3	77.3095238095
7	10	1	1	0.5	1	0.6	112.666666667
7	10	1	1	0.5	1	0.9	195.083333333
7	10	1	1	1	0	0	63.1666666667
7	10	1	1	1	0	0.3	77.3095238095
7	10	1	1	1	0	0.6	112.666666667
7	10	1	1	1	0	0.9	195.083333333
7	10	1	1	1	0.5	0	63.1666666667
7	10	1	1	1	0.5	0.3	77.3095238095
7	10	1	1	1	0.5	0.6	112.666666667
7	10	1	1	1	0.5	0.9	195.083333333
7	10	1	1	1	1	0	63.1666666667
7	10	1	1	1	1	0.3	77.3095238095
7	10	1	1	1	1	0.6	112.666666667
7	10	1	1	1	1	0.9	195.083333333
7	15	0	0	0	0	0	63.1666666667
7	15	0	0	0	0	0.3	77.3095238095
7	15	0	0	0	0	0.6	112.666666667
7	15	0	0	0	0	0.9	195.083333333
7	15	0	0	0	0.5	0	63.1666666667
7	15	0	0	0	0.5	0.3	77.3095238095
7	15	0	0	0	0.5	0.6	112.666666667
7	15	0	0	0	0.5	0.9	195.083333333
7	15	0	0	0	1	0	63.1666666667
7	15	0	0	0	1	0.3	77.3095238095
7	15	0	0	0	1	0.6	112.666666667
7	15	0	0	0	1	0.9	195.083333333
7	15	0	0	0.5	0	0	63.1666666667
7	15	0	0	0.5	0	0.3	77.3095238095
7	15	0	0	0.5	0	0.6	112.666666667
7	15	0	0	0.5	0	0.9	195.083333333
7	15	0	0	0.5	0.5	0	63.1666666667
7	15	0	0	0.5	0.5	0.3	77.3095238095
7	15	0	0	0.5	0.5	0.6	112.666666667
7	15	0	0	0.5	0.5	0.9	195.083333333
7	15	0	0	0.5	1	0	63.1666666667
7	15	0	0	0.5	1	0.3	77.3095238095
7	15	0	0	0.5	1	0.6	112.666666667
7	15	0	0	0.5	1	0.9	195.083333333
7	15	0	0	1	0	0	63.1666666667
7	15	0	0	1	0	0.3	77.3095238095
7	15	0	0	1	0	0.6	112.666666667
7	15	0	0	1	0	0.9	195.083333333
7	15	0	0	1	0.5	0	63.1666666667
7	15	0	0	1	0.5	0.3	77.3095238095
7	15	0	0	1	0.5	0.6	112.666666667
7	15	0	0	1	0.5	0.9	195.083333333
7	15	0	0	1	1	0	63.1666666667
7	15	0	0	1	1	0.3	77.3095238095
7	15	0	0	1	1	0.6	112.666666667
7	15	0	0	1	1	0.9	195.083333333
7	15	0	0.5	0	0	0	63.1666666667
7	15	0	0.5	0	0	0.3	77.3095238095
7	15	0	0.5	0	0	0.6	112.666666667
7	15	0	0.5	0	0	0.9	195.083333333
7	15	0	0.5	0	0.5	0	63.1666666667
7	15	0	0.5	0	0.5	0.3	77.3095238095
7	15	0	0.5	0	0.5	0.6	112.666666667
7	15	0	0.5	0	0.5	0.9	195.083333333
7	15	0	0.5	0	1	0	63.1666666667
7	15	0	0.5	0	1	0.3	77.3095238095
7	15	0	0.5	0	1	0.6	112.666666667
7	15	0	0.5	0	1	0.9	195.083333333
7	15	0	0.5	0.5	0	0	63.1666666667
7	15	0	0.5	0.5	0	0.3	77.3095238095
7	15	0	0.5	0.5	0	0.6	112.666666667
7	15	0	0.5	0.5	0	0.9	195.083333333
7	15	0	0.5	0.5	0.5	0	63.1666666667
7	15	0	0.5	0.5	0.5	0.3	77.3095238095
7	15	0	0.5	0.5	0.5	0.6	112.666666667
7	15	0	0.5	0.5	0.5	0.9	195.083333333
7	15	0	0.5	0.5	1	0	63.1666666667
7	15	0	0.5	0.5	1	0.3	77.3095238095
7	15	0	0.5	0.5	1	0.6	112.666666667
7	15	0	0.5	0.5	1	0.9	195.083333333
7	15	0	0.5	1	0	0	63.1666666667
7	15	0	0.5	1	0	0.3	77.3095238095
7	15	0	0.5	1	0	0.6	112.666666667
7	15	0	0.5	1	0	0.9	195.083333333
7	15	0	0.5	1	0.5	0	63.1666666667
7	15	0	0.5	1	0.5	0.3	77.3095238095
7	15	0	0.5	1	0.5	0.6	112.666666667
7	15	0	0.5	1	0.5	0.9	195.083333333
7	15	0	0.5	1	1	0	63.1666666667
7	15	0	0.5	1	1	0.3	77.3095238095
7	15	0	0.5	1	1	0.6	112.666666667
7	15	0	0.5	1	1	0.9	195.083333333
7	15	0	1	0	0	0	63.1666666667
7	15	0	1	0	0	0.3	77.3095238095
7	15	0	1	0	0	0.6	112.666666667
7	15	0	1	0	0	0.9	195.083333333
7	15	0	1	0	0.5	0	63.1666666667
7	15	0	1	0	0.5	0.3	77.3095238095
7	15	0	1	0	0.5	0.6	112.666666667
7	15	0	1	0	0.5	0.9	195.083333333
7	15	0	1	0	1	0	63.1666666667
7	15	0	1	0	1	0.3	77.3095238095
7	15	0	1	0	1	0.6	112.666666667
7	15	0	1	0	1	0.9	195.083333333
7	15	0	1	0.5	0	0	63.1666666667
7	15	0	1	0.5	0	0.3	77.3095238095
7	15	0	1	0.5	0	0.6	112.666666667
7	15	0	1	0.5	0	0.9	195.083333333
7	15	0	1	0.5	0.5	0	63.1666666667
7	15	0	1	0.5	0.5	0.3	77.3095238095
7	15	0	1	0.5	0.5	0.6	112.666666667
7	15	0	1	0.5	0.5	0.9	195.083333333
7	15	0	1	0.5	1	0	63.1666666667
7	15	0	1	0.5	1	0.3	77.3095238095
7	15	0	1	0.5	1	0.6	112.666666667
7	15	0	1	0.5	1	0.9	195.083333333
7	15	0	1	1	0	0	63.1666666667
7	15	0	1	1	0	0.3	77.3095238095
7	15	0	1	1	0	0.6	112.666666667
7	15	0	1	1	0	0.9	195.083333333
7	15	0	1	1	0.5	0	63.1666666667
7	15	0	1	1	0.5	0.3	77.3095238095
7	15	0	1	1	0.5	0.6	112.666666667
7	15	0	1	1	0.5	0.9	195.083333333
7	15	0	1	1	1	0	63.1666666667
7	15	0	1	1	1	0.3	77.3095238095
7	15	0	1	1	1	0.6	112.666666667
7	15	0	1	1	1	0.9	195.083333333
7	15	0.5	0	0	0	0	63.1666666667
7	15	0.5	0	0	0	0.3	77.3095238095
7	15	0.5	0	0	0	0.6	112.666666667
7	15	0.5	0	0	0	0.9	195.083333333
7	15	0.5	0	0	0.5	0	63.1666666667
7	15	0.5	0	0	0.5	0.3	77.3095238095
7	15	0.5	0	0	0.5	0.6	112.666666667
7	15	0.5	0	0	0.5	0.9	195.083333333
7	15	0.5	0	0	1	0	63.1666666667
7	15	0.5	0	0	1	0.3	77.3095238095
7	15	0.5	0	0	1	0.6	112.666666667
7	15	0.5	0	0	1	0.9	195.083333333
7	15	0.5	0	0.5	0	0	63.1666666667
7	15	0.5	0	0.5	0	0.3	77.3095238095
7	15	0.5	0	0.5	0	0.6	112.666666667
7	15	0.5	0	0.5	0	0.9	195.083333333
7	15	0.5	0	0.5	0.5	0	63.1666666667
7	15	0.5	0	0.5	0.5	0.3	77.3095238095
7	15	0.5	0	0.5	0.5	0.6	112.666666667
7	15	0.5	0	0.5	0.5	0.9	195.083333333
7	15	0.5	0	0.5	1	0	63.1666666667
7	15	0.5	0	0.5	1	0.3	77.3095238095
7	15	0.5	0	0.5	1	0.6	112.666666667
7	15	0.5	0	0.5	1	0.9	195.083333333
7	15	0.5	0	1	0	0	63.1666666667
7	15	0.5	0	1	0	0.3	77.3095238095
7	15	0.5	0	1	0	0.6	112.666666667
7	15	0.5	0	1	0	0.9	195.083333333
7	15	0.5	0	1	0.5	0	63.1666666667
7	15	0.5	0	1	0.5	0.3	77.3095238095
7	15	0.5	0	1	0.5	0.6	112.666666667
7	15	0.5	0	1	0.5	0.9	195.083333333
7	15	0.5	0	1	1	0	63.1666666667
7	15	0.5	0	1	1	0.3	77.3095238095
7	15	0.5	0	1	1	0.6	112.666666667
7	15	0.5	0	1	1	0.9	195.083333333
7	15	0.5	0.5	0	0	0	63.1666666667
7	15	0.5	0.5	0	0	0.3	77.3095238095
7	15	0.5	0.5	0	0	0.6	112.666666667
7	15	0.5	0.5	0	0	0.9	195.083333333
7	15	0.5	0.5	0	0.5	0	63.1666666667
7	15	0.5	0.5	0	0.5	0.3	77.3095238095
7	15	0.5	0.5	0	0.5	0.6	112.666666667
7	15	0.5	0.5	0	0.5	0.9	195.083333333
7	15	0.5	0.5	0	1	0	63.1666666667
7	15	0.5	0.5	0	1	0.3	77.3095238095
7	15	0.5	0.5	0	1	0.6	112.666666667
7	15	0.5	0.5	0	1	0.9	195.083333333
7	15	0.5	0.5	0.5	0	0	63.1666666667
7	15	0.5	0.5	0.5	0	0.3	77.3095238095
7	15	0.5	0.5	0.5	0	0.6	112.666666667
7	15	0.5	0.5	0.5	0	0.9	195.083333333
7	15	0.5	0.5	0.5	0.5	0	63.1666666667
7	15	0.5	0.5	0.5	0.5	0.3	77.3095238095
7	15	0.5	0.5	0.5	0.5	0.6	112.666666667
7	15	0.5	0.5	0.5	0.5	0.9	195.083333333
7	15	0.5	0.5	0.5	1	0	63.1666666667
7	15	0.5	0.5	0.5	1	0.3	77.3095238095
7	15	0.5	0.5	0.5	1	0.6	112.666666667
7	15	0.5	0.5	0.5	1	0.9	195.083333333
7	15	0.5	0.5	1	0	0	63.1666666667
7	15	0.5	0.5	1	0	0.3	77.3095238095
7	15	0.5	0.5	1	0	0.6	112.666666667
7	15	0.5	0.5	1	0	0.9	195.083333333
7	15	0.5	0.5	1	0.5	0	63.1666666667
7	15	0.5	0.5	1	0.5	0.3	77.3095238095
7	15	0.5	0.5	1	0.5	0.6	112.666666667
7	15	0.5	0.5	1	0.5	0.9	195.083333333
7	15	0.5	0.5	1	1	0	63.1666666667
7	15	0.5	0.5	1	1	0.3	77.3095238095
7	15	0.5	0.5	1	1	0.6	112.666666667
7	15	0.5	0.5	1	1	0.9	195.083333333
7	15	0.5	1	0	0	0	63.1666666667
7	15	0.5	1	0	0	0.3	77.3095238095
7	15	0.5	1	0	0	0.6	112.666666667
7	15	0.5	1	0	0	0.9	195.083333333
7	15	0.5	1	0	0.5	0	63.1666666667
7	15	0.5	1	0	0.5	0.3	77.3095238095
7	15	0.5	1	0	0.5	0.6	112.666666667
7	15	0.5	1	0	0.5	0.9	195.083333333
7	15	0.5	1	0	1	0	63.1666666667
7	15	0.5	1	0	1	0.3	77.3095238095
7	15	0.5	1	0	1	0.6	112.666666667
7	15	0.5	1	0	1	0.9	195.083333333
7	15	0.5	1	0.5	0	0	63.1666666667
7	15	0.5	1	0.5	0	0.3	77.3095238095
7	15	0.5	1	0.5	0	0.6	112.666666667
7	15	0.5	1	0.5	0	0.9	195.083333333
7	15	0.5	1	0.5	0.5	0	63.1666666667
7	15	0.5	1	0.5	0.5	0.3	77.3095238095
7	15	0.5	1	0.5	0.5	0.6	112.666666667
7	15	0.5	1	0.5	0.5	0.9	195.083333333
7	15	0.5	1	0.5	1	0	63.1666666667
7	15	0.5	1	0.5	1	0.3	77.3095238095
7	15	0.5	1	0.5	1	0.6	112.666666667
7	15	0.5	1	0.5	1	0.9	195.083333333
7	15	0.5	1	1	0	0	63.1666666667
7	15	0.5	1	1	0	0.3	77.3095238095
7	15	0.5	1	1	0	0.6	112.666666667
7	15	0.5	1	1	0	0.9	195.083333333
7	15	0.5	1	1	0.5	0	63.1666666667
7	15	0.5	1	1	0.5	0.3	77.3095238095
7	15	0.5	1	1	0.5	0.6	112.666666667
7	15	0.5	1	1	0.5	0.9	195.083333333
7	15	0.5	1	1	1	0	63.1666666667
7	15	0.5	1	1	1	0.3	77.3095238095
7	15	0.5	1	1	1	0.6	112.666666667
7	15	0.5	1	1	1	0.9	195.083333333
7	15	1	0	0	0	0	63.1666666667
7	15	1	0	0	0	0.3	77.3095238095
7	15	1	0	0	0	0.6	112.666666667
7	15	1	0	0	0	0.9	195.083333333
7	15	1	0	0	0.5	0	63.1666666667
7	15	1	0	0	0.5	0.3	77.3095238095
7	15	1	0	0	0.5	0.6	112.666666667
7	15	1	0	0	0.5	0.9	195.083333333
7	15	1	0	0	1	0	63.1666666667
7	15	1	0	0	1	0.3	77.3095238095
7	15	1	0	0	1	0.6	112.666666667
7	15	1	0	0	1	0.9	195.083333333
7	15	1	0	0.5	0	0	63.1666666667
7	15	1	0	0.5	0	0.3	77.3095238095
7	15	1	0	0.5	0	0.6	112.666666667
7	15	1	0	0.5	0	0.9	195.083333333
7	15	1	0	0.5	0.5	0	63.1666666667
7	15	1	0	0.5	0.5	0.3	77.3095238095
7	15	1	0	0.5	0.5	0.6	112.666666667
7	15	1	0	0.5	0.5	0.9	195.083333333
7	15	1	0	0.5	1	0	63.1666666667
7	15	1	0	0.5	1	0.3	77.3095238095
7	15	1	0	0.5	1	0.6	112.666666667
7	15	1	0	0.5	1	0.9	195.083333333
7	15	1	0	1	0	0	63.1666666667
7	15	1	0	1	0	0.3	77.3095238095
7	15	1	0	1	0	0.6	112.666666667
7	15	1	0	1	0	0.9	195.083333333
7	15	1	0	1	0.5	0	63.1666666667
7	15	1	0	1	0.5	0.3	77.3095238095
7	15	1	0	1	0.5	0.6	112.666666667
7	15	1	0	1	0.5	0.9	195.083333333
7	15	1	0	1	1	0	63.1666666667
7	15	1	0	1	1	0.3	77.3095238095
7	15	1	0	1	1	0.6	112.666666667
7	15	1	0	1	1	0.9	195.083333333
7	15	1	0.5	0	0	0	63.1666666667
7	15	1	0.5	0	0	0.3	77.3095238095
7	15	1	0.5	0	0	0.6	112.666666667
7	15	1	0.5	0	0	0.9	195.083333333
7	15	1	0.5	0	0.5	0	63.1666666667
7	15	1	0.5	0	0.5	0.3	77.3095238095
7	15	1	0.5	0	0.5	0.6	112.666666667
7	15	1	0.5	0	0.5	0.9	195.083333333
7	15	1	0.5	0	1	0	63.1666666667
7	15	1	0.5	0	1	0.3	77.3095238095
7	15	1	0.5	0	1	0.6	112.666666667
7	15	1	0.5	0	1	0.9	195.083333333
7	15	1	0.5	0.5	0	0	63.1666666667
7	15	1	0.5	0.5	0	0.3	77.3095238095
7	15	1	0.5	0.5	0	0.6	112.666666667
7	15	1	0.5	0.5	0	0.9	195.083333333
7	15	1	0.5	0.5	0.5	0	63.1666666667
7	15	1	0.5	0.5	0.5	0.3	77.3095238095
7	15	1	0.5	0.5	0.5	0.6	112.666666667
7	15	1	0.5	0.5	0.5	0.9	195.083333333
7	15	1	0.5	0.5	1	0	63.1666666667
7	15	1	0.5	0.5	1	0.3	77.3095238095
7	15	1	0.5	0.5	1	0.6	112.666666667
7	15	1	0.5	0.5	1	0.9	195.083333333
7	15	1	0.5	1	0	0	63.1666666667
7	15	1	0.5	1	0	0.3	77.3095238095
7	15	1	0.5	1	0	0.6	112.666666667
7	15	1	0.5	1	0	0.9	195.083333333
7	15	1	0.5	1	0.5	0	63.1666666667
7	15	1	0.5	1	0.5	0.3	77.3095238095
7	15	1	0.5	1	0.5	0.6	112.666666667
7	15	1	0.5	1	0.5	0.9	195.083333333
7	15	1	0.5	1	1	0	63.1666666667
7	15	1	0.5	1	1	0.3	77.3095238095
7	15	1	0.5	1	1	0.6	112.666666667
7	15	1	0.5	1	1	0.9	195.083333333
7	15	1	1	0	0	0	63.1666666667
7	15	1	1	0	0	0.3	77.3095238095
7	15	1	1	0	0	0.6	112.666666667
7	15	1	1	0	0	0.9	195.083333333
7	15	1	1	0	0.5	0	63.1666666667
7	15	1	1	0	0.5	0.3	77.3095238095
7	15	1	1	0	0.5	0.6	112.666666667
7	15	1	1	0	0.5	0.9	195.083333333
7	15	1	1	0	1	0	63.1666666667
7	15	1	1	0	1	0.3	77.3095238095
7	15	1	1	0	1	0.6	112.666666667
7	15	1	1	0	1	0.9	195.083333333
7	15	1	1	0.5	0	0	63.1666666667
7	15	1	1	0.5	0	0.3	77.3095238095
7	15	1	1	0.5	0	0.6	112.666666667
7	15	1	1	0.5	0	0.9	195.083333333
7	15	1	1	0.5	0.5	0	63.1666666667
7	15	1	1	0.5	0.5	0.3	77.3095238095
7	15	1	1	0.5	0.5	0.6	112.666666667
7	15	1	1	0.5	0.5	0.9	195.083333333
7	15	1	1	0.5	1	0	63.1666666667
7	15	1	1	0.5	1	0.3	77.3095238095
7	15	1	1	0.5	1	0.6	112.666666667
7	15	1	1	0.5	1	0.9	195.083333333
7	15	1	1	1	0	0	63.1666666667
7	15	1	1	1	0	0.3	77.3095238095
7	15	1	1	1	0	0.6	112.666666667
7	15	1	1	1	0	0.9	195.083333333
7	15	1	1	1	0.5	0	63.1666666667
7	15	1	1	1	0.5	0.3	77.3095238095
7	15	1	1	1	0.5	0.6	112.666666667
7	15	1	1	1	0.5	0.9	195.083333333
7	15	1	1	1	1	0	63.1666666667
7	15	1	1	1	1	0.3	77.3095238095
7	15	1	1	1	1	0.6	112.666666667
7	15	1	1	1	1	0.9	195.083333333
7	20	0	0	0	0	0	63.1666666667
7	20	0	0	0	0	0.3	77.3095238095
7	20	0	0	0	0	0.6	112.666666667
7	20	0	0	0	0	0.9	195.083333333
7	20	0	0	0	0.5	0	63.1666666667
7	20	0	0	0	0.5	0.3	77.3095238095
7	20	0	0	0	0.5	0.6	112.666666667
7	20	0	0	0	0.5	0.9	195.083333333
7	20	0	0	0	1	0	63.1666666667
7	20	0	0	0	1	0.3	77.3095238095
7	20	0	0	0	1	0.6	112.666666667
7	20	0	0	0	1	0.9	195.083333333
7	20	0	0	0.5	0	0	63.1666666667
7	20	0	0	0.5	0	0.3	77.3095238095
7	20	0	0	0.5	0	0.6	112.666666667
7	20	0	0	0.5	0	0.9	195.083333333
7	20	0	0	0.5	0.5	0	63.1666666667
7	20	0	0	0.5	0.5	0.3	77.3095238095
7	20	0	0	0.5	0.5	0.6	112.666666667
7	20	0	0	0.5	0.5	0.9	195.083333333
7	20	0	0	0.5	1	0	63.1666666667
7	20	0	0	0.5	1	0.3	77.3095238095
7	20	0	0	0.5	1	0.6	112.666666667
7	20	0	0	0.5	1	0.9	195.083333333
7	20	0	0	1	0	0	63.1666666667
7	20	0	0	1	0	0.3	77.3095238095
7	20	0	0	1	0	0.6	112.666666667
7	20	0	0	1	0	0.9	195.083333333
7	20	0	0	1	0.5	0	63.1666666667
7	20	0	0	1	0.5	0.3	77.3095238095
7	20	0	0	1	0.5	0.6	112.666666667
7	20	0	0	1	0.5	0.9	195.083333333
7	20	0	0	1	1	0	63.1666666667
7	20	0	0	1	1	0.3	77.3095238095
7	20	0	0	1	1	0.6	112.666666667
7	20	0	0	1	1	0.9	195.083333333
7	20	0	0.5	0	0	0	63.1666666667
7	20	0	0.5	0	0	0.3	77.3095238095
7	20	0	0.5	0	0	0.6	112.666666667
7	20	0	0.5	0	0	0.9	195.083333333
7	20	0	0.5	0	0.5	0	63.1666666667
7	20	0	0.5	0	0.5	0.3	77.3095238095
7	20	0	0.5	0	0.5	0.6	112.666666667
7	20	0	0.5	0	0.5	0.9	195.083333333
7	20	0	0.5	0	1	0	63.1666666667
7	20	0	0.5	0	1	0.3	77.3095238095
7	20	0	0.5	0	1	0.6	112.666666667
7	20	0	0.5	0	1	0.9	195.083333333
7	20	0	0.5	0.5	0	0	63.1666666667
7	20	0	0.5	0.5	0	0.3	77.3095238095
7	20	0	0.5	0.5	0	0.6	112.666666667
7	20	0	0.5	0.5	0	0.9	195.083333333
7	20	0	0.5	0.5	0.5	0	63.1666666667
7	20	0	0.5	0.5	0.5	0.3	77.3095238095
7	20	0	0.5	0.5	0.5	0.6	112.666666667
7	20	0	0.5	0.5	0.5	0.9	195.083333333
7	20	0	0.5	0.5	1	0	63.1666666667
7	20	0	0.5	0.5	1	0.3	77.3095238095
7	20	0	0.5	0.5	1	0.6	112.666666667
7	20	0	0.5	0.5	1	0.9	195.083333333
7	20	0	0.5	1	0	0	63.1666666667
7	20	0	0.5	1	0	0.3	77.3095238095
7	20	0	0.5	1	0	0.6	112.666666667
7	20	0	0.5	1	0	0.9	195.083333333
7	20	0	0.5	1	0.5	0	63.1666666667
7	20	0	0.5	1	0.5	0.3	77.3095238095
7	20	0	0.5	1	0.5	0.6	112.666666667
7	20	0	0.5	1	0.5	0.9	195.083333333
7	20	0	0.5	1	1	0	63.1666666667
7	20	0	0.5	1	1	0.3	77.3095238095
7	20	0	0.5	1	1	0.6	112.666666667
7	20	0	0.5	1	1	0.9	195.083333333
7	20	0	1	0	0	0	63.1666666667
7	20	0	1	0	0	0.3	77.3095238095
7	20	0	1	0	0	0.6	112.666666667
7	20	0	1	0	0	0.9	195.083333333
7	20	0	1	0	0.5	0	63.1666666667
7	20	0	1	0	0.5	0.3	77.3095238095
7	20	0	1	0	0.5	0.6	112.666666667
7	20	0	1	0	0.5	0.9	195.083333333
7	20	0	1	0	1	0	63.1666666667
7	20	0	1	0	1	0.3	77.3095238095
7	20	0	1	0	1	0.6	112.666666667
7	20	0	1	0	1	0.9	195.083333333
7	20	0	1	0.5	0	0	63.1666666667
7	20	0	1	0.5	0	0.3	77.3095238095
7	20	0	1	0.5	0	0.6	112.666666667
7	20	0	1	0.5	0	0.9	195.083333333
7	20	0	1	0.5	0.5	0	63.1666666667
7	20	0	1	0.5	0.5	0.3	77.3095238095
7	20	0	1	0.5	0.5	0.6	112.666666667
7	20	0	1	0.5	0.5	0.9	195.083333333
7	20	0	1	0.5	1	0	63.1666666667
7	20	0	1	0.5	1	0.3	77.3095238095
7	20	0	1	0.5	1	0.6	112.666666667
7	20	0	1	0.5	1	0.9	195.083333333
7	20	0	1	1	0	0	63.1666666667
7	20	0	1	1	0	0.3	77.3095238095
7	20	0	1	1	0	0.6	112.666666667
7	20	0	1	1	0	0.9	195.083333333
7	20	0	1	1	0.5	0	63.1666666667
7	20	0	1	1	0.5	0.3	77.3095238095
7	20	0	1	1	0.5	0.6	112.666666667
7	20	0	1	1	0.5	0.9	195.083333333
7	20	0	1	1	1	0	63.1666666667
7	20	0	1	1	1	0.3	77.3095238095
7	20	0	1	1	1	0.6	112.666666667
7	20	0	1	1	1	0.9	195.083333333
7	20	0.5	0	0	0	0	63.1666666667
7	20	0.5	0	0	0	0.3	77.3095238095
7	20	0.5	0	0	0	0.6	112.666666667
7	20	0.5	0	0	0	0.9	195.083333333
7	20	0.5	0	0	0.5	0	63.1666666667
7	20	0.5	0	0	0.5	0.3	77.3095238095
7	20	0.5	0	0	0.5	0.6	112.666666667
7	20	0.5	0	0	0.5	0.9	195.083333333
7	20	0.5	0	0	1	0	63.1666666667
7	20	0.5	0	0	1	0.3	77.3095238095
7	20	0.5	0	0	1	0.6	112.666666667
7	20	0.5	0	0	1	0.9	195.083333333
7	20	0.5	0	0.5	0	0	63.1666666667
7	20	0.5	0	0.5	0	0.3	77.3095238095
7	20	0.5	0	0.5	0	0.6	112.666666667
7	20	0.5	0	0.5	0	0.9	195.083333333
7	20	0.5	0	0.5	0.5	0	63.1666666667
7	20	0.5	0	0.5	0.5	0.3	77.3095238095
7	20	0.5	0	0.5	0.5	0.6	112.666666667
7	20	0.5	0	0.5	0.5	0.9	195.083333333
7	20	0.5	0	0.5	1	0	63.1666666667
7	20	0.5	0	0.5	1	0.3	77.3095238095
7	20	0.5	0	0.5	1	0.6	112.666666667
7	20	0.5	0	0.5	1	0.9	195.083333333
7	20	0.5	0	1	0	0	63.1666666667
7	20	0.5	0	1	0	0.3	77.3095238095
7	20	0.5	0	1	0	0.6	112.666666667
7	20	0.5	0	1	0	0.9	195.083333333
7	20	0.5	0	1	0.5	0	63.1666666667
7	20	0.5	0	1	0.5	0.3	77.3095238095
7	20	0.5	0	1	0.5	0.6	112.666666667
7	20	0.5	0	1	0.5	0.9	195.083333333
7	20	0.5	0	1	1	0	63.1666666667
7	20	0.5	0	1	1	0.3	77.3095238095
7	20	0.5	0	1	1	0.6	112.666666667
7	20	0.5	0	1	1	0.9	195.083333333
7	20	0.5	0.5	0	0	0	63.1666666667
7	20	0.5	0.5	0	0	0.3	77.3095238095
7	20	0.5	0.5	0	0	0.6	112.666666667
7	20	0.5	0.5	0	0	0.9	195.083333333
7	20	0.5	0.5	0	0.5	0	63.1666666667
7	20	0.5	0.5	0	0.5	0.3	77.3095238095
7	20	0.5	0.5	0	0.5	0.6	112.666666667
7	20	0.5	0.5	0	0.5	0.9	195.083333333
7	20	0.5	0.5	0	1	0	63.1666666667
7	20	0.5	0.5	0	1	0.3	77.3095238095
7	20	0.5	0.5	0	1	0.6	112.666666667
7	20	0.5	0.5	0	1	0.9	195.083333333
7	20	0.5	0.5	0.5	0	0	63.1666666667
7	20	0.5	0.5	0.5	0	0.3	77.3095238095
7	20	0.5	0.5	0.5	0	0.6	112.666666667
7	20	0.5	0.5	0.5	0	0.9	195.083333333
7	20	0.5	0.5	0.5	0.5	0	63.1666666667
7	20	0.5	0.5	0.5	0.5	0.3	77.3095238095
7	20	0.5	0.5	0.5	0.5	0.6	112.666666667
7	20	0.5	0.5	0.5	0.5	0.9	195.083333333
7	20	0.5	0.5	0.5	1	0	63.1666666667
7	20	0.5	0.5	0.5	1	0.3	77.3095238095
7	20	0.5	0.5	0.5	1	0.6	112.666666667
7	20	0.5	0.5	0.5	1	0.9	195.083333333
7	20	0.5	0.5	1	0	0	63.1666666667
7	20	0.5	0.5	1	0	0.3	77.3095238095
7	20	0.5	0.5	1	0	0.6	112.666666667
7	20	0.5	0.5	1	0	0.9	195.083333333
7	20	0.5	0.5	1	0.5	0	63.1666666667
7	20	0.5	0.5	1	0.5	0.3	77.3095238095
7	20	0.5	0.5	1	0.5	0.6	112.666666667
7	20	0.5	0.5	1	0.5	0.9	195.083333333
7	20	0.5	0.5	1	1	0	63.1666666667
7	20	0.5	0.5	1	1	0.3	77.3095238095
7	20	0.5	0.5	1	1	0.6	112.666666667
7	20	0.5	0.5	1	1	0.9	195.083333333
7	20	0.5	1	0	0	0	63.1666666667
7	20	0.5	1	0	0	0.3	77.3095238095
7	20	0.5	1	0	0	0.6	112.666666667
7	20	0.5	1	0	0	0.9	195.083333333
7	20	0.5	1	0	0.5	0	63.1666666667
7	20	0.5	1	0	0.5	0.3	77.3095238095
7	20	0.5	1	0	0.5	0.6	112.666666667
7	20	0.5	1	0	0.5	0.9	195.083333333
7	20	0.5	1	0	1	0	63.1666666667
7	20	0.5	1	0	1	0.3	77.3095238095
7	20	0.5	1	0	1	0.6	112.666666667
7	20	0.5	1	0	1	0.9	195.083333333
7	20	0.5	1	0.5	0	0	63.1666666667
7	20	0.5	1	0.5	0	0.3	77.3095238095
7	20	0.5	1	0.5	0	0.6	112.666666667
7	20	0.5	1	0.5	0	0.9	195.083333333
7	20	0.5	1	0.5	0.5	0	63.1666666667
7	20	0.5	1	0.5	0.5	0.3	77.3095238095
7	20	0.5	1	0.5	0.5	0.6	112.666666667
7	20	0.5	1	0.5	0.5	0.9	195.083333333
7	20	0.5	1	0.5	1	0	63.1666666667
7	20	0.5	1	0.5	1	0.3	77.3095238095
7	20	0.5	1	0.5	1	0.6	112.666666667
7	20	0.5	1	0.5	1	0.9	195.083333333
7	20	0.5	1	1	0	0	63.1666666667
7	20	0.5	1	1	0	0.3	77.3095238095
7	20	0.5	1	1	0	0.6	112.666666667
7	20	0.5	1	1	0	0.9	195.083333333
7	20	0.5	1	1	0.5	0	63.1666666667
7	20	0.5	1	1	0.5	0.3	77.3095238095
7	20	0.5	1	1	0.5	0.6	112.666666667
7	20	0.5	1	1	0.5	0.9	195.083333333
7	20	0.5	1	1	1	0	63.1666666667
7	20	0.5	1	1	1	0.3	77.3095238095
7	20	0.5	1	1	1	0.6	112.666666667
7	20	0.5	1	1	1	0.9	195.083333333
7	20	1	0	0	0	0	63.1666666667
7	20	1	0	0	0	0.3	77.3095238095
7	20	1	0	0	0	0.6	112.666666667
7	20	1	0	0	0	0.9	195.083333333
7	20	1	0	0	0.5	0	63.1666666667
7	20	1	0	0	0.5	0.3	77.3095238095
7	20	1	0	0	0.5	0.6	112.666666667
7	20	1	0	0	0.5	0.9	195.083333333
7	20	1	0	0	1	0	63.1666666667
7	20	1	0	0	1	0.3	77.3095238095
7	20	1	0	0	1	0.6	112.666666667
7	20	1	0	0	1	0.9	195.083333333
7	20	1	0	0.5	0	0	63.1666666667
7	20	1	0	0.5	0	0.3	77.3095238095
7	20	1	0	0.5	0	0.6	112.666666667
7	20	1	0	0.5	0	0.9	195.083333333
7	20	1	0	0.5	0.5	0	63.1666666667
7	20	1	0	0.5	0.5	0.3	77.3095238095
7	20	1	0	0.5	0.5	0.6	112.666666667
7	20	1	0	0.5	0.5	0.9	195.083333333
7	20	1	0	0.5	1	0	63.1666666667
7	20	1	0	0.5	1	0.3	77.3095238095
7	20	1	0	0.5	1	0.6	112.666666667
7	20	1	0	0.5	1	0.9	195.083333333
7	20	1	0	1	0	0	63.1666666667
7	20	1	0	1	0	0.3	77.3095238095
7	20	1	0	1	0	0.6	112.666666667
7	20	1	0	1	0	0.9	195.083333333
7	20	1	0	1	0.5	0	63.1666666667
7	20	1	0	1	0.5	0.3	77.3095238095
7	20	1	0	1	0.5	0.6	112.666666667
7	20	1	0	1	0.5	0.9	195.083333333
7	20	1	0	1	1	0	63.1666666667
7	20	1	0	1	1	0.3	77.3095238095
7	20	1	0	1	1	0.6	112.666666667
7	20	1	0	1	1	0.9	195.083333333
7	20	1	0.5	0	0	0	63.1666666667
7	20	1	0.5	0	0	0.3	77.3095238095
7	20	1	0.5	0	0	0.6	112.666666667
7	20	1	0.5	0	0	0.9	195.083333333
7	20	1	0.5	0	0.5	0	63.1666666667
7	20	1	0.5	0	0.5	0.3	77.3095238095
7	20	1	0.5	0	0.5	0.6	112.666666667
7	20	1	0.5	0	0.5	0.9	195.083333333
7	20	1	0.5	0	1	0	63.1666666667
7	20	1	0.5	0	1	0.3	77.3095238095
7	20	1	0.5	0	1	0.6	112.666666667
7	20	1	0.5	0	1	0.9	195.083333333
7	20	1	0.5	0.5	0	0	63.1666666667
7	20	1	0.5	0.5	0	0.3	77.3095238095
7	20	1	0.5	0.5	0	0.6	112.666666667
7	20	1	0.5	0.5	0	0.9	195.083333333
7	20	1	0.5	0.5	0.5	0	63.1666666667
7	20	1	0.5	0.5	0.5	0.3	77.3095238095
7	20	1	0.5	0.5	0.5	0.6	112.666666667
7	20	1	0.5	0.5	0.5	0.9	195.083333333
7	20	1	0.5	0.5	1	0	63.1666666667
7	20	1	0.5	0.5	1	0.3	77.3095238095
7	20	1	0.5	0.5	1	0.6	112.666666667
7	20	1	0.5	0.5	1	0.9	195.083333333
7	20	1	0.5	1	0	0	63.1666666667
7	20	1	0.5	1	0	0.3	77.3095238095
7	20	1	0.5	1	0	0.6	112.666666667
7	20	1	0.5	1	0	0.9	195.083333333
7	20	1	0.5	1	0.5	0	63.1666666667
7	20	1	0.5	1	0.5	0.3	77.3095238095
7	20	1	0.5	1	0.5	0.6	112.666666667
7	20	1	0.5	1	0.5	0.9	195.083333333
7	20	1	0.5	1	1	0	63.1666666667
7	20	1	0.5	1	1	0.3	77.3095238095
7	20	1	0.5	1	1	0.6	112.666666667
7	20	1	0.5	1	1	0.9	195.083333333
7	20	1	1	0	0	0	63.1666666667
7	20	1	1	0	0	0.3	77.3095238095
7	20	1	1	0	0	0.6	112.666666667
7	20	1	1	0	0	0.9	195.083333333
7	20	1	1	0	0.5	0	63.1666666667
7	20	1	1	0	0.5	0.3	77.3095238095
7	20	1	1	0	0.5	0.6	112.666666667
7	20	1	1	0	0.5	0.9	195.083333333
7	20	1	1	0	1	0	63.1666666667
7	20	1	1	0	1	0.3	77.3095238095
7	20	1	1	0	1	0.6	112.666666667
7	20	1	1	0	1	0.9	195.083333333
7	20	1	1	0.5	0	0	63.1666666667
7	20	1	1	0.5	0	0.3	77.3095238095
7	20	1	1	0.5	0	0.6	112.666666667
7	20	1	1	0.5	0	0.9	195.083333333
7	20	1	1	0.5	0.5	0	63.1666666667
7	20	1	1	0.5	0.5	0.3	77.3095238095
7	20	1	1	0.5	0.5	0.6	112.666666667
7	20	1	1	0.5	0.5	0.9	195.083333333
7	20	1	1	0.5	1	0	63.1666666667
7	20	1	1	0.5	1	0.3	77.3095238095
7	20	1	1	0.5	1	0.6	112.666666667
7	20	1	1	0.5	1	0.9	195.083333333
7	20	1	1	1	0	0	63.1666666667
7	20	1	1	1	0	0.3	77.3095238095
7	20	1	1	1	0	0.6	112.666666667
7	20	1	1	1	0	0.9	195.083333333
7	20	1	1	1	0.5	0	63.1666666667
7	20	1	1	1	0.5	0.3	77.3095238095
7	20	1	1	1	0.5	0.6	112.666666667
7	20	1	1	1	0.5	0.9	195.083333333
7	20	1	1	1	1	0	63.1666666667
7	20	1	1	1	1	0.3	77.3095238095
7	20	1	1	1	1	0.6	112.666666667
7	20	1	1	1	1	0.9	195.083333333
8	5	0	0	0	0	0	63.1666666667
8	5	0	0	0	0	0.3	77.3095238095
8	5	0	0	0	0	0.6	112.666666667
8	5	0	0	0	0	0.9	195.083333333
8	5	0	0	0	0.5	0	63.1666666667
8	5	0	0	0	0.5	0.3	77.3095238095
8	5	0	0	0	0.5	0.6	112.666666667
8	5	0	0	0	0.5	0.9	195.083333333
8	5	0	0	0	1	0	63.1666666667
8	5	0	0	0	1	0.3	77.3095238095
8	5	0	0	0	1	0.6	112.666666667
8	5	0	0	0	1	0.9	195.083333333
8	5	0	0	0.5	0	0	63.1666666667
8	5	0	0	0.5	0	0.3	77.3095238095
8	5	0	0	0.5	0	0.6	112.666666667
8	5	0	0	0.5	0	0.9	195.083333333
8	5	0	0	0.5	0.5	0	63.1666666667
8	5	0	0	0.5	0.5	0.3	77.3095238095
8	5	0	0	0.5	0.5	0.6	112.666666667
8	5	0	0	0.5	0.5	0.9	195.083333333
8	5	0	0	0.5	1	0	63.1666666667
8	5	0	0	0.5	1	0.3	77.3095238095
8	5	0	0	0.5	1	0.6	112.666666667
8	5	0	0	0.5	1	0.9	195.083333333
8	5	0	0	1	0	0	63.1666666667
8	5	0	0	1	0	0.3	77.3095238095
8	5	0	0	1	0	0.6	112.666666667
8	5	0	0	1	0	0.9	195.083333333
8	5	0	0	1	0.5	0	63.1666666667
8	5	0	0	1	0.5	0.3	77.3095238095
8	5	0	0	1	0.5	0.6	112.666666667
8	5	0	0	1	0.5	0.9	195.083333333
8	5	0	0	1	1	0	63.1666666667
8	5	0	0	1	1	0.3	77.3095238095
8	5	0	0	1	1	0.6	112.666666667
8	5	0	0	1	1	0.9	195.083333333
8	5	0	0.5	0	0	0	63.1666666667
8	5	0	0.5	0	0	0.3	77.3095238095
8	5	0	0.5	0	0	0.6	112.666666667
8	5	0	0.5	0	0	0.9	195.083333333
8	5	0	0.5	0	0.5	0	63.1666666667
8	5	0	0.5	0	0.5	0.3	77.3095238095
8	5	0	0.5	0	0.5	0.6	112.666666667
8	5	0	0.5	0	0.5	0.9	195.083333333
8	5	0	0.5	0	1	0	63.1666666667
8	5	0	0.5	0	1	0.3	77.3095238095
8	5	0	0.5	0	1	0.6	112.666666667
8	5	0	0.5	0	1	0.9	195.083333333
8	5	0	0.5	0.5	0	0	63.1666666667
8	5	0	0.5	0.5	0	0.3	77.3095238095
8	5	0	0.5	0.5	0	0.6	112.666666667
8	5	0	0.5	0.5	0	0.9	195.083333333
8	5	0	0.5	0.5	0.5	0	63.1666666667
8	5	0	0.5	0.5	0.5	0.3	77.3095238095
8	5	0	0.5	0.5	0.5	0.6	112.666666667
8	5	0	0.5	0.5	0.5	0.9	195.083333333
8	5	0	0.5	0.5	1	0	63.1666666667
8	5	0	0.5	0.5	1	0.3	77.3095238095
8	5	0	0.5	0.5	1	0.6	112.666666667
8	5	0	0.5	0.5	1	0.9	195.083333333
8	5	0	0.5	1	0	0	63.1666666667
8	5	0	0.5	1	0	0.3	77.3095238095
8	5	0	0.5	1	0	0.6	112.666666667
8	5	0	0.5	1	0	0.9	195.083333333
8	5	0	0.5	1	0.5	0	63.1666666667
8	5	0	0.5	1	0.5	0.3	77.3095238095
8	5	0	0.5	1	0.5	0.6	112.666666667
8	5	0	0.5	1	0.5	0.9	195.083333333
8	5	0	0.5	1	1	0	63.1666666667
8	5	0	0.5	1	1	0.3	77.3095238095
8	5	0	0.5	1	1	0.6	112.666666667
8	5	0	0.5	1	1	0.9	195.083333333
8	5	0	1	0	0	0	63.1666666667
8	5	0	1	0	0	0.3	77.3095238095
8	5	0	1	0	0	0.6	112.666666667
8	5	0	1	0	0	0.9	195.083333333
8	5	0	1	0	0.5	0	63.1666666667
8	5	0	1	0	0.5	0.3	77.3095238095
8	5	0	1	0	0.5	0.6	112.666666667
8	5	0	1	0	0.5	0.9	195.083333333
8	5	0	1	0	1	0	63.1666666667
8	5	0	1	0	1	0.3	77.3095238095
8	5	0	1	0	1	0.6	112.666666667
8	5	0	1	0	1	0.9	195.083333333
8	5	0	1	0.5	0	0	63.1666666667
8	5	0	1	0.5	0	0.3	77.3095238095
8	5	0	1	0.5	0	0.6	112.666666667
8	5	0	1	0.5	0	0.9	195.083333333
8	5	0	1	0.5	0.5	0	63.1666666667
8	5	0	1	0.5	0.5	0.3	77.3095238095
8	5	0	1	0.5	0.5	0.6	112.666666667
8	5	0	1	0.5	0.5	0.9	195.083333333
8	5	0	1	0.5	1	0	63.1666666667
8	5	0	1	0.5	1	0.3	77.3095238095
8	5	0	1	0.5	1	0.6	112.666666667
8	5	0	1	0.5	1	0.9	195.083333333
8	5	0	1	1	0	0	63.1666666667
8	5	0	1	1	0	0.3	77.3095238095
8	5	0	1	1	0	0.6	112.666666667
8	5	0	1	1	0	0.9	195.083333333
8	5	0	1	1	0.5	0	63.1666666667
8	5	0	1	1	0.5	0.3	77.3095238095
8	5	0	1	1	0.5	0.6	112.666666667
8	5	0	1	1	0.5	0.9	195.083333333
8	5	0	1	1	1	0	63.1666666667
8	5	0	1	1	1	0.3	77.3095238095
8	5	0	1	1	1	0.6	112.666666667
8	5	0	1	1	1	0.9	195.083333333
8	5	0.5	0	0	0	0	63.1666666667
8	5	0.5	0	0	0	0.3	77.3095238095
8	5	0.5	0	0	0	0.6	112.666666667
8	5	0.5	0	0	0	0.9	195.083333333
8	5	0.5	0	0	0.5	0	63.1666666667
8	5	0.5	0	0	0.5	0.3	77.3095238095
8	5	0.5	0	0	0.5	0.6	112.666666667
8	5	0.5	0	0	0.5	0.9	195.083333333
8	5	0.5	0	0	1	0	63.1666666667
8	5	0.5	0	0	1	0.3	77.3095238095
8	5	0.5	0	0	1	0.6	112.666666667
8	5	0.5	0	0	1	0.9	195.083333333
8	5	0.5	0	0.5	0	0	63.1666666667
8	5	0.5	0	0.5	0	0.3	77.3095238095
8	5	0.5	0	0.5	0	0.6	112.666666667
8	5	0.5	0	0.5	0	0.9	195.083333333
8	5	0.5	0	0.5	0.5	0	63.1666666667
8	5	0.5	0	0.5	0.5	0.3	77.3095238095
8	5	0.5	0	0.5	0.5	0.6	112.666666667
8	5	0.5	0	0.5	0.5	0.9	195.083333333
8	5	0.5	0	0.5	1	0	63.1666666667
8	5	0.5	0	0.5	1	0.3	77.3095238095
8	5	0.5	0	0.5	1	0.6	112.666666667
8	5	0.5	0	0.5	1	0.9	195.083333333
8	5	0.5	0	1	0	0	63.1666666667
8	5	0.5	0	1	0	0.3	77.3095238095
8	5	0.5	0	1	0	0.6	112.666666667
8	5	0.5	0	1	0	0.9	195.083333333
8	5	0.5	0	1	0.5	0	63.1666666667
8	5	0.5	0	1	0.5	0.3	77.3095238095
8	5	0.5	0	1	0.5	0.6	112.666666667
8	5	0.5	0	1	0.5	0.9	195.083333333
8	5	0.5	0	1	1	0	63.1666666667
8	5	0.5	0	1	1	0.3	77.3095238095
8	5	0.5	0	1	1	0.6	112.666666667
8	5	0.5	0	1	1	0.9	195.083333333
8	5	0.5	0.5	0	0	0	63.1666666667
8	5	0.5	0.5	0	0	0.3	77.3095238095
8	5	0.5	0.5	0	0	0.6	112.666666667
8	5	0.5	0.5	0	0	0.9	195.083333333
8	5	0.5	0.5	0	0.5	0	63.1666666667
8	5	0.5	0.5	0	0.5	0.3	77.3095238095
8	5	0.5	0.5	0	0.5	0.6	112.666666667
8	5	0.5	0.5	0	0.5	0.9	195.083333333
8	5	0.5	0.5	0	1	0	63.1666666667
8	5	0.5	0.5	0	1	0.3	77.3095238095
8	5	0.5	0.5	0	1	0.6	112.666666667
8	5	0.5	0.5	0	1	0.9	195.083333333
8	5	0.5	0.5	0.5	0	0	63.1666666667
8	5	0.5	0.5	0.5	0	0.3	77.3095238095
8	5	0.5	0.5	0.5	0	0.6	112.666666667
8	5	0.5	0.5	0.5	0	0.9	195.083333333
8	5	0.5	0.5	0.5	0.5	0	63.1666666667
8	5	0.5	0.5	0.5	0.5	0.3	77.3095238095
8	5	0.5	0.5	0.5	0.5	0.6	112.666666667
8	5	0.5	0.5	0.5	0.5	0.9	195.083333333
8	5	0.5	0.5	0.5	1	0	63.1666666667
8	5	0.5	0.5	0.5	1	0.3	77.3095238095
8	5	0.5	0.5	0.5	1	0.6	112.666666667
8	5	0.5	0.5	0.5	1	0.9	195.083333333
8	5	0.5	0.5	1	0	0	63.1666666667
8	5	0.5	0.5	1	0	0.3	77.3095238095
8	5	0.5	0.5	1	0	0.6	112.666666667
8	5	0.5	0.5	1	0	0.9	195.083333333
8	5	0.5	0.5	1	0.5	0	63.1666666667
8	5	0.5	0.5	1	0.5	0.3	77.3095238095
8	5	0.5	0.5	1	0.5	0.6	112.666666667
8	5	0.5	0.5	1	0.5	0.9	195.083333333
8	5	0.5	0.5	1	1	0	63.1666666667
8	5	0.5	0.5	1	1	0.3	77.3095238095
8	5	0.5	0.5	1	1	0.6	112.666666667
8	5	0.5	0.5	1	1	0.9	195.083333333
8	5	0.5	1	0	0	0	63.1666666667
8	5	0.5	1	0	0	0.3	77.3095238095
8	5	0.5	1	0	0	0.6	112.666666667
8	5	0.5	1	0	0	0.9	195.083333333
8	5	0.5	1	0	0.5	0	63.1666666667
8	5	0.5	1	0	0.5	0.3	77.3095238095
8	5	0.5	1	0	0.5	0.6	112.666666667
8	5	0.5	1	0	0.5	0.9	195.083333333
8	5	0.5	1	0	1	0	63.1666666667
8	5	0.5	1	0	1	0.3	77.3095238095
8	5	0.5	1	0	1	0.6	112.666666667
8	5	0.5	1	0	1	0.9	195.083333333
8	5	0.5	1	0.5	0	0	63.1666666667
8	5	0.5	1	0.5	0	0.3	77.3095238095
8	5	0.5	1	0.5	0	0.6	112.666666667
8	5	0.5	1	0.5	0	0.9	195.083333333
8	5	0.5	1	0.5	0.5	0	63.1666666667
8	5	0.5	1	0.5	0.5	0.3	77.3095238095
8	5	0.5	1	0.5	0.5	0.6	112.666666667
8	5	0.5	1	0.5	0.5	0.9	195.083333333
8	5	0.5	1	0.5	1	0	63.1666666667
8	5	0.5	1	0.5	1	0.3	77.3095238095
8	5	0.5	1	0.5	1	0.6	112.666666667
8	5	0.5	1	0.5	1	0.9	195.083333333
8	5	0.5	1	1	0	0	63.1666666667
8	5	0.5	1	1	0	0.3	77.3095238095
8	5	0.5	1	1	0	0.6	112.666666667
8	5	0.5	1	1	0	0.9	195.083333333
8	5	0.5	1	1	0.5	0	63.1666666667
8	5	0.5	1	1	0.5	0.3	77.3095238095
8	5	0.5	1	1	0.5	0.6	112.666666667
8	5	0.5	1	1	0.5	0.9	195.083333333
8	5	0.5	1	1	1	0	63.1666666667
8	5	0.5	1	1	1	0.3	77.3095238095
8	5	0.5	1	1	1	0.6	112.666666667
8	5	0.5	1	1	1	0.9	195.083333333
8	5	1	0	0	0	0	63.1666666667
8	5	1	0	0	0	0.3	77.3095238095
8	5	1	0	0	0	0.6	112.666666667
8	5	1	0	0	0	0.9	195.083333333
8	5	1	0	0	0.5	0	63.1666666667
8	5	1	0	0	0.5	0.3	77.3095238095
8	5	1	0	0	0.5	0.6	112.666666667
8	5	1	0	0	0.5	0.9	195.083333333
8	5	1	0	0	1	0	63.1666666667
8	5	1	0	0	1	0.3	77.3095238095
8	5	1	0	0	1	0.6	112.666666667
8	5	1	0	0	1	0.9	195.083333333
8	5	1	0	0.5	0	0	63.1666666667
8	5	1	0	0.5	0	0.3	77.3095238095
8	5	1	0	0.5	0	0.6	112.666666667
8	5	1	0	0.5	0	0.9	195.083333333
8	5	1	0	0.5	0.5	0	63.1666666667
8	5	1	0	0.5	0.5	0.3	77.3095238095
8	5	1	0	0.5	0.5	0.6	112.666666667
8	5	1	0	0.5	0.5	0.9	195.083333333
8	5	1	0	0.5	1	0	63.1666666667
8	5	1	0	0.5	1	0.3	77.3095238095
8	5	1	0	0.5	1	0.6	112.666666667
8	5	1	0	0.5	1	0.9	195.083333333
8	5	1	0	1	0	0	63.1666666667
8	5	1	0	1	0	0.3	77.3095238095
8	5	1	0	1	0	0.6	112.666666667
8	5	1	0	1	0	0.9	195.083333333
8	5	1	0	1	0.5	0	63.1666666667
8	5	1	0	1	0.5	0.3	77.3095238095
8	5	1	0	1	0.5	0.6	112.666666667
8	5	1	0	1	0.5	0.9	195.083333333
8	5	1	0	1	1	0	63.1666666667
8	5	1	0	1	1	0.3	77.3095238095
8	5	1	0	1	1	0.6	112.666666667
8	5	1	0	1	1	0.9	195.083333333
8	5	1	0.5	0	0	0	63.1666666667
8	5	1	0.5	0	0	0.3	77.3095238095
8	5	1	0.5	0	0	0.6	112.666666667
8	5	1	0.5	0	0	0.9	195.083333333
8	5	1	0.5	0	0.5	0	63.1666666667
8	5	1	0.5	0	0.5	0.3	77.3095238095
8	5	1	0.5	0	0.5	0.6	112.666666667
8	5	1	0.5	0	0.5	0.9	195.083333333
8	5	1	0.5	0	1	0	63.1666666667
8	5	1	0.5	0	1	0.3	77.3095238095
8	5	1	0.5	0	1	0.6	112.666666667
8	5	1	0.5	0	1	0.9	195.083333333
8	5	1	0.5	0.5	0	0	63.1666666667
8	5	1	0.5	0.5	0	0.3	77.3095238095
8	5	1	0.5	0.5	0	0.6	112.666666667
8	5	1	0.5	0.5	0	0.9	195.083333333
8	5	1	0.5	0.5	0.5	0	63.1666666667
8	5	1	0.5	0.5	0.5	0.3	77.3095238095
8	5	1	0.5	0.5	0.5	0.6	112.666666667
8	5	1	0.5	0.5	0.5	0.9	195.083333333
8	5	1	0.5	0.5	1	0	63.1666666667
8	5	1	0.5	0.5	1	0.3	77.3095238095
8	5	1	0.5	0.5	1	0.6	112.666666667
8	5	1	0.5	0.5	1	0.9	195.083333333
8	5	1	0.5	1	0	0	63.1666666667
8	5	1	0.5	1	0	0.3	77.3095238095
8	5	1	0.5	1	0	0.6	112.666666667
8	5	1	0.5	1	0	0.9	195.083333333
8	5	1	0.5	1	0.5	0	63.1666666667
8	5	1	0.5	1	0.5	0.3	77.3095238095
8	5	1	0.5	1	0.5	0.6	112.666666667
8	5	1	0.5	1	0.5	0.9	195.083333333
8	5	1	0.5	1	1	0	63.1666666667
8	5	1	0.5	1	1	0.3	77.3095238095
8	5	1	0.5	1	1	0.6	112.666666667
8	5	1	0.5	1	1	0.9	195.083333333
8	5	1	1	0	0	0	63.1666666667
8	5	1	1	0	0	0.3	77.3095238095
8	5	1	1	0	0	0.6	112.666666667
8	5	1	1	0	0	0.9	195.083333333
8	5	1	1	0	0.5	0	63.1666666667
8	5	1	1	0	0.5	0.3	77.3095238095
8	5	1	1	0	0.5	0.6	112.666666667
8	5	1	1	0	0.5	0.9	195.083333333
8	5	1	1	0	1	0	63.1666666667
8	5	1	1	0	1	0.3	77.3095238095
8	5	1	1	0	1	0.6	112.666666667
8	5	1	1	0	1	0.9	195.083333333
8	5	1	1	0.5	0	0	63.1666666667
8	5	1	1	0.5	0	0.3	77.3095238095
8	5	1	1	0.5	0	0.6	112.666666667
8	5	1	1	0.5	0	0.9	195.083333333
8	5	1	1	0.5	0.5	0	63.1666666667
8	5	1	1	0.5	0.5	0.3	77.3095238095
8	5	1	1	0.5	0.5	0.6	112.666666667
8	5	1	1	0.5	0.5	0.9	195.083333333
8	5	1	1	0.5	1	0	63.1666666667
8	5	1	1	0.5	1	0.3	77.3095238095
8	5	1	1	0.5	1	0.6	112.666666667
8	5	1	1	0.5	1	0.9	195.083333333
8	5	1	1	1	0	0	63.1666666667
8	5	1	1	1	0	0.3	77.3095238095
8	5	1	1	1	0	0.6	112.666666667
8	5	1	1	1	0	0.9	195.083333333
8	5	1	1	1	0.5	0	63.1666666667
8	5	1	1	1	0.5	0.3	77.3095238095
8	5	1	1	1	0.5	0.6	112.666666667
8	5	1	1	1	0.5	0.9	195.083333333
8	5	1	1	1	1	0	63.1666666667
8	5	1	1	1	1	0.3	77.3095238095
8	5	1	1	1	1	0.6	112.666666667
8	5	1	1	1	1	0.9	195.083333333
8	10	0	0	0	0	0	63.1666666667
8	10	0	0	0	0	0.3	77.3095238095
8	10	0	0	0	0	0.6	112.666666667
8	10	0	0	0	0	0.9	195.083333333
8	10	0	0	0	0.5	0	63.1666666667
8	10	0	0	0	0.5	0.3	77.3095238095
8	10	0	0	0	0.5	0.6	112.666666667
8	10	0	0	0	0.5	0.9	195.083333333
8	10	0	0	0	1	0	63.1666666667
8	10	0	0	0	1	0.3	77.3095238095
8	10	0	0	0	1	0.6	112.666666667
8	10	0	0	0	1	0.9	195.083333333
8	10	0	0	0.5	0	0	63.1666666667
8	10	0	0	0.5	0	0.3	77.3095238095
8	10	0	0	0.5	0	0.6	112.666666667
8	10	0	0	0.5	0	0.9	195.083333333
8	10	0	0	0.5	0.5	0	63.1666666667
8	10	0	0	0.5	0.5	0.3	77.3095238095
8	10	0	0	0.5	0.5	0.6	112.666666667
8	10	0	0	0.5	0.5	0.9	195.083333333
8	10	0	0	0.5	1	0	63.1666666667
8	10	0	0	0.5	1	0.3	77.3095238095
8	10	0	0	0.5	1	0.6	112.666666667
8	10	0	0	0.5	1	0.9	195.083333333
8	10	0	0	1	0	0	63.1666666667
8	10	0	0	1	0	0.3	77.3095238095
8	10	0	0	1	0	0.6	112.666666667
8	10	0	0	1	0	0.9	195.083333333
8	10	0	0	1	0.5	0	63.1666666667
8	10	0	0	1	0.5	0.3	77.3095238095
8	10	0	0	1	0.5	0.6	112.666666667
8	10	0	0	1	0.5	0.9	195.083333333
8	10	0	0	1	1	0	63.1666666667
8	10	0	0	1	1	0.3	77.3095238095
8	10	0	0	1	1	0.6	112.666666667
8	10	0	0	1	1	0.9	195.083333333
8	10	0	0.5	0	0	0	63.1666666667
8	10	0	0.5	0	0	0.3	77.3095238095
8	10	0	0.5	0	0	0.6	112.666666667
8	10	0	0.5	0	0	0.9	195.083333333
8	10	0	0.5	0	0.5	0	63.1666666667
8	10	0	0.5	0	0.5	0.3	77.3095238095
8	10	0	0.5	0	0.5	0.6	112.666666667
8	10	0	0.5	0	0.5	0.9	195.083333333
8	10	0	0.5	0	1	0	63.1666666667
8	10	0	0.5	0	1	0.3	77.3095238095
8	10	0	0.5	0	1	0.6	112.666666667
8	10	0	0.5	0	1	0.9	195.083333333
8	10	0	0.5	0.5	0	0	63.1666666667
8	10	0	0.5	0.5	0	0.3	77.3095238095
8	10	0	0.5	0.5	0	0.6	112.666666667
8	10	0	0.5	0.5	0	0.9	195.083333333
8	10	0	0.5	0.5	0.5	0	63.1666666667
8	10	0	0.5	0.5	0.5	0.3	77.3095238095
8	10	0	0.5	0.5	0.5	0.6	112.666666667
8	10	0	0.5	0.5	0.5	0.9	195.083333333
8	10	0	0.5	0.5	1	0	63.1666666667
8	10	0	0.5	0.5	1	0.3	77.3095238095
8	10	0	0.5	0.5	1	0.6	112.666666667
8	10	0	0.5	0.5	1	0.9	195.083333333
8	10	0	0.5	1	0	0	63.1666666667
8	10	0	0.5	1	0	0.3	77.3095238095
8	10	0	0.5	1	0	0.6	112.666666667
8	10	0	0.5	1	0	0.9	195.083333333
8	10	0	0.5	1	0.5	0	63.1666666667
8	10	0	0.5	1	0.5	0.3	77.3095238095
8	10	0	0.5	1	0.5	0.6	112.666666667
8	10	0	0.5	1	0.5	0.9	195.083333333
8	10	0	0.5	1	1	0	63.1666666667
8	10	0	0.5	1	1	0.3	77.3095238095
8	10	0	0.5	1	1	0.6	112.666666667
8	10	0	0.5	1	1	0.9	195.083333333
8	10	0	1	0	0	0	63.1666666667
8	10	0	1	0	0	0.3	77.3095238095
8	10	0	1	0	0	0.6	112.666666667
8	10	0	1	0	0	0.9	195.083333333
8	10	0	1	0	0.5	0	63.1666666667
8	10	0	1	0	0.5	0.3	77.3095238095
8	10	0	1	0	0.5	0.6	112.666666667
8	10	0	1	0	0.5	0.9	195.083333333
8	10	0	1	0	1	0	63.1666666667
8	10	0	1	0	1	0.3	77.3095238095
8	10	0	1	0	1	0.6	112.666666667
8	10	0	1	0	1	0.9	195.083333333
8	10	0	1	0.5	0	0	63.1666666667
8	10	0	1	0.5	0	0.3	77.3095238095
8	10	0	1	0.5	0	0.6	112.666666667
8	10	0	1	0.5	0	0.9	195.083333333
8	10	0	1	0.5	0.5	0	63.1666666667
8	10	0	1	0.5	0.5	0.3	77.3095238095
8	10	0	1	0.5	0.5	0.6	112.666666667
8	10	0	1	0.5	0.5	0.9	195.083333333
8	10	0	1	0.5	1	0	63.1666666667
8	10	0	1	0.5	1	0.3	77.3095238095
8	10	0	1	0.5	1	0.6	112.666666667
8	10	0	1	0.5	1	0.9	195.083333333
8	10	0	1	1	0	0	63.1666666667
8	10	0	1	1	0	0.3	77.3095238095
8	10	0	1	1	0	0.6	112.666666667
8	10	0	1	1	0	0.9	195.083333333
8	10	0	1	1	0.5	0	63.1666666667
8	10	0	1	1	0.5	0.3	77.3095238095
8	10	0	1	1	0.5	0.6	112.666666667
8	10	0	1	1	0.5	0.9	195.083333333
8	10	0	1	1	1	0	63.1666666667
8	10	0	1	1	1	0.3	77.3095238095
8	10	0	1	1	1	0.6	112.666666667
8	10	0	1	1	1	0.9	195.083333333
8	10	0.5	0	0	0	0	63.1666666667
8	10	0.5	0	0	0	0.3	77.3095238095
8	10	0.5	0	0	0	0.6	112.666666667
8	10	0.5	0	0	0	0.9	195.083333333
8	10	0.5	0	0	0.5	0	63.1666666667
8	10	0.5	0	0	0.5	0.3	77.3095238095
8	10	0.5	0	0	0.5	0.6	112.666666667
8	10	0.5	0	0	0.5	0.9	195.083333333
8	10	0.5	0	0	1	0	63.1666666667
8	10	0.5	0	0	1	0.3	77.3095238095
8	10	0.5	0	0	1	0.6	112.666666667
8	10	0.5	0	0	1	0.9	195.083333333
8	10	0.5	0	0.5	0	0	63.1666666667
8	10	0.5	0	0.5	0	0.3	77.3095238095
8	10	0.5	0	0.5	0	0.6	112.666666667
8	10	0.5	0	0.5	0	0.9	195.083333333
8	10	0.5	0	0.5	0.5	0	63.1666666667
8	10	0.5	0	0.5	0.5	0.3	77.3095238095
8	10	0.5	0	0.5	0.5	0.6	112.666666667
8	10	0.5	0	0.5	0.5	0.9	195.083333333
8	10	0.5	0	0.5	1	0	63.1666666667
8	10	0.5	0	0.5	1	0.3	77.3095238095
8	10	0.5	0	0.5	1	0.6	112.666666667
8	10	0.5	0	0.5	1	0.9	195.083333333
8	10	0.5	0	1	0	0	63.1666666667
8	10	0.5	0	1	0	0.3	77.3095238095
8	10	0.5	0	1	0	0.6	112.666666667
8	10	0.5	0	1	0	0.9	195.083333333
8	10	0.5	0	1	0.5	0	63.1666666667
8	10	0.5	0	1	0.5	0.3	77.3095238095
8	10	0.5	0	1	0.5	0.6	112.666666667
8	10	0.5	0	1	0.5	0.9	195.083333333
8	10	0.5	0	1	1	0	63.1666666667
8	10	0.5	0	1	1	0.3	77.3095238095
8	10	0.5	0	1	1	0.6	112.666666667
8	10	0.5	0	1	1	0.9	195.083333333
8	10	0.5	0.5	0	0	0	63.1666666667
8	10	0.5	0.5	0	0	0.3	77.3095238095
8	10	0.5	0.5	0	0	0.6	112.666666667
8	10	0.5	0.5	0	0	0.9	195.083333333
8	10	0.5	0.5	0	0.5	0	63.1666666667
8	10	0.5	0.5	0	0.5	0.3	77.3095238095
8	10	0.5	0.5	0	0.5	0.6	112.666666667
8	10	0.5	0.5	0	0.5	0.9	195.083333333
8	10	0.5	0.5	0	1	0	63.1666666667
8	10	0.5	0.5	0	1	0.3	77.3095238095
8	10	0.5	0.5	0	1	0.6	112.666666667
8	10	0.5	0.5	0	1	0.9	195.083333333
8	10	0.5	0.5	0.5	0	0	63.1666666667
8	10	0.5	0.5	0.5	0	0.3	77.3095238095
8	10	0.5	0.5	0.5	0	0.6	112.666666667
8	10	0.5	0.5	0.5	0	0.9	195.083333333
8	10	0.5	0.5	0.5	0.5	0	63.1666666667
8	10	0.5	0.5	0.5	0.5	0.3	77.3095238095
8	10	0.5	0.5	0.5	0.5	0.6	112.666666667
8	10	0.5	0.5	0.5	0.5	0.9	195.083333333
8	10	0.5	0.5	0.5	1	0	63.1666666667
8	10	0.5	0.5	0.5	1	0.3	77.3095238095
8	10	0.5	0.5	0.5	1	0.6	112.666666667
8	10	0.5	0.5	0.5	1	0.9	195.083333333
8	10	0.5	0.5	1	0	0	63.1666666667
8	10	0.5	0.5	1	0	0.3	77.3095238095
8	10	0.5	0.5	1	0	0.6	112.666666667
8	10	0.5	0.5	1	0	0.9	195.083333333
8	10	0.5	0.5	1	0.5	0	63.1666666667
8	10	0.5	0.5	1	0.5	0.3	77.3095238095
8	10	0.5	0.5	1	0.5	0.6	112.666666667
8	10	0.5	0.5	1	0.5	0.9	195.083333333
8	10	0.5	0.5	1	1	0	63.1666666667
8	10	0.5	0.5	1	1	0.3	77.3095238095
8	10	0.5	0.5	1	1	0.6	112.666666667
8	10	0.5	0.5	1	1	0.9	195.083333333
8	10	0.5	1	0	0	0	63.1666666667
8	10	0.5	1	0	0	0.3	77.3095238095
8	10	0.5	1	0	0	0.6	112.666666667
8	10	0.5	1	0	0	0.9	195.083333333
8	10	0.5	1	0	0.5	0	63.1666666667
8	10	0.5	1	0	0.5	0.3	77.3095238095
8	10	0.5	1	0	0.5	0.6	112.666666667
8	10	0.5	1	0	0.5	0.9	195.083333333
8	10	0.5	1	0	1	0	63.1666666667
8	10	0.5	1	0	1	0.3	77.3095238095
8	10	0.5	1	0	1	0.6	112.666666667
8	10	0.5	1	0	1	0.9	195.083333333
8	10	0.5	1	0.5	0	0	63.1666666667
8	10	0.5	1	0.5	0	0.3	77.3095238095
8	10	0.5	1	0.5	0	0.6	112.666666667
8	10	0.5	1	0.5	0	0.9	195.083333333
8	10	0.5	1	0.5	0.5	0	63.1666666667
8	10	0.5	1	0.5	0.5	0.3	77.3095238095
8	10	0.5	1	0.5	0.5	0.6	112.666666667
8	10	0.5	1	0.5	0.5	0.9	195.083333333
8	10	0.5	1	0.5	1	0	63.1666666667
8	10	0.5	1	0.5	1	0.3	77.3095238095
8	10	0.5	1	0.5	1	0.6	112.666666667
8	10	0.5	1	0.5	1	0.9	195.083333333
8	10	0.5	1	1	0	0	63.1666666667
8	10	0.5	1	1	0	0.3	77.3095238095
8	10	0.5	1	1	0	0.6	112.666666667
8	10	0.5	1	1	0	0.9	195.083333333
8	10	0.5	1	1	0.5	0	63.1666666667
8	10	0.5	1	1	0.5	0.3	77.3095238095
8	10	0.5	1	1	0.5	0.6	112.666666667
8	10	0.5	1	1	0.5	0.9	195.083333333
8	10	0.5	1	1	1	0	63.1666666667
8	10	0.5	1	1	1	0.3	77.3095238095
8	10	0.5	1	1	1	0.6	112.666666667
8	10	0.5	1	1	1	0.9	195.083333333
8	10	1	0	0	0	0	63.1666666667
8	10	1	0	0	0	0.3	77.3095238095
8	10	1	0	0	0	0.6	112.666666667
8	10	1	0	0	0	0.9	195.083333333
8	10	1	0	0	0.5	0	63.1666666667
8	10	1	0	0	0.5	0.3	77.3095238095
8	10	1	0	0	0.5	0.6	112.666666667
8	10	1	0	0	0.5	0.9	195.083333333
8	10	1	0	0	1	0	63.1666666667
8	10	1	0	0	1	0.3	77.3095238095
8	10	1	0	0	1	0.6	112.666666667
8	10	1	0	0	1	0.9	195.083333333
8	10	1	0	0.5	0	0	63.1666666667
8	10	1	0	0.5	0	0.3	77.3095238095
8	10	1	0	0.5	0	0.6	112.666666667
8	10	1	0	0.5	0	0.9	195.083333333
8	10	1	0	0.5	0.5	0	63.1666666667
8	10	1	0	0.5	0.5	0.3	77.3095238095
8	10	1	0	0.5	0.5	0.6	112.666666667
8	10	1	0	0.5	0.5	0.9	195.083333333
8	10	1	0	0.5	1	0	63.1666666667
8	10	1	0	0.5	1	0.3	77.3095238095
8	10	1	0	0.5	1	0.6	112.666666667
8	10	1	0	0.5	1	0.9	195.083333333
8	10	1	0	1	0	0	63.1666666667
8	10	1	0	1	0	0.3	77.3095238095
8	10	1	0	1	0	0.6	112.666666667
8	10	1	0	1	0	0.9	195.083333333
8	10	1	0	1	0.5	0	63.1666666667
8	10	1	0	1	0.5	0.3	77.3095238095
8	10	1	0	1	0.5	0.6	112.666666667
8	10	1	0	1	0.5	0.9	195.083333333
8	10	1	0	1	1	0	63.1666666667
8	10	1	0	1	1	0.3	77.3095238095
8	10	1	0	1	1	0.6	112.666666667
8	10	1	0	1	1	0.9	195.083333333
8	10	1	0.5	0	0	0	63.1666666667
8	10	1	0.5	0	0	0.3	77.3095238095
8	10	1	0.5	0	0	0.6	112.666666667
8	10	1	0.5	0	0	0.9	195.083333333
8	10	1	0.5	0	0.5	0	63.1666666667
8	10	1	0.5	0	0.5	0.3	77.3095238095
8	10	1	0.5	0	0.5	0.6	112.666666667
8	10	1	0.5	0	0.5	0.9	195.083333333
8	10	1	0.5	0	1	0	63.1666666667
8	10	1	0.5	0	1	0.3	77.3095238095
8	10	1	0.5	0	1	0.6	112.666666667
8	10	1	0.5	0	1	0.9	195.083333333
8	10	1	0.5	0.5	0	0	63.1666666667
8	10	1	0.5	0.5	0	0.3	77.3095238095
8	10	1	0.5	0.5	0	0.6	112.666666667
8	10	1	0.5	0.5	0	0.9	195.083333333
8	10	1	0.5	0.5	0.5	0	63.1666666667
8	10	1	0.5	0.5	0.5	0.3	77.3095238095
8	10	1	0.5	0.5	0.5	0.6	112.666666667
8	10	1	0.5	0.5	0.5	0.9	195.083333333
8	10	1	0.5	0.5	1	0	63.1666666667
8	10	1	0.5	0.5	1	0.3	77.3095238095
8	10	1	0.5	0.5	1	0.6	112.666666667
8	10	1	0.5	0.5	1	0.9	195.083333333
8	10	1	0.5	1	0	0	63.1666666667
8	10	1	0.5	1	0	0.3	77.3095238095
8	10	1	0.5	1	0	0.6	112.666666667
8	10	1	0.5	1	0	0.9	195.083333333
8	10	1	0.5	1	0.5	0	63.1666666667
8	10	1	0.5	1	0.5	0.3	77.3095238095
8	10	1	0.5	1	0.5	0.6	112.666666667
8	10	1	0.5	1	0.5	0.9	195.083333333
8	10	1	0.5	1	1	0	63.1666666667
8	10	1	0.5	1	1	0.3	77.3095238095
8	10	1	0.5	1	1	0.6	112.666666667
8	10	1	0.5	1	1	0.9	195.083333333
8	10	1	1	0	0	0	63.1666666667
8	10	1	1	0	0	0.3	77.3095238095
8	10	1	1	0	0	0.6	112.666666667
8	10	1	1	0	0	0.9	195.083333333
8	10	1	1	0	0.5	0	63.1666666667
8	10	1	1	0	0.5	0.3	77.3095238095
8	10	1	1	0	0.5	0.6	112.666666667
8	10	1	1	0	0.5	0.9	195.083333333
8	10	1	1	0	1	0	63.1666666667
8	10	1	1	0	1	0.3	77.3095238095
8	10	1	1	0	1	0.6	112.666666667
8	10	1	1	0	1	0.9	195.083333333
8	10	1	1	0.5	0	0	63.1666666667
8	10	1	1	0.5	0	0.3	77.3095238095
8	10	1	1	0.5	0	0.6	112.666666667
8	10	1	1	0.5	0	0.9	195.083333333
8	10	1	1	0.5	0.5	0	63.1666666667
8	10	1	1	0.5	0.5	0.3	77.3095238095
8	10	1	1	0.5	0.5	0.6	112.666666667
8	10	1	1	0.5	0.5	0.9	195.083333333
8	10	1	1	0.5	1	0	63.1666666667
8	10	1	1	0.5	1	0.3	77.3095238095
8	10	1	1	0.5	1	0.6	112.666666667
8	10	1	1	0.5	1	0.9	195.083333333
8	10	1	1	1	0	0	63.1666666667
8	10	1	1	1	0	0.3	77.3095238095
8	10	1	1	1	0	0.6	112.666666667
8	10	1	1	1	0	0.9	195.083333333
8	10	1	1	1	0.5	0	63.1666666667
8	10	1	1	1	0.5	0.3	77.3095238095
8	10	1	1	1	0.5	0.6	112.666666667
8	10	1	1	1	0.5	0.9	195.083333333
8	10	1	1	1	1	0	63.1666666667
8	10	1	1	1	1	0.3	77.3095238095
8	10	1	1	1	1	0.6	112.666666667
8	10	1	1	1	1	0.9	195.083333333
8	15	0	0	0	0	0	63.1666666667
8	15	0	0	0	0	0.3	77.3095238095
8	15	0	0	0	0	0.6	112.666666667
8	15	0	0	0	0	0.9	195.083333333
8	15	0	0	0	0.5	0	63.1666666667
8	15	0	0	0	0.5	0.3	77.3095238095
8	15	0	0	0	0.5	0.6	112.666666667
8	15	0	0	0	0.5	0.9	195.083333333
8	15	0	0	0	1	0	63.1666666667
8	15	0	0	0	1	0.3	77.3095238095
8	15	0	0	0	1	0.6	112.666666667
8	15	0	0	0	1	0.9	195.083333333
8	15	0	0	0.5	0	0	63.1666666667
8	15	0	0	0.5	0	0.3	77.3095238095
8	15	0	0	0.5	0	0.6	112.666666667
8	15	0	0	0.5	0	0.9	195.083333333
8	15	0	0	0.5	0.5	0	63.1666666667
8	15	0	0	0.5	0.5	0.3	77.3095238095
8	15	0	0	0.5	0.5	0.6	112.666666667
8	15	0	0	0.5	0.5	0.9	195.083333333
8	15	0	0	0.5	1	0	63.1666666667
8	15	0	0	0.5	1	0.3	77.3095238095
8	15	0	0	0.5	1	0.6	112.666666667
8	15	0	0	0.5	1	0.9	195.083333333
8	15	0	0	1	0	0	63.1666666667
8	15	0	0	1	0	0.3	77.3095238095
8	15	0	0	1	0	0.6	112.666666667
8	15	0	0	1	0	0.9	195.083333333
8	15	0	0	1	0.5	0	63.1666666667
8	15	0	0	1	0.5	0.3	77.3095238095
8	15	0	0	1	0.5	0.6	112.666666667
8	15	0	0	1	0.5	0.9	195.083333333
8	15	0	0	1	1	0	63.1666666667
8	15	0	0	1	1	0.3	77.3095238095
8	15	0	0	1	1	0.6	112.666666667
8	15	0	0	1	1	0.9	195.083333333
8	15	0	0.5	0	0	0	63.1666666667
8	15	0	0.5	0	0	0.3	77.3095238095
8	15	0	0.5	0	0	0.6	112.666666667
8	15	0	0.5	0	0	0.9	195.083333333
8	15	0	0.5	0	0.5	0	63.1666666667
8	15	0	0.5	0	0.5	0.3	77.3095238095
8	15	0	0.5	0	0.5	0.6	112.666666667
8	15	0	0.5	0	0.5	0.9	195.083333333
8	15	0	0.5	0	1	0	63.1666666667
8	15	0	0.5	0	1	0.3	77.3095238095
8	15	0	0.5	0	1	0.6	112.666666667
8	15	0	0.5	0	1	0.9	195.083333333
8	15	0	0.5	0.5	0	0	63.1666666667
8	15	0	0.5	0.5	0	0.3	77.3095238095
8	15	0	0.5	0.5	0	0.6	112.666666667
8	15	0	0.5	0.5	0	0.9	195.083333333
8	15	0	0.5	0.5	0.5	0	63.1666666667
8	15	0	0.5	0.5	0.5	0.3	77.3095238095
8	15	0	0.5	0.5	0.5	0.6	112.666666667
8	15	0	0.5	0.5	0.5	0.9	195.083333333
8	15	0	0.5	0.5	1	0	63.1666666667
8	15	0	0.5	0.5	1	0.3	77.3095238095
8	15	0	0.5	0.5	1	0.6	112.666666667
8	15	0	0.5	0.5	1	0.9	195.083333333
8	15	0	0.5	1	0	0	63.1666666667
8	15	0	0.5	1	0	0.3	77.3095238095
8	15	0	0.5	1	0	0.6	112.666666667
8	15	0	0.5	1	0	0.9	195.083333333
8	15	0	0.5	1	0.5	0	63.1666666667
8	15	0	0.5	1	0.5	0.3	77.3095238095
8	15	0	0.5	1	0.5	0.6	112.666666667
8	15	0	0.5	1	0.5	0.9	195.083333333
8	15	0	0.5	1	1	0	63.1666666667
8	15	0	0.5	1	1	0.3	77.3095238095
8	15	0	0.5	1	1	0.6	112.666666667
8	15	0	0.5	1	1	0.9	195.083333333
8	15	0	1	0	0	0	63.1666666667
8	15	0	1	0	0	0.3	77.3095238095
8	15	0	1	0	0	0.6	112.666666667
8	15	0	1	0	0	0.9	195.083333333
8	15	0	1	0	0.5	0	63.1666666667
8	15	0	1	0	0.5	0.3	77.3095238095
8	15	0	1	0	0.5	0.6	112.666666667
8	15	0	1	0	0.5	0.9	195.083333333
8	15	0	1	0	1	0	63.1666666667
8	15	0	1	0	1	0.3	77.3095238095
8	15	0	1	0	1	0.6	112.666666667
8	15	0	1	0	1	0.9	195.083333333
8	15	0	1	0.5	0	0	63.1666666667
8	15	0	1	0.5	0	0.3	77.3095238095
8	15	0	1	0.5	0	0.6	112.666666667
8	15	0	1	0.5	0	0.9	195.083333333
8	15	0	1	0.5	0.5	0	63.1666666667
8	15	0	1	0.5	0.5	0.3	77.3095238095
8	15	0	1	0.5	0.5	0.6	112.666666667
8	15	0	1	0.5	0.5	0.9	195.083333333
8	15	0	1	0.5	1	0	63.1666666667
8	15	0	1	0.5	1	0.3	77.3095238095
8	15	0	1	0.5	1	0.6	112.666666667
8	15	0	1	0.5	1	0.9	195.083333333
8	15	0	1	1	0	0	63.1666666667
8	15	0	1	1	0	0.3	77.3095238095
8	15	0	1	1	0	0.6	112.666666667
8	15	0	1	1	0	0.9	195.083333333
8	15	0	1	1	0.5	0	63.1666666667
8	15	0	1	1	0.5	0.3	77.3095238095
8	15	0	1	1	0.5	0.6	112.666666667
8	15	0	1	1	0.5	0.9	195.083333333
8	15	0	1	1	1	0	63.1666666667
8	15	0	1	1	1	0.3	77.3095238095
8	15	0	1	1	1	0.6	112.666666667
8	15	0	1	1	1	0.9	195.083333333
8	15	0.5	0	0	0	0	63.1666666667
8	15	0.5	0	0	0	0.3	77.3095238095
8	15	0.5	0	0	0	0.6	112.666666667
8	15	0.5	0	0	0	0.9	195.083333333
8	15	0.5	0	0	0.5	0	63.1666666667
8	15	0.5	0	0	0.5	0.3	77.3095238095
8	15	0.5	0	0	0.5	0.6	112.666666667
8	15	0.5	0	0	0.5	0.9	195.083333333
8	15	0.5	0	0	1	0	63.1666666667
8	15	0.5	0	0	1	0.3	77.3095238095
8	15	0.5	0	0	1	0.6	112.666666667
8	15	0.5	0	0	1	0.9	195.083333333
8	15	0.5	0	0.5	0	0	63.1666666667
8	15	0.5	0	0.5	0	0.3	77.3095238095
8	15	0.5	0	0.5	0	0.6	112.666666667
8	15	0.5	0	0.5	0	0.9	195.083333333
8	15	0.5	0	0.5	0.5	0	63.1666666667
8	15	0.5	0	0.5	0.5	0.3	77.3095238095
8	15	0.5	0	0.5	0.5	0.6	112.666666667
8	15	0.5	0	0.5	0.5	0.9	195.083333333
8	15	0.5	0	0.5	1	0	63.1666666667
8	15	0.5	0	0.5	1	0.3	77.3095238095
8	15	0.5	0	0.5	1	0.6	112.666666667
8	15	0.5	0	0.5	1	0.9	195.083333333
8	15	0.5	0	1	0	0	63.1666666667
8	15	0.5	0	1	0	0.3	77.3095238095
8	15	0.5	0	1	0	0.6	112.666666667
8	15	0.5	0	1	0	0.9	195.083333333
8	15	0.5	0	1	0.5	0	63.1666666667
8	15	0.5	0	1	0.5	0.3	77.3095238095
8	15	0.5	0	1	0.5	0.6	112.666666667
8	15	0.5	0	1	0.5	0.9	195.083333333
8	15	0.5	0	1	1	0	63.1666666667
8	15	0.5	0	1	1	0.3	77.3095238095
8	15	0.5	0	1	1	0.6	112.666666667
8	15	0.5	0	1	1	0.9	195.083333333
8	15	0.5	0.5	0	0	0	63.1666666667
8	15	0.5	0.5	0	0	0.3	77.3095238095
8	15	0.5	0.5	0	0	0.6	112.666666667
8	15	0.5	0.5	0	0	0.9	195.083333333
8	15	0.5	0.5	0	0.5	0	63.1666666667
8	15	0.5	0.5	0	0.5	0.3	77.3095238095
8	15	0.5	0.5	0	0.5	0.6	112.666666667
8	15	0.5	0.5	0	0.5	0.9	195.083333333
8	15	0.5	0.5	0	1	0	63.1666666667
8	15	0.5	0.5	0	1	0.3	77.3095238095
8	15	0.5	0.5	0	1	0.6	112.666666667
8	15	0.5	0.5	0	1	0.9	195.083333333
8	15	0.5	0.5	0.5	0	0	63.1666666667
8	15	0.5	0.5	0.5	0	0.3	77.3095238095
8	15	0.5	0.5	0.5	0	0.6	112.666666667
8	15	0.5	0.5	0.5	0	0.9	195.083333333
8	15	0.5	0.5	0.5	0.5	0	63.1666666667
8	15	0.5	0.5	0.5	0.5	0.3	77.3095238095
8	15	0.5	0.5	0.5	0.5	0.6	112.666666667
8	15	0.5	0.5	0.5	0.5	0.9	195.083333333
8	15	0.5	0.5	0.5	1	0	63.1666666667
8	15	0.5	0.5	0.5	1	0.3	77.3095238095
8	15	0.5	0.5	0.5	1	0.6	112.666666667
8	15	0.5	0.5	0.5	1	0.9	195.083333333
8	15	0.5	0.5	1	0	0	63.1666666667
8	15	0.5	0.5	1	0	0.3	77.3095238095
8	15	0.5	0.5	1	0	0.6	112.666666667
8	15	0.5	0.5	1	0	0.9	195.083333333
8	15	0.5	0.5	1	0.5	0	63.1666666667
8	15	0.5	0.5	1	0.5	0.3	77.3095238095
8	15	0.5	0.5	1	0.5	0.6	112.666666667
8	15	0.5	0.5	1	0.5	0.9	195.083333333
8	15	0.5	0.5	1	1	0	63.1666666667
8	15	0.5	0.5	1	1	0.3	77.3095238095
8	15	0.5	0.5	1	1	0.6	112.666666667
8	15	0.5	0.5	1	1	0.9	195.083333333
8	15	0.5	1	0	0	0	63.1666666667
8	15	0.5	1	0	0	0.3	77.3095238095
8	15	0.5	1	0	0	0.6	112.666666667
8	15	0.5	1	0	0	0.9	195.083333333
8	15	0.5	1	0	0.5	0	63.1666666667
8	15	0.5	1	0	0.5	0.3	77.3095238095
8	15	0.5	1	0	0.5	0.6	112.666666667
8	15	0.5	1	0	0.5	0.9	195.083333333
8	15	0.5	1	0	1	0	63.1666666667
8	15	0.5	1	0	1	0.3	77.3095238095
8	15	0.5	1	0	1	0.6	112.666666667
8	15	0.5	1	0	1	0.9	195.083333333
8	15	0.5	1	0.5	0	0	63.1666666667
8	15	0.5	1	0.5	0	0.3	77.3095238095
8	15	0.5	1	0.5	0	0.6	112.666666667
8	15	0.5	1	0.5	0	0.9	195.083333333
8	15	0.5	1	0.5	0.5	0	63.1666666667
8	15	0.5	1	0.5	0.5	0.3	77.3095238095
8	15	0.5	1	0.5	0.5	0.6	112.666666667
8	15	0.5	1	0.5	0.5	0.9	195.083333333
8	15	0.5	1	0.5	1	0	63.1666666667
8	15	0.5	1	0.5	1	0.3	77.3095238095
8	15	0.5	1	0.5	1	0.6	112.666666667
8	15	0.5	1	0.5	1	0.9	195.083333333
8	15	0.5	1	1	0	0	63.1666666667
8	15	0.5	1	1	0	0.3	77.3095238095
8	15	0.5	1	1	0	0.6	112.666666667
8	15	0.5	1	1	0	0.9	195.083333333
8	15	0.5	1	1	0.5	0	63.1666666667
8	15	0.5	1	1	0.5	0.3	77.3095238095
8	15	0.5	1	1	0.5	0.6	112.666666667
8	15	0.5	1	1	0.5	0.9	195.083333333
8	15	0.5	1	1	1	0	63.1666666667
8	15	0.5	1	1	1	0.3	77.3095238095
8	15	0.5	1	1	1	0.6	112.666666667
8	15	0.5	1	1	1	0.9	195.083333333
8	15	1	0	0	0	0	63.1666666667
8	15	1	0	0	0	0.3	77.3095238095
8	15	1	0	0	0	0.6	112.666666667
8	15	1	0	0	0	0.9	195.083333333
8	15	1	0	0	0.5	0	63.1666666667
8	15	1	0	0	0.5	0.3	77.3095238095
8	15	1	0	0	0.5	0.6	112.666666667
8	15	1	0	0	0.5	0.9	195.083333333
8	15	1	0	0	1	0	63.1666666667
8	15	1	0	0	1	0.3	77.3095238095
8	15	1	0	0	1	0.6	112.666666667
8	15	1	0	0	1	0.9	195.083333333
8	15	1	0	0.5	0	0	63.1666666667
8	15	1	0	0.5	0	0.3	77.3095238095
8	15	1	0	0.5	0	0.6	112.666666667
8	15	1	0	0.5	0	0.9	195.083333333
8	15	1	0	0.5	0.5	0	63.1666666667
8	15	1	0	0.5	0.5	0.3	77.3095238095
8	15	1	0	0.5	0.5	0.6	112.666666667
8	15	1	0	0.5	0.5	0.9	195.083333333
8	15	1	0	0.5	1	0	63.1666666667
8	15	1	0	0.5	1	0.3	77.3095238095
8	15	1	0	0.5	1	0.6	112.666666667
8	15	1	0	0.5	1	0.9	195.083333333
8	15	1	0	1	0	0	63.1666666667
8	15	1	0	1	0	0.3	77.3095238095
8	15	1	0	1	0	0.6	112.666666667
8	15	1	0	1	0	0.9	195.083333333
8	15	1	0	1	0.5	0	63.1666666667
8	15	1	0	1	0.5	0.3	77.3095238095
8	15	1	0	1	0.5	0.6	112.666666667
8	15	1	0	1	0.5	0.9	195.083333333
8	15	1	0	1	1	0	63.1666666667
8	15	1	0	1	1	0.3	77.3095238095
8	15	1	0	1	1	0.6	112.666666667
8	15	1	0	1	1	0.9	195.083333333
8	15	1	0.5	0	0	0	63.1666666667
8	15	1	0.5	0	0	0.3	77.3095238095
8	15	1	0.5	0	0	0.6	112.666666667
8	15	1	0.5	0	0	0.9	195.083333333
8	15	1	0.5	0	0.5	0	63.1666666667
8	15	1	0.5	0	0.5	0.3	77.3095238095
8	15	1	0.5	0	0.5	0.6	112.666666667
8	15	1	0.5	0	0.5	0.9	195.083333333
8	15	1	0.5	0	1	0	63.1666666667
8	15	1	0.5	0	1	0.3	77.3095238095
8	15	1	0.5	0	1	0.6	112.666666667
8	15	1	0.5	0	1	0.9	195.083333333
8	15	1	0.5	0.5	0	0	63.1666666667
8	15	1	0.5	0.5	0	0.3	77.3095238095
8	15	1	0.5	0.5	0	0.6	112.666666667
8	15	1	0.5	0.5	0	0.9	195.083333333
8	15	1	0.5	0.5	0.5	0	63.1666666667
8	15	1	0.5	0.5	0.5	0.3	77.3095238095
8	15	1	0.5	0.5	0.5	0.6	112.666666667
8	15	1	0.5	0.5	0.5	0.9	195.083333333
8	15	1	0.5	0.5	1	0	63.1666666667
8	15	1	0.5	0.5	1	0.3	77.3095238095
8	15	1	0.5	0.5	1	0.6	112.666666667
8	15	1	0.5	0.5	1	0.9	195.083333333
8	15	1	0.5	1	0	0	63.1666666667
8	15	1	0.5	1	0	0.3	77.3095238095
8	15	1	0.5	1	0	0.6	112.666666667
8	15	1	0.5	1	0	0.9	195.083333333
8	15	1	0.5	1	0.5	0	63.1666666667
8	15	1	0.5	1	0.5	0.3	77.3095238095
8	15	1	0.5	1	0.5	0.6	112.666666667
8	15	1	0.5	1	0.5	0.9	195.083333333
8	15	1	0.5	1	1	0	63.1666666667
8	15	1	0.5	1	1	0.3	77.3095238095
8	15	1	0.5	1	1	0.6	112.666666667
8	15	1	0.5	1	1	0.9	195.083333333
8	15	1	1	0	0	0	63.1666666667
8	15	1	1	0	0	0.3	77.3095238095
8	15	1	1	0	0	0.6	112.666666667
8	15	1	1	0	0	0.9	195.083333333
8	15	1	1	0	0.5	0	63.1666666667
8	15	1	1	0	0.5	0.3	77.3095238095
8	15	1	1	0	0.5	0.6	112.666666667
8	15	1	1	0	0.5	0.9	195.083333333
8	15	1	1	0	1	0	63.1666666667
8	15	1	1	0	1	0.3	77.3095238095
8	15	1	1	0	1	0.6	112.666666667
8	15	1	1	0	1	0.9	195.083333333
8	15	1	1	0.5	0	0	63.1666666667
8	15	1	1	0.5	0	0.3	77.3095238095
8	15	1	1	0.5	0	0.6	112.666666667
8	15	1	1	0.5	0	0.9	195.083333333
8	15	1	1	0.5	0.5	0	63.1666666667
8	15	1	1	0.5	0.5	0.3	77.3095238095
8	15	1	1	0.5	0.5	0.6	112.666666667
8	15	1	1	0.5	0.5	0.9	195.083333333
8	15	1	1	0.5	1	0	63.1666666667
8	15	1	1	0.5	1	0.3	77.3095238095
8	15	1	1	0.5	1	0.6	112.666666667
8	15	1	1	0.5	1	0.9	195.083333333
8	15	1	1	1	0	0	63.1666666667
8	15	1	1	1	0	0.3	77.3095238095
8	15	1	1	1	0	0.6	112.666666667
8	15	1	1	1	0	0.9	195.083333333
8	15	1	1	1	0.5	0	63.1666666667
8	15	1	1	1	0.5	0.3	77.3095238095
8	15	1	1	1	0.5	0.6	112.666666667
8	15	1	1	1	0.5	0.9	195.083333333
8	15	1	1	1	1	0	63.1666666667
8	15	1	1	1	1	0.3	77.3095238095
8	15	1	1	1	1	0.6	112.666666667
8	15	1	1	1	1	0.9	195.083333333
8	20	0	0	0	0	0	63.1666666667
8	20	0	0	0	0	0.3	77.3095238095
8	20	0	0	0	0	0.6	112.666666667
8	20	0	0	0	0	0.9	195.083333333
8	20	0	0	0	0.5	0	63.1666666667
8	20	0	0	0	0.5	0.3	77.3095238095
8	20	0	0	0	0.5	0.6	112.666666667
8	20	0	0	0	0.5	0.9	195.083333333
8	20	0	0	0	1	0	63.1666666667
8	20	0	0	0	1	0.3	77.3095238095
8	20	0	0	0	1	0.6	112.666666667
8	20	0	0	0	1	0.9	195.083333333
8	20	0	0	0.5	0	0	63.1666666667
8	20	0	0	0.5	0	0.3	77.3095238095
8	20	0	0	0.5	0	0.6	112.666666667
8	20	0	0	0.5	0	0.9	195.083333333
8	20	0	0	0.5	0.5	0	63.1666666667
8	20	0	0	0.5	0.5	0.3	77.3095238095
8	20	0	0	0.5	0.5	0.6	112.666666667
8	20	0	0	0.5	0.5	0.9	195.083333333
8	20	0	0	0.5	1	0	63.1666666667
8	20	0	0	0.5	1	0.3	77.3095238095
8	20	0	0	0.5	1	0.6	112.666666667
8	20	0	0	0.5	1	0.9	195.083333333
8	20	0	0	1	0	0	63.1666666667
8	20	0	0	1	0	0.3	77.3095238095
8	20	0	0	1	0	0.6	112.666666667
8	20	0	0	1	0	0.9	195.083333333
8	20	0	0	1	0.5	0	63.1666666667
8	20	0	0	1	0.5	0.3	77.3095238095
8	20	0	0	1	0.5	0.6	112.666666667
8	20	0	0	1	0.5	0.9	195.083333333
8	20	0	0	1	1	0	63.1666666667
8	20	0	0	1	1	0.3	77.3095238095
8	20	0	0	1	1	0.6	112.666666667
8	20	0	0	1	1	0.9	195.083333333
8	20	0	0.5	0	0	0	63.1666666667
8	20	0	0.5	0	0	0.3	77.3095238095
8	20	0	0.5	0	0	0.6	112.666666667
8	20	0	0.5	0	0	0.9	195.083333333
8	20	0	0.5	0	0.5	0	63.1666666667
8	20	0	0.5	0	0.5	0.3	77.3095238095
8	20	0	0.5	0	0.5	0.6	112.666666667
8	20	0	0.5	0	0.5	0.9	195.083333333
8	20	0	0.5	0	1	0	63.1666666667
8	20	0	0.5	0	1	0.3	77.3095238095
8	20	0	0.5	0	1	0.6	112.666666667
8	20	0	0.5	0	1	0.9	195.083333333
8	20	0	0.5	0.5	0	0	63.1666666667
8	20	0	0.5	0.5	0	0.3	77.3095238095
8	20	0	0.5	0.5	0	0.6	112.666666667
8	20	0	0.5	0.5	0	0.9	195.083333333
8	20	0	0.5	0.5	0.5	0	63.1666666667
8	20	0	0.5	0.5	0.5	0.3	77.3095238095
8	20	0	0.5	0.5	0.5	0.6	112.666666667
8	20	0	0.5	0.5	0.5	0.9	195.083333333
8	20	0	0.5	0.5	1	0	63.1666666667
8	20	0	0.5	0.5	1	0.3	77.3095238095
8	20	0	0.5	0.5	1	0.6	112.666666667
8	20	0	0.5	0.5	1	0.9	195.083333333
8	20	0	0.5	1	0	0	63.1666666667
8	20	0	0.5	1	0	0.3	77.3095238095
8	20	0	0.5	1	0	0.6	112.666666667
8	20	0	0.5	1	0	0.9	195.083333333
8	20	0	0.5	1	0.5	0	63.1666666667
8	20	0	0.5	1	0.5	0.3	77.3095238095
8	20	0	0.5	1	0.5	0.6	112.666666667
8	20	0	0.5	1	0.5	0.9	195.083333333
8	20	0	0.5	1	1	0	63.1666666667
8	20	0	0.5	1	1	0.3	77.3095238095
8	20	0	0.5	1	1	0.6	112.666666667
8	20	0	0.5	1	1	0.9	195.083333333
8	20	0	1	0	0	0	63.1666666667
8	20	0	1	0	0	0.3	77.3095238095
8	20	0	1	0	0	0.6	112.666666667
8	20	0	1	0	0	0.9	195.083333333
8	20	0	1	0	0.5	0	63.1666666667
8	20	0	1	0	0.5	0.3	77.3095238095
8	20	0	1	0	0.5	0.6	112.666666667
8	20	0	1	0	0.5	0.9	195.083333333
8	20	0	1	0	1	0	63.1666666667
8	20	0	1	0	1	0.3	77.3095238095
8	20	0	1	0	1	0.6	112.666666667
8	20	0	1	0	1	0.9	195.083333333
8	20	0	1	0.5	0	0	63.1666666667
8	20	0	1	0.5	0	0.3	77.3095238095
8	20	0	1	0.5	0	0.6	112.666666667
8	20	0	1	0.5	0	0.9	195.083333333
8	20	0	1	0.5	0.5	0	63.1666666667
8	20	0	1	0.5	0.5	0.3	77.3095238095
8	20	0	1	0.5	0.5	0.6	112.666666667
8	20	0	1	0.5	0.5	0.9	195.083333333
8	20	0	1	0.5	1	0	63.1666666667
8	20	0	1	0.5	1	0.3	77.3095238095
8	20	0	1	0.5	1	0.6	112.666666667
8	20	0	1	0.5	1	0.9	195.083333333
8	20	0	1	1	0	0	63.1666666667
8	20	0	1	1	0	0.3	77.3095238095
8	20	0	1	1	0	0.6	112.666666667
8	20	0	1	1	0	0.9	195.083333333
8	20	0	1	1	0.5	0	63.1666666667
8	20	0	1	1	0.5	0.3	77.3095238095
8	20	0	1	1	0.5	0.6	112.666666667
8	20	0	1	1	0.5	0.9	195.083333333
8	20	0	1	1	1	0	63.1666666667
8	20	0	1	1	1	0.3	77.3095238095
8	20	0	1	1	1	0.6	112.666666667
8	20	0	1	1	1	0.9	195.083333333
8	20	0.5	0	0	0	0	63.1666666667
8	20	0.5	0	0	0	0.3	77.3095238095
8	20	0.5	0	0	0	0.6	112.666666667
8	20	0.5	0	0	0	0.9	195.083333333
8	20	0.5	0	0	0.5	0	63.1666666667
8	20	0.5	0	0	0.5	0.3	77.3095238095
8	20	0.5	0	0	0.5	0.6	112.666666667
8	20	0.5	0	0	0.5	0.9	195.083333333
8	20	0.5	0	0	1	0	63.1666666667
8	20	0.5	0	0	1	0.3	77.3095238095
8	20	0.5	0	0	1	0.6	112.666666667
8	20	0.5	0	0	1	0.9	195.083333333
8	20	0.5	0	0.5	0	0	63.1666666667
8	20	0.5	0	0.5	0	0.3	77.3095238095
8	20	0.5	0	0.5	0	0.6	112.666666667
8	20	0.5	0	0.5	0	0.9	195.083333333
8	20	0.5	0	0.5	0.5	0	63.1666666667
8	20	0.5	0	0.5	0.5	0.3	77.3095238095
8	20	0.5	0	0.5	0.5	0.6	112.666666667
8	20	0.5	0	0.5	0.5	0.9	195.083333333
8	20	0.5	0	0.5	1	0	63.1666666667
8	20	0.5	0	0.5	1	0.3	77.3095238095
8	20	0.5	0	0.5	1	0.6	112.666666667
8	20	0.5	0	0.5	1	0.9	195.083333333
8	20	0.5	0	1	0	0	63.1666666667
8	20	0.5	0	1	0	0.3	77.3095238095
8	20	0.5	0	1	0	0.6	112.666666667
8	20	0.5	0	1	0	0.9	195.083333333
8	20	0.5	0	1	0.5	0	63.1666666667
8	20	0.5	0	1	0.5	0.3	77.3095238095
8	20	0.5	0	1	0.5	0.6	112.666666667
8	20	0.5	0	1	0.5	0.9	195.083333333
8	20	0.5	0	1	1	0	63.1666666667
8	20	0.5	0	1	1	0.3	77.3095238095
8	20	0.5	0	1	1	0.6	112.666666667
8	20	0.5	0	1	1	0.9	195.083333333
8	20	0.5	0.5	0	0	0	63.1666666667
8	20	0.5	0.5	0	0	0.3	77.3095238095
8	20	0.5	0.5	0	0	0.6	112.666666667
8	20	0.5	0.5	0	0	0.9	195.083333333
8	20	0.5	0.5	0	0.5	0	63.1666666667
8	20	0.5	0.5	0	0.5	0.3	77.3095238095
8	20	0.5	0.5	0	0.5	0.6	112.666666667
8	20	0.5	0.5	0	0.5	0.9	195.083333333
8	20	0.5	0.5	0	1	0	63.1666666667
8	20	0.5	0.5	0	1	0.3	77.3095238095
8	20	0.5	0.5	0	1	0.6	112.666666667
8	20	0.5	0.5	0	1	0.9	195.083333333
8	20	0.5	0.5	0.5	0	0	63.1666666667
8	20	0.5	0.5	0.5	0	0.3	77.3095238095
8	20	0.5	0.5	0.5	0	0.6	112.666666667
8	20	0.5	0.5	0.5	0	0.9	195.083333333
8	20	0.5	0.5	0.5	0.5	0	63.1666666667
8	20	0.5	0.5	0.5	0.5	0.3	77.3095238095
8	20	0.5	0.5	0.5	0.5	0.6	112.666666667
8	20	0.5	0.5	0.5	0.5	0.9	195.083333333
8	20	0.5	0.5	0.5	1	0	63.1666666667
8	20	0.5	0.5	0.5	1	0.3	77.3095238095
8	20	0.5	0.5	0.5	1	0.6	112.666666667
8	20	0.5	0.5	0.5	1	0.9	195.083333333
8	20	0.5	0.5	1	0	0	63.1666666667
8	20	0.5	0.5	1	0	0.3	77.3095238095
8	20	0.5	0.5	1	0	0.6	112.666666667
8	20	0.5	0.5	1	0	0.9	195.083333333
8	20	0.5	0.5	1	0.5	0	63.1666666667
8	20	0.5	0.5	1	0.5	0.3	77.3095238095
8	20	0.5	0.5	1	0.5	0.6	112.666666667
8	20	0.5	0.5	1	0.5	0.9	195.083333333
8	20	0.5	0.5	1	1	0	63.1666666667
8	20	0.5	0.5	1	1	0.3	77.3095238095
8	20	0.5	0.5	1	1	0.6	112.666666667
8	20	0.5	0.5	1	1	0.9	195.083333333
8	20	0.5	1	0	0	0	63.1666666667
8	20	0.5	1	0	0	0.3	77.3095238095
8	20	0.5	1	0	0	0.6	112.666666667
8	20	0.5	1	0	0	0.9	195.083333333
8	20	0.5	1	0	0.5	0	63.1666666667
8	20	0.5	1	0	0.5	0.3	77.3095238095
8	20	0.5	1	0	0.5	0.6	112.666666667
8	20	0.5	1	0	0.5	0.9	195.083333333
8	20	0.5	1	0	1	0	63.1666666667
8	20	0.5	1	0	1	0.3	77.3095238095
8	20	0.5	1	0	1	0.6	112.666666667
8	20	0.5	1	0	1	0.9	195.083333333
8	20	0.5	1	0.5	0	0	63.1666666667
8	20	0.5	1	0.5	0	0.3	77.3095238095
8	20	0.5	1	0.5	0	0.6	112.666666667
8	20	0.5	1	0.5	0	0.9	195.083333333
8	20	0.5	1	0.5	0.5	0	63.1666666667
8	20	0.5	1	0.5	0.5	0.3	77.3095238095
8	20	0.5	1	0.5	0.5	0.6	112.666666667
8	20	0.5	1	0.5	0.5	0.9	195.083333333
8	20	0.5	1	0.5	1	0	63.1666666667
8	20	0.5	1	0.5	1	0.3	77.3095238095
8	20	0.5	1	0.5	1	0.6	112.666666667
8	20	0.5	1	0.5	1	0.9	195.083333333
8	20	0.5	1	1	0	0	63.1666666667
8	20	0.5	1	1	0	0.3	77.3095238095
8	20	0.5	1	1	0	0.6	112.666666667
8	20	0.5	1	1	0	0.9	195.083333333
8	20	0.5	1	1	0.5	0	63.1666666667
8	20	0.5	1	1	0.5	0.3	77.3095238095
8	20	0.5	1	1	0.5	0.6	112.666666667
8	20	0.5	1	1	0.5	0.9	195.083333333
8	20	0.5	1	1	1	0	63.1666666667
8	20	0.5	1	1	1	0.3	77.3095238095
8	20	0.5	1	1	1	0.6	112.666666667
8	20	0.5	1	1	1	0.9	195.083333333
8	20	1	0	0	0	0	63.1666666667
8	20	1	0	0	0	0.3	77.3095238095
8	20	1	0	0	0	0.6	112.666666667
8	20	1	0	0	0	0.9	195.083333333
8	20	1	0	0	0.5	0	63.1666666667
8	20	1	0	0	0.5	0.3	77.3095238095
8	20	1	0	0	0.5	0.6	112.666666667
8	20	1	0	0	0.5	0.9	195.083333333
8	20	1	0	0	1	0	63.1666666667
8	20	1	0	0	1	0.3	77.3095238095
8	20	1	0	0	1	0.6	112.666666667
8	20	1	0	0	1	0.9	195.083333333
8	20	1	0	0.5	0	0	63.1666666667
8	20	1	0	0.5	0	0.3	77.3095238095
8	20	1	0	0.5	0	0.6	112.666666667
8	20	1	0	0.5	0	0.9	195.083333333
8	20	1	0	0.5	0.5	0	63.1666666667
8	20	1	0	0.5	0.5	0.3	77.3095238095
8	20	1	0	0.5	0.5	0.6	112.666666667
8	20	1	0	0.5	0.5	0.9	195.083333333
8	20	1	0	0.5	1	0	63.1666666667
8	20	1	0	0.5	1	0.3	77.3095238095
8	20	1	0	0.5	1	0.6	112.666666667
8	20	1	0	0.5	1	0.9	195.083333333
8	20	1	0	1	0	0	63.1666666667
8	20	1	0	1	0	0.3	77.3095238095
8	20	1	0	1	0	0.6	112.666666667
8	20	1	0	1	0	0.9	195.083333333
8	20	1	0	1	0.5	0	63.1666666667
8	20	1	0	1	0.5	0.3	77.3095238095
8	20	1	0	1	0.5	0.6	112.666666667
8	20	1	0	1	0.5	0.9	195.083333333
8	20	1	0	1	1	0	63.1666666667
8	20	1	0	1	1	0.3	77.3095238095
8	20	1	0	1	1	0.6	112.666666667
8	20	1	0	1	1	0.9	195.083333333
8	20	1	0.5	0	0	0	63.1666666667
8	20	1	0.5	0	0	0.3	77.3095238095
8	20	1	0.5	0	0	0.6	112.666666667
8	20	1	0.5	0	0	0.9	195.083333333
8	20	1	0.5	0	0.5	0	63.1666666667
8	20	1	0.5	0	0.5	0.3	77.3095238095
8	20	1	0.5	0	0.5	0.6	112.666666667
8	20	1	0.5	0	0.5	0.9	195.083333333
8	20	1	0.5	0	1	0	63.1666666667
8	20	1	0.5	0	1	0.3	77.3095238095
8	20	1	0.5	0	1	0.6	112.666666667
8	20	1	0.5	0	1	0.9	195.083333333
8	20	1	0.5	0.5	0	0	63.1666666667
8	20	1	0.5	0.5	0	0.3	77.3095238095
8	20	1	0.5	0.5	0	0.6	112.666666667
8	20	1	0.5	0.5	0	0.9	195.083333333
8	20	1	0.5	0.5	0.5	0	63.1666666667
8	20	1	0.5	0.5	0.5	0.3	77.3095238095
8	20	1	0.5	0.5	0.5	0.6	112.666666667
8	20	1	0.5	0.5	0.5	0.9	195.083333333
8	20	1	0.5	0.5	1	0	63.1666666667
8	20	1	0.5	0.5	1	0.3	77.3095238095
8	20	1	0.5	0.5	1	0.6	112.666666667
8	20	1	0.5	0.5	1	0.9	195.083333333
8	20	1	0.5	1	0	0	63.1666666667
8	20	1	0.5	1	0	0.3	77.3095238095
8	20	1	0.5	1	0	0.6	112.666666667
8	20	1	0.5	1	0	0.9	195.083333333
8	20	1	0.5	1	0.5	0	63.1666666667
8	20	1	0.5	1	0.5	0.3	77.3095238095
8	20	1	0.5	1	0.5	0.6	112.666666667
8	20	1	0.5	1	0.5	0.9	195.083333333
8	20	1	0.5	1	1	0	63.1666666667
8	20	1	0.5	1	1	0.3	77.3095238095
8	20	1	0.5	1	1	0.6	112.666666667
8	20	1	0.5	1	1	0.9	195.083333333
8	20	1	1	0	0	0	63.1666666667
8	20	1	1	0	0	0.3	77.3095238095
8	20	1	1	0	0	0.6	112.666666667
8	20	1	1	0	0	0.9	195.083333333
8	20	1	1	0	0.5	0	63.1666666667
8	20	1	1	0	0.5	0.3	77.3095238095
8	20	1	1	0	0.5	0.6	112.666666667
8	20	1	1	0	0.5	0.9	195.083333333
8	20	1	1	0	1	0	63.1666666667
8	20	1	1	0	1	0.3	77.3095238095
8	20	1	1	0	1	0.6	112.666666667
8	20	1	1	0	1	0.9	195.083333333
8	20	1	1	0.5	0	0	63.1666666667
8	20	1	1	0.5	0	0.3	77.3095238095
8	20	1	1	0.5	0	0.6	112.666666667
8	20	1	1	0.5	0	0.9	195.083333333
8	20	1	1	0.5	0.5	0	63.1666666667
8	20	1	1	0.5	0.5	0.3	77.3095238095
8	20	1	1	0.5	0.5	0.6	112.666666667
8	20	1	1	0.5	0.5	0.9	195.083333333
8	20	1	1	0.5	1	0	63.1666666667
8	20	1	1	0.5	1	0.3	77.3095238095
8	20	1	1	0.5	1	0.6	112.666666667
8	20	1	1	0.5	1	0.9	195.083333333
8	20	1	1	1	0	0	63.1666666667
8	20	1	1	1	0	0.3	77.3095238095
8	20	1	1	1	0	0.6	112.666666667
8	20	1	1	1	0	0.9	195.083333333
8	20	1	1	1	0.5	0	63.1666666667
8	20	1	1	1	0.5	0.3	77.3095238095
8	20	1	1	1	0.5	0.6	112.666666667
8	20	1	1	1	0.5	0.9	195.083333333
8	20	1	1	1	1	0	63.1666666667
8	20	1	1	1	1	0.3	77.3095238095
8	20	1	1	1	1	0.6	112.666666667
8	20	1	1	1	1	0.9	195.083333333
9	5	0	0	0	0	0	63.1666666667
9	5	0	0	0	0	0.3	77.3095238095
9	5	0	0	0	0	0.6	112.666666667
9	5	0	0	0	0	0.9	195.083333333
9	5	0	0	0	0.5	0	63.1666666667
9	5	0	0	0	0.5	0.3	77.3095238095
9	5	0	0	0	0.5	0.6	112.666666667
9	5	0	0	0	0.5	0.9	195.083333333
9	5	0	0	0	1	0	63.1666666667
9	5	0	0	0	1	0.3	77.3095238095
9	5	0	0	0	1	0.6	112.666666667
9	5	0	0	0	1	0.9	195.083333333
9	5	0	0	0.5	0	0	63.1666666667
9	5	0	0	0.5	0	0.3	77.3095238095
9	5	0	0	0.5	0	0.6	112.666666667
9	5	0	0	0.5	0	0.9	195.083333333
9	5	0	0	0.5	0.5	0	63.1666666667
9	5	0	0	0.5	0.5	0.3	77.3095238095
9	5	0	0	0.5	0.5	0.6	112.666666667
9	5	0	0	0.5	0.5	0.9	195.083333333
9	5	0	0	0.5	1	0	63.1666666667
9	5	0	0	0.5	1	0.3	77.3095238095
9	5	0	0	0.5	1	0.6	112.666666667
9	5	0	0	0.5	1	0.9	195.083333333
9	5	0	0	1	0	0	63.1666666667
9	5	0	0	1	0	0.3	77.3095238095
9	5	0	0	1	0	0.6	112.666666667
9	5	0	0	1	0	0.9	195.083333333
9	5	0	0	1	0.5	0	63.1666666667
9	5	0	0	1	0.5	0.3	77.3095238095
9	5	0	0	1	0.5	0.6	112.666666667
9	5	0	0	1	0.5	0.9	195.083333333
9	5	0	0	1	1	0	63.1666666667
9	5	0	0	1	1	0.3	77.3095238095
9	5	0	0	1	1	0.6	112.666666667
9	5	0	0	1	1	0.9	195.083333333
9	5	0	0.5	0	0	0	63.1666666667
9	5	0	0.5	0	0	0.3	77.3095238095
9	5	0	0.5	0	0	0.6	112.666666667
9	5	0	0.5	0	0	0.9	195.083333333
9	5	0	0.5	0	0.5	0	63.1666666667
9	5	0	0.5	0	0.5	0.3	77.3095238095
9	5	0	0.5	0	0.5	0.6	112.666666667
9	5	0	0.5	0	0.5	0.9	195.083333333
9	5	0	0.5	0	1	0	63.1666666667
9	5	0	0.5	0	1	0.3	77.3095238095
9	5	0	0.5	0	1	0.6	112.666666667
9	5	0	0.5	0	1	0.9	195.083333333
9	5	0	0.5	0.5	0	0	63.1666666667
9	5	0	0.5	0.5	0	0.3	77.3095238095
9	5	0	0.5	0.5	0	0.6	112.666666667
9	5	0	0.5	0.5	0	0.9	195.083333333
9	5	0	0.5	0.5	0.5	0	63.1666666667
9	5	0	0.5	0.5	0.5	0.3	77.3095238095
9	5	0	0.5	0.5	0.5	0.6	112.666666667
9	5	0	0.5	0.5	0.5	0.9	195.083333333
9	5	0	0.5	0.5	1	0	63.1666666667
9	5	0	0.5	0.5	1	0.3	77.3095238095
9	5	0	0.5	0.5	1	0.6	112.666666667
9	5	0	0.5	0.5	1	0.9	195.083333333
9	5	0	0.5	1	0	0	63.1666666667
9	5	0	0.5	1	0	0.3	77.3095238095
9	5	0	0.5	1	0	0.6	112.666666667
9	5	0	0.5	1	0	0.9	195.083333333
9	5	0	0.5	1	0.5	0	63.1666666667
9	5	0	0.5	1	0.5	0.3	77.3095238095
9	5	0	0.5	1	0.5	0.6	112.666666667
9	5	0	0.5	1	0.5	0.9	195.083333333
9	5	0	0.5	1	1	0	63.1666666667
9	5	0	0.5	1	1	0.3	77.3095238095
9	5	0	0.5	1	1	0.6	112.666666667
9	5	0	0.5	1	1	0.9	195.083333333
9	5	0	1	0	0	0	63.1666666667
9	5	0	1	0	0	0.3	77.3095238095
9	5	0	1	0	0	0.6	112.666666667
9	5	0	1	0	0	0.9	195.083333333
9	5	0	1	0	0.5	0	63.1666666667
9	5	0	1	0	0.5	0.3	77.3095238095
9	5	0	1	0	0.5	0.6	112.666666667
9	5	0	1	0	0.5	0.9	195.083333333
9	5	0	1	0	1	0	63.1666666667
9	5	0	1	0	1	0.3	77.3095238095
9	5	0	1	0	1	0.6	112.666666667
9	5	0	1	0	1	0.9	195.083333333
9	5	0	1	0.5	0	0	63.1666666667
9	5	0	1	0.5	0	0.3	77.3095238095
9	5	0	1	0.5	0	0.6	112.666666667
9	5	0	1	0.5	0	0.9	195.083333333
9	5	0	1	0.5	0.5	0	63.1666666667
9	5	0	1	0.5	0.5	0.3	77.3095238095
9	5	0	1	0.5	0.5	0.6	112.666666667
9	5	0	1	0.5	0.5	0.9	195.083333333
9	5	0	1	0.5	1	0	63.1666666667
9	5	0	1	0.5	1	0.3	77.3095238095
9	5	0	1	0.5	1	0.6	112.666666667
9	5	0	1	0.5	1	0.9	195.083333333
9	5	0	1	1	0	0	63.1666666667
9	5	0	1	1	0	0.3	77.3095238095
9	5	0	1	1	0	0.6	112.666666667
9	5	0	1	1	0	0.9	195.083333333
9	5	0	1	1	0.5	0	63.1666666667
9	5	0	1	1	0.5	0.3	77.3095238095
9	5	0	1	1	0.5	0.6	112.666666667
9	5	0	1	1	0.5	0.9	195.083333333
9	5	0	1	1	1	0	63.1666666667
9	5	0	1	1	1	0.3	77.3095238095
9	5	0	1	1	1	0.6	112.666666667
9	5	0	1	1	1	0.9	195.083333333
9	5	0.5	0	0	0	0	63.1666666667
9	5	0.5	0	0	0	0.3	77.3095238095
9	5	0.5	0	0	0	0.6	112.666666667
9	5	0.5	0	0	0	0.9	195.083333333
9	5	0.5	0	0	0.5	0	63.1666666667
9	5	0.5	0	0	0.5	0.3	77.3095238095
9	5	0.5	0	0	0.5	0.6	112.666666667
9	5	0.5	0	0	0.5	0.9	195.083333333
9	5	0.5	0	0	1	0	63.1666666667
9	5	0.5	0	0	1	0.3	77.3095238095
9	5	0.5	0	0	1	0.6	112.666666667
9	5	0.5	0	0	1	0.9	195.083333333
9	5	0.5	0	0.5	0	0	63.1666666667
9	5	0.5	0	0.5	0	0.3	77.3095238095
9	5	0.5	0	0.5	0	0.6	112.666666667
9	5	0.5	0	0.5	0	0.9	195.083333333
9	5	0.5	0	0.5	0.5	0	63.1666666667
9	5	0.5	0	0.5	0.5	0.3	77.3095238095
9	5	0.5	0	0.5	0.5	0.6	112.666666667
9	5	0.5	0	0.5	0.5	0.9	195.083333333
9	5	0.5	0	0.5	1	0	63.1666666667
9	5	0.5	0	0.5	1	0.3	77.3095238095
9	5	0.5	0	0.5	1	0.6	112.666666667
9	5	0.5	0	0.5	1	0.9	195.083333333
9	5	0.5	0	1	0	0	63.1666666667
9	5	0.5	0	1	0	0.3	77.3095238095
9	5	0.5	0	1	0	0.6	112.666666667
9	5	0.5	0	1	0	0.9	195.083333333
9	5	0.5	0	1	0.5	0	63.1666666667
9	5	0.5	0	1	0.5	0.3	77.3095238095
9	5	0.5	0	1	0.5	0.6	112.666666667
9	5	0.5	0	1	0.5	0.9	195.083333333
9	5	0.5	0	1	1	0	63.1666666667
9	5	0.5	0	1	1	0.3	77.3095238095
9	5	0.5	0	1	1	0.6	112.666666667
9	5	0.5	0	1	1	0.9	195.083333333
9	5	0.5	0.5	0	0	0	63.1666666667
9	5	0.5	0.5	0	0	0.3	77.3095238095
9	5	0.5	0.5	0	0	0.6	112.666666667
9	5	0.5	0.5	0	0	0.9	195.083333333
9	5	0.5	0.5	0	0.5	0	63.1666666667
9	5	0.5	0.5	0	0.5	0.3	77.3095238095
9	5	0.5	0.5	0	0.5	0.6	112.666666667
9	5	0.5	0.5	0	0.5	0.9	195.083333333
9	5	0.5	0.5	0	1	0	63.1666666667
9	5	0.5	0.5	0	1	0.3	77.3095238095
9	5	0.5	0.5	0	1	0.6	112.666666667
9	5	0.5	0.5	0	1	0.9	195.083333333
9	5	0.5	0.5	0.5	0	0	63.1666666667
9	5	0.5	0.5	0.5	0	0.3	77.3095238095
9	5	0.5	0.5	0.5	0	0.6	112.666666667
9	5	0.5	0.5	0.5	0	0.9	195.083333333
9	5	0.5	0.5	0.5	0.5	0	63.1666666667
9	5	0.5	0.5	0.5	0.5	0.3	77.3095238095
9	5	0.5	0.5	0.5	0.5	0.6	112.666666667
9	5	0.5	0.5	0.5	0.5	0.9	195.083333333
9	5	0.5	0.5	0.5	1	0	63.1666666667
9	5	0.5	0.5	0.5	1	0.3	77.3095238095
9	5	0.5	0.5	0.5	1	0.6	112.666666667
9	5	0.5	0.5	0.5	1	0.9	195.083333333
9	5	0.5	0.5	1	0	0	63.1666666667
9	5	0.5	0.5	1	0	0.3	77.3095238095
9	5	0.5	0.5	1	0	0.6	112.666666667
9	5	0.5	0.5	1	0	0.9	195.083333333
9	5	0.5	0.5	1	0.5	0	63.1666666667
9	5	0.5	0.5	1	0.5	0.3	77.3095238095
9	5	0.5	0.5	1	0.5	0.6	112.666666667
9	5	0.5	0.5	1	0.5	0.9	195.083333333
9	5	0.5	0.5	1	1	0	63.1666666667
9	5	0.5	0.5	1	1	0.3	77.3095238095
9	5	0.5	0.5	1	1	0.6	112.666666667
9	5	0.5	0.5	1	1	0.9	195.083333333
9	5	0.5	1	0	0	0	63.1666666667
9	5	0.5	1	0	0	0.3	77.3095238095
9	5	0.5	1	0	0	0.6	112.666666667
9	5	0.5	1	0	0	0.9	195.083333333
9	5	0.5	1	0	0.5	0	63.1666666667
9	5	0.5	1	0	0.5	0.3	77.3095238095
9	5	0.5	1	0	0.5	0.6	112.666666667
9	5	0.5	1	0	0.5	0.9	195.083333333
9	5	0.5	1	0	1	0	63.1666666667
9	5	0.5	1	0	1	0.3	77.3095238095
9	5	0.5	1	0	1	0.6	112.666666667
9	5	0.5	1	0	1	0.9	195.083333333
9	5	0.5	1	0.5	0	0	63.1666666667
9	5	0.5	1	0.5	0	0.3	77.3095238095
9	5	0.5	1	0.5	0	0.6	112.666666667
9	5	0.5	1	0.5	0	0.9	195.083333333
9	5	0.5	1	0.5	0.5	0	63.1666666667
9	5	0.5	1	0.5	0.5	0.3	77.3095238095
9	5	0.5	1	0.5	0.5	0.6	112.666666667
9	5	0.5	1	0.5	0.5	0.9	195.083333333
9	5	0.5	1	0.5	1	0	63.1666666667
9	5	0.5	1	0.5	1	0.3	77.3095238095
9	5	0.5	1	0.5	1	0.6	112.666666667
9	5	0.5	1	0.5	1	0.9	195.083333333
9	5	0.5	1	1	0	0	63.1666666667
9	5	0.5	1	1	0	0.3	77.3095238095
9	5	0.5	1	1	0	0.6	112.666666667
9	5	0.5	1	1	0	0.9	195.083333333
9	5	0.5	1	1	0.5	0	63.1666666667
9	5	0.5	1	1	0.5	0.3	77.3095238095
9	5	0.5	1	1	0.5	0.6	112.666666667
9	5	0.5	1	1	0.5	0.9	195.083333333
9	5	0.5	1	1	1	0	63.1666666667
9	5	0.5	1	1	1	0.3	77.3095238095
9	5	0.5	1	1	1	0.6	112.666666667
9	5	0.5	1	1	1	0.9	195.083333333
9	5	1	0	0	0	0	63.1666666667
9	5	1	0	0	0	0.3	77.3095238095
9	5	1	0	0	0	0.6	112.666666667
9	5	1	0	0	0	0.9	195.083333333
9	5	1	0	0	0.5	0	63.1666666667
9	5	1	0	0	0.5	0.3	77.3095238095
9	5	1	0	0	0.5	0.6	112.666666667
9	5	1	0	0	0.5	0.9	195.083333333
9	5	1	0	0	1	0	63.1666666667
9	5	1	0	0	1	0.3	77.3095238095
9	5	1	0	0	1	0.6	112.666666667
9	5	1	0	0	1	0.9	195.083333333
9	5	1	0	0.5	0	0	63.1666666667
9	5	1	0	0.5	0	0.3	77.3095238095
9	5	1	0	0.5	0	0.6	112.666666667
9	5	1	0	0.5	0	0.9	195.083333333
9	5	1	0	0.5	0.5	0	63.1666666667
9	5	1	0	0.5	0.5	0.3	77.3095238095
9	5	1	0	0.5	0.5	0.6	112.666666667
9	5	1	0	0.5	0.5	0.9	195.083333333
9	5	1	0	0.5	1	0	63.1666666667
9	5	1	0	0.5	1	0.3	77.3095238095
9	5	1	0	0.5	1	0.6	112.666666667
9	5	1	0	0.5	1	0.9	195.083333333
9	5	1	0	1	0	0	63.1666666667
9	5	1	0	1	0	0.3	77.3095238095
9	5	1	0	1	0	0.6	112.666666667
9	5	1	0	1	0	0.9	195.083333333
9	5	1	0	1	0.5	0	63.1666666667
9	5	1	0	1	0.5	0.3	77.3095238095
9	5	1	0	1	0.5	0.6	112.666666667
9	5	1	0	1	0.5	0.9	195.083333333
9	5	1	0	1	1	0	63.1666666667
9	5	1	0	1	1	0.3	77.3095238095
9	5	1	0	1	1	0.6	112.666666667
9	5	1	0	1	1	0.9	195.083333333
9	5	1	0.5	0	0	0	63.1666666667
9	5	1	0.5	0	0	0.3	77.3095238095
9	5	1	0.5	0	0	0.6	112.666666667
9	5	1	0.5	0	0	0.9	195.083333333
9	5	1	0.5	0	0.5	0	63.1666666667
9	5	1	0.5	0	0.5	0.3	77.3095238095
9	5	1	0.5	0	0.5	0.6	112.666666667
9	5	1	0.5	0	0.5	0.9	195.083333333
9	5	1	0.5	0	1	0	63.1666666667
9	5	1	0.5	0	1	0.3	77.3095238095
9	5	1	0.5	0	1	0.6	112.666666667
9	5	1	0.5	0	1	0.9	195.083333333
9	5	1	0.5	0.5	0	0	63.1666666667
9	5	1	0.5	0.5	0	0.3	77.3095238095
9	5	1	0.5	0.5	0	0.6	112.666666667
9	5	1	0.5	0.5	0	0.9	195.083333333
9	5	1	0.5	0.5	0.5	0	63.1666666667
9	5	1	0.5	0.5	0.5	0.3	77.3095238095
9	5	1	0.5	0.5	0.5	0.6	112.666666667
9	5	1	0.5	0.5	0.5	0.9	195.083333333
9	5	1	0.5	0.5	1	0	63.1666666667
9	5	1	0.5	0.5	1	0.3	77.3095238095
9	5	1	0.5	0.5	1	0.6	112.666666667
9	5	1	0.5	0.5	1	0.9	195.083333333
9	5	1	0.5	1	0	0	63.1666666667
9	5	1	0.5	1	0	0.3	77.3095238095
9	5	1	0.5	1	0	0.6	112.666666667
9	5	1	0.5	1	0	0.9	195.083333333
9	5	1	0.5	1	0.5	0	63.1666666667
9	5	1	0.5	1	0.5	0.3	77.3095238095
9	5	1	0.5	1	0.5	0.6	112.666666667
9	5	1	0.5	1	0.5	0.9	195.083333333
9	5	1	0.5	1	1	0	63.1666666667
9	5	1	0.5	1	1	0.3	77.3095238095
9	5	1	0.5	1	1	0.6	112.666666667
9	5	1	0.5	1	1	0.9	195.083333333
9	5	1	1	0	0	0	63.1666666667
9	5	1	1	0	0	0.3	77.3095238095
9	5	1	1	0	0	0.6	112.666666667
9	5	1	1	0	0	0.9	195.083333333
9	5	1	1	0	0.5	0	63.1666666667
9	5	1	1	0	0.5	0.3	77.3095238095
9	5	1	1	0	0.5	0.6	112.666666667
9	5	1	1	0	0.5	0.9	195.083333333
9	5	1	1	0	1	0	63.1666666667
9	5	1	1	0	1	0.3	77.3095238095
9	5	1	1	0	1	0.6	112.666666667
9	5	1	1	0	1	0.9	195.083333333
9	5	1	1	0.5	0	0	63.1666666667
9	5	1	1	0.5	0	0.3	77.3095238095
9	5	1	1	0.5	0	0.6	112.666666667
9	5	1	1	0.5	0	0.9	195.083333333
9	5	1	1	0.5	0.5	0	63.1666666667
9	5	1	1	0.5	0.5	0.3	77.3095238095
9	5	1	1	0.5	0.5	0.6	112.666666667
9	5	1	1	0.5	0.5	0.9	195.083333333
9	5	1	1	0.5	1	0	63.1666666667
9	5	1	1	0.5	1	0.3	77.3095238095
9	5	1	1	0.5	1	0.6	112.666666667
9	5	1	1	0.5	1	0.9	195.083333333
9	5	1	1	1	0	0	63.1666666667
9	5	1	1	1	0	0.3	77.3095238095
9	5	1	1	1	0	0.6	112.666666667
9	5	1	1	1	0	0.9	195.083333333
9	5	1	1	1	0.5	0	63.1666666667
9	5	1	1	1	0.5	0.3	77.3095238095
9	5	1	1	1	0.5	0.6	112.666666667
9	5	1	1	1	0.5	0.9	195.083333333
9	5	1	1	1	1	0	63.1666666667
9	5	1	1	1	1	0.3	77.3095238095
9	5	1	1	1	1	0.6	112.666666667
9	5	1	1	1	1	0.9	195.083333333
9	10	0	0	0	0	0	63.1666666667
9	10	0	0	0	0	0.3	77.3095238095
9	10	0	0	0	0	0.6	112.666666667
9	10	0	0	0	0	0.9	195.083333333
9	10	0	0	0	0.5	0	63.1666666667
9	10	0	0	0	0.5	0.3	77.3095238095
9	10	0	0	0	0.5	0.6	112.666666667
9	10	0	0	0	0.5	0.9	195.083333333
9	10	0	0	0	1	0	63.1666666667
9	10	0	0	0	1	0.3	77.3095238095
9	10	0	0	0	1	0.6	112.666666667
9	10	0	0	0	1	0.9	195.083333333
9	10	0	0	0.5	0	0	63.1666666667
9	10	0	0	0.5	0	0.3	77.3095238095
9	10	0	0	0.5	0	0.6	112.666666667
9	10	0	0	0.5	0	0.9	195.083333333
9	10	0	0	0.5	0.5	0	63.1666666667
9	10	0	0	0.5	0.5	0.3	77.3095238095
9	10	0	0	0.5	0.5	0.6	112.666666667
9	10	0	0	0.5	0.5	0.9	195.083333333
9	10	0	0	0.5	1	0	63.1666666667
9	10	0	0	0.5	1	0.3	77.3095238095
9	10	0	0	0.5	1	0.6	112.666666667
9	10	0	0	0.5	1	0.9	195.083333333
9	10	0	0	1	0	0	63.1666666667
9	10	0	0	1	0	0.3	77.3095238095
9	10	0	0	1	0	0.6	112.666666667
9	10	0	0	1	0	0.9	195.083333333
9	10	0	0	1	0.5	0	63.1666666667
9	10	0	0	1	0.5	0.3	77.3095238095
9	10	0	0	1	0.5	0.6	112.666666667
9	10	0	0	1	0.5	0.9	195.083333333
9	10	0	0	1	1	0	63.1666666667
9	10	0	0	1	1	0.3	77.3095238095
9	10	0	0	1	1	0.6	112.666666667
9	10	0	0	1	1	0.9	195.083333333
9	10	0	0.5	0	0	0	63.1666666667
9	10	0	0.5	0	0	0.3	77.3095238095
9	10	0	0.5	0	0	0.6	112.666666667
9	10	0	0.5	0	0	0.9	195.083333333
9	10	0	0.5	0	0.5	0	63.1666666667
9	10	0	0.5	0	0.5	0.3	77.3095238095
9	10	0	0.5	0	0.5	0.6	112.666666667
9	10	0	0.5	0	0.5	0.9	195.083333333
9	10	0	0.5	0	1	0	63.1666666667
9	10	0	0.5	0	1	0.3	77.3095238095
9	10	0	0.5	0	1	0.6	112.666666667
9	10	0	0.5	0	1	0.9	195.083333333
9	10	0	0.5	0.5	0	0	63.1666666667
9	10	0	0.5	0.5	0	0.3	77.3095238095
9	10	0	0.5	0.5	0	0.6	112.666666667
9	10	0	0.5	0.5	0	0.9	195.083333333
9	10	0	0.5	0.5	0.5	0	63.1666666667
9	10	0	0.5	0.5	0.5	0.3	77.3095238095
9	10	0	0.5	0.5	0.5	0.6	112.666666667
9	10	0	0.5	0.5	0.5	0.9	195.083333333
9	10	0	0.5	0.5	1	0	63.1666666667
9	10	0	0.5	0.5	1	0.3	77.3095238095
9	10	0	0.5	0.5	1	0.6	112.666666667
9	10	0	0.5	0.5	1	0.9	195.083333333
9	10	0	0.5	1	0	0	63.1666666667
9	10	0	0.5	1	0	0.3	77.3095238095
9	10	0	0.5	1	0	0.6	112.666666667
9	10	0	0.5	1	0	0.9	195.083333333
9	10	0	0.5	1	0.5	0	63.1666666667
9	10	0	0.5	1	0.5	0.3	77.3095238095
9	10	0	0.5	1	0.5	0.6	112.666666667
9	10	0	0.5	1	0.5	0.9	195.083333333
9	10	0	0.5	1	1	0	63.1666666667
9	10	0	0.5	1	1	0.3	77.3095238095
9	10	0	0.5	1	1	0.6	112.666666667
9	10	0	0.5	1	1	0.9	195.083333333
9	10	0	1	0	0	0	63.1666666667
9	10	0	1	0	0	0.3	77.3095238095
9	10	0	1	0	0	0.6	112.666666667
9	10	0	1	0	0	0.9	195.083333333
9	10	0	1	0	0.5	0	63.1666666667
9	10	0	1	0	0.5	0.3	77.3095238095
9	10	0	1	0	0.5	0.6	112.666666667
9	10	0	1	0	0.5	0.9	195.083333333
9	10	0	1	0	1	0	63.1666666667
9	10	0	1	0	1	0.3	77.3095238095
9	10	0	1	0	1	0.6	112.666666667
9	10	0	1	0	1	0.9	195.083333333
9	10	0	1	0.5	0	0	63.1666666667
9	10	0	1	0.5	0	0.3	77.3095238095
9	10	0	1	0.5	0	0.6	112.666666667
9	10	0	1	0.5	0	0.9	195.083333333
9	10	0	1	0.5	0.5	0	63.1666666667
9	10	0	1	0.5	0.5	0.3	77.3095238095
9	10	0	1	0.5	0.5	0.6	112.666666667
9	10	0	1	0.5	0.5	0.9	195.083333333
9	10	0	1	0.5	1	0	63.1666666667
9	10	0	1	0.5	1	0.3	77.3095238095
9	10	0	1	0.5	1	0.6	112.666666667
9	10	0	1	0.5	1	0.9	195.083333333
9	10	0	1	1	0	0	63.1666666667
9	10	0	1	1	0	0.3	77.3095238095
9	10	0	1	1	0	0.6	112.666666667
9	10	0	1	1	0	0.9	195.083333333
9	10	0	1	1	0.5	0	63.1666666667
9	10	0	1	1	0.5	0.3	77.3095238095
9	10	0	1	1	0.5	0.6	112.666666667
9	10	0	1	1	0.5	0.9	195.083333333
9	10	0	1	1	1	0	63.1666666667
9	10	0	1	1	1	0.3	77.3095238095
9	10	0	1	1	1	0.6	112.666666667
9	10	0	1	1	1	0.9	195.083333333
9	10	0.5	0	0	0	0	63.1666666667
9	10	0.5	0	0	0	0.3	77.3095238095
9	10	0.5	0	0	0	0.6	112.666666667
9	10	0.5	0	0	0	0.9	195.083333333
9	10	0.5	0	0	0.5	0	63.1666666667
9	10	0.5	0	0	0.5	0.3	77.3095238095
9	10	0.5	0	0	0.5	0.6	112.666666667
9	10	0.5	0	0	0.5	0.9	195.083333333
9	10	0.5	0	0	1	0	63.1666666667
9	10	0.5	0	0	1	0.3	77.3095238095
9	10	0.5	0	0	1	0.6	112.666666667
9	10	0.5	0	0	1	0.9	195.083333333
9	10	0.5	0	0.5	0	0	63.1666666667
9	10	0.5	0	0.5	0	0.3	77.3095238095
9	10	0.5	0	0.5	0	0.6	112.666666667
9	10	0.5	0	0.5	0	0.9	195.083333333
9	10	0.5	0	0.5	0.5	0	63.1666666667
9	10	0.5	0	0.5	0.5	0.3	77.3095238095
9	10	0.5	0	0.5	0.5	0.6	112.666666667
9	10	0.5	0	0.5	0.5	0.9	195.083333333
9	10	0.5	0	0.5	1	0	63.1666666667
9	10	0.5	0	0.5	1	0.3	77.3095238095
9	10	0.5	0	0.5	1	0.6	112.666666667
9	10	0.5	0	0.5	1	0.9	195.083333333
9	10	0.5	0	1	0	0	63.1666666667
9	10	0.5	0	1	0	0.3	77.3095238095
9	10	0.5	0	1	0	0.6	112.666666667
9	10	0.5	0	1	0	0.9	195.083333333
9	10	0.5	0	1	0.5	0	63.1666666667
9	10	0.5	0	1	0.5	0.3	77.3095238095
9	10	0.5	0	1	0.5	0.6	112.666666667
9	10	0.5	0	1	0.5	0.9	195.083333333
9	10	0.5	0	1	1	0	63.1666666667
9	10	0.5	0	1	1	0.3	77.3095238095
9	10	0.5	0	1	1	0.6	112.666666667
9	10	0.5	0	1	1	0.9	195.083333333
9	10	0.5	0.5	0	0	0	63.1666666667
9	10	0.5	0.5	0	0	0.3	77.3095238095
9	10	0.5	0.5	0	0	0.6	112.666666667
9	10	0.5	0.5	0	0	0.9	195.083333333
9	10	0.5	0.5	0	0.5	0	63.1666666667
9	10	0.5	0.5	0	0.5	0.3	77.3095238095
9	10	0.5	0.5	0	0.5	0.6	112.666666667
9	10	0.5	0.5	0	0.5	0.9	195.083333333
9	10	0.5	0.5	0	1	0	63.1666666667
9	10	0.5	0.5	0	1	0.3	77.3095238095
9	10	0.5	0.5	0	1	0.6	112.666666667
9	10	0.5	0.5	0	1	0.9	195.083333333
9	10	0.5	0.5	0.5	0	0	63.1666666667
9	10	0.5	0.5	0.5	0	0.3	77.3095238095
9	10	0.5	0.5	0.5	0	0.6	112.666666667
9	10	0.5	0.5	0.5	0	0.9	195.083333333
9	10	0.5	0.5	0.5	0.5	0	63.1666666667
9	10	0.5	0.5	0.5	0.5	0.3	77.3095238095
9	10	0.5	0.5	0.5	0.5	0.6	112.666666667
9	10	0.5	0.5	0.5	0.5	0.9	195.083333333
9	10	0.5	0.5	0.5	1	0	63.1666666667
9	10	0.5	0.5	0.5	1	0.3	77.3095238095
9	10	0.5	0.5	0.5	1	0.6	112.666666667
9	10	0.5	0.5	0.5	1	0.9	195.083333333
9	10	0.5	0.5	1	0	0	63.1666666667
9	10	0.5	0.5	1	0	0.3	77.3095238095
9	10	0.5	0.5	1	0	0.6	112.666666667
9	10	0.5	0.5	1	0	0.9	195.083333333
9	10	0.5	0.5	1	0.5	0	63.1666666667
9	10	0.5	0.5	1	0.5	0.3	77.3095238095
9	10	0.5	0.5	1	0.5	0.6	112.666666667
9	10	0.5	0.5	1	0.5	0.9	195.083333333
9	10	0.5	0.5	1	1	0	63.1666666667
9	10	0.5	0.5	1	1	0.3	77.3095238095
9	10	0.5	0.5	1	1	0.6	112.666666667
9	10	0.5	0.5	1	1	0.9	195.083333333
9	10	0.5	1	0	0	0	63.1666666667
9	10	0.5	1	0	0	0.3	77.3095238095
9	10	0.5	1	0	0	0.6	112.666666667
9	10	0.5	1	0	0	0.9	195.083333333
9	10	0.5	1	0	0.5	0	63.1666666667
9	10	0.5	1	0	0.5	0.3	77.3095238095
9	10	0.5	1	0	0.5	0.6	112.666666667
9	10	0.5	1	0	0.5	0.9	195.083333333
9	10	0.5	1	0	1	0	63.1666666667
9	10	0.5	1	0	1	0.3	77.3095238095
9	10	0.5	1	0	1	0.6	112.666666667
9	10	0.5	1	0	1	0.9	195.083333333
9	10	0.5	1	0.5	0	0	63.1666666667
9	10	0.5	1	0.5	0	0.3	77.3095238095
9	10	0.5	1	0.5	0	0.6	112.666666667
9	10	0.5	1	0.5	0	0.9	195.083333333
9	10	0.5	1	0.5	0.5	0	63.1666666667
9	10	0.5	1	0.5	0.5	0.3	77.3095238095
9	10	0.5	1	0.5	0.5	0.6	112.666666667
9	10	0.5	1	0.5	0.5	0.9	195.083333333
9	10	0.5	1	0.5	1	0	63.1666666667
9	10	0.5	1	0.5	1	0.3	77.3095238095
9	10	0.5	1	0.5	1	0.6	112.666666667
9	10	0.5	1	0.5	1	0.9	195.083333333
9	10	0.5	1	1	0	0	63.1666666667
9	10	0.5	1	1	0	0.3	77.3095238095
9	10	0.5	1	1	0	0.6	112.666666667
9	10	0.5	1	1	0	0.9	195.083333333
9	10	0.5	1	1	0.5	0	63.1666666667
9	10	0.5	1	1	0.5	0.3	77.3095238095
9	10	0.5	1	1	0.5	0.6	112.666666667
9	10	0.5	1	1	0.5	0.9	195.083333333
9	10	0.5	1	1	1	0	63.1666666667
9	10	0.5	1	1	1	0.3	77.3095238095
9	10	0.5	1	1	1	0.6	112.666666667
9	10	0.5	1	1	1	0.9	195.083333333
9	10	1	0	0	0	0	63.1666666667
9	10	1	0	0	0	0.3	77.3095238095
9	10	1	0	0	0	0.6	112.666666667
9	10	1	0	0	0	0.9	195.083333333
9	10	1	0	0	0.5	0	63.1666666667
9	10	1	0	0	0.5	0.3	77.3095238095
9	10	1	0	0	0.5	0.6	112.666666667
9	10	1	0	0	0.5	0.9	195.083333333
9	10	1	0	0	1	0	63.1666666667
9	10	1	0	0	1	0.3	77.3095238095
9	10	1	0	0	1	0.6	112.666666667
9	10	1	0	0	1	0.9	195.083333333
9	10	1	0	0.5	0	0	63.1666666667
9	10	1	0	0.5	0	0.3	77.3095238095
9	10	1	0	0.5	0	0.6	112.666666667
9	10	1	0	0.5	0	0.9	195.083333333
9	10	1	0	0.5	0.5	0	63.1666666667
9	10	1	0	0.5	0.5	0.3	77.3095238095
9	10	1	0	0.5	0.5	0.6	112.666666667
9	10	1	0	0.5	0.5	0.9	195.083333333
9	10	1	0	0.5	1	0	63.1666666667
9	10	1	0	0.5	1	0.3	77.3095238095
9	10	1	0	0.5	1	0.6	112.666666667
9	10	1	0	0.5	1	0.9	195.083333333
9	10	1	0	1	0	0	63.1666666667
9	10	1	0	1	0	0.3	77.3095238095
9	10	1	0	1	0	0.6	112.666666667
9	10	1	0	1	0	0.9	195.083333333
9	10	1	0	1	0.5	0	63.1666666667
9	10	1	0	1	0.5	0.3	77.3095238095
9	10	1	0	1	0.5	0.6	112.666666667
9	10	1	0	1	0.5	0.9	195.083333333
9	10	1	0	1	1	0	63.1666666667
9	10	1	0	1	1	0.3	77.3095238095
9	10	1	0	1	1	0.6	112.666666667
9	10	1	0	1	1	0.9	195.083333333
9	10	1	0.5	0	0	0	63.1666666667
9	10	1	0.5	0	0	0.3	77.3095238095
9	10	1	0.5	0	0	0.6	112.666666667
9	10	1	0.5	0	0	0.9	195.083333333
9	10	1	0.5	0	0.5	0	63.1666666667
9	10	1	0.5	0	0.5	0.3	77.3095238095
9	10	1	0.5	0	0.5	0.6	112.666666667
9	10	1	0.5	0	0.5	0.9	195.083333333
9	10	1	0.5	0	1	0	63.1666666667
9	10	1	0.5	0	1	0.3	77.3095238095
9	10	1	0.5	0	1	0.6	112.666666667
9	10	1	0.5	0	1	0.9	195.083333333
9	10	1	0.5	0.5	0	0	63.1666666667
9	10	1	0.5	0.5	0	0.3	77.3095238095
9	10	1	0.5	0.5	0	0.6	112.666666667
9	10	1	0.5	0.5	0	0.9	195.083333333
9	10	1	0.5	0.5	0.5	0	63.1666666667
9	10	1	0.5	0.5	0.5	0.3	77.3095238095
9	10	1	0.5	0.5	0.5	0.6	112.666666667
9	10	1	0.5	0.5	0.5	0.9	195.083333333
9	10	1	0.5	0.5	1	0	63.1666666667
9	10	1	0.5	0.5	1	0.3	77.3095238095
9	10	1	0.5	0.5	1	0.6	112.666666667
9	10	1	0.5	0.5	1	0.9	195.083333333
9	10	1	0.5	1	0	0	63.1666666667
9	10	1	0.5	1	0	0.3	77.3095238095
9	10	1	0.5	1	0	0.6	112.666666667
9	10	1	0.5	1	0	0.9	195.083333333
9	10	1	0.5	1	0.5	0	63.1666666667
9	10	1	0.5	1	0.5	0.3	77.3095238095
9	10	1	0.5	1	0.5	0.6	112.666666667
9	10	1	0.5	1	0.5	0.9	195.083333333
9	10	1	0.5	1	1	0	63.1666666667
9	10	1	0.5	1	1	0.3	77.3095238095
9	10	1	0.5	1	1	0.6	112.666666667
9	10	1	0.5	1	1	0.9	195.083333333
9	10	1	1	0	0	0	63.1666666667
9	10	1	1	0	0	0.3	77.3095238095
9	10	1	1	0	0	0.6	112.666666667
9	10	1	1	0	0	0.9	195.083333333
9	10	1	1	0	0.5	0	63.1666666667
9	10	1	1	0	0.5	0.3	77.3095238095
9	10	1	1	0	0.5	0.6	112.666666667
9	10	1	1	0	0.5	0.9	195.083333333
9	10	1	1	0	1	0	63.1666666667
9	10	1	1	0	1	0.3	77.3095238095
9	10	1	1	0	1	0.6	112.666666667
9	10	1	1	0	1	0.9	195.083333333
9	10	1	1	0.5	0	0	63.1666666667
9	10	1	1	0.5	0	0.3	77.3095238095
9	10	1	1	0.5	0	0.6	112.666666667
9	10	1	1	0.5	0	0.9	195.083333333
9	10	1	1	0.5	0.5	0	63.1666666667
9	10	1	1	0.5	0.5	0.3	77.3095238095
9	10	1	1	0.5	0.5	0.6	112.666666667
9	10	1	1	0.5	0.5	0.9	195.083333333
9	10	1	1	0.5	1	0	63.1666666667
9	10	1	1	0.5	1	0.3	77.3095238095
9	10	1	1	0.5	1	0.6	112.666666667
9	10	1	1	0.5	1	0.9	195.083333333
9	10	1	1	1	0	0	63.1666666667
9	10	1	1	1	0	0.3	77.3095238095
9	10	1	1	1	0	0.6	112.666666667
9	10	1	1	1	0	0.9	195.083333333
9	10	1	1	1	0.5	0	63.1666666667
9	10	1	1	1	0.5	0.3	77.3095238095
9	10	1	1	1	0.5	0.6	112.666666667
9	10	1	1	1	0.5	0.9	195.083333333
9	10	1	1	1	1	0	63.1666666667
9	10	1	1	1	1	0.3	77.3095238095
9	10	1	1	1	1	0.6	112.666666667
9	10	1	1	1	1	0.9	195.083333333
9	15	0	0	0	0	0	63.1666666667
9	15	0	0	0	0	0.3	77.3095238095
9	15	0	0	0	0	0.6	112.666666667
9	15	0	0	0	0	0.9	195.083333333
9	15	0	0	0	0.5	0	63.1666666667
9	15	0	0	0	0.5	0.3	77.3095238095
9	15	0	0	0	0.5	0.6	112.666666667
9	15	0	0	0	0.5	0.9	195.083333333
9	15	0	0	0	1	0	63.1666666667
9	15	0	0	0	1	0.3	77.3095238095
9	15	0	0	0	1	0.6	112.666666667
9	15	0	0	0	1	0.9	195.083333333
9	15	0	0	0.5	0	0	63.1666666667
9	15	0	0	0.5	0	0.3	77.3095238095
9	15	0	0	0.5	0	0.6	112.666666667
9	15	0	0	0.5	0	0.9	195.083333333
9	15	0	0	0.5	0.5	0	63.1666666667
9	15	0	0	0.5	0.5	0.3	77.3095238095
9	15	0	0	0.5	0.5	0.6	112.666666667
9	15	0	0	0.5	0.5	0.9	195.083333333
9	15	0	0	0.5	1	0	63.1666666667
9	15	0	0	0.5	1	0.3	77.3095238095
9	15	0	0	0.5	1	0.6	112.666666667
9	15	0	0	0.5	1	0.9	195.083333333
9	15	0	0	1	0	0	63.1666666667
9	15	0	0	1	0	0.3	77.3095238095
9	15	0	0	1	0	0.6	112.666666667
9	15	0	0	1	0	0.9	195.083333333
9	15	0	0	1	0.5	0	63.1666666667
9	15	0	0	1	0.5	0.3	77.3095238095
9	15	0	0	1	0.5	0.6	112.666666667
9	15	0	0	1	0.5	0.9	195.083333333
9	15	0	0	1	1	0	63.1666666667
9	15	0	0	1	1	0.3	77.3095238095
9	15	0	0	1	1	0.6	112.666666667
9	15	0	0	1	1	0.9	195.083333333
9	15	0	0.5	0	0	0	63.1666666667
9	15	0	0.5	0	0	0.3	77.3095238095
9	15	0	0.5	0	0	0.6	112.666666667
9	15	0	0.5	0	0	0.9	195.083333333
9	15	0	0.5	0	0.5	0	63.1666666667
9	15	0	0.5	0	0.5	0.3	77.3095238095
9	15	0	0.5	0	0.5	0.6	112.666666667
9	15	0	0.5	0	0.5	0.9	195.083333333
9	15	0	0.5	0	1	0	63.1666666667
9	15	0	0.5	0	1	0.3	77.3095238095
9	15	0	0.5	0	1	0.6	112.666666667
9	15	0	0.5	0	1	0.9	195.083333333
9	15	0	0.5	0.5	0	0	63.1666666667
9	15	0	0.5	0.5	0	0.3	77.3095238095
9	15	0	0.5	0.5	0	0.6	112.666666667
9	15	0	0.5	0.5	0	0.9	195.083333333
9	15	0	0.5	0.5	0.5	0	63.1666666667
9	15	0	0.5	0.5	0.5	0.3	77.3095238095
9	15	0	0.5	0.5	0.5	0.6	112.666666667
9	15	0	0.5	0.5	0.5	0.9	195.083333333
9	15	0	0.5	0.5	1	0	63.1666666667
9	15	0	0.5	0.5	1	0.3	77.3095238095
9	15	0	0.5	0.5	1	0.6	112.666666667
9	15	0	0.5	0.5	1	0.9	195.083333333
9	15	0	0.5	1	0	0	63.1666666667
9	15	0	0.5	1	0	0.3	77.3095238095
9	15	0	0.5	1	0	0.6	112.666666667
9	15	0	0.5	1	0	0.9	195.083333333
9	15	0	0.5	1	0.5	0	63.1666666667
9	15	0	0.5	1	0.5	0.3	77.3095238095
9	15	0	0.5	1	0.5	0.6	112.666666667
9	15	0	0.5	1	0.5	0.9	195.083333333
9	15	0	0.5	1	1	0	63.1666666667
9	15	0	0.5	1	1	0.3	77.3095238095
9	15	0	0.5	1	1	0.6	112.666666667
9	15	0	0.5	1	1	0.9	195.083333333
9	15	0	1	0	0	0	63.1666666667
9	15	0	1	0	0	0.3	77.3095238095
9	15	0	1	0	0	0.6	112.666666667
9	15	0	1	0	0	0.9	195.083333333
9	15	0	1	0	0.5	0	63.1666666667
9	15	0	1	0	0.5	0.3	77.3095238095
9	15	0	1	0	0.5	0.6	112.666666667
9	15	0	1	0	0.5	0.9	195.083333333
9	15	0	1	0	1	0	63.1666666667
9	15	0	1	0	1	0.3	77.3095238095
9	15	0	1	0	1	0.6	112.666666667
9	15	0	1	0	1	0.9	195.083333333
9	15	0	1	0.5	0	0	63.1666666667
9	15	0	1	0.5	0	0.3	77.3095238095
9	15	0	1	0.5	0	0.6	112.666666667
9	15	0	1	0.5	0	0.9	195.083333333
9	15	0	1	0.5	0.5	0	63.1666666667
9	15	0	1	0.5	0.5	0.3	77.3095238095
9	15	0	1	0.5	0.5	0.6	112.666666667
9	15	0	1	0.5	0.5	0.9	195.083333333
9	15	0	1	0.5	1	0	63.1666666667
9	15	0	1	0.5	1	0.3	77.3095238095
9	15	0	1	0.5	1	0.6	112.666666667
9	15	0	1	0.5	1	0.9	195.083333333
9	15	0	1	1	0	0	63.1666666667
9	15	0	1	1	0	0.3	77.3095238095
9	15	0	1	1	0	0.6	112.666666667
9	15	0	1	1	0	0.9	195.083333333
9	15	0	1	1	0.5	0	63.1666666667
9	15	0	1	1	0.5	0.3	77.3095238095
9	15	0	1	1	0.5	0.6	112.666666667
9	15	0	1	1	0.5	0.9	195.083333333
9	15	0	1	1	1	0	63.1666666667
9	15	0	1	1	1	0.3	77.3095238095
9	15	0	1	1	1	0.6	112.666666667
9	15	0	1	1	1	0.9	195.083333333
9	15	0.5	0	0	0	0	63.1666666667
9	15	0.5	0	0	0	0.3	77.3095238095
9	15	0.5	0	0	0	0.6	112.666666667
9	15	0.5	0	0	0	0.9	195.083333333
9	15	0.5	0	0	0.5	0	63.1666666667
9	15	0.5	0	0	0.5	0.3	77.3095238095
9	15	0.5	0	0	0.5	0.6	112.666666667
9	15	0.5	0	0	0.5	0.9	195.083333333
9	15	0.5	0	0	1	0	63.1666666667
9	15	0.5	0	0	1	0.3	77.3095238095
9	15	0.5	0	0	1	0.6	112.666666667
9	15	0.5	0	0	1	0.9	195.083333333
9	15	0.5	0	0.5	0	0	63.1666666667
9	15	0.5	0	0.5	0	0.3	77.3095238095
9	15	0.5	0	0.5	0	0.6	112.666666667
9	15	0.5	0	0.5	0	0.9	195.083333333
9	15	0.5	0	0.5	0.5	0	63.1666666667
9	15	0.5	0	0.5	0.5	0.3	77.3095238095
9	15	0.5	0	0.5	0.5	0.6	112.666666667
9	15	0.5	0	0.5	0.5	0.9	195.083333333
9	15	0.5	0	0.5	1	0	63.1666666667
9	15	0.5	0	0.5	1	0.3	77.3095238095
9	15	0.5	0	0.5	1	0.6	112.666666667
9	15	0.5	0	0.5	1	0.9	195.083333333
9	15	0.5	0	1	0	0	63.1666666667
9	15	0.5	0	1	0	0.3	77.3095238095
9	15	0.5	0	1	0	0.6	112.666666667
9	15	0.5	0	1	0	0.9	195.083333333
9	15	0.5	0	1	0.5	0	63.1666666667
9	15	0.5	0	1	0.5	0.3	77.3095238095
9	15	0.5	0	1	0.5	0.6	112.666666667
9	15	0.5	0	1	0.5	0.9	195.083333333
9	15	0.5	0	1	1	0	63.1666666667
9	15	0.5	0	1	1	0.3	77.3095238095
9	15	0.5	0	1	1	0.6	112.666666667
9	15	0.5	0	1	1	0.9	195.083333333
9	15	0.5	0.5	0	0	0	63.1666666667
9	15	0.5	0.5	0	0	0.3	77.3095238095
9	15	0.5	0.5	0	0	0.6	112.666666667
9	15	0.5	0.5	0	0	0.9	195.083333333
9	15	0.5	0.5	0	0.5	0	63.1666666667
9	15	0.5	0.5	0	0.5	0.3	77.3095238095
9	15	0.5	0.5	0	0.5	0.6	112.666666667
9	15	0.5	0.5	0	0.5	0.9	195.083333333
9	15	0.5	0.5	0	1	0	63.1666666667
9	15	0.5	0.5	0	1	0.3	77.3095238095
9	15	0.5	0.5	0	1	0.6	112.666666667
9	15	0.5	0.5	0	1	0.9	195.083333333
9	15	0.5	0.5	0.5	0	0	63.1666666667
9	15	0.5	0.5	0.5	0	0.3	77.3095238095
9	15	0.5	0.5	0.5	0	0.6	112.666666667
9	15	0.5	0.5	0.5	0	0.9	195.083333333
9	15	0.5	0.5	0.5	0.5	0	63.1666666667
9	15	0.5	0.5	0.5	0.5	0.3	77.3095238095
9	15	0.5	0.5	0.5	0.5	0.6	112.666666667
9	15	0.5	0.5	0.5	0.5	0.9	195.083333333
9	15	0.5	0.5	0.5	1	0	63.1666666667
9	15	0.5	0.5	0.5	1	0.3	77.3095238095
9	15	0.5	0.5	0.5	1	0.6	112.666666667
9	15	0.5	0.5	0.5	1	0.9	195.083333333
9	15	0.5	0.5	1	0	0	63.1666666667
9	15	0.5	0.5	1	0	0.3	77.3095238095
9	15	0.5	0.5	1	0	0.6	112.666666667
9	15	0.5	0.5	1	0	0.9	195.083333333
9	15	0.5	0.5	1	0.5	0	63.1666666667
9	15	0.5	0.5	1	0.5	0.3	77.3095238095
9	15	0.5	0.5	1	0.5	0.6	112.666666667
9	15	0.5	0.5	1	0.5	0.9	195.083333333
9	15	0.5	0.5	1	1	0	63.1666666667
9	15	0.5	0.5	1	1	0.3	77.3095238095
9	15	0.5	0.5	1	1	0.6	112.666666667
9	15	0.5	0.5	1	1	0.9	195.083333333
9	15	0.5	1	0	0	0	63.1666666667
9	15	0.5	1	0	0	0.3	77.3095238095
9	15	0.5	1	0	0	0.6	112.666666667
9	15	0.5	1	0	0	0.9	195.083333333
9	15	0.5	1	0	0.5	0	63.1666666667
9	15	0.5	1	0	0.5	0.3	77.3095238095
9	15	0.5	1	0	0.5	0.6	112.666666667
9	15	0.5	1	0	0.5	0.9	195.083333333
9	15	0.5	1	0	1	0	63.1666666667
9	15	0.5	1	0	1	0.3	77.3095238095
9	15	0.5	1	0	1	0.6	112.666666667
9	15	0.5	1	0	1	0.9	195.083333333
9	15	0.5	1	0.5	0	0	63.1666666667
9	15	0.5	1	0.5	0	0.3	77.3095238095
9	15	0.5	1	0.5	0	0.6	112.666666667
9	15	0.5	1	0.5	0	0.9	195.083333333
9	15	0.5	1	0.5	0.5	0	63.1666666667
9	15	0.5	1	0.5	0.5	0.3	77.3095238095
9	15	0.5	1	0.5	0.5	0.6	112.666666667
9	15	0.5	1	0.5	0.5	0.9	195.083333333
9	15	0.5	1	0.5	1	0	63.1666666667
9	15	0.5	1	0.5	1	0.3	77.3095238095
9	15	0.5	1	0.5	1	0.6	112.666666667
9	15	0.5	1	0.5	1	0.9	195.083333333
9	15	0.5	1	1	0	0	63.1666666667
9	15	0.5	1	1	0	0.3	77.3095238095
9	15	0.5	1	1	0	0.6	112.666666667
9	15	0.5	1	1	0	0.9	195.083333333
9	15	0.5	1	1	0.5	0	63.1666666667
9	15	0.5	1	1	0.5	0.3	77.3095238095
9	15	0.5	1	1	0.5	0.6	112.666666667
9	15	0.5	1	1	0.5	0.9	195.083333333
9	15	0.5	1	1	1	0	63.1666666667
9	15	0.5	1	1	1	0.3	77.3095238095
9	15	0.5	1	1	1	0.6	112.666666667
9	15	0.5	1	1	1	0.9	195.083333333
9	15	1	0	0	0	0	63.1666666667
9	15	1	0	0	0	0.3	77.3095238095
9	15	1	0	0	0	0.6	112.666666667
9	15	1	0	0	0	0.9	195.083333333
9	15	1	0	0	0.5	0	63.1666666667
9	15	1	0	0	0.5	0.3	77.3095238095
9	15	1	0	0	0.5	0.6	112.666666667
9	15	1	0	0	0.5	0.9	195.083333333
9	15	1	0	0	1	0	63.1666666667
9	15	1	0	0	1	0.3	77.3095238095
9	15	1	0	0	1	0.6	112.666666667
9	15	1	0	0	1	0.9	195.083333333
9	15	1	0	0.5	0	0	63.1666666667
9	15	1	0	0.5	0	0.3	77.3095238095
9	15	1	0	0.5	0	0.6	112.666666667
9	15	1	0	0.5	0	0.9	195.083333333
9	15	1	0	0.5	0.5	0	63.1666666667
9	15	1	0	0.5	0.5	0.3	77.3095238095
9	15	1	0	0.5	0.5	0.6	112.666666667
9	15	1	0	0.5	0.5	0.9	195.083333333
9	15	1	0	0.5	1	0	63.1666666667
9	15	1	0	0.5	1	0.3	77.3095238095
9	15	1	0	0.5	1	0.6	112.666666667
9	15	1	0	0.5	1	0.9	195.083333333
9	15	1	0	1	0	0	63.1666666667
9	15	1	0	1	0	0.3	77.3095238095
9	15	1	0	1	0	0.6	112.666666667
9	15	1	0	1	0	0.9	195.083333333
9	15	1	0	1	0.5	0	63.1666666667
9	15	1	0	1	0.5	0.3	77.3095238095
9	15	1	0	1	0.5	0.6	112.666666667
9	15	1	0	1	0.5	0.9	195.083333333
9	15	1	0	1	1	0	63.1666666667
9	15	1	0	1	1	0.3	77.3095238095
9	15	1	0	1	1	0.6	112.666666667
9	15	1	0	1	1	0.9	195.083333333
9	15	1	0.5	0	0	0	63.1666666667
9	15	1	0.5	0	0	0.3	77.3095238095
9	15	1	0.5	0	0	0.6	112.666666667
9	15	1	0.5	0	0	0.9	195.083333333
9	15	1	0.5	0	0.5	0	63.1666666667
9	15	1	0.5	0	0.5	0.3	77.3095238095
9	15	1	0.5	0	0.5	0.6	112.666666667
9	15	1	0.5	0	0.5	0.9	195.083333333
9	15	1	0.5	0	1	0	63.1666666667
9	15	1	0.5	0	1	0.3	77.3095238095
9	15	1	0.5	0	1	0.6	112.666666667
9	15	1	0.5	0	1	0.9	195.083333333
9	15	1	0.5	0.5	0	0	63.1666666667
9	15	1	0.5	0.5	0	0.3	77.3095238095
9	15	1	0.5	0.5	0	0.6	112.666666667
9	15	1	0.5	0.5	0	0.9	195.083333333
9	15	1	0.5	0.5	0.5	0	63.1666666667
9	15	1	0.5	0.5	0.5	0.3	77.3095238095
9	15	1	0.5	0.5	0.5	0.6	112.666666667
9	15	1	0.5	0.5	0.5	0.9	195.083333333
9	15	1	0.5	0.5	1	0	63.1666666667
9	15	1	0.5	0.5	1	0.3	77.3095238095
9	15	1	0.5	0.5	1	0.6	112.666666667
9	15	1	0.5	0.5	1	0.9	195.083333333
9	15	1	0.5	1	0	0	63.1666666667
9	15	1	0.5	1	0	0.3	77.3095238095
9	15	1	0.5	1	0	0.6	112.666666667
9	15	1	0.5	1	0	0.9	195.083333333
9	15	1	0.5	1	0.5	0	63.1666666667
9	15	1	0.5	1	0.5	0.3	77.3095238095
9	15	1	0.5	1	0.5	0.6	112.666666667
9	15	1	0.5	1	0.5	0.9	195.083333333
9	15	1	0.5	1	1	0	63.1666666667
9	15	1	0.5	1	1	0.3	77.3095238095
9	15	1	0.5	1	1	0.6	112.666666667
9	15	1	0.5	1	1	0.9	195.083333333
9	15	1	1	0	0	0	63.1666666667
9	15	1	1	0	0	0.3	77.3095238095
9	15	1	1	0	0	0.6	112.666666667
9	15	1	1	0	0	0.9	195.083333333
9	15	1	1	0	0.5	0	63.1666666667
9	15	1	1	0	0.5	0.3	77.3095238095
9	15	1	1	0	0.5	0.6	112.666666667
9	15	1	1	0	0.5	0.9	195.083333333
9	15	1	1	0	1	0	63.1666666667
9	15	1	1	0	1	0.3	77.3095238095
9	15	1	1	0	1	0.6	112.666666667
9	15	1	1	0	1	0.9	195.083333333
9	15	1	1	0.5	0	0	63.1666666667
9	15	1	1	0.5	0	0.3	77.3095238095
9	15	1	1	0.5	0	0.6	112.666666667
9	15	1	1	0.5	0	0.9	195.083333333
9	15	1	1	0.5	0.5	0	63.1666666667
9	15	1	1	0.5	0.5	0.3	77.3095238095
9	15	1	1	0.5	0.5	0.6	112.666666667
9	15	1	1	0.5	0.5	0.9	195.083333333
9	15	1	1	0.5	1	0	63.1666666667
9	15	1	1	0.5	1	0.3	77.3095238095
9	15	1	1	0.5	1	0.6	112.666666667
9	15	1	1	0.5	1	0.9	195.083333333
9	15	1	1	1	0	0	63.1666666667
9	15	1	1	1	0	0.3	77.3095238095
9	15	1	1	1	0	0.6	112.666666667
9	15	1	1	1	0	0.9	195.083333333
9	15	1	1	1	0.5	0	63.1666666667
9	15	1	1	1	0.5	0.3	77.3095238095
9	15	1	1	1	0.5	0.6	112.666666667
9	15	1	1	1	0.5	0.9	195.083333333
9	15	1	1	1	1	0	63.1666666667
9	15	1	1	1	1	0.3	77.3095238095
9	15	1	1	1	1	0.6	112.666666667
9	15	1	1	1	1	0.9	195.083333333
9	20	0	0	0	0	0	63.1666666667
9	20	0	0	0	0	0.3	77.3095238095
9	20	0	0	0	0	0.6	112.666666667
9	20	0	0	0	0	0.9	195.083333333
9	20	0	0	0	0.5	0	63.1666666667
9	20	0	0	0	0.5	0.3	77.3095238095
9	20	0	0	0	0.5	0.6	112.666666667
9	20	0	0	0	0.5	0.9	195.083333333
9	20	0	0	0	1	0	63.1666666667
9	20	0	0	0	1	0.3	77.3095238095
9	20	0	0	0	1	0.6	112.666666667
9	20	0	0	0	1	0.9	195.083333333
9	20	0	0	0.5	0	0	63.1666666667
9	20	0	0	0.5	0	0.3	77.3095238095
9	20	0	0	0.5	0	0.6	112.666666667
9	20	0	0	0.5	0	0.9	195.083333333
9	20	0	0	0.5	0.5	0	63.1666666667
9	20	0	0	0.5	0.5	0.3	77.3095238095
9	20	0	0	0.5	0.5	0.6	112.666666667
9	20	0	0	0.5	0.5	0.9	195.083333333
9	20	0	0	0.5	1	0	63.1666666667
9	20	0	0	0.5	1	0.3	77.3095238095
9	20	0	0	0.5	1	0.6	112.666666667
9	20	0	0	0.5	1	0.9	195.083333333
9	20	0	0	1	0	0	63.1666666667
9	20	0	0	1	0	0.3	77.3095238095
9	20	0	0	1	0	0.6	112.666666667
9	20	0	0	1	0	0.9	195.083333333
9	20	0	0	1	0.5	0	63.1666666667
9	20	0	0	1	0.5	0.3	77.3095238095
9	20	0	0	1	0.5	0.6	112.666666667
9	20	0	0	1	0.5	0.9	195.083333333
9	20	0	0	1	1	0	63.1666666667
9	20	0	0	1	1	0.3	77.3095238095
9	20	0	0	1	1	0.6	112.666666667
9	20	0	0	1	1	0.9	195.083333333
9	20	0	0.5	0	0	0	63.1666666667
9	20	0	0.5	0	0	0.3	77.3095238095
9	20	0	0.5	0	0	0.6	112.666666667
9	20	0	0.5	0	0	0.9	195.083333333
9	20	0	0.5	0	0.5	0	63.1666666667
9	20	0	0.5	0	0.5	0.3	77.3095238095
9	20	0	0.5	0	0.5	0.6	112.666666667
9	20	0	0.5	0	0.5	0.9	195.083333333
9	20	0	0.5	0	1	0	63.1666666667
9	20	0	0.5	0	1	0.3	77.3095238095
9	20	0	0.5	0	1	0.6	112.666666667
9	20	0	0.5	0	1	0.9	195.083333333
9	20	0	0.5	0.5	0	0	63.1666666667
9	20	0	0.5	0.5	0	0.3	77.3095238095
9	20	0	0.5	0.5	0	0.6	112.666666667
9	20	0	0.5	0.5	0	0.9	195.083333333
9	20	0	0.5	0.5	0.5	0	63.1666666667
9	20	0	0.5	0.5	0.5	0.3	77.3095238095
9	20	0	0.5	0.5	0.5	0.6	112.666666667
9	20	0	0.5	0.5	0.5	0.9	195.083333333
9	20	0	0.5	0.5	1	0	63.1666666667
9	20	0	0.5	0.5	1	0.3	77.3095238095
9	20	0	0.5	0.5	1	0.6	112.666666667
9	20	0	0.5	0.5	1	0.9	195.083333333
9	20	0	0.5	1	0	0	63.1666666667
9	20	0	0.5	1	0	0.3	77.3095238095
9	20	0	0.5	1	0	0.6	112.666666667
9	20	0	0.5	1	0	0.9	195.083333333
9	20	0	0.5	1	0.5	0	63.1666666667
9	20	0	0.5	1	0.5	0.3	77.3095238095
9	20	0	0.5	1	0.5	0.6	112.666666667
9	20	0	0.5	1	0.5	0.9	195.083333333
9	20	0	0.5	1	1	0	63.1666666667
9	20	0	0.5	1	1	0.3	77.3095238095
9	20	0	0.5	1	1	0.6	112.666666667
9	20	0	0.5	1	1	0.9	195.083333333
9	20	0	1	0	0	0	63.1666666667
9	20	0	1	0	0	0.3	77.3095238095
9	20	0	1	0	0	0.6	112.666666667
9	20	0	1	0	0	0.9	195.083333333
9	20	0	1	0	0.5	0	63.1666666667
9	20	0	1	0	0.5	0.3	77.3095238095
9	20	0	1	0	0.5	0.6	112.666666667
9	20	0	1	0	0.5	0.9	195.083333333
9	20	0	1	0	1	0	63.1666666667
9	20	0	1	0	1	0.3	77.3095238095
9	20	0	1	0	1	0.6	112.666666667
9	20	0	1	0	1	0.9	195.083333333
9	20	0	1	0.5	0	0	63.1666666667
9	20	0	1	0.5	0	0.3	77.3095238095
9	20	0	1	0.5	0	0.6	112.666666667
9	20	0	1	0.5	0	0.9	195.083333333
9	20	0	1	0.5	0.5	0	63.1666666667
9	20	0	1	0.5	0.5	0.3	77.3095238095
9	20	0	1	0.5	0.5	0.6	112.666666667
9	20	0	1	0.5	0.5	0.9	195.083333333
9	20	0	1	0.5	1	0	63.1666666667
9	20	0	1	0.5	1	0.3	77.3095238095
9	20	0	1	0.5	1	0.6	112.666666667
9	20	0	1	0.5	1	0.9	195.083333333
9	20	0	1	1	0	0	63.1666666667
9	20	0	1	1	0	0.3	77.3095238095
9	20	0	1	1	0	0.6	112.666666667
9	20	0	1	1	0	0.9	195.083333333
9	20	0	1	1	0.5	0	63.1666666667
9	20	0	1	1	0.5	0.3	77.3095238095
9	20	0	1	1	0.5	0.6	112.666666667
9	20	0	1	1	0.5	0.9	195.083333333
9	20	0	1	1	1	0	63.1666666667
9	20	0	1	1	1	0.3	77.3095238095
9	20	0	1	1	1	0.6	112.666666667
9	20	0	1	1	1	0.9	195.083333333
9	20	0.5	0	0	0	0	63.1666666667
9	20	0.5	0	0	0	0.3	77.3095238095
9	20	0.5	0	0	0	0.6	112.666666667
9	20	0.5	0	0	0	0.9	195.083333333
9	20	0.5	0	0	0.5	0	63.1666666667
9	20	0.5	0	0	0.5	0.3	77.3095238095
9	20	0.5	0	0	0.5	0.6	112.666666667
9	20	0.5	0	0	0.5	0.9	195.083333333
9	20	0.5	0	0	1	0	63.1666666667
9	20	0.5	0	0	1	0.3	77.3095238095
9	20	0.5	0	0	1	0.6	112.666666667
9	20	0.5	0	0	1	0.9	195.083333333
9	20	0.5	0	0.5	0	0	63.1666666667
9	20	0.5	0	0.5	0	0.3	77.3095238095
9	20	0.5	0	0.5	0	0.6	112.666666667
9	20	0.5	0	0.5	0	0.9	195.083333333
9	20	0.5	0	0.5	0.5	0	63.1666666667
9	20	0.5	0	0.5	0.5	0.3	77.3095238095
9	20	0.5	0	0.5	0.5	0.6	112.666666667
9	20	0.5	0	0.5	0.5	0.9	195.083333333
9	20	0.5	0	0.5	1	0	63.1666666667
9	20	0.5	0	0.5	1	0.3	77.3095238095
9	20	0.5	0	0.5	1	0.6	112.666666667
9	20	0.5	0	0.5	1	0.9	195.083333333
9	20	0.5	0	1	0	0	63.1666666667
9	20	0.5	0	1	0	0.3	77.3095238095
9	20	0.5	0	1	0	0.6	112.666666667
9	20	0.5	0	1	0	0.9	195.083333333
9	20	0.5	0	1	0.5	0	63.1666666667
9	20	0.5	0	1	0.5	0.3	77.3095238095
9	20	0.5	0	1	0.5	0.6	112.666666667
9	20	0.5	0	1	0.5	0.9	195.083333333
9	20	0.5	0	1	1	0	63.1666666667
9	20	0.5	0	1	1	0.3	77.3095238095
9	20	0.5	0	1	1	0.6	112.666666667
9	20	0.5	0	1	1	0.9	195.083333333
9	20	0.5	0.5	0	0	0	63.1666666667
9	20	0.5	0.5	0	0	0.3	77.3095238095
9	20	0.5	0.5	0	0	0.6	112.666666667
9	20	0.5	0.5	0	0	0.9	195.083333333
9	20	0.5	0.5	0	0.5	0	63.1666666667
9	20	0.5	0.5	0	0.5	0.3	77.3095238095
9	20	0.5	0.5	0	0.5	0.6	112.666666667
9	20	0.5	0.5	0	0.5	0.9	195.083333333
9	20	0.5	0.5	0	1	0	63.1666666667
9	20	0.5	0.5	0	1	0.3	77.3095238095
9	20	0.5	0.5	0	1	0.6	112.666666667
9	20	0.5	0.5	0	1	0.9	195.083333333
9	20	0.5	0.5	0.5	0	0	63.1666666667
9	20	0.5	0.5	0.5	0	0.3	77.3095238095
9	20	0.5	0.5	0.5	0	0.6	112.666666667
9	20	0.5	0.5	0.5	0	0.9	195.083333333
9	20	0.5	0.5	0.5	0.5	0	63.1666666667
9	20	0.5	0.5	0.5	0.5	0.3	77.3095238095
9	20	0.5	0.5	0.5	0.5	0.6	112.666666667
9	20	0.5	0.5	0.5	0.5	0.9	195.083333333
9	20	0.5	0.5	0.5	1	0	63.1666666667
9	20	0.5	0.5	0.5	1	0.3	77.3095238095
9	20	0.5	0.5	0.5	1	0.6	112.666666667
9	20	0.5	0.5	0.5	1	0.9	195.083333333
9	20	0.5	0.5	1	0	0	63.1666666667
9	20	0.5	0.5	1	0	0.3	77.3095238095
9	20	0.5	0.5	1	0	0.6	112.666666667
9	20	0.5	0.5	1	0	0.9	195.083333333
9	20	0.5	0.5	1	0.5	0	63.1666666667
9	20	0.5	0.5	1	0.5	0.3	77.3095238095
9	20	0.5	0.5	1	0.5	0.6	112.666666667
9	20	0.5	0.5	1	0.5	0.9	195.083333333
9	20	0.5	0.5	1	1	0	63.1666666667
9	20	0.5	0.5	1	1	0.3	77.3095238095
9	20	0.5	0.5	1	1	0.6	112.666666667
9	20	0.5	0.5	1	1	0.9	195.083333333
9	20	0.5	1	0	0	0	63.1666666667
9	20	0.5	1	0	0	0.3	77.3095238095
9	20	0.5	1	0	0	0.6	112.666666667
9	20	0.5	1	0	0	0.9	195.083333333
9	20	0.5	1	0	0.5	0	63.1666666667
9	20	0.5	1	0	0.5	0.3	77.3095238095
9	20	0.5	1	0	0.5	0.6	112.666666667
9	20	0.5	1	0	0.5	0.9	195.083333333
9	20	0.5	1	0	1	0	63.1666666667
9	20	0.5	1	0	1	0.3	77.3095238095
9	20	0.5	1	0	1	0.6	112.666666667
9	20	0.5	1	0	1	0.9	195.083333333
9	20	0.5	1	0.5	0	0	63.1666666667
9	20	0.5	1	0.5	0	0.3	77.3095238095
9	20	0.5	1	0.5	0	0.6	112.666666667
9	20	0.5	1	0.5	0	0.9	195.083333333
9	20	0.5	1	0.5	0.5	0	63.1666666667
9	20	0.5	1	0.5	0.5	0.3	77.3095238095
9	20	0.5	1	0.5	0.5	0.6	112.666666667
9	20	0.5	1	0.5	0.5	0.9	195.083333333
9	20	0.5	1	0.5	1	0	63.1666666667
9	20	0.5	1	0.5	1	0.3	77.3095238095
9	20	0.5	1	0.5	1	0.6	112.666666667
9	20	0.5	1	0.5	1	0.9	195.083333333
9	20	0.5	1	1	0	0	63.1666666667
9	20	0.5	1	1	0	0.3	77.3095238095
9	20	0.5	1	1	0	0.6	112.666666667
9	20	0.5	1	1	0	0.9	195.083333333
9	20	0.5	1	1	0.5	0	63.1666666667
9	20	0.5	1	1	0.5	0.3	77.3095238095
9	20	0.5	1	1	0.5	0.6	112.666666667
9	20	0.5	1	1	0.5	0.9	195.083333333
9	20	0.5	1	1	1	0	63.1666666667
9	20	0.5	1	1	1	0.3	77.3095238095
9	20	0.5	1	1	1	0.6	112.666666667
9	20	0.5	1	1	1	0.9	195.083333333
9	20	1	0	0	0	0	63.1666666667
9	20	1	0	0	0	0.3	77.3095238095
9	20	1	0	0	0	0.6	112.666666667
9	20	1	0	0	0	0.9	195.083333333
9	20	1	0	0	0.5	0	63.1666666667
9	20	1	0	0	0.5	0.3	77.3095238095
9	20	1	0	0	0.5	0.6	112.666666667
9	20	1	0	0	0.5	0.9	195.083333333
9	20	1	0	0	1	0	63.1666666667
9	20	1	0	0	1	0.3	77.3095238095
9	20	1	0	0	1	0.6	112.666666667
9	20	1	0	0	1	0.9	195.083333333
9	20	1	0	0.5	0	0	63.1666666667
9	20	1	0	0.5	0	0.3	77.3095238095
9	20	1	0	0.5	0	0.6	112.666666667
9	20	1	0	0.5	0	0.9	195.083333333
9	20	1	0	0.5	0.5	0	63.1666666667
9	20	1	0	0.5	0.5	0.3	77.3095238095
9	20	1	0	0.5	0.5	0.6	112.666666667
9	20	1	0	0.5	0.5	0.9	195.083333333
9	20	1	0	0.5	1	0	63.1666666667
9	20	1	0	0.5	1	0.3	77.3095238095
9	20	1	0	0.5	1	0.6	112.666666667
9	20	1	0	0.5	1	0.9	195.083333333
9	20	1	0	1	0	0	63.1666666667
9	20	1	0	1	0	0.3	77.3095238095
9	20	1	0	1	0	0.6	112.666666667
9	20	1	0	1	0	0.9	195.083333333
9	20	1	0	1	0.5	0	63.1666666667
9	20	1	0	1	0.5	0.3	77.3095238095
9	20	1	0	1	0.5	0.6	112.666666667
9	20	1	0	1	0.5	0.9	195.083333333
9	20	1	0	1	1	0	63.1666666667
9	20	1	0	1	1	0.3	77.3095238095
9	20	1	0	1	1	0.6	112.666666667
9	20	1	0	1	1	0.9	195.083333333
9	20	1	0.5	0	0	0	63.1666666667
9	20	1	0.5	0	0	0.3	77.3095238095
9	20	1	0.5	0	0	0.6	112.666666667
9	20	1	0.5	0	0	0.9	195.083333333
9	20	1	0.5	0	0.5	0	63.1666666667
9	20	1	0.5	0	0.5	0.3	77.3095238095
9	20	1	0.5	0	0.5	0.6	112.666666667
9	20	1	0.5	0	0.5	0.9	195.083333333
9	20	1	0.5	0	1	0	63.1666666667
9	20	1	0.5	0	1	0.3	77.3095238095
9	20	1	0.5	0	1	0.6	112.666666667
9	20	1	0.5	0	1	0.9	195.083333333
9	20	1	0.5	0.5	0	0	63.1666666667
9	20	1	0.5	0.5	0	0.3	77.3095238095
9	20	1	0.5	0.5	0	0.6	112.666666667
9	20	1	0.5	0.5	0	0.9	195.083333333
9	20	1	0.5	0.5	0.5	0	63.1666666667
9	20	1	0.5	0.5	0.5	0.3	77.3095238095
9	20	1	0.5	0.5	0.5	0.6	112.666666667
9	20	1	0.5	0.5	0.5	0.9	195.083333333
9	20	1	0.5	0.5	1	0	63.1666666667
9	20	1	0.5	0.5	1	0.3	77.3095238095
9	20	1	0.5	0.5	1	0.6	112.666666667
9	20	1	0.5	0.5	1	0.9	195.083333333
9	20	1	0.5	1	0	0	63.1666666667
9	20	1	0.5	1	0	0.3	77.3095238095
9	20	1	0.5	1	0	0.6	112.666666667
9	20	1	0.5	1	0	0.9	195.083333333
9	20	1	0.5	1	0.5	0	63.1666666667
9	20	1	0.5	1	0.5	0.3	77.3095238095
9	20	1	0.5	1	0.5	0.6	112.666666667
9	20	1	0.5	1	0.5	0.9	195.083333333
9	20	1	0.5	1	1	0	63.1666666667
9	20	1	0.5	1	1	0.3	77.3095238095
9	20	1	0.5	1	1	0.6	112.666666667
9	20	1	0.5	1	1	0.9	195.083333333
9	20	1	1	0	0	0	63.1666666667
9	20	1	1	0	0	0.3	77.3095238095
9	20	1	1	0	0	0.6	112.666666667
9	20	1	1	0	0	0.9	195.083333333
9	20	1	1	0	0.5	0	63.1666666667
9	20	1	1	0	0.5	0.3	77.3095238095
9	20	1	1	0	0.5	0.6	112.666666667
9	20	1	1	0	0.5	0.9	195.083333333
9	20	1	1	0	1	0	63.1666666667
9	20	1	1	0	1	0.3	77.3095238095
9	20	1	1	0	1	0.6	112.666666667
9	20	1	1	0	1	0.9	195.083333333
9	20	1	1	0.5	0	0	63.1666666667
9	20	1	1	0.5	0	0.3	77.3095238095
9	20	1	1	0.5	0	0.6	112.666666667
9	20	1	1	0.5	0	0.9	195.083333333
9	20	1	1	0.5	0.5	0	63.1666666667
9	20	1	1	0.5	0.5	0.3	77.3095238095
9	20	1	1	0.5	0.5	0.6	112.666666667
9	20	1	1	0.5	0.5	0.9	195.083333333
9	20	1	1	0.5	1	0	63.1666666667
9	20	1	1	0.5	1	0.3	77.3095238095
9	20	1	1	0.5	1	0.6	112.666666667
9	20	1	1	0.5	1	0.9	195.083333333
9	20	1	1	1	0	0	63.1666666667
9	20	1	1	1	0	0.3	77.3095238095
9	20	1	1	1	0	0.6	112.666666667
9	20	1	1	1	0	0.9	195.083333333
9	20	1	1	1	0.5	0	63.1666666667
9	20	1	1	1	0.5	0.3	77.3095238095
9	20	1	1	1	0.5	0.6	112.666666667
9	20	1	1	1	0.5	0.9	195.083333333
9	20	1	1	1	1	0	63.1666666667
9	20	1	1	1	1	0.3	77.3095238095
9	20	1	1	1	1	0.6	112.666666667
9	20	1	1	1	1	0.9	195.083333333
10	5	0	0	0	0	0	63.1666666667
10	5	0	0	0	0	0.3	77.3095238095
10	5	0	0	0	0	0.6	112.666666667
10	5	0	0	0	0	0.9	195.083333333
10	5	0	0	0	0.5	0	63.1666666667
10	5	0	0	0	0.5	0.3	77.3095238095
10	5	0	0	0	0.5	0.6	112.666666667
10	5	0	0	0	0.5	0.9	195.083333333
10	5	0	0	0	1	0	63.1666666667
10	5	0	0	0	1	0.3	77.3095238095
10	5	0	0	0	1	0.6	112.666666667
10	5	0	0	0	1	0.9	195.083333333
10	5	0	0	0.5	0	0	63.1666666667
10	5	0	0	0.5	0	0.3	77.3095238095
10	5	0	0	0.5	0	0.6	112.666666667
10	5	0	0	0.5	0	0.9	195.083333333
10	5	0	0	0.5	0.5	0	63.1666666667
10	5	0	0	0.5	0.5	0.3	77.3095238095
10	5	0	0	0.5	0.5	0.6	112.666666667
10	5	0	0	0.5	0.5	0.9	195.083333333
10	5	0	0	0.5	1	0	63.1666666667
10	5	0	0	0.5	1	0.3	77.3095238095
10	5	0	0	0.5	1	0.6	112.666666667
10	5	0	0	0.5	1	0.9	195.083333333
10	5	0	0	1	0	0	63.1666666667
10	5	0	0	1	0	0.3	77.3095238095
10	5	0	0	1	0	0.6	112.666666667
10	5	0	0	1	0	0.9	195.083333333
10	5	0	0	1	0.5	0	63.1666666667
10	5	0	0	1	0.5	0.3	77.3095238095
10	5	0	0	1	0.5	0.6	112.666666667
10	5	0	0	1	0.5	0.9	195.083333333
10	5	0	0	1	1	0	63.1666666667
10	5	0	0	1	1	0.3	77.3095238095
10	5	0	0	1	1	0.6	112.666666667
10	5	0	0	1	1	0.9	195.083333333
10	5	0	0.5	0	0	0	63.1666666667
10	5	0	0.5	0	0	0.3	77.3095238095
10	5	0	0.5	0	0	0.6	112.666666667
10	5	0	0.5	0	0	0.9	195.083333333
10	5	0	0.5	0	0.5	0	63.1666666667
10	5	0	0.5	0	0.5	0.3	77.3095238095
10	5	0	0.5	0	0.5	0.6	112.666666667
10	5	0	0.5	0	0.5	0.9	195.083333333
10	5	0	0.5	0	1	0	63.1666666667
10	5	0	0.5	0	1	0.3	77.3095238095
10	5	0	0.5	0	1	0.6	112.666666667
10	5	0	0.5	0	1	0.9	195.083333333
10	5	0	0.5	0.5	0	0	63.1666666667
10	5	0	0.5	0.5	0	0.3	77.3095238095
10	5	0	0.5	0.5	0	0.6	112.666666667
10	5	0	0.5	0.5	0	0.9	195.083333333
10	5	0	0.5	0.5	0.5	0	63.1666666667
10	5	0	0.5	0.5	0.5	0.3	77.3095238095
10	5	0	0.5	0.5	0.5	0.6	112.666666667
10	5	0	0.5	0.5	0.5	0.9	195.083333333
10	5	0	0.5	0.5	1	0	63.1666666667
10	5	0	0.5	0.5	1	0.3	77.3095238095
10	5	0	0.5	0.5	1	0.6	112.666666667
10	5	0	0.5	0.5	1	0.9	195.083333333
10	5	0	0.5	1	0	0	63.1666666667
10	5	0	0.5	1	0	0.3	77.3095238095
10	5	0	0.5	1	0	0.6	112.666666667
10	5	0	0.5	1	0	0.9	195.083333333
10	5	0	0.5	1	0.5	0	63.1666666667
10	5	0	0.5	1	0.5	0.3	77.3095238095
10	5	0	0.5	1	0.5	0.6	112.666666667
10	5	0	0.5	1	0.5	0.9	195.083333333
10	5	0	0.5	1	1	0	63.1666666667
10	5	0	0.5	1	1	0.3	77.3095238095
10	5	0	0.5	1	1	0.6	112.666666667
10	5	0	0.5	1	1	0.9	195.083333333
10	5	0	1	0	0	0	63.1666666667
10	5	0	1	0	0	0.3	77.3095238095
10	5	0	1	0	0	0.6	112.666666667
10	5	0	1	0	0	0.9	195.083333333
10	5	0	1	0	0.5	0	63.1666666667
10	5	0	1	0	0.5	0.3	77.3095238095
10	5	0	1	0	0.5	0.6	112.666666667
10	5	0	1	0	0.5	0.9	195.083333333
10	5	0	1	0	1	0	63.1666666667
10	5	0	1	0	1	0.3	77.3095238095
10	5	0	1	0	1	0.6	112.666666667
10	5	0	1	0	1	0.9	195.083333333
10	5	0	1	0.5	0	0	63.1666666667
10	5	0	1	0.5	0	0.3	77.3095238095
10	5	0	1	0.5	0	0.6	112.666666667
10	5	0	1	0.5	0	0.9	195.083333333
10	5	0	1	0.5	0.5	0	63.1666666667
10	5	0	1	0.5	0.5	0.3	77.3095238095
10	5	0	1	0.5	0.5	0.6	112.666666667
10	5	0	1	0.5	0.5	0.9	195.083333333
10	5	0	1	0.5	1	0	63.1666666667
10	5	0	1	0.5	1	0.3	77.3095238095
10	5	0	1	0.5	1	0.6	112.666666667
10	5	0	1	0.5	1	0.9	195.083333333
10	5	0	1	1	0	0	63.1666666667
10	5	0	1	1	0	0.3	77.3095238095
10	5	0	1	1	0	0.6	112.666666667
10	5	0	1	1	0	0.9	195.083333333
10	5	0	1	1	0.5	0	63.1666666667
10	5	0	1	1	0.5	0.3	77.3095238095
10	5	0	1	1	0.5	0.6	112.666666667
10	5	0	1	1	0.5	0.9	195.083333333
10	5	0	1	1	1	0	63.1666666667
10	5	0	1	1	1	0.3	77.3095238095
10	5	0	1	1	1	0.6	112.666666667
10	5	0	1	1	1	0.9	195.083333333
10	5	0.5	0	0	0	0	63.1666666667
10	5	0.5	0	0	0	0.3	77.3095238095
10	5	0.5	0	0	0	0.6	112.666666667
10	5	0.5	0	0	0	0.9	195.083333333
10	5	0.5	0	0	0.5	0	63.1666666667
10	5	0.5	0	0	0.5	0.3	77.3095238095
10	5	0.5	0	0	0.5	0.6	112.666666667
10	5	0.5	0	0	0.5	0.9	195.083333333
10	5	0.5	0	0	1	0	63.1666666667
10	5	0.5	0	0	1	0.3	77.3095238095
10	5	0.5	0	0	1	0.6	112.666666667
10	5	0.5	0	0	1	0.9	195.083333333
10	5	0.5	0	0.5	0	0	63.1666666667
10	5	0.5	0	0.5	0	0.3	77.3095238095
10	5	0.5	0	0.5	0	0.6	112.666666667
10	5	0.5	0	0.5	0	0.9	195.083333333
10	5	0.5	0	0.5	0.5	0	63.1666666667
10	5	0.5	0	0.5	0.5	0.3	77.3095238095
10	5	0.5	0	0.5	0.5	0.6	112.666666667
10	5	0.5	0	0.5	0.5	0.9	195.083333333
10	5	0.5	0	0.5	1	0	63.1666666667
10	5	0.5	0	0.5	1	0.3	77.3095238095
10	5	0.5	0	0.5	1	0.6	112.666666667
10	5	0.5	0	0.5	1	0.9	195.083333333
10	5	0.5	0	1	0	0	63.1666666667
10	5	0.5	0	1	0	0.3	77.3095238095
10	5	0.5	0	1	0	0.6	112.666666667
10	5	0.5	0	1	0	0.9	195.083333333
10	5	0.5	0	1	0.5	0	63.1666666667
10	5	0.5	0	1	0.5	0.3	77.3095238095
10	5	0.5	0	1	0.5	0.6	112.666666667
10	5	0.5	0	1	0.5	0.9	195.083333333
10	5	0.5	0	1	1	0	63.1666666667
10	5	0.5	0	1	1	0.3	77.3095238095
10	5	0.5	0	1	1	0.6	112.666666667
10	5	0.5	0	1	1	0.9	195.083333333
10	5	0.5	0.5	0	0	0	63.1666666667
10	5	0.5	0.5	0	0	0.3	77.3095238095
10	5	0.5	0.5	0	0	0.6	112.666666667
10	5	0.5	0.5	0	0	0.9	195.083333333
10	5	0.5	0.5	0	0.5	0	63.1666666667
10	5	0.5	0.5	0	0.5	0.3	77.3095238095
10	5	0.5	0.5	0	0.5	0.6	112.666666667
10	5	0.5	0.5	0	0.5	0.9	195.083333333
10	5	0.5	0.5	0	1	0	63.1666666667
10	5	0.5	0.5	0	1	0.3	77.3095238095
10	5	0.5	0.5	0	1	0.6	112.666666667
10	5	0.5	0.5	0	1	0.9	195.083333333
10	5	0.5	0.5	0.5	0	0	63.1666666667
10	5	0.5	0.5	0.5	0	0.3	77.3095238095
10	5	0.5	0.5	0.5	0	0.6	112.666666667
10	5	0.5	0.5	0.5	0	0.9	195.083333333
10	5	0.5	0.5	0.5	0.5	0	63.1666666667
10	5	0.5	0.5	0.5	0.5	0.3	77.3095238095
10	5	0.5	0.5	0.5	0.5	0.6	112.666666667
10	5	0.5	0.5	0.5	0.5	0.9	195.083333333
10	5	0.5	0.5	0.5	1	0	63.1666666667
10	5	0.5	0.5	0.5	1	0.3	77.3095238095
10	5	0.5	0.5	0.5	1	0.6	112.666666667
10	5	0.5	0.5	0.5	1	0.9	195.083333333
10	5	0.5	0.5	1	0	0	63.1666666667
10	5	0.5	0.5	1	0	0.3	77.3095238095
10	5	0.5	0.5	1	0	0.6	112.666666667
10	5	0.5	0.5	1	0	0.9	195.083333333
10	5	0.5	0.5	1	0.5	0	63.1666666667
10	5	0.5	0.5	1	0.5	0.3	77.3095238095
10	5	0.5	0.5	1	0.5	0.6	112.666666667
10	5	0.5	0.5	1	0.5	0.9	195.083333333
10	5	0.5	0.5	1	1	0	63.1666666667
10	5	0.5	0.5	1	1	0.3	77.3095238095
10	5	0.5	0.5	1	1	0.6	112.666666667
10	5	0.5	0.5	1	1	0.9	195.083333333
10	5	0.5	1	0	0	0	63.1666666667
10	5	0.5	1	0	0	0.3	77.3095238095
10	5	0.5	1	0	0	0.6	112.666666667
10	5	0.5	1	0	0	0.9	195.083333333
10	5	0.5	1	0	0.5	0	63.1666666667
10	5	0.5	1	0	0.5	0.3	77.3095238095
10	5	0.5	1	0	0.5	0.6	112.666666667
10	5	0.5	1	0	0.5	0.9	195.083333333
10	5	0.5	1	0	1	0	63.1666666667
10	5	0.5	1	0	1	0.3	77.3095238095
10	5	0.5	1	0	1	0.6	112.666666667
10	5	0.5	1	0	1	0.9	195.083333333
10	5	0.5	1	0.5	0	0	63.1666666667
10	5	0.5	1	0.5	0	0.3	77.3095238095
10	5	0.5	1	0.5	0	0.6	112.666666667
10	5	0.5	1	0.5	0	0.9	195.083333333
10	5	0.5	1	0.5	0.5	0	63.1666666667
10	5	0.5	1	0.5	0.5	0.3	77.3095238095
10	5	0.5	1	0.5	0.5	0.6	112.666666667
10	5	0.5	1	0.5	0.5	0.9	195.083333333
10	5	0.5	1	0.5	1	0	63.1666666667
10	5	0.5	1	0.5	1	0.3	77.3095238095
10	5	0.5	1	0.5	1	0.6	112.666666667
10	5	0.5	1	0.5	1	0.9	195.083333333
10	5	0.5	1	1	0	0	63.1666666667
10	5	0.5	1	1	0	0.3	77.3095238095
10	5	0.5	1	1	0	0.6	112.666666667
10	5	0.5	1	1	0	0.9	195.083333333
10	5	0.5	1	1	0.5	0	63.1666666667
10	5	0.5	1	1	0.5	0.3	77.3095238095
10	5	0.5	1	1	0.5	0.6	112.666666667
10	5	0.5	1	1	0.5	0.9	195.083333333
10	5	0.5	1	1	1	0	63.1666666667
10	5	0.5	1	1	1	0.3	77.3095238095
10	5	0.5	1	1	1	0.6	112.666666667
10	5	0.5	1	1	1	0.9	195.083333333
10	5	1	0	0	0	0	63.1666666667
10	5	1	0	0	0	0.3	77.3095238095
10	5	1	0	0	0	0.6	112.666666667
10	5	1	0	0	0	0.9	195.083333333
10	5	1	0	0	0.5	0	63.1666666667
10	5	1	0	0	0.5	0.3	77.3095238095
10	5	1	0	0	0.5	0.6	112.666666667
10	5	1	0	0	0.5	0.9	195.083333333
10	5	1	0	0	1	0	63.1666666667
10	5	1	0	0	1	0.3	77.3095238095
10	5	1	0	0	1	0.6	112.666666667
10	5	1	0	0	1	0.9	195.083333333
10	5	1	0	0.5	0	0	63.1666666667
10	5	1	0	0.5	0	0.3	77.3095238095
10	5	1	0	0.5	0	0.6	112.666666667
10	5	1	0	0.5	0	0.9	195.083333333
10	5	1	0	0.5	0.5	0	63.1666666667
10	5	1	0	0.5	0.5	0.3	77.3095238095
10	5	1	0	0.5	0.5	0.6	112.666666667
10	5	1	0	0.5	0.5	0.9	195.083333333
10	5	1	0	0.5	1	0	63.1666666667
10	5	1	0	0.5	1	0.3	77.3095238095
10	5	1	0	0.5	1	0.6	112.666666667
10	5	1	0	0.5	1	0.9	195.083333333
10	5	1	0	1	0	0	63.1666666667
10	5	1	0	1	0	0.3	77.3095238095
10	5	1	0	1	0	0.6	112.666666667
10	5	1	0	1	0	0.9	195.083333333
10	5	1	0	1	0.5	0	63.1666666667
10	5	1	0	1	0.5	0.3	77.3095238095
10	5	1	0	1	0.5	0.6	112.666666667
10	5	1	0	1	0.5	0.9	195.083333333
10	5	1	0	1	1	0	63.1666666667
10	5	1	0	1	1	0.3	77.3095238095
10	5	1	0	1	1	0.6	112.666666667
10	5	1	0	1	1	0.9	195.083333333
10	5	1	0.5	0	0	0	63.1666666667
10	5	1	0.5	0	0	0.3	77.3095238095
10	5	1	0.5	0	0	0.6	112.666666667
10	5	1	0.5	0	0	0.9	195.083333333
10	5	1	0.5	0	0.5	0	63.1666666667
10	5	1	0.5	0	0.5	0.3	77.3095238095
10	5	1	0.5	0	0.5	0.6	112.666666667
10	5	1	0.5	0	0.5	0.9	195.083333333
10	5	1	0.5	0	1	0	63.1666666667
10	5	1	0.5	0	1	0.3	77.3095238095
10	5	1	0.5	0	1	0.6	112.666666667
10	5	1	0.5	0	1	0.9	195.083333333
10	5	1	0.5	0.5	0	0	63.1666666667
10	5	1	0.5	0.5	0	0.3	77.3095238095
10	5	1	0.5	0.5	0	0.6	112.666666667
10	5	1	0.5	0.5	0	0.9	195.083333333
10	5	1	0.5	0.5	0.5	0	63.1666666667
10	5	1	0.5	0.5	0.5	0.3	77.3095238095
10	5	1	0.5	0.5	0.5	0.6	112.666666667
10	5	1	0.5	0.5	0.5	0.9	195.083333333
10	5	1	0.5	0.5	1	0	63.1666666667
10	5	1	0.5	0.5	1	0.3	77.3095238095
10	5	1	0.5	0.5	1	0.6	112.666666667
10	5	1	0.5	0.5	1	0.9	195.083333333
10	5	1	0.5	1	0	0	63.1666666667
10	5	1	0.5	1	0	0.3	77.3095238095
10	5	1	0.5	1	0	0.6	112.666666667
10	5	1	0.5	1	0	0.9	195.083333333
10	5	1	0.5	1	0.5	0	63.1666666667
10	5	1	0.5	1	0.5	0.3	77.3095238095
10	5	1	0.5	1	0.5	0.6	112.666666667
10	5	1	0.5	1	0.5	0.9	195.083333333
10	5	1	0.5	1	1	0	63.1666666667
10	5	1	0.5	1	1	0.3	77.3095238095
10	5	1	0.5	1	1	0.6	112.666666667
10	5	1	0.5	1	1	0.9	195.083333333
10	5	1	1	0	0	0	63.1666666667
10	5	1	1	0	0	0.3	77.3095238095
10	5	1	1	0	0	0.6	112.666666667
10	5	1	1	0	0	0.9	195.083333333
10	5	1	1	0	0.5	0	63.1666666667
10	5	1	1	0	0.5	0.3	77.3095238095
10	5	1	1	0	0.5	0.6	112.666666667
10	5	1	1	0	0.5	0.9	195.083333333
10	5	1	1	0	1	0	63.1666666667
10	5	1	1	0	1	0.3	77.3095238095
10	5	1	1	0	1	0.6	112.666666667
10	5	1	1	0	1	0.9	195.083333333
10	5	1	1	0.5	0	0	63.1666666667
10	5	1	1	0.5	0	0.3	77.3095238095
10	5	1	1	0.5	0	0.6	112.666666667
10	5	1	1	0.5	0	0.9	195.083333333
10	5	1	1	0.5	0.5	0	63.1666666667
10	5	1	1	0.5	0.5	0.3	77.3095238095
10	5	1	1	0.5	0.5	0.6	112.666666667
10	5	1	1	0.5	0.5	0.9	195.083333333
10	5	1	1	0.5	1	0	63.1666666667
10	5	1	1	0.5	1	0.3	77.3095238095
10	5	1	1	0.5	1	0.6	112.666666667
10	5	1	1	0.5	1	0.9	195.083333333
10	5	1	1	1	0	0	63.1666666667
10	5	1	1	1	0	0.3	77.3095238095
10	5	1	1	1	0	0.6	112.666666667
10	5	1	1	1	0	0.9	195.083333333
10	5	1	1	1	0.5	0	63.1666666667
10	5	1	1	1	0.5	0.3	77.3095238095
10	5	1	1	1	0.5	0.6	112.666666667
10	5	1	1	1	0.5	0.9	195.083333333
10	5	1	1	1	1	0	63.1666666667
10	5	1	1	1	1	0.3	77.3095238095
10	5	1	1	1	1	0.6	112.666666667
10	5	1	1	1	1	0.9	195.083333333
10	10	0	0	0	0	0	63.1666666667
10	10	0	0	0	0	0.3	77.3095238095
10	10	0	0	0	0	0.6	112.666666667
10	10	0	0	0	0	0.9	195.083333333
10	10	0	0	0	0.5	0	63.1666666667
10	10	0	0	0	0.5	0.3	77.3095238095
10	10	0	0	0	0.5	0.6	112.666666667
10	10	0	0	0	0.5	0.9	195.083333333
10	10	0	0	0	1	0	63.1666666667
10	10	0	0	0	1	0.3	77.3095238095
10	10	0	0	0	1	0.6	112.666666667
10	10	0	0	0	1	0.9	195.083333333
10	10	0	0	0.5	0	0	63.1666666667
10	10	0	0	0.5	0	0.3	77.3095238095
10	10	0	0	0.5	0	0.6	112.666666667
10	10	0	0	0.5	0	0.9	195.083333333
10	10	0	0	0.5	0.5	0	63.1666666667
10	10	0	0	0.5	0.5	0.3	77.3095238095
10	10	0	0	0.5	0.5	0.6	112.666666667
10	10	0	0	0.5	0.5	0.9	195.083333333
10	10	0	0	0.5	1	0	63.1666666667
10	10	0	0	0.5	1	0.3	77.3095238095
10	10	0	0	0.5	1	0.6	112.666666667
10	10	0	0	0.5	1	0.9	195.083333333
10	10	0	0	1	0	0	63.1666666667
10	10	0	0	1	0	0.3	77.3095238095
10	10	0	0	1	0	0.6	112.666666667
10	10	0	0	1	0	0.9	195.083333333
10	10	0	0	1	0.5	0	63.1666666667
10	10	0	0	1	0.5	0.3	77.3095238095
10	10	0	0	1	0.5	0.6	112.666666667
10	10	0	0	1	0.5	0.9	195.083333333
10	10	0	0	1	1	0	63.1666666667
10	10	0	0	1	1	0.3	77.3095238095
10	10	0	0	1	1	0.6	112.666666667
10	10	0	0	1	1	0.9	195.083333333
10	10	0	0.5	0	0	0	63.1666666667
10	10	0	0.5	0	0	0.3	77.3095238095
10	10	0	0.5	0	0	0.6	112.666666667
10	10	0	0.5	0	0	0.9	195.083333333
10	10	0	0.5	0	0.5	0	63.1666666667
10	10	0	0.5	0	0.5	0.3	77.3095238095
10	10	0	0.5	0	0.5	0.6	112.666666667
10	10	0	0.5	0	0.5	0.9	195.083333333
10	10	0	0.5	0	1	0	63.1666666667
10	10	0	0.5	0	1	0.3	77.3095238095
10	10	0	0.5	0	1	0.6	112.666666667
10	10	0	0.5	0	1	0.9	195.083333333
10	10	0	0.5	0.5	0	0	63.1666666667
10	10	0	0.5	0.5	0	0.3	77.3095238095
10	10	0	0.5	0.5	0	0.6	112.666666667
10	10	0	0.5	0.5	0	0.9	195.083333333
10	10	0	0.5	0.5	0.5	0	63.1666666667
10	10	0	0.5	0.5	0.5	0.3	77.3095238095
10	10	0	0.5	0.5	0.5	0.6	112.666666667
10	10	0	0.5	0.5	0.5	0.9	195.083333333
10	10	0	0.5	0.5	1	0	63.1666666667
10	10	0	0.5	0.5	1	0.3	77.3095238095
10	10	0	0.5	0.5	1	0.6	112.666666667
10	10	0	0.5	0.5	1	0.9	195.083333333
10	10	0	0.5	1	0	0	63.1666666667
10	10	0	0.5	1	0	0.3	77.3095238095
10	10	0	0.5	1	0	0.6	112.666666667
10	10	0	0.5	1	0	0.9	195.083333333
10	10	0	0.5	1	0.5	0	63.1666666667
10	10	0	0.5	1	0.5	0.3	77.3095238095
10	10	0	0.5	1	0.5	0.6	112.666666667
10	10	0	0.5	1	0.5	0.9	195.083333333
10	10	0	0.5	1	1	0	63.1666666667
10	10	0	0.5	1	1	0.3	77.3095238095
10	10	0	0.5	1	1	0.6	112.666666667
10	10	0	0.5	1	1	0.9	195.083333333
10	10	0	1	0	0	0	63.1666666667
10	10	0	1	0	0	0.3	77.3095238095
10	10	0	1	0	0	0.6	112.666666667
10	10	0	1	0	0	0.9	195.083333333
10	10	0	1	0	0.5	0	63.1666666667
10	10	0	1	0	0.5	0.3	77.3095238095
10	10	0	1	0	0.5	0.6	112.666666667
10	10	0	1	0	0.5	0.9	195.083333333
10	10	0	1	0	1	0	63.1666666667
10	10	0	1	0	1	0.3	77.3095238095
10	10	0	1	0	1	0.6	112.666666667
10	10	0	1	0	1	0.9	195.083333333
10	10	0	1	0.5	0	0	63.1666666667
10	10	0	1	0.5	0	0.3	77.3095238095
10	10	0	1	0.5	0	0.6	112.666666667
10	10	0	1	0.5	0	0.9	195.083333333
10	10	0	1	0.5	0.5	0	63.1666666667
10	10	0	1	0.5	0.5	0.3	77.3095238095
10	10	0	1	0.5	0.5	0.6	112.666666667
10	10	0	1	0.5	0.5	0.9	195.083333333
10	10	0	1	0.5	1	0	63.1666666667
10	10	0	1	0.5	1	0.3	77.3095238095
10	10	0	1	0.5	1	0.6	112.666666667
10	10	0	1	0.5	1	0.9	195.083333333
10	10	0	1	1	0	0	63.1666666667
10	10	0	1	1	0	0.3	77.3095238095
10	10	0	1	1	0	0.6	112.666666667
10	10	0	1	1	0	0.9	195.083333333
10	10	0	1	1	0.5	0	63.1666666667
10	10	0	1	1	0.5	0.3	77.3095238095
10	10	0	1	1	0.5	0.6	112.666666667
10	10	0	1	1	0.5	0.9	195.083333333
10	10	0	1	1	1	0	63.1666666667
10	10	0	1	1	1	0.3	77.3095238095
10	10	0	1	1	1	0.6	112.666666667
10	10	0	1	1	1	0.9	195.083333333
10	10	0.5	0	0	0	0	63.1666666667
10	10	0.5	0	0	0	0.3	77.3095238095
10	10	0.5	0	0	0	0.6	112.666666667
10	10	0.5	0	0	0	0.9	195.083333333
10	10	0.5	0	0	0.5	0	63.1666666667
10	10	0.5	0	0	0.5	0.3	77.3095238095
10	10	0.5	0	0	0.5	0.6	112.666666667
10	10	0.5	0	0	0.5	0.9	195.083333333
10	10	0.5	0	0	1	0	63.1666666667
10	10	0.5	0	0	1	0.3	77.3095238095
10	10	0.5	0	0	1	0.6	112.666666667
10	10	0.5	0	0	1	0.9	195.083333333
10	10	0.5	0	0.5	0	0	63.1666666667
10	10	0.5	0	0.5	0	0.3	77.3095238095
10	10	0.5	0	0.5	0	0.6	112.666666667
10	10	0.5	0	0.5	0	0.9	195.083333333
10	10	0.5	0	0.5	0.5	0	63.1666666667
10	10	0.5	0	0.5	0.5	0.3	77.3095238095
10	10	0.5	0	0.5	0.5	0.6	112.666666667
10	10	0.5	0	0.5	0.5	0.9	195.083333333
10	10	0.5	0	0.5	1	0	63.1666666667
10	10	0.5	0	0.5	1	0.3	77.3095238095
10	10	0.5	0	0.5	1	0.6	112.666666667
10	10	0.5	0	0.5	1	0.9	195.083333333
10	10	0.5	0	1	0	0	63.1666666667
10	10	0.5	0	1	0	0.3	77.3095238095
10	10	0.5	0	1	0	0.6	112.666666667
10	10	0.5	0	1	0	0.9	195.083333333
10	10	0.5	0	1	0.5	0	63.1666666667
10	10	0.5	0	1	0.5	0.3	77.3095238095
10	10	0.5	0	1	0.5	0.6	112.666666667
10	10	0.5	0	1	0.5	0.9	195.083333333
10	10	0.5	0	1	1	0	63.1666666667
10	10	0.5	0	1	1	0.3	77.3095238095
10	10	0.5	0	1	1	0.6	112.666666667
10	10	0.5	0	1	1	0.9	195.083333333
10	10	0.5	0.5	0	0	0	63.1666666667
10	10	0.5	0.5	0	0	0.3	77.3095238095
10	10	0.5	0.5	0	0	0.6	112.666666667
10	10	0.5	0.5	0	0	0.9	195.083333333
10	10	0.5	0.5	0	0.5	0	63.1666666667
10	10	0.5	0.5	0	0.5	0.3	77.3095238095
10	10	0.5	0.5	0	0.5	0.6	112.666666667
10	10	0.5	0.5	0	0.5	0.9	195.083333333
10	10	0.5	0.5	0	1	0	63.1666666667
10	10	0.5	0.5	0	1	0.3	77.3095238095
10	10	0.5	0.5	0	1	0.6	112.666666667
10	10	0.5	0.5	0	1	0.9	195.083333333
10	10	0.5	0.5	0.5	0	0	63.1666666667
10	10	0.5	0.5	0.5	0	0.3	77.3095238095
10	10	0.5	0.5	0.5	0	0.6	112.666666667
10	10	0.5	0.5	0.5	0	0.9	195.083333333
10	10	0.5	0.5	0.5	0.5	0	63.1666666667
10	10	0.5	0.5	0.5	0.5	0.3	77.3095238095
10	10	0.5	0.5	0.5	0.5	0.6	112.666666667
10	10	0.5	0.5	0.5	0.5	0.9	195.083333333
10	10	0.5	0.5	0.5	1	0	63.1666666667
10	10	0.5	0.5	0.5	1	0.3	77.3095238095
10	10	0.5	0.5	0.5	1	0.6	112.666666667
10	10	0.5	0.5	0.5	1	0.9	195.083333333
10	10	0.5	0.5	1	0	0	63.1666666667
10	10	0.5	0.5	1	0	0.3	77.3095238095
10	10	0.5	0.5	1	0	0.6	112.666666667
10	10	0.5	0.5	1	0	0.9	195.083333333
10	10	0.5	0.5	1	0.5	0	63.1666666667
10	10	0.5	0.5	1	0.5	0.3	77.3095238095
10	10	0.5	0.5	1	0.5	0.6	112.666666667
10	10	0.5	0.5	1	0.5	0.9	195.083333333
10	10	0.5	0.5	1	1	0	63.1666666667
10	10	0.5	0.5	1	1	0.3	77.3095238095
10	10	0.5	0.5	1	1	0.6	112.666666667
10	10	0.5	0.5	1	1	0.9	195.083333333
10	10	0.5	1	0	0	0	63.1666666667
10	10	0.5	1	0	0	0.3	77.3095238095
10	10	0.5	1	0	0	0.6	112.666666667
10	10	0.5	1	0	0	0.9	195.083333333
10	10	0.5	1	0	0.5	0	63.1666666667
10	10	0.5	1	0	0.5	0.3	77.3095238095
10	10	0.5	1	0	0.5	0.6	112.666666667
10	10	0.5	1	0	0.5	0.9	195.083333333
10	10	0.5	1	0	1	0	63.1666666667
10	10	0.5	1	0	1	0.3	77.3095238095
10	10	0.5	1	0	1	0.6	112.666666667
10	10	0.5	1	0	1	0.9	195.083333333
10	10	0.5	1	0.5	0	0	63.1666666667
10	10	0.5	1	0.5	0	0.3	77.3095238095
10	10	0.5	1	0.5	0	0.6	112.666666667
10	10	0.5	1	0.5	0	0.9	195.083333333
10	10	0.5	1	0.5	0.5	0	63.1666666667
10	10	0.5	1	0.5	0.5	0.3	77.3095238095
10	10	0.5	1	0.5	0.5	0.6	112.666666667
10	10	0.5	1	0.5	0.5	0.9	195.083333333
10	10	0.5	1	0.5	1	0	63.1666666667
10	10	0.5	1	0.5	1	0.3	77.3095238095
10	10	0.5	1	0.5	1	0.6	112.666666667
10	10	0.5	1	0.5	1	0.9	195.083333333
10	10	0.5	1	1	0	0	63.1666666667
10	10	0.5	1	1	0	0.3	77.3095238095
10	10	0.5	1	1	0	0.6	112.666666667
10	10	0.5	1	1	0	0.9	195.083333333
10	10	0.5	1	1	0.5	0	63.1666666667
10	10	0.5	1	1	0.5	0.3	77.3095238095
10	10	0.5	1	1	0.5	0.6	112.666666667
10	10	0.5	1	1	0.5	0.9	195.083333333
10	10	0.5	1	1	1	0	63.1666666667
10	10	0.5	1	1	1	0.3	77.3095238095
10	10	0.5	1	1	1	0.6	112.666666667
10	10	0.5	1	1	1	0.9	195.083333333
10	10	1	0	0	0	0	63.1666666667
10	10	1	0	0	0	0.3	77.3095238095
10	10	1	0	0	0	0.6	112.666666667
10	10	1	0	0	0	0.9	195.083333333
10	10	1	0	0	0.5	0	63.1666666667
10	10	1	0	0	0.5	0.3	77.3095238095
10	10	1	0	0	0.5	0.6	112.666666667
10	10	1	0	0	0.5	0.9	195.083333333
10	10	1	0	0	1	0	63.1666666667
10	10	1	0	0	1	0.3	77.3095238095
10	10	1	0	0	1	0.6	112.666666667
10	10	1	0	0	1	0.9	195.083333333
10	10	1	0	0.5	0	0	63.1666666667
10	10	1	0	0.5	0	0.3	77.3095238095
10	10	1	0	0.5	0	0.6	112.666666667
10	10	1	0	0.5	0	0.9	195.083333333
10	10	1	0	0.5	0.5	0	63.1666666667
10	10	1	0	0.5	0.5	0.3	77.3095238095
10	10	1	0	0.5	0.5	0.6	112.666666667
10	10	1	0	0.5	0.5	0.9	195.083333333
10	10	1	0	0.5	1	0	63.1666666667
10	10	1	0	0.5	1	0.3	77.3095238095
10	10	1	0	0.5	1	0.6	112.666666667
10	10	1	0	0.5	1	0.9	195.083333333
10	10	1	0	1	0	0	63.1666666667
10	10	1	0	1	0	0.3	77.3095238095
10	10	1	0	1	0	0.6	112.666666667
10	10	1	0	1	0	0.9	195.083333333
10	10	1	0	1	0.5	0	63.1666666667
10	10	1	0	1	0.5	0.3	77.3095238095
10	10	1	0	1	0.5	0.6	112.666666667
10	10	1	0	1	0.5	0.9	195.083333333
10	10	1	0	1	1	0	63.1666666667
10	10	1	0	1	1	0.3	77.3095238095
10	10	1	0	1	1	0.6	112.666666667
10	10	1	0	1	1	0.9	195.083333333
10	10	1	0.5	0	0	0	63.1666666667
10	10	1	0.5	0	0	0.3	77.3095238095
10	10	1	0.5	0	0	0.6	112.666666667
10	10	1	0.5	0	0	0.9	195.083333333
10	10	1	0.5	0	0.5	0	63.1666666667
10	10	1	0.5	0	0.5	0.3	77.3095238095
10	10	1	0.5	0	0.5	0.6	112.666666667
10	10	1	0.5	0	0.5	0.9	195.083333333
10	10	1	0.5	0	1	0	63.1666666667
10	10	1	0.5	0	1	0.3	77.3095238095
10	10	1	0.5	0	1	0.6	112.666666667
10	10	1	0.5	0	1	0.9	195.083333333
10	10	1	0.5	0.5	0	0	63.1666666667
10	10	1	0.5	0.5	0	0.3	77.3095238095
10	10	1	0.5	0.5	0	0.6	112.666666667
10	10	1	0.5	0.5	0	0.9	195.083333333
10	10	1	0.5	0.5	0.5	0	63.1666666667
10	10	1	0.5	0.5	0.5	0.3	77.3095238095
10	10	1	0.5	0.5	0.5	0.6	112.666666667
10	10	1	0.5	0.5	0.5	0.9	195.083333333
10	10	1	0.5	0.5	1	0	63.1666666667
10	10	1	0.5	0.5	1	0.3	77.3095238095
10	10	1	0.5	0.5	1	0.6	112.666666667
10	10	1	0.5	0.5	1	0.9	195.083333333
10	10	1	0.5	1	0	0	63.1666666667
10	10	1	0.5	1	0	0.3	77.3095238095
10	10	1	0.5	1	0	0.6	112.666666667
10	10	1	0.5	1	0	0.9	195.083333333
10	10	1	0.5	1	0.5	0	63.1666666667
10	10	1	0.5	1	0.5	0.3	77.3095238095
10	10	1	0.5	1	0.5	0.6	112.666666667
10	10	1	0.5	1	0.5	0.9	195.083333333
10	10	1	0.5	1	1	0	63.1666666667
10	10	1	0.5	1	1	0.3	77.3095238095
10	10	1	0.5	1	1	0.6	112.666666667
10	10	1	0.5	1	1	0.9	195.083333333
10	10	1	1	0	0	0	63.1666666667
10	10	1	1	0	0	0.3	77.3095238095
10	10	1	1	0	0	0.6	112.666666667
10	10	1	1	0	0	0.9	195.083333333
10	10	1	1	0	0.5	0	63.1666666667
10	10	1	1	0	0.5	0.3	77.3095238095
10	10	1	1	0	0.5	0.6	112.666666667
10	10	1	1	0	0.5	0.9	195.083333333
10	10	1	1	0	1	0	63.1666666667
10	10	1	1	0	1	0.3	77.3095238095
10	10	1	1	0	1	0.6	112.666666667
10	10	1	1	0	1	0.9	195.083333333
10	10	1	1	0.5	0	0	63.1666666667
10	10	1	1	0.5	0	0.3	77.3095238095
10	10	1	1	0.5	0	0.6	112.666666667
10	10	1	1	0.5	0	0.9	195.083333333
10	10	1	1	0.5	0.5	0	63.1666666667
10	10	1	1	0.5	0.5	0.3	77.3095238095
10	10	1	1	0.5	0.5	0.6	112.666666667
10	10	1	1	0.5	0.5	0.9	195.083333333
10	10	1	1	0.5	1	0	63.1666666667
10	10	1	1	0.5	1	0.3	77.3095238095
10	10	1	1	0.5	1	0.6	112.666666667
10	10	1	1	0.5	1	0.9	195.083333333
10	10	1	1	1	0	0	63.1666666667
10	10	1	1	1	0	0.3	77.3095238095
10	10	1	1	1	0	0.6	112.666666667
10	10	1	1	1	0	0.9	195.083333333
10	10	1	1	1	0.5	0	63.1666666667
10	10	1	1	1	0.5	0.3	77.3095238095
10	10	1	1	1	0.5	0.6	112.666666667
10	10	1	1	1	0.5	0.9	195.083333333
10	10	1	1	1	1	0	63.1666666667
10	10	1	1	1	1	0.3	77.3095238095
10	10	1	1	1	1	0.6	112.666666667
10	10	1	1	1	1	0.9	195.083333333
10	15	0	0	0	0	0	63.1666666667
10	15	0	0	0	0	0.3	77.3095238095
10	15	0	0	0	0	0.6	112.666666667
10	15	0	0	0	0	0.9	195.083333333
10	15	0	0	0	0.5	0	63.1666666667
10	15	0	0	0	0.5	0.3	77.3095238095
10	15	0	0	0	0.5	0.6	112.666666667
10	15	0	0	0	0.5	0.9	195.083333333
10	15	0	0	0	1	0	63.1666666667
10	15	0	0	0	1	0.3	77.3095238095
10	15	0	0	0	1	0.6	112.666666667
10	15	0	0	0	1	0.9	195.083333333
10	15	0	0	0.5	0	0	63.1666666667
10	15	0	0	0.5	0	0.3	77.3095238095
10	15	0	0	0.5	0	0.6	112.666666667
10	15	0	0	0.5	0	0.9	195.083333333
10	15	0	0	0.5	0.5	0	63.1666666667
10	15	0	0	0.5	0.5	0.3	77.3095238095
10	15	0	0	0.5	0.5	0.6	112.666666667
10	15	0	0	0.5	0.5	0.9	195.083333333
10	15	0	0	0.5	1	0	63.1666666667
10	15	0	0	0.5	1	0.3	77.3095238095
10	15	0	0	0.5	1	0.6	112.666666667
10	15	0	0	0.5	1	0.9	195.083333333
10	15	0	0	1	0	0	63.1666666667
10	15	0	0	1	0	0.3	77.3095238095
10	15	0	0	1	0	0.6	112.666666667
10	15	0	0	1	0	0.9	195.083333333
10	15	0	0	1	0.5	0	63.1666666667
10	15	0	0	1	0.5	0.3	77.3095238095
10	15	0	0	1	0.5	0.6	112.666666667
10	15	0	0	1	0.5	0.9	195.083333333
10	15	0	0	1	1	0	63.1666666667
10	15	0	0	1	1	0.3	77.3095238095
10	15	0	0	1	1	0.6	112.666666667
10	15	0	0	1	1	0.9	195.083333333
10	15	0	0.5	0	0	0	63.1666666667
10	15	0	0.5	0	0	0.3	77.3095238095
10	15	0	0.5	0	0	0.6	112.666666667
10	15	0	0.5	0	0	0.9	195.083333333
10	15	0	0.5	0	0.5	0	63.1666666667
10	15	0	0.5	0	0.5	0.3	77.3095238095
10	15	0	0.5	0	0.5	0.6	112.666666667
10	15	0	0.5	0	0.5	0.9	195.083333333
10	15	0	0.5	0	1	0	63.1666666667
10	15	0	0.5	0	1	0.3	77.3095238095
10	15	0	0.5	0	1	0.6	112.666666667
10	15	0	0.5	0	1	0.9	195.083333333
10	15	0	0.5	0.5	0	0	63.1666666667
10	15	0	0.5	0.5	0	0.3	77.3095238095
10	15	0	0.5	0.5	0	0.6	112.666666667
10	15	0	0.5	0.5	0	0.9	195.083333333
10	15	0	0.5	0.5	0.5	0	63.1666666667
10	15	0	0.5	0.5	0.5	0.3	77.3095238095
10	15	0	0.5	0.5	0.5	0.6	112.666666667
10	15	0	0.5	0.5	0.5	0.9	195.083333333
10	15	0	0.5	0.5	1	0	63.1666666667
10	15	0	0.5	0.5	1	0.3	77.3095238095
10	15	0	0.5	0.5	1	0.6	112.666666667
10	15	0	0.5	0.5	1	0.9	195.083333333
10	15	0	0.5	1	0	0	63.1666666667
10	15	0	0.5	1	0	0.3	77.3095238095
10	15	0	0.5	1	0	0.6	112.666666667
10	15	0	0.5	1	0	0.9	195.083333333
10	15	0	0.5	1	0.5	0	63.1666666667
10	15	0	0.5	1	0.5	0.3	77.3095238095
10	15	0	0.5	1	0.5	0.6	112.666666667
10	15	0	0.5	1	0.5	0.9	195.083333333
10	15	0	0.5	1	1	0	63.1666666667
10	15	0	0.5	1	1	0.3	77.3095238095
10	15	0	0.5	1	1	0.6	112.666666667
10	15	0	0.5	1	1	0.9	195.083333333
10	15	0	1	0	0	0	63.1666666667
10	15	0	1	0	0	0.3	77.3095238095
10	15	0	1	0	0	0.6	112.666666667
10	15	0	1	0	0	0.9	195.083333333
10	15	0	1	0	0.5	0	63.1666666667
10	15	0	1	0	0.5	0.3	77.3095238095
10	15	0	1	0	0.5	0.6	112.666666667
10	15	0	1	0	0.5	0.9	195.083333333
10	15	0	1	0	1	0	63.1666666667
10	15	0	1	0	1	0.3	77.3095238095
10	15	0	1	0	1	0.6	112.666666667
10	15	0	1	0	1	0.9	195.083333333
10	15	0	1	0.5	0	0	63.1666666667
10	15	0	1	0.5	0	0.3	77.3095238095
10	15	0	1	0.5	0	0.6	112.666666667
10	15	0	1	0.5	0	0.9	195.083333333
10	15	0	1	0.5	0.5	0	63.1666666667
10	15	0	1	0.5	0.5	0.3	77.3095238095
10	15	0	1	0.5	0.5	0.6	112.666666667
10	15	0	1	0.5	0.5	0.9	195.083333333
10	15	0	1	0.5	1	0	63.1666666667
10	15	0	1	0.5	1	0.3	77.3095238095
10	15	0	1	0.5	1	0.6	112.666666667
10	15	0	1	0.5	1	0.9	195.083333333
10	15	0	1	1	0	0	63.1666666667
10	15	0	1	1	0	0.3	77.3095238095
10	15	0	1	1	0	0.6	112.666666667
10	15	0	1	1	0	0.9	195.083333333
10	15	0	1	1	0.5	0	63.1666666667
10	15	0	1	1	0.5	0.3	77.3095238095
10	15	0	1	1	0.5	0.6	112.666666667
10	15	0	1	1	0.5	0.9	195.083333333
10	15	0	1	1	1	0	63.1666666667
10	15	0	1	1	1	0.3	77.3095238095
10	15	0	1	1	1	0.6	112.666666667
10	15	0	1	1	1	0.9	195.083333333
10	15	0.5	0	0	0	0	63.1666666667
10	15	0.5	0	0	0	0.3	77.3095238095
10	15	0.5	0	0	0	0.6	112.666666667
10	15	0.5	0	0	0	0.9	195.083333333
10	15	0.5	0	0	0.5	0	63.1666666667
10	15	0.5	0	0	0.5	0.3	77.3095238095
10	15	0.5	0	0	0.5	0.6	112.666666667
10	15	0.5	0	0	0.5	0.9	195.083333333
10	15	0.5	0	0	1	0	63.1666666667
10	15	0.5	0	0	1	0.3	77.3095238095
10	15	0.5	0	0	1	0.6	112.666666667
10	15	0.5	0	0	1	0.9	195.083333333
10	15	0.5	0	0.5	0	0	63.1666666667
10	15	0.5	0	0.5	0	0.3	77.3095238095
10	15	0.5	0	0.5	0	0.6	112.666666667
10	15	0.5	0	0.5	0	0.9	195.083333333
10	15	0.5	0	0.5	0.5	0	63.1666666667
10	15	0.5	0	0.5	0.5	0.3	77.3095238095
10	15	0.5	0	0.5	0.5	0.6	112.666666667
10	15	0.5	0	0.5	0.5	0.9	195.083333333
10	15	0.5	0	0.5	1	0	63.1666666667
10	15	0.5	0	0.5	1	0.3	77.3095238095
10	15	0.5	0	0.5	1	0.6	112.666666667
10	15	0.5	0	0.5	1	0.9	195.083333333
10	15	0.5	0	1	0	0	63.1666666667
10	15	0.5	0	1	0	0.3	77.3095238095
10	15	0.5	0	1	0	0.6	112.666666667
10	15	0.5	0	1	0	0.9	195.083333333
10	15	0.5	0	1	0.5	0	63.1666666667
10	15	0.5	0	1	0.5	0.3	77.3095238095
10	15	0.5	0	1	0.5	0.6	112.666666667
10	15	0.5	0	1	0.5	0.9	195.083333333
10	15	0.5	0	1	1	0	63.1666666667
10	15	0.5	0	1	1	0.3	77.3095238095
10	15	0.5	0	1	1	0.6	112.666666667
10	15	0.5	0	1	1	0.9	195.083333333
10	15	0.5	0.5	0	0	0	63.1666666667
10	15	0.5	0.5	0	0	0.3	77.3095238095
10	15	0.5	0.5	0	0	0.6	112.666666667
10	15	0.5	0.5	0	0	0.9	195.083333333
10	15	0.5	0.5	0	0.5	0	63.1666666667
10	15	0.5	0.5	0	0.5	0.3	77.3095238095
10	15	0.5	0.5	0	0.5	0.6	112.666666667
10	15	0.5	0.5	0	0.5	0.9	195.083333333
10	15	0.5	0.5	0	1	0	63.1666666667
10	15	0.5	0.5	0	1	0.3	77.3095238095
10	15	0.5	0.5	0	1	0.6	112.666666667
10	15	0.5	0.5	0	1	0.9	195.083333333
10	15	0.5	0.5	0.5	0	0	63.1666666667
10	15	0.5	0.5	0.5	0	0.3	77.3095238095
10	15	0.5	0.5	0.5	0	0.6	112.666666667
10	15	0.5	0.5	0.5	0	0.9	195.083333333
10	15	0.5	0.5	0.5	0.5	0	63.1666666667
10	15	0.5	0.5	0.5	0.5	0.3	77.3095238095
10	15	0.5	0.5	0.5	0.5	0.6	112.666666667
10	15	0.5	0.5	0.5	0.5	0.9	195.083333333
10	15	0.5	0.5	0.5	1	0	63.1666666667
10	15	0.5	0.5	0.5	1	0.3	77.3095238095
10	15	0.5	0.5	0.5	1	0.6	112.666666667
10	15	0.5	0.5	0.5	1	0.9	195.083333333
10	15	0.5	0.5	1	0	0	63.1666666667
10	15	0.5	0.5	1	0	0.3	77.3095238095
10	15	0.5	0.5	1	0	0.6	112.666666667
10	15	0.5	0.5	1	0	0.9	195.083333333
10	15	0.5	0.5	1	0.5	0	63.1666666667
10	15	0.5	0.5	1	0.5	0.3	77.3095238095
10	15	0.5	0.5	1	0.5	0.6	112.666666667
10	15	0.5	0.5	1	0.5	0.9	195.083333333
10	15	0.5	0.5	1	1	0	63.1666666667
10	15	0.5	0.5	1	1	0.3	77.3095238095
10	15	0.5	0.5	1	1	0.6	112.666666667
10	15	0.5	0.5	1	1	0.9	195.083333333
10	15	0.5	1	0	0	0	63.1666666667
10	15	0.5	1	0	0	0.3	77.3095238095
10	15	0.5	1	0	0	0.6	112.666666667
10	15	0.5	1	0	0	0.9	195.083333333
10	15	0.5	1	0	0.5	0	63.1666666667
10	15	0.5	1	0	0.5	0.3	77.3095238095
10	15	0.5	1	0	0.5	0.6	112.666666667
10	15	0.5	1	0	0.5	0.9	195.083333333
10	15	0.5	1	0	1	0	63.1666666667
10	15	0.5	1	0	1	0.3	77.3095238095
10	15	0.5	1	0	1	0.6	112.666666667
10	15	0.5	1	0	1	0.9	195.083333333
10	15	0.5	1	0.5	0	0	63.1666666667
10	15	0.5	1	0.5	0	0.3	77.3095238095
10	15	0.5	1	0.5	0	0.6	112.666666667
10	15	0.5	1	0.5	0	0.9	195.083333333
10	15	0.5	1	0.5	0.5	0	63.1666666667
10	15	0.5	1	0.5	0.5	0.3	77.3095238095
10	15	0.5	1	0.5	0.5	0.6	112.666666667
10	15	0.5	1	0.5	0.5	0.9	195.083333333
10	15	0.5	1	0.5	1	0	63.1666666667
10	15	0.5	1	0.5	1	0.3	77.3095238095
10	15	0.5	1	0.5	1	0.6	112.666666667
10	15	0.5	1	0.5	1	0.9	195.083333333
10	15	0.5	1	1	0	0	63.1666666667
10	15	0.5	1	1	0	0.3	77.3095238095
10	15	0.5	1	1	0	0.6	112.666666667
10	15	0.5	1	1	0	0.9	195.083333333
10	15	0.5	1	1	0.5	0	63.1666666667
10	15	0.5	1	1	0.5	0.3	77.3095238095
10	15	0.5	1	1	0.5	0.6	112.666666667
10	15	0.5	1	1	0.5	0.9	195.083333333
10	15	0.5	1	1	1	0	63.1666666667
10	15	0.5	1	1	1	0.3	77.3095238095
10	15	0.5	1	1	1	0.6	112.666666667
10	15	0.5	1	1	1	0.9	195.083333333
10	15	1	0	0	0	0	63.1666666667
10	15	1	0	0	0	0.3	77.3095238095
10	15	1	0	0	0	0.6	112.666666667
10	15	1	0	0	0	0.9	195.083333333
10	15	1	0	0	0.5	0	63.1666666667
10	15	1	0	0	0.5	0.3	77.3095238095
10	15	1	0	0	0.5	0.6	112.666666667
10	15	1	0	0	0.5	0.9	195.083333333
10	15	1	0	0	1	0	63.1666666667
10	15	1	0	0	1	0.3	77.3095238095
10	15	1	0	0	1	0.6	112.666666667
10	15	1	0	0	1	0.9	195.083333333
10	15	1	0	0.5	0	0	63.1666666667
10	15	1	0	0.5	0	0.3	77.3095238095
10	15	1	0	0.5	0	0.6	112.666666667
10	15	1	0	0.5	0	0.9	195.083333333
10	15	1	0	0.5	0.5	0	63.1666666667
10	15	1	0	0.5	0.5	0.3	77.3095238095
10	15	1	0	0.5	0.5	0.6	112.666666667
10	15	1	0	0.5	0.5	0.9	195.083333333
10	15	1	0	0.5	1	0	63.1666666667
10	15	1	0	0.5	1	0.3	77.3095238095
10	15	1	0	0.5	1	0.6	112.666666667
10	15	1	0	0.5	1	0.9	195.083333333
10	15	1	0	1	0	0	63.1666666667
10	15	1	0	1	0	0.3	77.3095238095
10	15	1	0	1	0	0.6	112.666666667
10	15	1	0	1	0	0.9	195.083333333
10	15	1	0	1	0.5	0	63.1666666667
10	15	1	0	1	0.5	0.3	77.3095238095
10	15	1	0	1	0.5	0.6	112.666666667
10	15	1	0	1	0.5	0.9	195.083333333
10	15	1	0	1	1	0	63.1666666667
10	15	1	0	1	1	0.3	77.3095238095
10	15	1	0	1	1	0.6	112.666666667
10	15	1	0	1	1	0.9	195.083333333
10	15	1	0.5	0	0	0	63.1666666667
10	15	1	0.5	0	0	0.3	77.3095238095
10	15	1	0.5	0	0	0.6	112.666666667
10	15	1	0.5	0	0	0.9	195.083333333
10	15	1	0.5	0	0.5	0	63.1666666667
10	15	1	0.5	0	0.5	0.3	77.3095238095
10	15	1	0.5	0	0.5	0.6	112.666666667
10	15	1	0.5	0	0.5	0.9	195.083333333
10	15	1	0.5	0	1	0	63.1666666667
10	15	1	0.5	0	1	0.3	77.3095238095
10	15	1	0.5	0	1	0.6	112.666666667
10	15	1	0.5	0	1	0.9	195.083333333
10	15	1	0.5	0.5	0	0	63.1666666667
10	15	1	0.5	0.5	0	0.3	77.3095238095
10	15	1	0.5	0.5	0	0.6	112.666666667
10	15	1	0.5	0.5	0	0.9	195.083333333
10	15	1	0.5	0.5	0.5	0	63.1666666667
10	15	1	0.5	0.5	0.5	0.3	77.3095238095
10	15	1	0.5	0.5	0.5	0.6	112.666666667
10	15	1	0.5	0.5	0.5	0.9	195.083333333
10	15	1	0.5	0.5	1	0	63.1666666667
10	15	1	0.5	0.5	1	0.3	77.3095238095
10	15	1	0.5	0.5	1	0.6	112.666666667
10	15	1	0.5	0.5	1	0.9	195.083333333
10	15	1	0.5	1	0	0	63.1666666667
10	15	1	0.5	1	0	0.3	77.3095238095
10	15	1	0.5	1	0	0.6	112.666666667
10	15	1	0.5	1	0	0.9	195.083333333
10	15	1	0.5	1	0.5	0	63.1666666667
10	15	1	0.5	1	0.5	0.3	77.3095238095
10	15	1	0.5	1	0.5	0.6	112.666666667
10	15	1	0.5	1	0.5	0.9	195.083333333
10	15	1	0.5	1	1	0	63.1666666667
10	15	1	0.5	1	1	0.3	77.3095238095
10	15	1	0.5	1	1	0.6	112.666666667
10	15	1	0.5	1	1	0.9	195.083333333
10	15	1	1	0	0	0	63.1666666667
10	15	1	1	0	0	0.3	77.3095238095
10	15	1	1	0	0	0.6	112.666666667
10	15	1	1	0	0	0.9	195.083333333
10	15	1	1	0	0.5	0	63.1666666667
10	15	1	1	0	0.5	0.3	77.3095238095
10	15	1	1	0	0.5	0.6	112.666666667
10	15	1	1	0	0.5	0.9	195.083333333
10	15	1	1	0	1	0	63.1666666667
10	15	1	1	0	1	0.3	77.3095238095
10	15	1	1	0	1	0.6	112.666666667
10	15	1	1	0	1	0.9	195.083333333
10	15	1	1	0.5	0	0	63.1666666667
10	15	1	1	0.5	0	0.3	77.3095238095
10	15	1	1	0.5	0	0.6	112.666666667
10	15	1	1	0.5	0	0.9	195.083333333
10	15	1	1	0.5	0.5	0	63.1666666667
10	15	1	1	0.5	0.5	0.3	77.3095238095
10	15	1	1	0.5	0.5	0.6	112.666666667
10	15	1	1	0.5	0.5	0.9	195.083333333
10	15	1	1	0.5	1	0	63.1666666667
10	15	1	1	0.5	1	0.3	77.3095238095
10	15	1	1	0.5	1	0.6	112.666666667
10	15	1	1	0.5	1	0.9	195.083333333
10	15	1	1	1	0	0	63.1666666667
10	15	1	1	1	0	0.3	77.3095238095
10	15	1	1	1	0	0.6	112.666666667
10	15	1	1	1	0	0.9	195.083333333
10	15	1	1	1	0.5	0	63.1666666667
10	15	1	1	1	0.5	0.3	77.3095238095
10	15	1	1	1	0.5	0.6	112.666666667
10	15	1	1	1	0.5	0.9	195.083333333
10	15	1	1	1	1	0	63.1666666667
10	15	1	1	1	1	0.3	77.3095238095
10	15	1	1	1	1	0.6	112.666666667
10	15	1	1	1	1	0.9	195.083333333
10	20	0	0	0	0	0	63.1666666667
10	20	0	0	0	0	0.3	77.3095238095
10	20	0	0	0	0	0.6	112.666666667
10	20	0	0	0	0	0.9	195.083333333
10	20	0	0	0	0.5	0	63.1666666667
10	20	0	0	0	0.5	0.3	77.3095238095
10	20	0	0	0	0.5	0.6	112.666666667
10	20	0	0	0	0.5	0.9	195.083333333
10	20	0	0	0	1	0	63.1666666667
10	20	0	0	0	1	0.3	77.3095238095
10	20	0	0	0	1	0.6	112.666666667
10	20	0	0	0	1	0.9	195.083333333
10	20	0	0	0.5	0	0	63.1666666667
10	20	0	0	0.5	0	0.3	77.3095238095
10	20	0	0	0.5	0	0.6	112.666666667
10	20	0	0	0.5	0	0.9	195.083333333
10	20	0	0	0.5	0.5	0	63.1666666667
10	20	0	0	0.5	0.5	0.3	77.3095238095
10	20	0	0	0.5	0.5	0.6	112.666666667
10	20	0	0	0.5	0.5	0.9	195.083333333
10	20	0	0	0.5	1	0	63.1666666667
10	20	0	0	0.5	1	0.3	77.3095238095
10	20	0	0	0.5	1	0.6	112.666666667
10	20	0	0	0.5	1	0.9	195.083333333
10	20	0	0	1	0	0	63.1666666667
10	20	0	0	1	0	0.3	77.3095238095
10	20	0	0	1	0	0.6	112.666666667
10	20	0	0	1	0	0.9	195.083333333
10	20	0	0	1	0.5	0	63.1666666667
10	20	0	0	1	0.5	0.3	77.3095238095
10	20	0	0	1	0.5	0.6	112.666666667
10	20	0	0	1	0.5	0.9	195.083333333
10	20	0	0	1	1	0	63.1666666667
10	20	0	0	1	1	0.3	77.3095238095
10	20	0	0	1	1	0.6	112.666666667
10	20	0	0	1	1	0.9	195.083333333
10	20	0	0.5	0	0	0	63.1666666667
10	20	0	0.5	0	0	0.3	77.3095238095
10	20	0	0.5	0	0	0.6	112.666666667
10	20	0	0.5	0	0	0.9	195.083333333
10	20	0	0.5	0	0.5	0	63.1666666667
10	20	0	0.5	0	0.5	0.3	77.3095238095
10	20	0	0.5	0	0.5	0.6	112.666666667
10	20	0	0.5	0	0.5	0.9	195.083333333
10	20	0	0.5	0	1	0	63.1666666667
10	20	0	0.5	0	1	0.3	77.3095238095
10	20	0	0.5	0	1	0.6	112.666666667
10	20	0	0.5	0	1	0.9	195.083333333
10	20	0	0.5	0.5	0	0	63.1666666667
10	20	0	0.5	0.5	0	0.3	77.3095238095
10	20	0	0.5	0.5	0	0.6	112.666666667
10	20	0	0.5	0.5	0	0.9	195.083333333
10	20	0	0.5	0.5	0.5	0	63.1666666667
10	20	0	0.5	0.5	0.5	0.3	77.3095238095
10	20	0	0.5	0.5	0.5	0.6	112.666666667
10	20	0	0.5	0.5	0.5	0.9	195.083333333
10	20	0	0.5	0.5	1	0	63.1666666667
10	20	0	0.5	0.5	1	0.3	77.3095238095
10	20	0	0.5	0.5	1	0.6	112.666666667
10	20	0	0.5	0.5	1	0.9	195.083333333
10	20	0	0.5	1	0	0	63.1666666667
10	20	0	0.5	1	0	0.3	77.3095238095
10	20	0	0.5	1	0	0.6	112.666666667
10	20	0	0.5	1	0	0.9	195.083333333
10	20	0	0.5	1	0.5	0	63.1666666667
10	20	0	0.5	1	0.5	0.3	77.3095238095
10	20	0	0.5	1	0.5	0.6	112.666666667
10	20	0	0.5	1	0.5	0.9	195.083333333
10	20	0	0.5	1	1	0	63.1666666667
10	20	0	0.5	1	1	0.3	77.3095238095
10	20	0	0.5	1	1	0.6	112.666666667
10	20	0	0.5	1	1	0.9	195.083333333
10	20	0	1	0	0	0	63.1666666667
10	20	0	1	0	0	0.3	77.3095238095
10	20	0	1	0	0	0.6	112.666666667
10	20	0	1	0	0	0.9	195.083333333
10	20	0	1	0	0.5	0	63.1666666667
10	20	0	1	0	0.5	0.3	77.3095238095
10	20	0	1	0	0.5	0.6	112.666666667
10	20	0	1	0	0.5	0.9	195.083333333
10	20	0	1	0	1	0	63.1666666667
10	20	0	1	0	1	0.3	77.3095238095
10	20	0	1	0	1	0.6	112.666666667
10	20	0	1	0	1	0.9	195.083333333
10	20	0	1	0.5	0	0	63.1666666667
10	20	0	1	0.5	0	0.3	77.3095238095
10	20	0	1	0.5	0	0.6	112.666666667
10	20	0	1	0.5	0	0.9	195.083333333
10	20	0	1	0.5	0.5	0	63.1666666667
10	20	0	1	0.5	0.5	0.3	77.3095238095
10	20	0	1	0.5	0.5	0.6	112.666666667
10	20	0	1	0.5	0.5	0.9	195.083333333
10	20	0	1	0.5	1	0	63.1666666667
10	20	0	1	0.5	1	0.3	77.3095238095
10	20	0	1	0.5	1	0.6	112.666666667
10	20	0	1	0.5	1	0.9	195.083333333
10	20	0	1	1	0	0	63.1666666667
10	20	0	1	1	0	0.3	77.3095238095
10	20	0	1	1	0	0.6	112.666666667
10	20	0	1	1	0	0.9	195.083333333
10	20	0	1	1	0.5	0	63.1666666667
10	20	0	1	1	0.5	0.3	77.3095238095
10	20	0	1	1	0.5	0.6	112.666666667
10	20	0	1	1	0.5	0.9	195.083333333
10	20	0	1	1	1	0	63.1666666667
10	20	0	1	1	1	0.3	77.3095238095
10	20	0	1	1	1	0.6	112.666666667
10	20	0	1	1	1	0.9	195.083333333
10	20	0.5	0	0	0	0	63.1666666667
10	20	0.5	0	0	0	0.3	77.3095238095
10	20	0.5	0	0	0	0.6	112.666666667
10	20	0.5	0	0	0	0.9	195.083333333
10	20	0.5	0	0	0.5	0	63.1666666667
10	20	0.5	0	0	0.5	0.3	77.3095238095
10	20	0.5	0	0	0.5	0.6	112.666666667
10	20	0.5	0	0	0.5	0.9	195.083333333
10	20	0.5	0	0	1	0	63.1666666667
10	20	0.5	0	0	1	0.3	77.3095238095
10	20	0.5	0	0	1	0.6	112.666666667
10	20	0.5	0	0	1	0.9	195.083333333
10	20	0.5	0	0.5	0	0	63.1666666667
10	20	0.5	0	0.5	0	0.3	77.3095238095
10	20	0.5	0	0.5	0	0.6	112.666666667
10	20	0.5	0	0.5	0	0.9	195.083333333
10	20	0.5	0	0.5	0.5	0	63.1666666667
10	20	0.5	0	0.5	0.5	0.3	77.3095238095
10	20	0.5	0	0.5	0.5	0.6	112.666666667
10	20	0.5	0	0.5	0.5	0.9	195.083333333
10	20	0.5	0	0.5	1	0	63.1666666667
10	20	0.5	0	0.5	1	0.3	77.3095238095
10	20	0.5	0	0.5	1	0.6	112.666666667
10	20	0.5	0	0.5	1	0.9	195.083333333
10	20	0.5	0	1	0	0	63.1666666667
10	20	0.5	0	1	0	0.3	77.3095238095
10	20	0.5	0	1	0	0.6	112.666666667
10	20	0.5	0	1	0	0.9	195.083333333
10	20	0.5	0	1	0.5	0	63.1666666667
10	20	0.5	0	1	0.5	0.3	77.3095238095
10	20	0.5	0	1	0.5	0.6	112.666666667
10	20	0.5	0	1	0.5	0.9	195.083333333
10	20	0.5	0	1	1	0	63.1666666667
10	20	0.5	0	1	1	0.3	77.3095238095
10	20	0.5	0	1	1	0.6	112.666666667
10	20	0.5	0	1	1	0.9	195.083333333
10	20	0.5	0.5	0	0	0	63.1666666667
10	20	0.5	0.5	0	0	0.3	77.3095238095
10	20	0.5	0.5	0	0	0.6	112.666666667
10	20	0.5	0.5	0	0	0.9	195.083333333
10	20	0.5	0.5	0	0.5	0	63.1666666667
10	20	0.5	0.5	0	0.5	0.3	77.3095238095
10	20	0.5	0.5	0	0.5	0.6	112.666666667
10	20	0.5	0.5	0	0.5	0.9	195.083333333
10	20	0.5	0.5	0	1	0	63.1666666667
10	20	0.5	0.5	0	1	0.3	77.3095238095
10	20	0.5	0.5	0	1	0.6	112.666666667
10	20	0.5	0.5	0	1	0.9	195.083333333
10	20	0.5	0.5	0.5	0	0	63.1666666667
10	20	0.5	0.5	0.5	0	0.3	77.3095238095
10	20	0.5	0.5	0.5	0	0.6	112.666666667
10	20	0.5	0.5	0.5	0	0.9	195.083333333
10	20	0.5	0.5	0.5	0.5	0	63.1666666667
10	20	0.5	0.5	0.5	0.5	0.3	77.3095238095
10	20	0.5	0.5	0.5	0.5	0.6	112.666666667
10	20	0.5	0.5	0.5	0.5	0.9	195.083333333
10	20	0.5	0.5	0.5	1	0	63.1666666667
10	20	0.5	0.5	0.5	1	0.3	77.3095238095
10	20	0.5	0.5	0.5	1	0.6	112.666666667
10	20	0.5	0.5	0.5	1	0.9	195.083333333
10	20	0.5	0.5	1	0	0	63.1666666667
10	20	0.5	0.5	1	0	0.3	77.3095238095
10	20	0.5	0.5	1	0	0.6	112.666666667
10	20	0.5	0.5	1	0	0.9	195.083333333
10	20	0.5	0.5	1	0.5	0	63.1666666667
10	20	0.5	0.5	1	0.5	0.3	77.3095238095
10	20	0.5	0.5	1	0.5	0.6	112.666666667
10	20	0.5	0.5	1	0.5	0.9	195.083333333
10	20	0.5	0.5	1	1	0	63.1666666667
10	20	0.5	0.5	1	1	0.3	77.3095238095
10	20	0.5	0.5	1	1	0.6	112.666666667
10	20	0.5	0.5	1	1	0.9	195.083333333
10	20	0.5	1	0	0	0	63.1666666667
10	20	0.5	1	0	0	0.3	77.3095238095
10	20	0.5	1	0	0	0.6	112.666666667
10	20	0.5	1	0	0	0.9	195.083333333
10	20	0.5	1	0	0.5	0	63.1666666667
10	20	0.5	1	0	0.5	0.3	77.3095238095
10	20	0.5	1	0	0.5	0.6	112.666666667
10	20	0.5	1	0	0.5	0.9	195.083333333
10	20	0.5	1	0	1	0	63.1666666667
10	20	0.5	1	0	1	0.3	77.3095238095
10	20	0.5	1	0	1	0.6	112.666666667
10	20	0.5	1	0	1	0.9	195.083333333
10	20	0.5	1	0.5	0	0	63.1666666667
10	20	0.5	1	0.5	0	0.3	77.3095238095
10	20	0.5	1	0.5	0	0.6	112.666666667
10	20	0.5	1	0.5	0	0.9	195.083333333
10	20	0.5	1	0.5	0.5	0	63.1666666667
10	20	0.5	1	0.5	0.5	0.3	77.3095238095
10	20	0.5	1	0.5	0.5	0.6	112.666666667
10	20	0.5	1	0.5	0.5	0.9	195.083333333
10	20	0.5	1	0.5	1	0	63.1666666667
10	20	0.5	1	0.5	1	0.3	77.3095238095
10	20	0.5	1	0.5	1	0.6	112.666666667
10	20	0.5	1	0.5	1	0.9	195.083333333
10	20	0.5	1	1	0	0	63.1666666667
10	20	0.5	1	1	0	0.3	77.3095238095
10	20	0.5	1	1	0	0.6	112.666666667
10	20	0.5	1	1	0	0.9	195.083333333
10	20	0.5	1	1	0.5	0	63.1666666667
10	20	0.5	1	1	0.5	0.3	77.3095238095
10	20	0.5	1	1	0.5	0.6	112.666666667
10	20	0.5	1	1	0.5	0.9	195.083333333
10	20	0.5	1	1	1	0	63.1666666667
10	20	0.5	1	1	1	0.3	77.3095238095
10	20	0.5	1	1	1	0.6	112.666666667
10	20	0.5	1	1	1	0.9	195.083333333
10	20	1	0	0	0	0	63.1666666667
10	20	1	0	0	0	0.3	77.3095238095
10	20	1	0	0	0	0.6	112.666666667
10	20	1	0	0	0	0.9	195.083333333
10	20	1	0	0	0.5	0	63.1666666667
10	20	1	0	0	0.5	0.3	77.3095238095
10	20	1	0	0	0.5	0.6	112.666666667
10	20	1	0	0	0.5	0.9	195.083333333
10	20	1	0	0	1	0	63.1666666667
10	20	1	0	0	1	0.3	77.3095238095
10	20	1	0	0	1	0.6	112.666666667
10	20	1	0	0	1	0.9	195.083333333
10	20	1	0	0.5	0	0	63.1666666667
10	20	1	0	0.5	0	0.3	77.3095238095
10	20	1	0	0.5	0	0.6	112.666666667
10	20	1	0	0.5	0	0.9	195.083333333
10	20	1	0	0.5	0.5	0	63.1666666667
10	20	1	0	0.5	0.5	0.3	77.3095238095
10	20	1	0	0.5	0.5	0.6	112.666666667
10	20	1	0	0.5	0.5	0.9	195.083333333
10	20	1	0	0.5	1	0	63.1666666667
10	20	1	0	0.5	1	0.3	77.3095238095
10	20	1	0	0.5	1	0.6	112.666666667
10	20	1	0	0.5	1	0.9	195.083333333
10	20	1	0	1	0	0	63.1666666667
10	20	1	0	1	0	0.3	77.3095238095
10	20	1	0	1	0	0.6	112.666666667
10	20	1	0	1	0	0.9	195.083333333
10	20	1	0	1	0.5	0	63.1666666667
10	20	1	0	1	0.5	0.3	77.3095238095
10	20	1	0	1	0.5	0.6	112.666666667
10	20	1	0	1	0.5	0.9	195.083333333
10	20	1	0	1	1	0	63.1666666667
10	20	1	0	1	1	0.3	77.3095238095
10	20	1	0	1	1	0.6	112.666666667
10	20	1	0	1	1	0.9	195.083333333
10	20	1	0.5	0	0	0	63.1666666667
10	20	1	0.5	0	0	0.3	77.3095238095
10	20	1	0.5	0	0	0.6	112.666666667
10	20	1	0.5	0	0	0.9	195.083333333
10	20	1	0.5	0	0.5	0	63.1666666667
10	20	1	0.5	0	0.5	0.3	77.3095238095
10	20	1	0.5	0	0.5	0.6	112.666666667
10	20	1	0.5	0	0.5	0.9	195.083333333
10	20	1	0.5	0	1	0	63.1666666667
10	20	1	0.5	0	1	0.3	77.3095238095
10	20	1	0.5	0	1	0.6	112.666666667
10	20	1	0.5	0	1	0.9	195.083333333
10	20	1	0.5	0.5	0	0	63.1666666667
10	20	1	0.5	0.5	0	0.3	77.3095238095
10	20	1	0.5	0.5	0	0.6	112.666666667
10	20	1	0.5	0.5	0	0.9	195.083333333
10	20	1	0.5	0.5	0.5	0	63.1666666667
10	20	1	0.5	0.5	0.5	0.3	77.3095238095
10	20	1	0.5	0.5	0.5	0.6	112.666666667
10	20	1	0.5	0.5	0.5	0.9	195.083333333
10	20	1	0.5	0.5	1	0	63.1666666667
10	20	1	0.5	0.5	1	0.3	77.3095238095
10	20	1	0.5	0.5	1	0.6	112.666666667
10	20	1	0.5	0.5	1	0.9	195.083333333
10	20	1	0.5	1	0	0	63.1666666667
10	20	1	0.5	1	0	0.3	77.3095238095
10	20	1	0.5	1	0	0.6	112.666666667
10	20	1	0.5	1	0	0.9	195.083333333
10	20	1	0.5	1	0.5	0	63.1666666667
10	20	1	0.5	1	0.5	0.3	77.3095238095
10	20	1	0.5	1	0.5	0.6	112.666666667
10	20	1	0.5	1	0.5	0.9	195.083333333
10	20	1	0.5	1	1	0	63.1666666667
10	20	1	0.5	1	1	0.3	77.3095238095
10	20	1	0.5	1	1	0.6	112.666666667
10	20	1	0.5	1	1	0.9	195.083333333
10	20	1	1	0	0	0	63.1666666667
10	20	1	1	0	0	0.3	77.3095238095
10	20	1	1	0	0	0.6	112.666666667
10	20	1	1	0	0	0.9	195.083333333
10	20	1	1	0	0.5	0	63.1666666667
10	20	1	1	0	0.5	0.3	77.3095238095
10	20	1	1	0	0.5	0.6	112.666666667
10	20	1	1	0	0.5	0.9	195.083333333
10	20	1	1	0	1	0	63.1666666667
10	20	1	1	0	1	0.3	77.3095238095
10	20	1	1	0	1	0.6	112.666666667
10	20	1	1	0	1	0.9	195.083333333
10	20	1	1	0.5	0	0	63.1666666667
10	20	1	1	0.5	0	0.3	77.3095238095
10	20	1	1	0.5	0	0.6	112.666666667
10	20	1	1	0.5	0	0.9	195.083333333
10	20	1	1	0.5	0.5	0	63.1666666667
10	20	1	1	0.5	0.5	0.3	77.3095238095
10	20	1	1	0.5	0.5	0.6	112.666666667
10	20	1	1	0.5	0.5	0.9	195.083333333
10	20	1	1	0.5	1	0	63.1666666667
10	20	1	1	0.5	1	0.3	77.3095238095
10	20	1	1	0.5	1	0.6	112.666666667
10	20	1	1	0.5	1	0.9	195.083333333
10	20	1	1	1	0	0	63.1666666667
10	20	1	1	1	0	0.3	77.3095238095
10	20	1	1	1	0	0.6	112.666666667
10	20	1	1	1	0	0.9	195.083333333
10	20	1	1	1	0.5	0	63.1666666667
10	20	1	1	1	0.5	0.3	77.3095238095
10	20	1	1	1	0.5	0.6	112.666666667
10	20	1	1	1	0.5	0.9	195.083333333
10	20	1	1	1	1	0	63.1666666667
10	20	1	1	1	1	0.3	77.3095238095
10	20	1	1	1	1	0.6	112.666666667
10	20	1	1	1	1	0.9	195.083333333
11	5	0	0	0	0	0	63.1666666667
11	5	0	0	0	0	0.3	77.3095238095
11	5	0	0	0	0	0.6	112.666666667
11	5	0	0	0	0	0.9	195.083333333
11	5	0	0	0	0.5	0	63.1666666667
11	5	0	0	0	0.5	0.3	77.3095238095
11	5	0	0	0	0.5	0.6	112.666666667
11	5	0	0	0	0.5	0.9	195.083333333
11	5	0	0	0	1	0	63.1666666667
11	5	0	0	0	1	0.3	77.3095238095
11	5	0	0	0	1	0.6	112.666666667
11	5	0	0	0	1	0.9	195.083333333
11	5	0	0	0.5	0	0	63.1666666667
11	5	0	0	0.5	0	0.3	77.3095238095
11	5	0	0	0.5	0	0.6	112.666666667
11	5	0	0	0.5	0	0.9	195.083333333
11	5	0	0	0.5	0.5	0	63.1666666667
11	5	0	0	0.5	0.5	0.3	77.3095238095
11	5	0	0	0.5	0.5	0.6	112.666666667
11	5	0	0	0.5	0.5	0.9	195.083333333
11	5	0	0	0.5	1	0	63.1666666667
11	5	0	0	0.5	1	0.3	77.3095238095
11	5	0	0	0.5	1	0.6	112.666666667
11	5	0	0	0.5	1	0.9	195.083333333
11	5	0	0	1	0	0	63.1666666667
11	5	0	0	1	0	0.3	77.3095238095
11	5	0	0	1	0	0.6	112.666666667
11	5	0	0	1	0	0.9	195.083333333
11	5	0	0	1	0.5	0	63.1666666667
11	5	0	0	1	0.5	0.3	77.3095238095
11	5	0	0	1	0.5	0.6	112.666666667
11	5	0	0	1	0.5	0.9	195.083333333
11	5	0	0	1	1	0	63.1666666667
11	5	0	0	1	1	0.3	77.3095238095
11	5	0	0	1	1	0.6	112.666666667
11	5	0	0	1	1	0.9	195.083333333
11	5	0	0.5	0	0	0	63.1666666667
11	5	0	0.5	0	0	0.3	77.3095238095
11	5	0	0.5	0	0	0.6	112.666666667
11	5	0	0.5	0	0	0.9	195.083333333
11	5	0	0.5	0	0.5	0	63.1666666667
11	5	0	0.5	0	0.5	0.3	77.3095238095
11	5	0	0.5	0	0.5	0.6	112.666666667
11	5	0	0.5	0	0.5	0.9	195.083333333
11	5	0	0.5	0	1	0	63.1666666667
11	5	0	0.5	0	1	0.3	77.3095238095
11	5	0	0.5	0	1	0.6	112.666666667
11	5	0	0.5	0	1	0.9	195.083333333
11	5	0	0.5	0.5	0	0	63.1666666667
11	5	0	0.5	0.5	0	0.3	77.3095238095
11	5	0	0.5	0.5	0	0.6	112.666666667
11	5	0	0.5	0.5	0	0.9	195.083333333
11	5	0	0.5	0.5	0.5	0	63.1666666667
11	5	0	0.5	0.5	0.5	0.3	77.3095238095
11	5	0	0.5	0.5	0.5	0.6	112.666666667
11	5	0	0.5	0.5	0.5	0.9	195.083333333
11	5	0	0.5	0.5	1	0	63.1666666667
11	5	0	0.5	0.5	1	0.3	77.3095238095
11	5	0	0.5	0.5	1	0.6	112.666666667
11	5	0	0.5	0.5	1	0.9	195.083333333
11	5	0	0.5	1	0	0	63.1666666667
11	5	0	0.5	1	0	0.3	77.3095238095
11	5	0	0.5	1	0	0.6	112.666666667
11	5	0	0.5	1	0	0.9	195.083333333
11	5	0	0.5	1	0.5	0	63.1666666667
11	5	0	0.5	1	0.5	0.3	77.3095238095
11	5	0	0.5	1	0.5	0.6	112.666666667
11	5	0	0.5	1	0.5	0.9	195.083333333
11	5	0	0.5	1	1	0	63.1666666667
11	5	0	0.5	1	1	0.3	77.3095238095
11	5	0	0.5	1	1	0.6	112.666666667
11	5	0	0.5	1	1	0.9	195.083333333
11	5	0	1	0	0	0	63.1666666667
11	5	0	1	0	0	0.3	77.3095238095
11	5	0	1	0	0	0.6	112.666666667
11	5	0	1	0	0	0.9	195.083333333
11	5	0	1	0	0.5	0	63.1666666667
11	5	0	1	0	0.5	0.3	77.3095238095
11	5	0	1	0	0.5	0.6	112.666666667
11	5	0	1	0	0.5	0.9	195.083333333
11	5	0	1	0	1	0	63.1666666667
11	5	0	1	0	1	0.3	77.3095238095
11	5	0	1	0	1	0.6	112.666666667
11	5	0	1	0	1	0.9	195.083333333
11	5	0	1	0.5	0	0	63.1666666667
11	5	0	1	0.5	0	0.3	77.3095238095
11	5	0	1	0.5	0	0.6	112.666666667
11	5	0	1	0.5	0	0.9	195.083333333
11	5	0	1	0.5	0.5	0	63.1666666667
11	5	0	1	0.5	0.5	0.3	77.3095238095
11	5	0	1	0.5	0.5	0.6	112.666666667
11	5	0	1	0.5	0.5	0.9	195.083333333
11	5	0	1	0.5	1	0	63.1666666667
11	5	0	1	0.5	1	0.3	77.3095238095
11	5	0	1	0.5	1	0.6	112.666666667
11	5	0	1	0.5	1	0.9	195.083333333
11	5	0	1	1	0	0	63.1666666667
11	5	0	1	1	0	0.3	77.3095238095
11	5	0	1	1	0	0.6	112.666666667
11	5	0	1	1	0	0.9	195.083333333
11	5	0	1	1	0.5	0	63.1666666667
11	5	0	1	1	0.5	0.3	77.3095238095
11	5	0	1	1	0.5	0.6	112.666666667
11	5	0	1	1	0.5	0.9	195.083333333
11	5	0	1	1	1	0	63.1666666667
11	5	0	1	1	1	0.3	77.3095238095
11	5	0	1	1	1	0.6	112.666666667
11	5	0	1	1	1	0.9	195.083333333
11	5	0.5	0	0	0	0	63.1666666667
11	5	0.5	0	0	0	0.3	77.3095238095
11	5	0.5	0	0	0	0.6	112.666666667
11	5	0.5	0	0	0	0.9	195.083333333
11	5	0.5	0	0	0.5	0	63.1666666667
11	5	0.5	0	0	0.5	0.3	77.3095238095
11	5	0.5	0	0	0.5	0.6	112.666666667
11	5	0.5	0	0	0.5	0.9	195.083333333
11	5	0.5	0	0	1	0	63.1666666667
11	5	0.5	0	0	1	0.3	77.3095238095
11	5	0.5	0	0	1	0.6	112.666666667
11	5	0.5	0	0	1	0.9	195.083333333
11	5	0.5	0	0.5	0	0	63.1666666667
11	5	0.5	0	0.5	0	0.3	77.3095238095
11	5	0.5	0	0.5	0	0.6	112.666666667
11	5	0.5	0	0.5	0	0.9	195.083333333
11	5	0.5	0	0.5	0.5	0	63.1666666667
11	5	0.5	0	0.5	0.5	0.3	77.3095238095
11	5	0.5	0	0.5	0.5	0.6	112.666666667
11	5	0.5	0	0.5	0.5	0.9	195.083333333
11	5	0.5	0	0.5	1	0	63.1666666667
11	5	0.5	0	0.5	1	0.3	77.3095238095
11	5	0.5	0	0.5	1	0.6	112.666666667
11	5	0.5	0	0.5	1	0.9	195.083333333
11	5	0.5	0	1	0	0	63.1666666667
11	5	0.5	0	1	0	0.3	77.3095238095
11	5	0.5	0	1	0	0.6	112.666666667
11	5	0.5	0	1	0	0.9	195.083333333
11	5	0.5	0	1	0.5	0	63.1666666667
11	5	0.5	0	1	0.5	0.3	77.3095238095
11	5	0.5	0	1	0.5	0.6	112.666666667
11	5	0.5	0	1	0.5	0.9	195.083333333
11	5	0.5	0	1	1	0	63.1666666667
11	5	0.5	0	1	1	0.3	77.3095238095
11	5	0.5	0	1	1	0.6	112.666666667
11	5	0.5	0	1	1	0.9	195.083333333
11	5	0.5	0.5	0	0	0	63.1666666667
11	5	0.5	0.5	0	0	0.3	77.3095238095
11	5	0.5	0.5	0	0	0.6	112.666666667
11	5	0.5	0.5	0	0	0.9	195.083333333
11	5	0.5	0.5	0	0.5	0	63.1666666667
11	5	0.5	0.5	0	0.5	0.3	77.3095238095
11	5	0.5	0.5	0	0.5	0.6	112.666666667
11	5	0.5	0.5	0	0.5	0.9	195.083333333
11	5	0.5	0.5	0	1	0	63.1666666667
11	5	0.5	0.5	0	1	0.3	77.3095238095
11	5	0.5	0.5	0	1	0.6	112.666666667
11	5	0.5	0.5	0	1	0.9	195.083333333
11	5	0.5	0.5	0.5	0	0	63.1666666667
11	5	0.5	0.5	0.5	0	0.3	77.3095238095
11	5	0.5	0.5	0.5	0	0.6	112.666666667
11	5	0.5	0.5	0.5	0	0.9	195.083333333
11	5	0.5	0.5	0.5	0.5	0	63.1666666667
11	5	0.5	0.5	0.5	0.5	0.3	77.3095238095
11	5	0.5	0.5	0.5	0.5	0.6	112.666666667
11	5	0.5	0.5	0.5	0.5	0.9	195.083333333
11	5	0.5	0.5	0.5	1	0	63.1666666667
11	5	0.5	0.5	0.5	1	0.3	77.3095238095
11	5	0.5	0.5	0.5	1	0.6	112.666666667
11	5	0.5	0.5	0.5	1	0.9	195.083333333
11	5	0.5	0.5	1	0	0	63.1666666667
11	5	0.5	0.5	1	0	0.3	77.3095238095
11	5	0.5	0.5	1	0	0.6	112.666666667
11	5	0.5	0.5	1	0	0.9	195.083333333
11	5	0.5	0.5	1	0.5	0	63.1666666667
11	5	0.5	0.5	1	0.5	0.3	77.3095238095
11	5	0.5	0.5	1	0.5	0.6	112.666666667
11	5	0.5	0.5	1	0.5	0.9	195.083333333
11	5	0.5	0.5	1	1	0	63.1666666667
11	5	0.5	0.5	1	1	0.3	77.3095238095
11	5	0.5	0.5	1	1	0.6	112.666666667
11	5	0.5	0.5	1	1	0.9	195.083333333
11	5	0.5	1	0	0	0	63.1666666667
11	5	0.5	1	0	0	0.3	77.3095238095
11	5	0.5	1	0	0	0.6	112.666666667
11	5	0.5	1	0	0	0.9	195.083333333
11	5	0.5	1	0	0.5	0	63.1666666667
11	5	0.5	1	0	0.5	0.3	77.3095238095
11	5	0.5	1	0	0.5	0.6	112.666666667
11	5	0.5	1	0	0.5	0.9	195.083333333
11	5	0.5	1	0	1	0	63.1666666667
11	5	0.5	1	0	1	0.3	77.3095238095
11	5	0.5	1	0	1	0.6	112.666666667
11	5	0.5	1	0	1	0.9	195.083333333
11	5	0.5	1	0.5	0	0	63.1666666667
11	5	0.5	1	0.5	0	0.3	77.3095238095
11	5	0.5	1	0.5	0	0.6	112.666666667
11	5	0.5	1	0.5	0	0.9	195.083333333
11	5	0.5	1	0.5	0.5	0	63.1666666667
11	5	0.5	1	0.5	0.5	0.3	77.3095238095
11	5	0.5	1	0.5	0.5	0.6	112.666666667
11	5	0.5	1	0.5	0.5	0.9	195.083333333
11	5	0.5	1	0.5	1	0	63.1666666667
11	5	0.5	1	0.5	1	0.3	77.3095238095
11	5	0.5	1	0.5	1	0.6	112.666666667
11	5	0.5	1	0.5	1	0.9	195.083333333
11	5	0.5	1	1	0	0	63.1666666667
11	5	0.5	1	1	0	0.3	77.3095238095
11	5	0.5	1	1	0	0.6	112.666666667
11	5	0.5	1	1	0	0.9	195.083333333
11	5	0.5	1	1	0.5	0	63.1666666667
11	5	0.5	1	1	0.5	0.3	77.3095238095
11	5	0.5	1	1	0.5	0.6	112.666666667
11	5	0.5	1	1	0.5	0.9	195.083333333
11	5	0.5	1	1	1	0	63.1666666667
11	5	0.5	1	1	1	0.3	77.3095238095
11	5	0.5	1	1	1	0.6	112.666666667
11	5	0.5	1	1	1	0.9	195.083333333
11	5	1	0	0	0	0	63.1666666667
11	5	1	0	0	0	0.3	77.3095238095
11	5	1	0	0	0	0.6	112.666666667
11	5	1	0	0	0	0.9	195.083333333
11	5	1	0	0	0.5	0	63.1666666667
11	5	1	0	0	0.5	0.3	77.3095238095
11	5	1	0	0	0.5	0.6	112.666666667
11	5	1	0	0	0.5	0.9	195.083333333
11	5	1	0	0	1	0	63.1666666667
11	5	1	0	0	1	0.3	77.3095238095
11	5	1	0	0	1	0.6	112.666666667
11	5	1	0	0	1	0.9	195.083333333
11	5	1	0	0.5	0	0	63.1666666667
11	5	1	0	0.5	0	0.3	77.3095238095
11	5	1	0	0.5	0	0.6	112.666666667
11	5	1	0	0.5	0	0.9	195.083333333
11	5	1	0	0.5	0.5	0	63.1666666667
11	5	1	0	0.5	0.5	0.3	77.3095238095
11	5	1	0	0.5	0.5	0.6	112.666666667
11	5	1	0	0.5	0.5	0.9	195.083333333
11	5	1	0	0.5	1	0	63.1666666667
11	5	1	0	0.5	1	0.3	77.3095238095
11	5	1	0	0.5	1	0.6	112.666666667
11	5	1	0	0.5	1	0.9	195.083333333
11	5	1	0	1	0	0	63.1666666667
11	5	1	0	1	0	0.3	77.3095238095
11	5	1	0	1	0	0.6	112.666666667
11	5	1	0	1	0	0.9	195.083333333
11	5	1	0	1	0.5	0	63.1666666667
11	5	1	0	1	0.5	0.3	77.3095238095
11	5	1	0	1	0.5	0.6	112.666666667
11	5	1	0	1	0.5	0.9	195.083333333
11	5	1	0	1	1	0	63.1666666667
11	5	1	0	1	1	0.3	77.3095238095
11	5	1	0	1	1	0.6	112.666666667
11	5	1	0	1	1	0.9	195.083333333
11	5	1	0.5	0	0	0	63.1666666667
11	5	1	0.5	0	0	0.3	77.3095238095
11	5	1	0.5	0	0	0.6	112.666666667
11	5	1	0.5	0	0	0.9	195.083333333
11	5	1	0.5	0	0.5	0	63.1666666667
11	5	1	0.5	0	0.5	0.3	77.3095238095
11	5	1	0.5	0	0.5	0.6	112.666666667
11	5	1	0.5	0	0.5	0.9	195.083333333
11	5	1	0.5	0	1	0	63.1666666667
11	5	1	0.5	0	1	0.3	77.3095238095
11	5	1	0.5	0	1	0.6	112.666666667
11	5	1	0.5	0	1	0.9	195.083333333
11	5	1	0.5	0.5	0	0	63.1666666667
11	5	1	0.5	0.5	0	0.3	77.3095238095
11	5	1	0.5	0.5	0	0.6	112.666666667
11	5	1	0.5	0.5	0	0.9	195.083333333
11	5	1	0.5	0.5	0.5	0	63.1666666667
11	5	1	0.5	0.5	0.5	0.3	77.3095238095
11	5	1	0.5	0.5	0.5	0.6	112.666666667
11	5	1	0.5	0.5	0.5	0.9	195.083333333
11	5	1	0.5	0.5	1	0	63.1666666667
11	5	1	0.5	0.5	1	0.3	77.3095238095
11	5	1	0.5	0.5	1	0.6	112.666666667
11	5	1	0.5	0.5	1	0.9	195.083333333
11	5	1	0.5	1	0	0	63.1666666667
11	5	1	0.5	1	0	0.3	77.3095238095
11	5	1	0.5	1	0	0.6	112.666666667
11	5	1	0.5	1	0	0.9	195.083333333
11	5	1	0.5	1	0.5	0	63.1666666667
11	5	1	0.5	1	0.5	0.3	77.3095238095
11	5	1	0.5	1	0.5	0.6	112.666666667
11	5	1	0.5	1	0.5	0.9	195.083333333
11	5	1	0.5	1	1	0	63.1666666667
11	5	1	0.5	1	1	0.3	77.3095238095
11	5	1	0.5	1	1	0.6	112.666666667
11	5	1	0.5	1	1	0.9	195.083333333
11	5	1	1	0	0	0	63.1666666667
11	5	1	1	0	0	0.3	77.3095238095
11	5	1	1	0	0	0.6	112.666666667
11	5	1	1	0	0	0.9	195.083333333
11	5	1	1	0	0.5	0	63.1666666667
11	5	1	1	0	0.5	0.3	77.3095238095
11	5	1	1	0	0.5	0.6	112.666666667
11	5	1	1	0	0.5	0.9	195.083333333
11	5	1	1	0	1	0	63.1666666667
11	5	1	1	0	1	0.3	77.3095238095
11	5	1	1	0	1	0.6	112.666666667
11	5	1	1	0	1	0.9	195.083333333
11	5	1	1	0.5	0	0	63.1666666667
11	5	1	1	0.5	0	0.3	77.3095238095
11	5	1	1	0.5	0	0.6	112.666666667
11	5	1	1	0.5	0	0.9	195.083333333
11	5	1	1	0.5	0.5	0	63.1666666667
11	5	1	1	0.5	0.5	0.3	77.3095238095
11	5	1	1	0.5	0.5	0.6	112.666666667
11	5	1	1	0.5	0.5	0.9	195.083333333
11	5	1	1	0.5	1	0	63.1666666667
11	5	1	1	0.5	1	0.3	77.3095238095
11	5	1	1	0.5	1	0.6	112.666666667
11	5	1	1	0.5	1	0.9	195.083333333
11	5	1	1	1	0	0	63.1666666667
11	5	1	1	1	0	0.3	77.3095238095
11	5	1	1	1	0	0.6	112.666666667
11	5	1	1	1	0	0.9	195.083333333
11	5	1	1	1	0.5	0	63.1666666667
11	5	1	1	1	0.5	0.3	77.3095238095
11	5	1	1	1	0.5	0.6	112.666666667
11	5	1	1	1	0.5	0.9	195.083333333
11	5	1	1	1	1	0	63.1666666667
11	5	1	1	1	1	0.3	77.3095238095
11	5	1	1	1	1	0.6	112.666666667
11	5	1	1	1	1	0.9	195.083333333
11	10	0	0	0	0	0	63.1666666667
11	10	0	0	0	0	0.3	77.3095238095
11	10	0	0	0	0	0.6	112.666666667
11	10	0	0	0	0	0.9	195.083333333
11	10	0	0	0	0.5	0	63.1666666667
11	10	0	0	0	0.5	0.3	77.3095238095
11	10	0	0	0	0.5	0.6	112.666666667
11	10	0	0	0	0.5	0.9	195.083333333
11	10	0	0	0	1	0	63.1666666667
11	10	0	0	0	1	0.3	77.3095238095
11	10	0	0	0	1	0.6	112.666666667
11	10	0	0	0	1	0.9	195.083333333
11	10	0	0	0.5	0	0	63.1666666667
11	10	0	0	0.5	0	0.3	77.3095238095
11	10	0	0	0.5	0	0.6	112.666666667
11	10	0	0	0.5	0	0.9	195.083333333
11	10	0	0	0.5	0.5	0	63.1666666667
11	10	0	0	0.5	0.5	0.3	77.3095238095
11	10	0	0	0.5	0.5	0.6	112.666666667
11	10	0	0	0.5	0.5	0.9	195.083333333
11	10	0	0	0.5	1	0	63.1666666667
11	10	0	0	0.5	1	0.3	77.3095238095
11	10	0	0	0.5	1	0.6	112.666666667
11	10	0	0	0.5	1	0.9	195.083333333
11	10	0	0	1	0	0	63.1666666667
11	10	0	0	1	0	0.3	77.3095238095
11	10	0	0	1	0	0.6	112.666666667
11	10	0	0	1	0	0.9	195.083333333
11	10	0	0	1	0.5	0	63.1666666667
11	10	0	0	1	0.5	0.3	77.3095238095
11	10	0	0	1	0.5	0.6	112.666666667
11	10	0	0	1	0.5	0.9	195.083333333
11	10	0	0	1	1	0	63.1666666667
11	10	0	0	1	1	0.3	77.3095238095
11	10	0	0	1	1	0.6	112.666666667
11	10	0	0	1	1	0.9	195.083333333
11	10	0	0.5	0	0	0	63.1666666667
11	10	0	0.5	0	0	0.3	77.3095238095
11	10	0	0.5	0	0	0.6	112.666666667
11	10	0	0.5	0	0	0.9	195.083333333
11	10	0	0.5	0	0.5	0	63.1666666667
11	10	0	0.5	0	0.5	0.3	77.3095238095
11	10	0	0.5	0	0.5	0.6	112.666666667
11	10	0	0.5	0	0.5	0.9	195.083333333
11	10	0	0.5	0	1	0	63.1666666667
11	10	0	0.5	0	1	0.3	77.3095238095
11	10	0	0.5	0	1	0.6	112.666666667
11	10	0	0.5	0	1	0.9	195.083333333
11	10	0	0.5	0.5	0	0	63.1666666667
11	10	0	0.5	0.5	0	0.3	77.3095238095
11	10	0	0.5	0.5	0	0.6	112.666666667
11	10	0	0.5	0.5	0	0.9	195.083333333
11	10	0	0.5	0.5	0.5	0	63.1666666667
11	10	0	0.5	0.5	0.5	0.3	77.3095238095
11	10	0	0.5	0.5	0.5	0.6	112.666666667
11	10	0	0.5	0.5	0.5	0.9	195.083333333
11	10	0	0.5	0.5	1	0	63.1666666667
11	10	0	0.5	0.5	1	0.3	77.3095238095
11	10	0	0.5	0.5	1	0.6	112.666666667
11	10	0	0.5	0.5	1	0.9	195.083333333
11	10	0	0.5	1	0	0	63.1666666667
11	10	0	0.5	1	0	0.3	77.3095238095
11	10	0	0.5	1	0	0.6	112.666666667
11	10	0	0.5	1	0	0.9	195.083333333
11	10	0	0.5	1	0.5	0	63.1666666667
11	10	0	0.5	1	0.5	0.3	77.3095238095
11	10	0	0.5	1	0.5	0.6	112.666666667
11	10	0	0.5	1	0.5	0.9	195.083333333
11	10	0	0.5	1	1	0	63.1666666667
11	10	0	0.5	1	1	0.3	77.3095238095
11	10	0	0.5	1	1	0.6	112.666666667
11	10	0	0.5	1	1	0.9	195.083333333
11	10	0	1	0	0	0	63.1666666667
11	10	0	1	0	0	0.3	77.3095238095
11	10	0	1	0	0	0.6	112.666666667
11	10	0	1	0	0	0.9	195.083333333
11	10	0	1	0	0.5	0	63.1666666667
11	10	0	1	0	0.5	0.3	77.3095238095
11	10	0	1	0	0.5	0.6	112.666666667
11	10	0	1	0	0.5	0.9	195.083333333
11	10	0	1	0	1	0	63.1666666667
11	10	0	1	0	1	0.3	77.3095238095
11	10	0	1	0	1	0.6	112.666666667
11	10	0	1	0	1	0.9	195.083333333
11	10	0	1	0.5	0	0	63.1666666667
11	10	0	1	0.5	0	0.3	77.3095238095
11	10	0	1	0.5	0	0.6	112.666666667
11	10	0	1	0.5	0	0.9	195.083333333
11	10	0	1	0.5	0.5	0	63.1666666667
11	10	0	1	0.5	0.5	0.3	77.3095238095
11	10	0	1	0.5	0.5	0.6	112.666666667
11	10	0	1	0.5	0.5	0.9	195.083333333
11	10	0	1	0.5	1	0	63.1666666667
11	10	0	1	0.5	1	0.3	77.3095238095
11	10	0	1	0.5	1	0.6	112.666666667
11	10	0	1	0.5	1	0.9	195.083333333
11	10	0	1	1	0	0	63.1666666667
11	10	0	1	1	0	0.3	77.3095238095
11	10	0	1	1	0	0.6	112.666666667
11	10	0	1	1	0	0.9	195.083333333
11	10	0	1	1	0.5	0	63.1666666667
11	10	0	1	1	0.5	0.3	77.3095238095
11	10	0	1	1	0.5	0.6	112.666666667
11	10	0	1	1	0.5	0.9	195.083333333
11	10	0	1	1	1	0	63.1666666667
11	10	0	1	1	1	0.3	77.3095238095
11	10	0	1	1	1	0.6	112.666666667
11	10	0	1	1	1	0.9	195.083333333
11	10	0.5	0	0	0	0	63.1666666667
11	10	0.5	0	0	0	0.3	77.3095238095
11	10	0.5	0	0	0	0.6	112.666666667
11	10	0.5	0	0	0	0.9	195.083333333
11	10	0.5	0	0	0.5	0	63.1666666667
11	10	0.5	0	0	0.5	0.3	77.3095238095
11	10	0.5	0	0	0.5	0.6	112.666666667
11	10	0.5	0	0	0.5	0.9	195.083333333
11	10	0.5	0	0	1	0	63.1666666667
11	10	0.5	0	0	1	0.3	77.3095238095
11	10	0.5	0	0	1	0.6	112.666666667
11	10	0.5	0	0	1	0.9	195.083333333
11	10	0.5	0	0.5	0	0	63.1666666667
11	10	0.5	0	0.5	0	0.3	77.3095238095
11	10	0.5	0	0.5	0	0.6	112.666666667
11	10	0.5	0	0.5	0	0.9	195.083333333
11	10	0.5	0	0.5	0.5	0	63.1666666667
11	10	0.5	0	0.5	0.5	0.3	77.3095238095
11	10	0.5	0	0.5	0.5	0.6	112.666666667
11	10	0.5	0	0.5	0.5	0.9	195.083333333
11	10	0.5	0	0.5	1	0	63.1666666667
11	10	0.5	0	0.5	1	0.3	77.3095238095
11	10	0.5	0	0.5	1	0.6	112.666666667
11	10	0.5	0	0.5	1	0.9	195.083333333
11	10	0.5	0	1	0	0	63.1666666667
11	10	0.5	0	1	0	0.3	77.3095238095
11	10	0.5	0	1	0	0.6	112.666666667
11	10	0.5	0	1	0	0.9	195.083333333
11	10	0.5	0	1	0.5	0	63.1666666667
11	10	0.5	0	1	0.5	0.3	77.3095238095
11	10	0.5	0	1	0.5	0.6	112.666666667
11	10	0.5	0	1	0.5	0.9	195.083333333
11	10	0.5	0	1	1	0	63.1666666667
11	10	0.5	0	1	1	0.3	77.3095238095
11	10	0.5	0	1	1	0.6	112.666666667
11	10	0.5	0	1	1	0.9	195.083333333
11	10	0.5	0.5	0	0	0	63.1666666667
11	10	0.5	0.5	0	0	0.3	77.3095238095
11	10	0.5	0.5	0	0	0.6	112.666666667
11	10	0.5	0.5	0	0	0.9	195.083333333
11	10	0.5	0.5	0	0.5	0	63.1666666667
11	10	0.5	0.5	0	0.5	0.3	77.3095238095
11	10	0.5	0.5	0	0.5	0.6	112.666666667
11	10	0.5	0.5	0	0.5	0.9	195.083333333
11	10	0.5	0.5	0	1	0	63.1666666667
11	10	0.5	0.5	0	1	0.3	77.3095238095
11	10	0.5	0.5	0	1	0.6	112.666666667
11	10	0.5	0.5	0	1	0.9	195.083333333
11	10	0.5	0.5	0.5	0	0	63.1666666667
11	10	0.5	0.5	0.5	0	0.3	77.3095238095
11	10	0.5	0.5	0.5	0	0.6	112.666666667
11	10	0.5	0.5	0.5	0	0.9	195.083333333
11	10	0.5	0.5	0.5	0.5	0	63.1666666667
11	10	0.5	0.5	0.5	0.5	0.3	77.3095238095
11	10	0.5	0.5	0.5	0.5	0.6	112.666666667
11	10	0.5	0.5	0.5	0.5	0.9	195.083333333
11	10	0.5	0.5	0.5	1	0	63.1666666667
11	10	0.5	0.5	0.5	1	0.3	77.3095238095
11	10	0.5	0.5	0.5	1	0.6	112.666666667
11	10	0.5	0.5	0.5	1	0.9	195.083333333
11	10	0.5	0.5	1	0	0	63.1666666667
11	10	0.5	0.5	1	0	0.3	77.3095238095
11	10	0.5	0.5	1	0	0.6	112.666666667
11	10	0.5	0.5	1	0	0.9	195.083333333
11	10	0.5	0.5	1	0.5	0	63.1666666667
11	10	0.5	0.5	1	0.5	0.3	77.3095238095
11	10	0.5	0.5	1	0.5	0.6	112.666666667
11	10	0.5	0.5	1	0.5	0.9	195.083333333
11	10	0.5	0.5	1	1	0	63.1666666667
11	10	0.5	0.5	1	1	0.3	77.3095238095
11	10	0.5	0.5	1	1	0.6	112.666666667
11	10	0.5	0.5	1	1	0.9	195.083333333
11	10	0.5	1	0	0	0	63.1666666667
11	10	0.5	1	0	0	0.3	77.3095238095
11	10	0.5	1	0	0	0.6	112.666666667
11	10	0.5	1	0	0	0.9	195.083333333
11	10	0.5	1	0	0.5	0	63.1666666667
11	10	0.5	1	0	0.5	0.3	77.3095238095
11	10	0.5	1	0	0.5	0.6	112.666666667
11	10	0.5	1	0	0.5	0.9	195.083333333
11	10	0.5	1	0	1	0	63.1666666667
11	10	0.5	1	0	1	0.3	77.3095238095
11	10	0.5	1	0	1	0.6	112.666666667
11	10	0.5	1	0	1	0.9	195.083333333
11	10	0.5	1	0.5	0	0	63.1666666667
11	10	0.5	1	0.5	0	0.3	77.3095238095
11	10	0.5	1	0.5	0	0.6	112.666666667
11	10	0.5	1	0.5	0	0.9	195.083333333
11	10	0.5	1	0.5	0.5	0	63.1666666667
11	10	0.5	1	0.5	0.5	0.3	77.3095238095
11	10	0.5	1	0.5	0.5	0.6	112.666666667
11	10	0.5	1	0.5	0.5	0.9	195.083333333
11	10	0.5	1	0.5	1	0	63.1666666667
11	10	0.5	1	0.5	1	0.3	77.3095238095
11	10	0.5	1	0.5	1	0.6	112.666666667
11	10	0.5	1	0.5	1	0.9	195.083333333
11	10	0.5	1	1	0	0	63.1666666667
11	10	0.5	1	1	0	0.3	77.3095238095
11	10	0.5	1	1	0	0.6	112.666666667
11	10	0.5	1	1	0	0.9	195.083333333
11	10	0.5	1	1	0.5	0	63.1666666667
11	10	0.5	1	1	0.5	0.3	77.3095238095
11	10	0.5	1	1	0.5	0.6	112.666666667
11	10	0.5	1	1	0.5	0.9	195.083333333
11	10	0.5	1	1	1	0	63.1666666667
11	10	0.5	1	1	1	0.3	77.3095238095
11	10	0.5	1	1	1	0.6	112.666666667
11	10	0.5	1	1	1	0.9	195.083333333
11	10	1	0	0	0	0	63.1666666667
11	10	1	0	0	0	0.3	77.3095238095
11	10	1	0	0	0	0.6	112.666666667
11	10	1	0	0	0	0.9	195.083333333
11	10	1	0	0	0.5	0	63.1666666667
11	10	1	0	0	0.5	0.3	77.3095238095
11	10	1	0	0	0.5	0.6	112.666666667
11	10	1	0	0	0.5	0.9	195.083333333
11	10	1	0	0	1	0	63.1666666667
11	10	1	0	0	1	0.3	77.3095238095
11	10	1	0	0	1	0.6	112.666666667
11	10	1	0	0	1	0.9	195.083333333
11	10	1	0	0.5	0	0	63.1666666667
11	10	1	0	0.5	0	0.3	77.3095238095
11	10	1	0	0.5	0	0.6	112.666666667
11	10	1	0	0.5	0	0.9	195.083333333
11	10	1	0	0.5	0.5	0	63.1666666667
11	10	1	0	0.5	0.5	0.3	77.3095238095
11	10	1	0	0.5	0.5	0.6	112.666666667
11	10	1	0	0.5	0.5	0.9	195.083333333
11	10	1	0	0.5	1	0	63.1666666667
11	10	1	0	0.5	1	0.3	77.3095238095
11	10	1	0	0.5	1	0.6	112.666666667
11	10	1	0	0.5	1	0.9	195.083333333
11	10	1	0	1	0	0	63.1666666667
11	10	1	0	1	0	0.3	77.3095238095
11	10	1	0	1	0	0.6	112.666666667
11	10	1	0	1	0	0.9	195.083333333
11	10	1	0	1	0.5	0	63.1666666667
11	10	1	0	1	0.5	0.3	77.3095238095
11	10	1	0	1	0.5	0.6	112.666666667
11	10	1	0	1	0.5	0.9	195.083333333
11	10	1	0	1	1	0	63.1666666667
11	10	1	0	1	1	0.3	77.3095238095
11	10	1	0	1	1	0.6	112.666666667
11	10	1	0	1	1	0.9	195.083333333
11	10	1	0.5	0	0	0	63.1666666667
11	10	1	0.5	0	0	0.3	77.3095238095
11	10	1	0.5	0	0	0.6	112.666666667
11	10	1	0.5	0	0	0.9	195.083333333
11	10	1	0.5	0	0.5	0	63.1666666667
11	10	1	0.5	0	0.5	0.3	77.3095238095
11	10	1	0.5	0	0.5	0.6	112.666666667
11	10	1	0.5	0	0.5	0.9	195.083333333
11	10	1	0.5	0	1	0	63.1666666667
11	10	1	0.5	0	1	0.3	77.3095238095
11	10	1	0.5	0	1	0.6	112.666666667
11	10	1	0.5	0	1	0.9	195.083333333
11	10	1	0.5	0.5	0	0	63.1666666667
11	10	1	0.5	0.5	0	0.3	77.3095238095
11	10	1	0.5	0.5	0	0.6	112.666666667
11	10	1	0.5	0.5	0	0.9	195.083333333
11	10	1	0.5	0.5	0.5	0	63.1666666667
11	10	1	0.5	0.5	0.5	0.3	77.3095238095
11	10	1	0.5	0.5	0.5	0.6	112.666666667
11	10	1	0.5	0.5	0.5	0.9	195.083333333
11	10	1	0.5	0.5	1	0	63.1666666667
11	10	1	0.5	0.5	1	0.3	77.3095238095
11	10	1	0.5	0.5	1	0.6	112.666666667
11	10	1	0.5	0.5	1	0.9	195.083333333
11	10	1	0.5	1	0	0	63.1666666667
11	10	1	0.5	1	0	0.3	77.3095238095
11	10	1	0.5	1	0	0.6	112.666666667
11	10	1	0.5	1	0	0.9	195.083333333
11	10	1	0.5	1	0.5	0	63.1666666667
11	10	1	0.5	1	0.5	0.3	77.3095238095
11	10	1	0.5	1	0.5	0.6	112.666666667
11	10	1	0.5	1	0.5	0.9	195.083333333
11	10	1	0.5	1	1	0	63.1666666667
11	10	1	0.5	1	1	0.3	77.3095238095
11	10	1	0.5	1	1	0.6	112.666666667
11	10	1	0.5	1	1	0.9	195.083333333
11	10	1	1	0	0	0	63.1666666667
11	10	1	1	0	0	0.3	77.3095238095
11	10	1	1	0	0	0.6	112.666666667
11	10	1	1	0	0	0.9	195.083333333
11	10	1	1	0	0.5	0	63.1666666667
11	10	1	1	0	0.5	0.3	77.3095238095
11	10	1	1	0	0.5	0.6	112.666666667
11	10	1	1	0	0.5	0.9	195.083333333
11	10	1	1	0	1	0	63.1666666667
11	10	1	1	0	1	0.3	77.3095238095
11	10	1	1	0	1	0.6	112.666666667
11	10	1	1	0	1	0.9	195.083333333
11	10	1	1	0.5	0	0	63.1666666667
11	10	1	1	0.5	0	0.3	77.3095238095
11	10	1	1	0.5	0	0.6	112.666666667
11	10	1	1	0.5	0	0.9	195.083333333
11	10	1	1	0.5	0.5	0	63.1666666667
11	10	1	1	0.5	0.5	0.3	77.3095238095
11	10	1	1	0.5	0.5	0.6	112.666666667
11	10	1	1	0.5	0.5	0.9	195.083333333
11	10	1	1	0.5	1	0	63.1666666667
11	10	1	1	0.5	1	0.3	77.3095238095
11	10	1	1	0.5	1	0.6	112.666666667
11	10	1	1	0.5	1	0.9	195.083333333
11	10	1	1	1	0	0	63.1666666667
11	10	1	1	1	0	0.3	77.3095238095
11	10	1	1	1	0	0.6	112.666666667
11	10	1	1	1	0	0.9	195.083333333
11	10	1	1	1	0.5	0	63.1666666667
11	10	1	1	1	0.5	0.3	77.3095238095
11	10	1	1	1	0.5	0.6	112.666666667
11	10	1	1	1	0.5	0.9	195.083333333
11	10	1	1	1	1	0	63.1666666667
11	10	1	1	1	1	0.3	77.3095238095
11	10	1	1	1	1	0.6	112.666666667
11	10	1	1	1	1	0.9	195.083333333
11	15	0	0	0	0	0	63.1666666667
11	15	0	0	0	0	0.3	77.3095238095
11	15	0	0	0	0	0.6	112.666666667
11	15	0	0	0	0	0.9	195.083333333
11	15	0	0	0	0.5	0	63.1666666667
11	15	0	0	0	0.5	0.3	77.3095238095
11	15	0	0	0	0.5	0.6	112.666666667
11	15	0	0	0	0.5	0.9	195.083333333
11	15	0	0	0	1	0	63.1666666667
11	15	0	0	0	1	0.3	77.3095238095
11	15	0	0	0	1	0.6	112.666666667
11	15	0	0	0	1	0.9	195.083333333
11	15	0	0	0.5	0	0	63.1666666667
11	15	0	0	0.5	0	0.3	77.3095238095
11	15	0	0	0.5	0	0.6	112.666666667
11	15	0	0	0.5	0	0.9	195.083333333
11	15	0	0	0.5	0.5	0	63.1666666667
11	15	0	0	0.5	0.5	0.3	77.3095238095
11	15	0	0	0.5	0.5	0.6	112.666666667
11	15	0	0	0.5	0.5	0.9	195.083333333
11	15	0	0	0.5	1	0	63.1666666667
11	15	0	0	0.5	1	0.3	77.3095238095
11	15	0	0	0.5	1	0.6	112.666666667
11	15	0	0	0.5	1	0.9	195.083333333
11	15	0	0	1	0	0	63.1666666667
11	15	0	0	1	0	0.3	77.3095238095
11	15	0	0	1	0	0.6	112.666666667
11	15	0	0	1	0	0.9	195.083333333
11	15	0	0	1	0.5	0	63.1666666667
11	15	0	0	1	0.5	0.3	77.3095238095
11	15	0	0	1	0.5	0.6	112.666666667
11	15	0	0	1	0.5	0.9	195.083333333
11	15	0	0	1	1	0	63.1666666667
11	15	0	0	1	1	0.3	77.3095238095
11	15	0	0	1	1	0.6	112.666666667
11	15	0	0	1	1	0.9	195.083333333
11	15	0	0.5	0	0	0	63.1666666667
11	15	0	0.5	0	0	0.3	77.3095238095
11	15	0	0.5	0	0	0.6	112.666666667
11	15	0	0.5	0	0	0.9	195.083333333
11	15	0	0.5	0	0.5	0	63.1666666667
11	15	0	0.5	0	0.5	0.3	77.3095238095
11	15	0	0.5	0	0.5	0.6	112.666666667
11	15	0	0.5	0	0.5	0.9	195.083333333
11	15	0	0.5	0	1	0	63.1666666667
11	15	0	0.5	0	1	0.3	77.3095238095
11	15	0	0.5	0	1	0.6	112.666666667
11	15	0	0.5	0	1	0.9	195.083333333
11	15	0	0.5	0.5	0	0	63.1666666667
11	15	0	0.5	0.5	0	0.3	77.3095238095
11	15	0	0.5	0.5	0	0.6	112.666666667
11	15	0	0.5	0.5	0	0.9	195.083333333
11	15	0	0.5	0.5	0.5	0	63.1666666667
11	15	0	0.5	0.5	0.5	0.3	77.3095238095
11	15	0	0.5	0.5	0.5	0.6	112.666666667
11	15	0	0.5	0.5	0.5	0.9	195.083333333
11	15	0	0.5	0.5	1	0	63.1666666667
11	15	0	0.5	0.5	1	0.3	77.3095238095
11	15	0	0.5	0.5	1	0.6	112.666666667
11	15	0	0.5	0.5	1	0.9	195.083333333
11	15	0	0.5	1	0	0	63.1666666667
11	15	0	0.5	1	0	0.3	77.3095238095
11	15	0	0.5	1	0	0.6	112.666666667
11	15	0	0.5	1	0	0.9	195.083333333
11	15	0	0.5	1	0.5	0	63.1666666667
11	15	0	0.5	1	0.5	0.3	77.3095238095
11	15	0	0.5	1	0.5	0.6	112.666666667
11	15	0	0.5	1	0.5	0.9	195.083333333
11	15	0	0.5	1	1	0	63.1666666667
11	15	0	0.5	1	1	0.3	77.3095238095
11	15	0	0.5	1	1	0.6	112.666666667
11	15	0	0.5	1	1	0.9	195.083333333
11	15	0	1	0	0	0	63.1666666667
11	15	0	1	0	0	0.3	77.3095238095
11	15	0	1	0	0	0.6	112.666666667
11	15	0	1	0	0	0.9	195.083333333
11	15	0	1	0	0.5	0	63.1666666667
11	15	0	1	0	0.5	0.3	77.3095238095
11	15	0	1	0	0.5	0.6	112.666666667
11	15	0	1	0	0.5	0.9	195.083333333
11	15	0	1	0	1	0	63.1666666667
11	15	0	1	0	1	0.3	77.3095238095
11	15	0	1	0	1	0.6	112.666666667
11	15	0	1	0	1	0.9	195.083333333
11	15	0	1	0.5	0	0	63.1666666667
11	15	0	1	0.5	0	0.3	77.3095238095
11	15	0	1	0.5	0	0.6	112.666666667
11	15	0	1	0.5	0	0.9	195.083333333
11	15	0	1	0.5	0.5	0	63.1666666667
11	15	0	1	0.5	0.5	0.3	77.3095238095
11	15	0	1	0.5	0.5	0.6	112.666666667
11	15	0	1	0.5	0.5	0.9	195.083333333
11	15	0	1	0.5	1	0	63.1666666667
11	15	0	1	0.5	1	0.3	77.3095238095
11	15	0	1	0.5	1	0.6	112.666666667
11	15	0	1	0.5	1	0.9	195.083333333
11	15	0	1	1	0	0	63.1666666667
11	15	0	1	1	0	0.3	77.3095238095
11	15	0	1	1	0	0.6	112.666666667
11	15	0	1	1	0	0.9	195.083333333
11	15	0	1	1	0.5	0	63.1666666667
11	15	0	1	1	0.5	0.3	77.3095238095
11	15	0	1	1	0.5	0.6	112.666666667
11	15	0	1	1	0.5	0.9	195.083333333
11	15	0	1	1	1	0	63.1666666667
11	15	0	1	1	1	0.3	77.3095238095
11	15	0	1	1	1	0.6	112.666666667
11	15	0	1	1	1	0.9	195.083333333
11	15	0.5	0	0	0	0	63.1666666667
11	15	0.5	0	0	0	0.3	77.3095238095
11	15	0.5	0	0	0	0.6	112.666666667
11	15	0.5	0	0	0	0.9	195.083333333
11	15	0.5	0	0	0.5	0	63.1666666667
11	15	0.5	0	0	0.5	0.3	77.3095238095
11	15	0.5	0	0	0.5	0.6	112.666666667
11	15	0.5	0	0	0.5	0.9	195.083333333
11	15	0.5	0	0	1	0	63.1666666667
11	15	0.5	0	0	1	0.3	77.3095238095
11	15	0.5	0	0	1	0.6	112.666666667
11	15	0.5	0	0	1	0.9	195.083333333
11	15	0.5	0	0.5	0	0	63.1666666667
11	15	0.5	0	0.5	0	0.3	77.3095238095
11	15	0.5	0	0.5	0	0.6	112.666666667
11	15	0.5	0	0.5	0	0.9	195.083333333
11	15	0.5	0	0.5	0.5	0	63.1666666667
11	15	0.5	0	0.5	0.5	0.3	77.3095238095
11	15	0.5	0	0.5	0.5	0.6	112.666666667
11	15	0.5	0	0.5	0.5	0.9	195.083333333
11	15	0.5	0	0.5	1	0	63.1666666667
11	15	0.5	0	0.5	1	0.3	77.3095238095
11	15	0.5	0	0.5	1	0.6	112.666666667
11	15	0.5	0	0.5	1	0.9	195.083333333
11	15	0.5	0	1	0	0	63.1666666667
11	15	0.5	0	1	0	0.3	77.3095238095
11	15	0.5	0	1	0	0.6	112.666666667
11	15	0.5	0	1	0	0.9	195.083333333
11	15	0.5	0	1	0.5	0	63.1666666667
11	15	0.5	0	1	0.5	0.3	77.3095238095
11	15	0.5	0	1	0.5	0.6	112.666666667
11	15	0.5	0	1	0.5	0.9	195.083333333
11	15	0.5	0	1	1	0	63.1666666667
11	15	0.5	0	1	1	0.3	77.3095238095
11	15	0.5	0	1	1	0.6	112.666666667
11	15	0.5	0	1	1	0.9	195.083333333
11	15	0.5	0.5	0	0	0	63.1666666667
11	15	0.5	0.5	0	0	0.3	77.3095238095
11	15	0.5	0.5	0	0	0.6	112.666666667
11	15	0.5	0.5	0	0	0.9	195.083333333
11	15	0.5	0.5	0	0.5	0	63.1666666667
11	15	0.5	0.5	0	0.5	0.3	77.3095238095
11	15	0.5	0.5	0	0.5	0.6	112.666666667
11	15	0.5	0.5	0	0.5	0.9	195.083333333
11	15	0.5	0.5	0	1	0	63.1666666667
11	15	0.5	0.5	0	1	0.3	77.3095238095
11	15	0.5	0.5	0	1	0.6	112.666666667
11	15	0.5	0.5	0	1	0.9	195.083333333
11	15	0.5	0.5	0.5	0	0	63.1666666667
11	15	0.5	0.5	0.5	0	0.3	77.3095238095
11	15	0.5	0.5	0.5	0	0.6	112.666666667
11	15	0.5	0.5	0.5	0	0.9	195.083333333
11	15	0.5	0.5	0.5	0.5	0	63.1666666667
11	15	0.5	0.5	0.5	0.5	0.3	77.3095238095
11	15	0.5	0.5	0.5	0.5	0.6	112.666666667
11	15	0.5	0.5	0.5	0.5	0.9	195.083333333
11	15	0.5	0.5	0.5	1	0	63.1666666667
11	15	0.5	0.5	0.5	1	0.3	77.3095238095
11	15	0.5	0.5	0.5	1	0.6	112.666666667
11	15	0.5	0.5	0.5	1	0.9	195.083333333
11	15	0.5	0.5	1	0	0	63.1666666667
11	15	0.5	0.5	1	0	0.3	77.3095238095
11	15	0.5	0.5	1	0	0.6	112.666666667
11	15	0.5	0.5	1	0	0.9	195.083333333
11	15	0.5	0.5	1	0.5	0	63.1666666667
11	15	0.5	0.5	1	0.5	0.3	77.3095238095
11	15	0.5	0.5	1	0.5	0.6	112.666666667
11	15	0.5	0.5	1	0.5	0.9	195.083333333
11	15	0.5	0.5	1	1	0	63.1666666667
11	15	0.5	0.5	1	1	0.3	77.3095238095
11	15	0.5	0.5	1	1	0.6	112.666666667
11	15	0.5	0.5	1	1	0.9	195.083333333
11	15	0.5	1	0	0	0	63.1666666667
11	15	0.5	1	0	0	0.3	77.3095238095
11	15	0.5	1	0	0	0.6	112.666666667
11	15	0.5	1	0	0	0.9	195.083333333
11	15	0.5	1	0	0.5	0	63.1666666667
11	15	0.5	1	0	0.5	0.3	77.3095238095
11	15	0.5	1	0	0.5	0.6	112.666666667
11	15	0.5	1	0	0.5	0.9	195.083333333
11	15	0.5	1	0	1	0	63.1666666667
11	15	0.5	1	0	1	0.3	77.3095238095
11	15	0.5	1	0	1	0.6	112.666666667
11	15	0.5	1	0	1	0.9	195.083333333
11	15	0.5	1	0.5	0	0	63.1666666667
11	15	0.5	1	0.5	0	0.3	77.3095238095
11	15	0.5	1	0.5	0	0.6	112.666666667
11	15	0.5	1	0.5	0	0.9	195.083333333
11	15	0.5	1	0.5	0.5	0	63.1666666667
11	15	0.5	1	0.5	0.5	0.3	77.3095238095
11	15	0.5	1	0.5	0.5	0.6	112.666666667
11	15	0.5	1	0.5	0.5	0.9	195.083333333
11	15	0.5	1	0.5	1	0	63.1666666667
11	15	0.5	1	0.5	1	0.3	77.3095238095
11	15	0.5	1	0.5	1	0.6	112.666666667
11	15	0.5	1	0.5	1	0.9	195.083333333
11	15	0.5	1	1	0	0	63.1666666667
11	15	0.5	1	1	0	0.3	77.3095238095
11	15	0.5	1	1	0	0.6	112.666666667
11	15	0.5	1	1	0	0.9	195.083333333
11	15	0.5	1	1	0.5	0	63.1666666667
11	15	0.5	1	1	0.5	0.3	77.3095238095
11	15	0.5	1	1	0.5	0.6	112.666666667
11	15	0.5	1	1	0.5	0.9	195.083333333
11	15	0.5	1	1	1	0	63.1666666667
11	15	0.5	1	1	1	0.3	77.3095238095
11	15	0.5	1	1	1	0.6	112.666666667
11	15	0.5	1	1	1	0.9	195.083333333
11	15	1	0	0	0	0	63.1666666667
11	15	1	0	0	0	0.3	77.3095238095
11	15	1	0	0	0	0.6	112.666666667
11	15	1	0	0	0	0.9	195.083333333
11	15	1	0	0	0.5	0	63.1666666667
11	15	1	0	0	0.5	0.3	77.3095238095
11	15	1	0	0	0.5	0.6	112.666666667
11	15	1	0	0	0.5	0.9	195.083333333
11	15	1	0	0	1	0	63.1666666667
11	15	1	0	0	1	0.3	77.3095238095
11	15	1	0	0	1	0.6	112.666666667
11	15	1	0	0	1	0.9	195.083333333
11	15	1	0	0.5	0	0	63.1666666667
11	15	1	0	0.5	0	0.3	77.3095238095
11	15	1	0	0.5	0	0.6	112.666666667
11	15	1	0	0.5	0	0.9	195.083333333
11	15	1	0	0.5	0.5	0	63.1666666667
11	15	1	0	0.5	0.5	0.3	77.3095238095
11	15	1	0	0.5	0.5	0.6	112.666666667
11	15	1	0	0.5	0.5	0.9	195.083333333
11	15	1	0	0.5	1	0	63.1666666667
11	15	1	0	0.5	1	0.3	77.3095238095
11	15	1	0	0.5	1	0.6	112.666666667
11	15	1	0	0.5	1	0.9	195.083333333
11	15	1	0	1	0	0	63.1666666667
11	15	1	0	1	0	0.3	77.3095238095
11	15	1	0	1	0	0.6	112.666666667
11	15	1	0	1	0	0.9	195.083333333
11	15	1	0	1	0.5	0	63.1666666667
11	15	1	0	1	0.5	0.3	77.3095238095
11	15	1	0	1	0.5	0.6	112.666666667
11	15	1	0	1	0.5	0.9	195.083333333
11	15	1	0	1	1	0	63.1666666667
11	15	1	0	1	1	0.3	77.3095238095
11	15	1	0	1	1	0.6	112.666666667
11	15	1	0	1	1	0.9	195.083333333
11	15	1	0.5	0	0	0	63.1666666667
11	15	1	0.5	0	0	0.3	77.3095238095
11	15	1	0.5	0	0	0.6	112.666666667
11	15	1	0.5	0	0	0.9	195.083333333
11	15	1	0.5	0	0.5	0	63.1666666667
11	15	1	0.5	0	0.5	0.3	77.3095238095
11	15	1	0.5	0	0.5	0.6	112.666666667
11	15	1	0.5	0	0.5	0.9	195.083333333
11	15	1	0.5	0	1	0	63.1666666667
11	15	1	0.5	0	1	0.3	77.3095238095
11	15	1	0.5	0	1	0.6	112.666666667
11	15	1	0.5	0	1	0.9	195.083333333
11	15	1	0.5	0.5	0	0	63.1666666667
11	15	1	0.5	0.5	0	0.3	77.3095238095
11	15	1	0.5	0.5	0	0.6	112.666666667
11	15	1	0.5	0.5	0	0.9	195.083333333
11	15	1	0.5	0.5	0.5	0	63.1666666667
11	15	1	0.5	0.5	0.5	0.3	77.3095238095
11	15	1	0.5	0.5	0.5	0.6	112.666666667
11	15	1	0.5	0.5	0.5	0.9	195.083333333
11	15	1	0.5	0.5	1	0	63.1666666667
11	15	1	0.5	0.5	1	0.3	77.3095238095
11	15	1	0.5	0.5	1	0.6	112.666666667
11	15	1	0.5	0.5	1	0.9	195.083333333
11	15	1	0.5	1	0	0	63.1666666667
11	15	1	0.5	1	0	0.3	77.3095238095
11	15	1	0.5	1	0	0.6	112.666666667
11	15	1	0.5	1	0	0.9	195.083333333
11	15	1	0.5	1	0.5	0	63.1666666667
11	15	1	0.5	1	0.5	0.3	77.3095238095
11	15	1	0.5	1	0.5	0.6	112.666666667
11	15	1	0.5	1	0.5	0.9	195.083333333
11	15	1	0.5	1	1	0	63.1666666667
11	15	1	0.5	1	1	0.3	77.3095238095
11	15	1	0.5	1	1	0.6	112.666666667
11	15	1	0.5	1	1	0.9	195.083333333
11	15	1	1	0	0	0	63.1666666667
11	15	1	1	0	0	0.3	77.3095238095
11	15	1	1	0	0	0.6	112.666666667
11	15	1	1	0	0	0.9	195.083333333
11	15	1	1	0	0.5	0	63.1666666667
11	15	1	1	0	0.5	0.3	77.3095238095
11	15	1	1	0	0.5	0.6	112.666666667
11	15	1	1	0	0.5	0.9	195.083333333
11	15	1	1	0	1	0	63.1666666667
11	15	1	1	0	1	0.3	77.3095238095
11	15	1	1	0	1	0.6	112.666666667
11	15	1	1	0	1	0.9	195.083333333
11	15	1	1	0.5	0	0	63.1666666667
11	15	1	1	0.5	0	0.3	77.3095238095
11	15	1	1	0.5	0	0.6	112.666666667
11	15	1	1	0.5	0	0.9	195.083333333
11	15	1	1	0.5	0.5	0	63.1666666667
11	15	1	1	0.5	0.5	0.3	77.3095238095
11	15	1	1	0.5	0.5	0.6	112.666666667
11	15	1	1	0.5	0.5	0.9	195.083333333
11	15	1	1	0.5	1	0	63.1666666667
11	15	1	1	0.5	1	0.3	77.3095238095
11	15	1	1	0.5	1	0.6	112.666666667
11	15	1	1	0.5	1	0.9	195.083333333
11	15	1	1	1	0	0	63.1666666667
11	15	1	1	1	0	0.3	77.3095238095
11	15	1	1	1	0	0.6	112.666666667
11	15	1	1	1	0	0.9	195.083333333
11	15	1	1	1	0.5	0	63.1666666667
11	15	1	1	1	0.5	0.3	77.3095238095
11	15	1	1	1	0.5	0.6	112.666666667
11	15	1	1	1	0.5	0.9	195.083333333
11	15	1	1	1	1	0	63.1666666667
11	15	1	1	1	1	0.3	77.3095238095
11	15	1	1	1	1	0.6	112.666666667
11	15	1	1	1	1	0.9	195.083333333
11	20	0	0	0	0	0	63.1666666667
11	20	0	0	0	0	0.3	77.3095238095
11	20	0	0	0	0	0.6	112.666666667
11	20	0	0	0	0	0.9	195.083333333
11	20	0	0	0	0.5	0	63.1666666667
11	20	0	0	0	0.5	0.3	77.3095238095
11	20	0	0	0	0.5	0.6	112.666666667
11	20	0	0	0	0.5	0.9	195.083333333
11	20	0	0	0	1	0	63.1666666667
11	20	0	0	0	1	0.3	77.3095238095
11	20	0	0	0	1	0.6	112.666666667
11	20	0	0	0	1	0.9	195.083333333
11	20	0	0	0.5	0	0	63.1666666667
11	20	0	0	0.5	0	0.3	77.3095238095
11	20	0	0	0.5	0	0.6	112.666666667
11	20	0	0	0.5	0	0.9	195.083333333
11	20	0	0	0.5	0.5	0	63.1666666667
11	20	0	0	0.5	0.5	0.3	77.3095238095
11	20	0	0	0.5	0.5	0.6	112.666666667
11	20	0	0	0.5	0.5	0.9	195.083333333
11	20	0	0	0.5	1	0	63.1666666667
11	20	0	0	0.5	1	0.3	77.3095238095
11	20	0	0	0.5	1	0.6	112.666666667
11	20	0	0	0.5	1	0.9	195.083333333
11	20	0	0	1	0	0	63.1666666667
11	20	0	0	1	0	0.3	77.3095238095
11	20	0	0	1	0	0.6	112.666666667
11	20	0	0	1	0	0.9	195.083333333
11	20	0	0	1	0.5	0	63.1666666667
11	20	0	0	1	0.5	0.3	77.3095238095
11	20	0	0	1	0.5	0.6	112.666666667
11	20	0	0	1	0.5	0.9	195.083333333
11	20	0	0	1	1	0	63.1666666667
11	20	0	0	1	1	0.3	77.3095238095
11	20	0	0	1	1	0.6	112.666666667
11	20	0	0	1	1	0.9	195.083333333
11	20	0	0.5	0	0	0	63.1666666667
11	20	0	0.5	0	0	0.3	77.3095238095
11	20	0	0.5	0	0	0.6	112.666666667
11	20	0	0.5	0	0	0.9	195.083333333
11	20	0	0.5	0	0.5	0	63.1666666667
11	20	0	0.5	0	0.5	0.3	77.3095238095
11	20	0	0.5	0	0.5	0.6	112.666666667
11	20	0	0.5	0	0.5	0.9	195.083333333
11	20	0	0.5	0	1	0	63.1666666667
11	20	0	0.5	0	1	0.3	77.3095238095
11	20	0	0.5	0	1	0.6	112.666666667
11	20	0	0.5	0	1	0.9	195.083333333
11	20	0	0.5	0.5	0	0	63.1666666667
11	20	0	0.5	0.5	0	0.3	77.3095238095
11	20	0	0.5	0.5	0	0.6	112.666666667
11	20	0	0.5	0.5	0	0.9	195.083333333
11	20	0	0.5	0.5	0.5	0	63.1666666667
11	20	0	0.5	0.5	0.5	0.3	77.3095238095
11	20	0	0.5	0.5	0.5	0.6	112.666666667
11	20	0	0.5	0.5	0.5	0.9	195.083333333
11	20	0	0.5	0.5	1	0	63.1666666667
11	20	0	0.5	0.5	1	0.3	77.3095238095
11	20	0	0.5	0.5	1	0.6	112.666666667
11	20	0	0.5	0.5	1	0.9	195.083333333
11	20	0	0.5	1	0	0	63.1666666667
11	20	0	0.5	1	0	0.3	77.3095238095
11	20	0	0.5	1	0	0.6	112.666666667
11	20	0	0.5	1	0	0.9	195.083333333
11	20	0	0.5	1	0.5	0	63.1666666667
11	20	0	0.5	1	0.5	0.3	77.3095238095
11	20	0	0.5	1	0.5	0.6	112.666666667
11	20	0	0.5	1	0.5	0.9	195.083333333
11	20	0	0.5	1	1	0	63.1666666667
11	20	0	0.5	1	1	0.3	77.3095238095
11	20	0	0.5	1	1	0.6	112.666666667
11	20	0	0.5	1	1	0.9	195.083333333
11	20	0	1	0	0	0	63.1666666667
11	20	0	1	0	0	0.3	77.3095238095
11	20	0	1	0	0	0.6	112.666666667
11	20	0	1	0	0	0.9	195.083333333
11	20	0	1	0	0.5	0	63.1666666667
11	20	0	1	0	0.5	0.3	77.3095238095
11	20	0	1	0	0.5	0.6	112.666666667
11	20	0	1	0	0.5	0.9	195.083333333
11	20	0	1	0	1	0	63.1666666667
11	20	0	1	0	1	0.3	77.3095238095
11	20	0	1	0	1	0.6	112.666666667
11	20	0	1	0	1	0.9	195.083333333
11	20	0	1	0.5	0	0	63.1666666667
11	20	0	1	0.5	0	0.3	77.3095238095
11	20	0	1	0.5	0	0.6	112.666666667
11	20	0	1	0.5	0	0.9	195.083333333
11	20	0	1	0.5	0.5	0	63.1666666667
11	20	0	1	0.5	0.5	0.3	77.3095238095
11	20	0	1	0.5	0.5	0.6	112.666666667
11	20	0	1	0.5	0.5	0.9	195.083333333
11	20	0	1	0.5	1	0	63.1666666667
11	20	0	1	0.5	1	0.3	77.3095238095
11	20	0	1	0.5	1	0.6	112.666666667
11	20	0	1	0.5	1	0.9	195.083333333
11	20	0	1	1	0	0	63.1666666667
11	20	0	1	1	0	0.3	77.3095238095
11	20	0	1	1	0	0.6	112.666666667
11	20	0	1	1	0	0.9	195.083333333
11	20	0	1	1	0.5	0	63.1666666667
11	20	0	1	1	0.5	0.3	77.3095238095
11	20	0	1	1	0.5	0.6	112.666666667
11	20	0	1	1	0.5	0.9	195.083333333
11	20	0	1	1	1	0	63.1666666667
11	20	0	1	1	1	0.3	77.3095238095
11	20	0	1	1	1	0.6	112.666666667
11	20	0	1	1	1	0.9	195.083333333
11	20	0.5	0	0	0	0	63.1666666667
11	20	0.5	0	0	0	0.3	77.3095238095
11	20	0.5	0	0	0	0.6	112.666666667
11	20	0.5	0	0	0	0.9	195.083333333
11	20	0.5	0	0	0.5	0	63.1666666667
11	20	0.5	0	0	0.5	0.3	77.3095238095
11	20	0.5	0	0	0.5	0.6	112.666666667
11	20	0.5	0	0	0.5	0.9	195.083333333
11	20	0.5	0	0	1	0	63.1666666667
11	20	0.5	0	0	1	0.3	77.3095238095
11	20	0.5	0	0	1	0.6	112.666666667
11	20	0.5	0	0	1	0.9	195.083333333
11	20	0.5	0	0.5	0	0	63.1666666667
11	20	0.5	0	0.5	0	0.3	77.3095238095
11	20	0.5	0	0.5	0	0.6	112.666666667
11	20	0.5	0	0.5	0	0.9	195.083333333
11	20	0.5	0	0.5	0.5	0	63.1666666667
11	20	0.5	0	0.5	0.5	0.3	77.3095238095
11	20	0.5	0	0.5	0.5	0.6	112.666666667
11	20	0.5	0	0.5	0.5	0.9	195.083333333
11	20	0.5	0	0.5	1	0	63.1666666667
11	20	0.5	0	0.5	1	0.3	77.3095238095
11	20	0.5	0	0.5	1	0.6	112.666666667
11	20	0.5	0	0.5	1	0.9	195.083333333
11	20	0.5	0	1	0	0	63.1666666667
11	20	0.5	0	1	0	0.3	77.3095238095
11	20	0.5	0	1	0	0.6	112.666666667
11	20	0.5	0	1	0	0.9	195.083333333
11	20	0.5	0	1	0.5	0	63.1666666667
11	20	0.5	0	1	0.5	0.3	77.3095238095
11	20	0.5	0	1	0.5	0.6	112.666666667
11	20	0.5	0	1	0.5	0.9	195.083333333
11	20	0.5	0	1	1	0	63.1666666667
11	20	0.5	0	1	1	0.3	77.3095238095
11	20	0.5	0	1	1	0.6	112.666666667
11	20	0.5	0	1	1	0.9	195.083333333
11	20	0.5	0.5	0	0	0	63.1666666667
11	20	0.5	0.5	0	0	0.3	77.3095238095
11	20	0.5	0.5	0	0	0.6	112.666666667
11	20	0.5	0.5	0	0	0.9	195.083333333
11	20	0.5	0.5	0	0.5	0	63.1666666667
11	20	0.5	0.5	0	0.5	0.3	77.3095238095
11	20	0.5	0.5	0	0.5	0.6	112.666666667
11	20	0.5	0.5	0	0.5	0.9	195.083333333
11	20	0.5	0.5	0	1	0	63.1666666667
11	20	0.5	0.5	0	1	0.3	77.3095238095
11	20	0.5	0.5	0	1	0.6	112.666666667
11	20	0.5	0.5	0	1	0.9	195.083333333
11	20	0.5	0.5	0.5	0	0	63.1666666667
11	20	0.5	0.5	0.5	0	0.3	77.3095238095
11	20	0.5	0.5	0.5	0	0.6	112.666666667
11	20	0.5	0.5	0.5	0	0.9	195.083333333
11	20	0.5	0.5	0.5	0.5	0	63.1666666667
11	20	0.5	0.5	0.5	0.5	0.3	77.3095238095
11	20	0.5	0.5	0.5	0.5	0.6	112.666666667
11	20	0.5	0.5	0.5	0.5	0.9	195.083333333
11	20	0.5	0.5	0.5	1	0	63.1666666667
11	20	0.5	0.5	0.5	1	0.3	77.3095238095
11	20	0.5	0.5	0.5	1	0.6	112.666666667
11	20	0.5	0.5	0.5	1	0.9	195.083333333
11	20	0.5	0.5	1	0	0	63.1666666667
11	20	0.5	0.5	1	0	0.3	77.3095238095
11	20	0.5	0.5	1	0	0.6	112.666666667
11	20	0.5	0.5	1	0	0.9	195.083333333
11	20	0.5	0.5	1	0.5	0	63.1666666667
11	20	0.5	0.5	1	0.5	0.3	77.3095238095
11	20	0.5	0.5	1	0.5	0.6	112.666666667
11	20	0.5	0.5	1	0.5	0.9	195.083333333
11	20	0.5	0.5	1	1	0	63.1666666667
11	20	0.5	0.5	1	1	0.3	77.3095238095
11	20	0.5	0.5	1	1	0.6	112.666666667
11	20	0.5	0.5	1	1	0.9	195.083333333
11	20	0.5	1	0	0	0	63.1666666667
11	20	0.5	1	0	0	0.3	77.3095238095
11	20	0.5	1	0	0	0.6	112.666666667
11	20	0.5	1	0	0	0.9	195.083333333
11	20	0.5	1	0	0.5	0	63.1666666667
11	20	0.5	1	0	0.5	0.3	77.3095238095
11	20	0.5	1	0	0.5	0.6	112.666666667
11	20	0.5	1	0	0.5	0.9	195.083333333
11	20	0.5	1	0	1	0	63.1666666667
11	20	0.5	1	0	1	0.3	77.3095238095
11	20	0.5	1	0	1	0.6	112.666666667
11	20	0.5	1	0	1	0.9	195.083333333
11	20	0.5	1	0.5	0	0	63.1666666667
11	20	0.5	1	0.5	0	0.3	77.3095238095
11	20	0.5	1	0.5	0	0.6	112.666666667
11	20	0.5	1	0.5	0	0.9	195.083333333
11	20	0.5	1	0.5	0.5	0	63.1666666667
11	20	0.5	1	0.5	0.5	0.3	77.3095238095
11	20	0.5	1	0.5	0.5	0.6	112.666666667
11	20	0.5	1	0.5	0.5	0.9	195.083333333
11	20	0.5	1	0.5	1	0	63.1666666667
11	20	0.5	1	0.5	1	0.3	77.3095238095
11	20	0.5	1	0.5	1	0.6	112.666666667
11	20	0.5	1	0.5	1	0.9	195.083333333
11	20	0.5	1	1	0	0	63.1666666667
11	20	0.5	1	1	0	0.3	77.3095238095
11	20	0.5	1	1	0	0.6	112.666666667
11	20	0.5	1	1	0	0.9	195.083333333
11	20	0.5	1	1	0.5	0	63.1666666667
11	20	0.5	1	1	0.5	0.3	77.3095238095
11	20	0.5	1	1	0.5	0.6	112.666666667
11	20	0.5	1	1	0.5	0.9	195.083333333
11	20	0.5	1	1	1	0	63.1666666667
11	20	0.5	1	1	1	0.3	77.3095238095
11	20	0.5	1	1	1	0.6	112.666666667
11	20	0.5	1	1	1	0.9	195.083333333
11	20	1	0	0	0	0	63.1666666667
11	20	1	0	0	0	0.3	77.3095238095
11	20	1	0	0	0	0.6	112.666666667
11	20	1	0	0	0	0.9	195.083333333
11	20	1	0	0	0.5	0	63.1666666667
11	20	1	0	0	0.5	0.3	77.3095238095
11	20	1	0	0	0.5	0.6	112.666666667
11	20	1	0	0	0.5	0.9	195.083333333
11	20	1	0	0	1	0	63.1666666667
11	20	1	0	0	1	0.3	77.3095238095
11	20	1	0	0	1	0.6	112.666666667
11	20	1	0	0	1	0.9	195.083333333
11	20	1	0	0.5	0	0	63.1666666667
11	20	1	0	0.5	0	0.3	77.3095238095
11	20	1	0	0.5	0	0.6	112.666666667
11	20	1	0	0.5	0	0.9	195.083333333
11	20	1	0	0.5	0.5	0	63.1666666667
11	20	1	0	0.5	0.5	0.3	77.3095238095
11	20	1	0	0.5	0.5	0.6	112.666666667
11	20	1	0	0.5	0.5	0.9	195.083333333
11	20	1	0	0.5	1	0	63.1666666667
11	20	1	0	0.5	1	0.3	77.3095238095
11	20	1	0	0.5	1	0.6	112.666666667
11	20	1	0	0.5	1	0.9	195.083333333
11	20	1	0	1	0	0	63.1666666667
11	20	1	0	1	0	0.3	77.3095238095
11	20	1	0	1	0	0.6	112.666666667
11	20	1	0	1	0	0.9	195.083333333
11	20	1	0	1	0.5	0	63.1666666667
11	20	1	0	1	0.5	0.3	77.3095238095
11	20	1	0	1	0.5	0.6	112.666666667
11	20	1	0	1	0.5	0.9	195.083333333
11	20	1	0	1	1	0	63.1666666667
11	20	1	0	1	1	0.3	77.3095238095
11	20	1	0	1	1	0.6	112.666666667
11	20	1	0	1	1	0.9	195.083333333
11	20	1	0.5	0	0	0	63.1666666667
11	20	1	0.5	0	0	0.3	77.3095238095
11	20	1	0.5	0	0	0.6	112.666666667
11	20	1	0.5	0	0	0.9	195.083333333
11	20	1	0.5	0	0.5	0	63.1666666667
11	20	1	0.5	0	0.5	0.3	77.3095238095
11	20	1	0.5	0	0.5	0.6	112.666666667
11	20	1	0.5	0	0.5	0.9	195.083333333
11	20	1	0.5	0	1	0	63.1666666667
11	20	1	0.5	0	1	0.3	77.3095238095
11	20	1	0.5	0	1	0.6	112.666666667
11	20	1	0.5	0	1	0.9	195.083333333
11	20	1	0.5	0.5	0	0	63.1666666667
11	20	1	0.5	0.5	0	0.3	77.3095238095
11	20	1	0.5	0.5	0	0.6	112.666666667
11	20	1	0.5	0.5	0	0.9	195.083333333
11	20	1	0.5	0.5	0.5	0	63.1666666667
11	20	1	0.5	0.5	0.5	0.3	77.3095238095
11	20	1	0.5	0.5	0.5	0.6	112.666666667
11	20	1	0.5	0.5	0.5	0.9	195.083333333
11	20	1	0.5	0.5	1	0	63.1666666667
11	20	1	0.5	0.5	1	0.3	77.3095238095
11	20	1	0.5	0.5	1	0.6	112.666666667
11	20	1	0.5	0.5	1	0.9	195.083333333
11	20	1	0.5	1	0	0	63.1666666667
11	20	1	0.5	1	0	0.3	77.3095238095
11	20	1	0.5	1	0	0.6	112.666666667
11	20	1	0.5	1	0	0.9	195.083333333
11	20	1	0.5	1	0.5	0	63.1666666667
11	20	1	0.5	1	0.5	0.3	77.3095238095
11	20	1	0.5	1	0.5	0.6	112.666666667
11	20	1	0.5	1	0.5	0.9	195.083333333
11	20	1	0.5	1	1	0	63.1666666667
11	20	1	0.5	1	1	0.3	77.3095238095
11	20	1	0.5	1	1	0.6	112.666666667
11	20	1	0.5	1	1	0.9	195.083333333
11	20	1	1	0	0	0	63.1666666667
11	20	1	1	0	0	0.3	77.3095238095
11	20	1	1	0	0	0.6	112.666666667
11	20	1	1	0	0	0.9	195.083333333
11	20	1	1	0	0.5	0	63.1666666667
11	20	1	1	0	0.5	0.3	77.3095238095
11	20	1	1	0	0.5	0.6	112.666666667
11	20	1	1	0	0.5	0.9	195.083333333
11	20	1	1	0	1	0	63.1666666667
11	20	1	1	0	1	0.3	77.3095238095
11	20	1	1	0	1	0.6	112.666666667
11	20	1	1	0	1	0.9	195.083333333
11	20	1	1	0.5	0	0	63.1666666667
11	20	1	1	0.5	0	0.3	77.3095238095
11	20	1	1	0.5	0	0.6	112.666666667
11	20	1	1	0.5	0	0.9	195.083333333
11	20	1	1	0.5	0.5	0	63.1666666667
11	20	1	1	0.5	0.5	0.3	77.3095238095
11	20	1	1	0.5	0.5	0.6	112.666666667
11	20	1	1	0.5	0.5	0.9	195.083333333
11	20	1	1	0.5	1	0	63.1666666667
11	20	1	1	0.5	1	0.3	77.3095238095
11	20	1	1	0.5	1	0.6	112.666666667
11	20	1	1	0.5	1	0.9	195.083333333
11	20	1	1	1	0	0	63.1666666667
11	20	1	1	1	0	0.3	77.3095238095
11	20	1	1	1	0	0.6	112.666666667
11	20	1	1	1	0	0.9	195.083333333
11	20	1	1	1	0.5	0	63.1666666667
11	20	1	1	1	0.5	0.3	77.3095238095
11	20	1	1	1	0.5	0.6	112.666666667
11	20	1	1	1	0.5	0.9	195.083333333
11	20	1	1	1	1	0	63.1666666667
11	20	1	1	1	1	0.3	77.3095238095
11	20	1	1	1	1	0.6	112.666666667
11	20	1	1	1	1	0.9	195.083333333
12	5	0	0	0	0	0	63.1666666667
12	5	0	0	0	0	0.3	77.3095238095
12	5	0	0	0	0	0.6	112.666666667
12	5	0	0	0	0	0.9	195.083333333
12	5	0	0	0	0.5	0	63.1666666667
12	5	0	0	0	0.5	0.3	77.3095238095
12	5	0	0	0	0.5	0.6	112.666666667
12	5	0	0	0	0.5	0.9	195.083333333
12	5	0	0	0	1	0	63.1666666667
12	5	0	0	0	1	0.3	77.3095238095
12	5	0	0	0	1	0.6	112.666666667
12	5	0	0	0	1	0.9	195.083333333
12	5	0	0	0.5	0	0	63.1666666667
12	5	0	0	0.5	0	0.3	77.3095238095
12	5	0	0	0.5	0	0.6	112.666666667
12	5	0	0	0.5	0	0.9	195.083333333
12	5	0	0	0.5	0.5	0	63.1666666667
12	5	0	0	0.5	0.5	0.3	77.3095238095
12	5	0	0	0.5	0.5	0.6	112.666666667
12	5	0	0	0.5	0.5	0.9	195.083333333
12	5	0	0	0.5	1	0	63.1666666667
12	5	0	0	0.5	1	0.3	77.3095238095
12	5	0	0	0.5	1	0.6	112.666666667
12	5	0	0	0.5	1	0.9	195.083333333
12	5	0	0	1	0	0	63.1666666667
12	5	0	0	1	0	0.3	77.3095238095
12	5	0	0	1	0	0.6	112.666666667
12	5	0	0	1	0	0.9	195.083333333
12	5	0	0	1	0.5	0	63.1666666667
12	5	0	0	1	0.5	0.3	77.3095238095
12	5	0	0	1	0.5	0.6	112.666666667
12	5	0	0	1	0.5	0.9	195.083333333
12	5	0	0	1	1	0	63.1666666667
12	5	0	0	1	1	0.3	77.3095238095
12	5	0	0	1	1	0.6	112.666666667
12	5	0	0	1	1	0.9	195.083333333
12	5	0	0.5	0	0	0	63.1666666667
12	5	0	0.5	0	0	0.3	77.3095238095
12	5	0	0.5	0	0	0.6	112.666666667
12	5	0	0.5	0	0	0.9	195.083333333
12	5	0	0.5	0	0.5	0	63.1666666667
12	5	0	0.5	0	0.5	0.3	77.3095238095
12	5	0	0.5	0	0.5	0.6	112.666666667
12	5	0	0.5	0	0.5	0.9	195.083333333
12	5	0	0.5	0	1	0	63.1666666667
12	5	0	0.5	0	1	0.3	77.3095238095
12	5	0	0.5	0	1	0.6	112.666666667
12	5	0	0.5	0	1	0.9	195.083333333
12	5	0	0.5	0.5	0	0	63.1666666667
12	5	0	0.5	0.5	0	0.3	77.3095238095
12	5	0	0.5	0.5	0	0.6	112.666666667
12	5	0	0.5	0.5	0	0.9	195.083333333
12	5	0	0.5	0.5	0.5	0	63.1666666667
12	5	0	0.5	0.5	0.5	0.3	77.3095238095
12	5	0	0.5	0.5	0.5	0.6	112.666666667
12	5	0	0.5	0.5	0.5	0.9	195.083333333
12	5	0	0.5	0.5	1	0	63.1666666667
12	5	0	0.5	0.5	1	0.3	77.3095238095
12	5	0	0.5	0.5	1	0.6	112.666666667
12	5	0	0.5	0.5	1	0.9	195.083333333
12	5	0	0.5	1	0	0	63.1666666667
12	5	0	0.5	1	0	0.3	77.3095238095
12	5	0	0.5	1	0	0.6	112.666666667
12	5	0	0.5	1	0	0.9	195.083333333
12	5	0	0.5	1	0.5	0	63.1666666667
12	5	0	0.5	1	0.5	0.3	77.3095238095
12	5	0	0.5	1	0.5	0.6	112.666666667
12	5	0	0.5	1	0.5	0.9	195.083333333
12	5	0	0.5	1	1	0	63.1666666667
12	5	0	0.5	1	1	0.3	77.3095238095
12	5	0	0.5	1	1	0.6	112.666666667
12	5	0	0.5	1	1	0.9	195.083333333
12	5	0	1	0	0	0	63.1666666667
12	5	0	1	0	0	0.3	77.3095238095
12	5	0	1	0	0	0.6	112.666666667
12	5	0	1	0	0	0.9	195.083333333
12	5	0	1	0	0.5	0	63.1666666667
12	5	0	1	0	0.5	0.3	77.3095238095
12	5	0	1	0	0.5	0.6	112.666666667
12	5	0	1	0	0.5	0.9	195.083333333
12	5	0	1	0	1	0	63.1666666667
12	5	0	1	0	1	0.3	77.3095238095
12	5	0	1	0	1	0.6	112.666666667
12	5	0	1	0	1	0.9	195.083333333
12	5	0	1	0.5	0	0	63.1666666667
12	5	0	1	0.5	0	0.3	77.3095238095
12	5	0	1	0.5	0	0.6	112.666666667
12	5	0	1	0.5	0	0.9	195.083333333
12	5	0	1	0.5	0.5	0	63.1666666667
12	5	0	1	0.5	0.5	0.3	77.3095238095
12	5	0	1	0.5	0.5	0.6	112.666666667
12	5	0	1	0.5	0.5	0.9	195.083333333
12	5	0	1	0.5	1	0	63.1666666667
12	5	0	1	0.5	1	0.3	77.3095238095
12	5	0	1	0.5	1	0.6	112.666666667
12	5	0	1	0.5	1	0.9	195.083333333
12	5	0	1	1	0	0	63.1666666667
12	5	0	1	1	0	0.3	77.3095238095
12	5	0	1	1	0	0.6	112.666666667
12	5	0	1	1	0	0.9	195.083333333
12	5	0	1	1	0.5	0	63.1666666667
12	5	0	1	1	0.5	0.3	77.3095238095
12	5	0	1	1	0.5	0.6	112.666666667
12	5	0	1	1	0.5	0.9	195.083333333
12	5	0	1	1	1	0	63.1666666667
12	5	0	1	1	1	0.3	77.3095238095
12	5	0	1	1	1	0.6	112.666666667
12	5	0	1	1	1	0.9	195.083333333
12	5	0.5	0	0	0	0	63.1666666667
12	5	0.5	0	0	0	0.3	77.3095238095
12	5	0.5	0	0	0	0.6	112.666666667
12	5	0.5	0	0	0	0.9	195.083333333
12	5	0.5	0	0	0.5	0	63.1666666667
12	5	0.5	0	0	0.5	0.3	77.3095238095
12	5	0.5	0	0	0.5	0.6	112.666666667
12	5	0.5	0	0	0.5	0.9	195.083333333
12	5	0.5	0	0	1	0	63.1666666667
12	5	0.5	0	0	1	0.3	77.3095238095
12	5	0.5	0	0	1	0.6	112.666666667
12	5	0.5	0	0	1	0.9	195.083333333
12	5	0.5	0	0.5	0	0	63.1666666667
12	5	0.5	0	0.5	0	0.3	77.3095238095
12	5	0.5	0	0.5	0	0.6	112.666666667
12	5	0.5	0	0.5	0	0.9	195.083333333
12	5	0.5	0	0.5	0.5	0	63.1666666667
12	5	0.5	0	0.5	0.5	0.3	77.3095238095
12	5	0.5	0	0.5	0.5	0.6	112.666666667
12	5	0.5	0	0.5	0.5	0.9	195.083333333
12	5	0.5	0	0.5	1	0	63.1666666667
12	5	0.5	0	0.5	1	0.3	77.3095238095
12	5	0.5	0	0.5	1	0.6	112.666666667
12	5	0.5	0	0.5	1	0.9	195.083333333
12	5	0.5	0	1	0	0	63.1666666667
12	5	0.5	0	1	0	0.3	77.3095238095
12	5	0.5	0	1	0	0.6	112.666666667
12	5	0.5	0	1	0	0.9	195.083333333
12	5	0.5	0	1	0.5	0	63.1666666667
12	5	0.5	0	1	0.5	0.3	77.3095238095
12	5	0.5	0	1	0.5	0.6	112.666666667
12	5	0.5	0	1	0.5	0.9	195.083333333
12	5	0.5	0	1	1	0	63.1666666667
12	5	0.5	0	1	1	0.3	77.3095238095
12	5	0.5	0	1	1	0.6	112.666666667
12	5	0.5	0	1	1	0.9	195.083333333
12	5	0.5	0.5	0	0	0	63.1666666667
12	5	0.5	0.5	0	0	0.3	77.3095238095
12	5	0.5	0.5	0	0	0.6	112.666666667
12	5	0.5	0.5	0	0	0.9	195.083333333
12	5	0.5	0.5	0	0.5	0	63.1666666667
12	5	0.5	0.5	0	0.5	0.3	77.3095238095
12	5	0.5	0.5	0	0.5	0.6	112.666666667
12	5	0.5	0.5	0	0.5	0.9	195.083333333
12	5	0.5	0.5	0	1	0	63.1666666667
12	5	0.5	0.5	0	1	0.3	77.3095238095
12	5	0.5	0.5	0	1	0.6	112.666666667
12	5	0.5	0.5	0	1	0.9	195.083333333
12	5	0.5	0.5	0.5	0	0	63.1666666667
12	5	0.5	0.5	0.5	0	0.3	77.3095238095
12	5	0.5	0.5	0.5	0	0.6	112.666666667
12	5	0.5	0.5	0.5	0	0.9	195.083333333
12	5	0.5	0.5	0.5	0.5	0	63.1666666667
12	5	0.5	0.5	0.5	0.5	0.3	77.3095238095
12	5	0.5	0.5	0.5	0.5	0.6	112.666666667
12	5	0.5	0.5	0.5	0.5	0.9	195.083333333
12	5	0.5	0.5	0.5	1	0	63.1666666667
12	5	0.5	0.5	0.5	1	0.3	77.3095238095
12	5	0.5	0.5	0.5	1	0.6	112.666666667
12	5	0.5	0.5	0.5	1	0.9	195.083333333
12	5	0.5	0.5	1	0	0	63.1666666667
12	5	0.5	0.5	1	0	0.3	77.3095238095
12	5	0.5	0.5	1	0	0.6	112.666666667
12	5	0.5	0.5	1	0	0.9	195.083333333
12	5	0.5	0.5	1	0.5	0	63.1666666667
12	5	0.5	0.5	1	0.5	0.3	77.3095238095
12	5	0.5	0.5	1	0.5	0.6	112.666666667
12	5	0.5	0.5	1	0.5	0.9	195.083333333
12	5	0.5	0.5	1	1	0	63.1666666667
12	5	0.5	0.5	1	1	0.3	77.3095238095
12	5	0.5	0.5	1	1	0.6	112.666666667
12	5	0.5	0.5	1	1	0.9	195.083333333
12	5	0.5	1	0	0	0	63.1666666667
12	5	0.5	1	0	0	0.3	77.3095238095
12	5	0.5	1	0	0	0.6	112.666666667
12	5	0.5	1	0	0	0.9	195.083333333
12	5	0.5	1	0	0.5	0	63.1666666667
12	5	0.5	1	0	0.5	0.3	77.3095238095
12	5	0.5	1	0	0.5	0.6	112.666666667
12	5	0.5	1	0	0.5	0.9	195.083333333
12	5	0.5	1	0	1	0	63.1666666667
12	5	0.5	1	0	1	0.3	77.3095238095
12	5	0.5	1	0	1	0.6	112.666666667
12	5	0.5	1	0	1	0.9	195.083333333
12	5	0.5	1	0.5	0	0	63.1666666667
12	5	0.5	1	0.5	0	0.3	77.3095238095
12	5	0.5	1	0.5	0	0.6	112.666666667
12	5	0.5	1	0.5	0	0.9	195.083333333
12	5	0.5	1	0.5	0.5	0	63.1666666667
12	5	0.5	1	0.5	0.5	0.3	77.3095238095
12	5	0.5	1	0.5	0.5	0.6	112.666666667
12	5	0.5	1	0.5	0.5	0.9	195.083333333
12	5	0.5	1	0.5	1	0	63.1666666667
12	5	0.5	1	0.5	1	0.3	77.3095238095
12	5	0.5	1	0.5	1	0.6	112.666666667
12	5	0.5	1	0.5	1	0.9	195.083333333
12	5	0.5	1	1	0	0	63.1666666667
12	5	0.5	1	1	0	0.3	77.3095238095
12	5	0.5	1	1	0	0.6	112.666666667
12	5	0.5	1	1	0	0.9	195.083333333
12	5	0.5	1	1	0.5	0	63.1666666667
12	5	0.5	1	1	0.5	0.3	77.3095238095
12	5	0.5	1	1	0.5	0.6	112.666666667
12	5	0.5	1	1	0.5	0.9	195.083333333
12	5	0.5	1	1	1	0	63.1666666667
12	5	0.5	1	1	1	0.3	77.3095238095
12	5	0.5	1	1	1	0.6	112.666666667
12	5	0.5	1	1	1	0.9	195.083333333
12	5	1	0	0	0	0	63.1666666667
12	5	1	0	0	0	0.3	77.3095238095
12	5	1	0	0	0	0.6	112.666666667
12	5	1	0	0	0	0.9	195.083333333
12	5	1	0	0	0.5	0	63.1666666667
12	5	1	0	0	0.5	0.3	77.3095238095
12	5	1	0	0	0.5	0.6	112.666666667
12	5	1	0	0	0.5	0.9	195.083333333
12	5	1	0	0	1	0	63.1666666667
12	5	1	0	0	1	0.3	77.3095238095
12	5	1	0	0	1	0.6	112.666666667
12	5	1	0	0	1	0.9	195.083333333
12	5	1	0	0.5	0	0	63.1666666667
12	5	1	0	0.5	0	0.3	77.3095238095
12	5	1	0	0.5	0	0.6	112.666666667
12	5	1	0	0.5	0	0.9	195.083333333
12	5	1	0	0.5	0.5	0	63.1666666667
12	5	1	0	0.5	0.5	0.3	77.3095238095
12	5	1	0	0.5	0.5	0.6	112.666666667
12	5	1	0	0.5	0.5	0.9	195.083333333
12	5	1	0	0.5	1	0	63.1666666667
12	5	1	0	0.5	1	0.3	77.3095238095
12	5	1	0	0.5	1	0.6	112.666666667
12	5	1	0	0.5	1	0.9	195.083333333
12	5	1	0	1	0	0	63.1666666667
12	5	1	0	1	0	0.3	77.3095238095
12	5	1	0	1	0	0.6	112.666666667
12	5	1	0	1	0	0.9	195.083333333
12	5	1	0	1	0.5	0	63.1666666667
12	5	1	0	1	0.5	0.3	77.3095238095
12	5	1	0	1	0.5	0.6	112.666666667
12	5	1	0	1	0.5	0.9	195.083333333
12	5	1	0	1	1	0	63.1666666667
12	5	1	0	1	1	0.3	77.3095238095
12	5	1	0	1	1	0.6	112.666666667
12	5	1	0	1	1	0.9	195.083333333
12	5	1	0.5	0	0	0	63.1666666667
12	5	1	0.5	0	0	0.3	77.3095238095
12	5	1	0.5	0	0	0.6	112.666666667
12	5	1	0.5	0	0	0.9	195.083333333
12	5	1	0.5	0	0.5	0	63.1666666667
12	5	1	0.5	0	0.5	0.3	77.3095238095
12	5	1	0.5	0	0.5	0.6	112.666666667
12	5	1	0.5	0	0.5	0.9	195.083333333
12	5	1	0.5	0	1	0	63.1666666667
12	5	1	0.5	0	1	0.3	77.3095238095
12	5	1	0.5	0	1	0.6	112.666666667
12	5	1	0.5	0	1	0.9	195.083333333
12	5	1	0.5	0.5	0	0	63.1666666667
12	5	1	0.5	0.5	0	0.3	77.3095238095
12	5	1	0.5	0.5	0	0.6	112.666666667
12	5	1	0.5	0.5	0	0.9	195.083333333
12	5	1	0.5	0.5	0.5	0	63.1666666667
12	5	1	0.5	0.5	0.5	0.3	77.3095238095
12	5	1	0.5	0.5	0.5	0.6	112.666666667
12	5	1	0.5	0.5	0.5	0.9	195.083333333
12	5	1	0.5	0.5	1	0	63.1666666667
12	5	1	0.5	0.5	1	0.3	77.3095238095
12	5	1	0.5	0.5	1	0.6	112.666666667
12	5	1	0.5	0.5	1	0.9	195.083333333
12	5	1	0.5	1	0	0	63.1666666667
12	5	1	0.5	1	0	0.3	77.3095238095
12	5	1	0.5	1	0	0.6	112.666666667
12	5	1	0.5	1	0	0.9	195.083333333
12	5	1	0.5	1	0.5	0	63.1666666667
12	5	1	0.5	1	0.5	0.3	77.3095238095
12	5	1	0.5	1	0.5	0.6	112.666666667
12	5	1	0.5	1	0.5	0.9	195.083333333
12	5	1	0.5	1	1	0	63.1666666667
12	5	1	0.5	1	1	0.3	77.3095238095
12	5	1	0.5	1	1	0.6	112.666666667
12	5	1	0.5	1	1	0.9	195.083333333
12	5	1	1	0	0	0	63.1666666667
12	5	1	1	0	0	0.3	77.3095238095
12	5	1	1	0	0	0.6	112.666666667
12	5	1	1	0	0	0.9	195.083333333
12	5	1	1	0	0.5	0	63.1666666667
12	5	1	1	0	0.5	0.3	77.3095238095
12	5	1	1	0	0.5	0.6	112.666666667
12	5	1	1	0	0.5	0.9	195.083333333
12	5	1	1	0	1	0	63.1666666667
12	5	1	1	0	1	0.3	77.3095238095
12	5	1	1	0	1	0.6	112.666666667
12	5	1	1	0	1	0.9	195.083333333
12	5	1	1	0.5	0	0	63.1666666667
12	5	1	1	0.5	0	0.3	77.3095238095
12	5	1	1	0.5	0	0.6	112.666666667
12	5	1	1	0.5	0	0.9	195.083333333
12	5	1	1	0.5	0.5	0	63.1666666667
12	5	1	1	0.5	0.5	0.3	77.3095238095
12	5	1	1	0.5	0.5	0.6	112.666666667
12	5	1	1	0.5	0.5	0.9	195.083333333
12	5	1	1	0.5	1	0	63.1666666667
12	5	1	1	0.5	1	0.3	77.3095238095
12	5	1	1	0.5	1	0.6	112.666666667
12	5	1	1	0.5	1	0.9	195.083333333
12	5	1	1	1	0	0	63.1666666667
12	5	1	1	1	0	0.3	77.3095238095
12	5	1	1	1	0	0.6	112.666666667
12	5	1	1	1	0	0.9	195.083333333
12	5	1	1	1	0.5	0	63.1666666667
12	5	1	1	1	0.5	0.3	77.3095238095
12	5	1	1	1	0.5	0.6	112.666666667
12	5	1	1	1	0.5	0.9	195.083333333
12	5	1	1	1	1	0	63.1666666667
12	5	1	1	1	1	0.3	77.3095238095
12	5	1	1	1	1	0.6	112.666666667
12	5	1	1	1	1	0.9	195.083333333
12	10	0	0	0	0	0	63.1666666667
12	10	0	0	0	0	0.3	77.3095238095
12	10	0	0	0	0	0.6	112.666666667
12	10	0	0	0	0	0.9	195.083333333
12	10	0	0	0	0.5	0	63.1666666667
12	10	0	0	0	0.5	0.3	77.3095238095
12	10	0	0	0	0.5	0.6	112.666666667
12	10	0	0	0	0.5	0.9	195.083333333
12	10	0	0	0	1	0	63.1666666667
12	10	0	0	0	1	0.3	77.3095238095
12	10	0	0	0	1	0.6	112.666666667
12	10	0	0	0	1	0.9	195.083333333
12	10	0	0	0.5	0	0	63.1666666667
12	10	0	0	0.5	0	0.3	77.3095238095
12	10	0	0	0.5	0	0.6	112.666666667
12	10	0	0	0.5	0	0.9	195.083333333
12	10	0	0	0.5	0.5	0	63.1666666667
12	10	0	0	0.5	0.5	0.3	77.3095238095
12	10	0	0	0.5	0.5	0.6	112.666666667
12	10	0	0	0.5	0.5	0.9	195.083333333
12	10	0	0	0.5	1	0	63.1666666667
12	10	0	0	0.5	1	0.3	77.3095238095
12	10	0	0	0.5	1	0.6	112.666666667
12	10	0	0	0.5	1	0.9	195.083333333
12	10	0	0	1	0	0	63.1666666667
12	10	0	0	1	0	0.3	77.3095238095
12	10	0	0	1	0	0.6	112.666666667
12	10	0	0	1	0	0.9	195.083333333
12	10	0	0	1	0.5	0	63.1666666667
12	10	0	0	1	0.5	0.3	77.3095238095
12	10	0	0	1	0.5	0.6	112.666666667
12	10	0	0	1	0.5	0.9	195.083333333
12	10	0	0	1	1	0	63.1666666667
12	10	0	0	1	1	0.3	77.3095238095
12	10	0	0	1	1	0.6	112.666666667
12	10	0	0	1	1	0.9	195.083333333
12	10	0	0.5	0	0	0	63.1666666667
12	10	0	0.5	0	0	0.3	77.3095238095
12	10	0	0.5	0	0	0.6	112.666666667
12	10	0	0.5	0	0	0.9	195.083333333
12	10	0	0.5	0	0.5	0	63.1666666667
12	10	0	0.5	0	0.5	0.3	77.3095238095
12	10	0	0.5	0	0.5	0.6	112.666666667
12	10	0	0.5	0	0.5	0.9	195.083333333
12	10	0	0.5	0	1	0	63.1666666667
12	10	0	0.5	0	1	0.3	77.3095238095
12	10	0	0.5	0	1	0.6	112.666666667
12	10	0	0.5	0	1	0.9	195.083333333
12	10	0	0.5	0.5	0	0	63.1666666667
12	10	0	0.5	0.5	0	0.3	77.3095238095
12	10	0	0.5	0.5	0	0.6	112.666666667
12	10	0	0.5	0.5	0	0.9	195.083333333
12	10	0	0.5	0.5	0.5	0	63.1666666667
12	10	0	0.5	0.5	0.5	0.3	77.3095238095
12	10	0	0.5	0.5	0.5	0.6	112.666666667
12	10	0	0.5	0.5	0.5	0.9	195.083333333
12	10	0	0.5	0.5	1	0	63.1666666667
12	10	0	0.5	0.5	1	0.3	77.3095238095
12	10	0	0.5	0.5	1	0.6	112.666666667
12	10	0	0.5	0.5	1	0.9	195.083333333
12	10	0	0.5	1	0	0	63.1666666667
12	10	0	0.5	1	0	0.3	77.3095238095
12	10	0	0.5	1	0	0.6	112.666666667
12	10	0	0.5	1	0	0.9	195.083333333
12	10	0	0.5	1	0.5	0	63.1666666667
12	10	0	0.5	1	0.5	0.3	77.3095238095
12	10	0	0.5	1	0.5	0.6	112.666666667
12	10	0	0.5	1	0.5	0.9	195.083333333
12	10	0	0.5	1	1	0	63.1666666667
12	10	0	0.5	1	1	0.3	77.3095238095
12	10	0	0.5	1	1	0.6	112.666666667
12	10	0	0.5	1	1	0.9	195.083333333
12	10	0	1	0	0	0	63.1666666667
12	10	0	1	0	0	0.3	77.3095238095
12	10	0	1	0	0	0.6	112.666666667
12	10	0	1	0	0	0.9	195.083333333
12	10	0	1	0	0.5	0	63.1666666667
12	10	0	1	0	0.5	0.3	77.3095238095
12	10	0	1	0	0.5	0.6	112.666666667
12	10	0	1	0	0.5	0.9	195.083333333
12	10	0	1	0	1	0	63.1666666667
12	10	0	1	0	1	0.3	77.3095238095
12	10	0	1	0	1	0.6	112.666666667
12	10	0	1	0	1	0.9	195.083333333
12	10	0	1	0.5	0	0	63.1666666667
12	10	0	1	0.5	0	0.3	77.3095238095
12	10	0	1	0.5	0	0.6	112.666666667
12	10	0	1	0.5	0	0.9	195.083333333
12	10	0	1	0.5	0.5	0	63.1666666667
12	10	0	1	0.5	0.5	0.3	77.3095238095
12	10	0	1	0.5	0.5	0.6	112.666666667
12	10	0	1	0.5	0.5	0.9	195.083333333
12	10	0	1	0.5	1	0	63.1666666667
12	10	0	1	0.5	1	0.3	77.3095238095
12	10	0	1	0.5	1	0.6	112.666666667
12	10	0	1	0.5	1	0.9	195.083333333
12	10	0	1	1	0	0	63.1666666667
12	10	0	1	1	0	0.3	77.3095238095
12	10	0	1	1	0	0.6	112.666666667
12	10	0	1	1	0	0.9	195.083333333
12	10	0	1	1	0.5	0	63.1666666667
12	10	0	1	1	0.5	0.3	77.3095238095
12	10	0	1	1	0.5	0.6	112.666666667
12	10	0	1	1	0.5	0.9	195.083333333
12	10	0	1	1	1	0	63.1666666667
12	10	0	1	1	1	0.3	77.3095238095
12	10	0	1	1	1	0.6	112.666666667
12	10	0	1	1	1	0.9	195.083333333
12	10	0.5	0	0	0	0	63.1666666667
12	10	0.5	0	0	0	0.3	77.3095238095
12	10	0.5	0	0	0	0.6	112.666666667
12	10	0.5	0	0	0	0.9	195.083333333
12	10	0.5	0	0	0.5	0	63.1666666667
12	10	0.5	0	0	0.5	0.3	77.3095238095
12	10	0.5	0	0	0.5	0.6	112.666666667
12	10	0.5	0	0	0.5	0.9	195.083333333
12	10	0.5	0	0	1	0	63.1666666667
12	10	0.5	0	0	1	0.3	77.3095238095
12	10	0.5	0	0	1	0.6	112.666666667
12	10	0.5	0	0	1	0.9	195.083333333
12	10	0.5	0	0.5	0	0	63.1666666667
12	10	0.5	0	0.5	0	0.3	77.3095238095
12	10	0.5	0	0.5	0	0.6	112.666666667
12	10	0.5	0	0.5	0	0.9	195.083333333
12	10	0.5	0	0.5	0.5	0	63.1666666667
12	10	0.5	0	0.5	0.5	0.3	77.3095238095
12	10	0.5	0	0.5	0.5	0.6	112.666666667
12	10	0.5	0	0.5	0.5	0.9	195.083333333
12	10	0.5	0	0.5	1	0	63.1666666667
12	10	0.5	0	0.5	1	0.3	77.3095238095
12	10	0.5	0	0.5	1	0.6	112.666666667
12	10	0.5	0	0.5	1	0.9	195.083333333
12	10	0.5	0	1	0	0	63.1666666667
12	10	0.5	0	1	0	0.3	77.3095238095
12	10	0.5	0	1	0	0.6	112.666666667
12	10	0.5	0	1	0	0.9	195.083333333
12	10	0.5	0	1	0.5	0	63.1666666667
12	10	0.5	0	1	0.5	0.3	77.3095238095
12	10	0.5	0	1	0.5	0.6	112.666666667
12	10	0.5	0	1	0.5	0.9	195.083333333
12	10	0.5	0	1	1	0	63.1666666667
12	10	0.5	0	1	1	0.3	77.3095238095
12	10	0.5	0	1	1	0.6	112.666666667
12	10	0.5	0	1	1	0.9	195.083333333
12	10	0.5	0.5	0	0	0	63.1666666667
12	10	0.5	0.5	0	0	0.3	77.3095238095
12	10	0.5	0.5	0	0	0.6	112.666666667
12	10	0.5	0.5	0	0	0.9	195.083333333
12	10	0.5	0.5	0	0.5	0	63.1666666667
12	10	0.5	0.5	0	0.5	0.3	77.3095238095
12	10	0.5	0.5	0	0.5	0.6	112.666666667
12	10	0.5	0.5	0	0.5	0.9	195.083333333
12	10	0.5	0.5	0	1	0	63.1666666667
12	10	0.5	0.5	0	1	0.3	77.3095238095
12	10	0.5	0.5	0	1	0.6	112.666666667
12	10	0.5	0.5	0	1	0.9	195.083333333
12	10	0.5	0.5	0.5	0	0	63.1666666667
12	10	0.5	0.5	0.5	0	0.3	77.3095238095
12	10	0.5	0.5	0.5	0	0.6	112.666666667
12	10	0.5	0.5	0.5	0	0.9	195.083333333
12	10	0.5	0.5	0.5	0.5	0	63.1666666667
12	10	0.5	0.5	0.5	0.5	0.3	77.3095238095
12	10	0.5	0.5	0.5	0.5	0.6	112.666666667
12	10	0.5	0.5	0.5	0.5	0.9	195.083333333
12	10	0.5	0.5	0.5	1	0	63.1666666667
12	10	0.5	0.5	0.5	1	0.3	77.3095238095
12	10	0.5	0.5	0.5	1	0.6	112.666666667
12	10	0.5	0.5	0.5	1	0.9	195.083333333
12	10	0.5	0.5	1	0	0	63.1666666667
12	10	0.5	0.5	1	0	0.3	77.3095238095
12	10	0.5	0.5	1	0	0.6	112.666666667
12	10	0.5	0.5	1	0	0.9	195.083333333
12	10	0.5	0.5	1	0.5	0	63.1666666667
12	10	0.5	0.5	1	0.5	0.3	77.3095238095
12	10	0.5	0.5	1	0.5	0.6	112.666666667
12	10	0.5	0.5	1	0.5	0.9	195.083333333
12	10	0.5	0.5	1	1	0	63.1666666667
12	10	0.5	0.5	1	1	0.3	77.3095238095
12	10	0.5	0.5	1	1	0.6	112.666666667
12	10	0.5	0.5	1	1	0.9	195.083333333
12	10	0.5	1	0	0	0	63.1666666667
12	10	0.5	1	0	0	0.3	77.3095238095
12	10	0.5	1	0	0	0.6	112.666666667
12	10	0.5	1	0	0	0.9	195.083333333
12	10	0.5	1	0	0.5	0	63.1666666667
12	10	0.5	1	0	0.5	0.3	77.3095238095
12	10	0.5	1	0	0.5	0.6	112.666666667
12	10	0.5	1	0	0.5	0.9	195.083333333
12	10	0.5	1	0	1	0	63.1666666667
12	10	0.5	1	0	1	0.3	77.3095238095
12	10	0.5	1	0	1	0.6	112.666666667
12	10	0.5	1	0	1	0.9	195.083333333
12	10	0.5	1	0.5	0	0	63.1666666667
12	10	0.5	1	0.5	0	0.3	77.3095238095
12	10	0.5	1	0.5	0	0.6	112.666666667
12	10	0.5	1	0.5	0	0.9	195.083333333
12	10	0.5	1	0.5	0.5	0	63.1666666667
12	10	0.5	1	0.5	0.5	0.3	77.3095238095
12	10	0.5	1	0.5	0.5	0.6	112.666666667
12	10	0.5	1	0.5	0.5	0.9	195.083333333
12	10	0.5	1	0.5	1	0	63.1666666667
12	10	0.5	1	0.5	1	0.3	77.3095238095
12	10	0.5	1	0.5	1	0.6	112.666666667
12	10	0.5	1	0.5	1	0.9	195.083333333
12	10	0.5	1	1	0	0	63.1666666667
12	10	0.5	1	1	0	0.3	77.3095238095
12	10	0.5	1	1	0	0.6	112.666666667
12	10	0.5	1	1	0	0.9	195.083333333
12	10	0.5	1	1	0.5	0	63.1666666667
12	10	0.5	1	1	0.5	0.3	77.3095238095
12	10	0.5	1	1	0.5	0.6	112.666666667
12	10	0.5	1	1	0.5	0.9	195.083333333
12	10	0.5	1	1	1	0	63.1666666667
12	10	0.5	1	1	1	0.3	77.3095238095
12	10	0.5	1	1	1	0.6	112.666666667
12	10	0.5	1	1	1	0.9	195.083333333
12	10	1	0	0	0	0	63.1666666667
12	10	1	0	0	0	0.3	77.3095238095
12	10	1	0	0	0	0.6	112.666666667
12	10	1	0	0	0	0.9	195.083333333
12	10	1	0	0	0.5	0	63.1666666667
12	10	1	0	0	0.5	0.3	77.3095238095
12	10	1	0	0	0.5	0.6	112.666666667
12	10	1	0	0	0.5	0.9	195.083333333
12	10	1	0	0	1	0	63.1666666667
12	10	1	0	0	1	0.3	77.3095238095
12	10	1	0	0	1	0.6	112.666666667
12	10	1	0	0	1	0.9	195.083333333
12	10	1	0	0.5	0	0	63.1666666667
12	10	1	0	0.5	0	0.3	77.3095238095
12	10	1	0	0.5	0	0.6	112.666666667
12	10	1	0	0.5	0	0.9	195.083333333
12	10	1	0	0.5	0.5	0	63.1666666667
12	10	1	0	0.5	0.5	0.3	77.3095238095
12	10	1	0	0.5	0.5	0.6	112.666666667
12	10	1	0	0.5	0.5	0.9	195.083333333
12	10	1	0	0.5	1	0	63.1666666667
12	10	1	0	0.5	1	0.3	77.3095238095
12	10	1	0	0.5	1	0.6	112.666666667
12	10	1	0	0.5	1	0.9	195.083333333
12	10	1	0	1	0	0	63.1666666667
12	10	1	0	1	0	0.3	77.3095238095
12	10	1	0	1	0	0.6	112.666666667
12	10	1	0	1	0	0.9	195.083333333
12	10	1	0	1	0.5	0	63.1666666667
12	10	1	0	1	0.5	0.3	77.3095238095
12	10	1	0	1	0.5	0.6	112.666666667
12	10	1	0	1	0.5	0.9	195.083333333
12	10	1	0	1	1	0	63.1666666667
12	10	1	0	1	1	0.3	77.3095238095
12	10	1	0	1	1	0.6	112.666666667
12	10	1	0	1	1	0.9	195.083333333
12	10	1	0.5	0	0	0	63.1666666667
12	10	1	0.5	0	0	0.3	77.3095238095
12	10	1	0.5	0	0	0.6	112.666666667
12	10	1	0.5	0	0	0.9	195.083333333
12	10	1	0.5	0	0.5	0	63.1666666667
12	10	1	0.5	0	0.5	0.3	77.3095238095
12	10	1	0.5	0	0.5	0.6	112.666666667
12	10	1	0.5	0	0.5	0.9	195.083333333
12	10	1	0.5	0	1	0	63.1666666667
12	10	1	0.5	0	1	0.3	77.3095238095
12	10	1	0.5	0	1	0.6	112.666666667
12	10	1	0.5	0	1	0.9	195.083333333
12	10	1	0.5	0.5	0	0	63.1666666667
12	10	1	0.5	0.5	0	0.3	77.3095238095
12	10	1	0.5	0.5	0	0.6	112.666666667
12	10	1	0.5	0.5	0	0.9	195.083333333
12	10	1	0.5	0.5	0.5	0	63.1666666667
12	10	1	0.5	0.5	0.5	0.3	77.3095238095
12	10	1	0.5	0.5	0.5	0.6	112.666666667
12	10	1	0.5	0.5	0.5	0.9	195.083333333
12	10	1	0.5	0.5	1	0	63.1666666667
12	10	1	0.5	0.5	1	0.3	77.3095238095
12	10	1	0.5	0.5	1	0.6	112.666666667
12	10	1	0.5	0.5	1	0.9	195.083333333
12	10	1	0.5	1	0	0	63.1666666667
12	10	1	0.5	1	0	0.3	77.3095238095
12	10	1	0.5	1	0	0.6	112.666666667
12	10	1	0.5	1	0	0.9	195.083333333
12	10	1	0.5	1	0.5	0	63.1666666667
12	10	1	0.5	1	0.5	0.3	77.3095238095
12	10	1	0.5	1	0.5	0.6	112.666666667
12	10	1	0.5	1	0.5	0.9	195.083333333
12	10	1	0.5	1	1	0	63.1666666667
12	10	1	0.5	1	1	0.3	77.3095238095
12	10	1	0.5	1	1	0.6	112.666666667
12	10	1	0.5	1	1	0.9	195.083333333
12	10	1	1	0	0	0	63.1666666667
12	10	1	1	0	0	0.3	77.3095238095
12	10	1	1	0	0	0.6	112.666666667
12	10	1	1	0	0	0.9	195.083333333
12	10	1	1	0	0.5	0	63.1666666667
12	10	1	1	0	0.5	0.3	77.3095238095
12	10	1	1	0	0.5	0.6	112.666666667
12	10	1	1	0	0.5	0.9	195.083333333
12	10	1	1	0	1	0	63.1666666667
12	10	1	1	0	1	0.3	77.3095238095
12	10	1	1	0	1	0.6	112.666666667
12	10	1	1	0	1	0.9	195.083333333
12	10	1	1	0.5	0	0	63.1666666667
12	10	1	1	0.5	0	0.3	77.3095238095
12	10	1	1	0.5	0	0.6	112.666666667
12	10	1	1	0.5	0	0.9	195.083333333
12	10	1	1	0.5	0.5	0	63.1666666667
12	10	1	1	0.5	0.5	0.3	77.3095238095
12	10	1	1	0.5	0.5	0.6	112.666666667
12	10	1	1	0.5	0.5	0.9	195.083333333
12	10	1	1	0.5	1	0	63.1666666667
12	10	1	1	0.5	1	0.3	77.3095238095
12	10	1	1	0.5	1	0.6	112.666666667
12	10	1	1	0.5	1	0.9	195.083333333
12	10	1	1	1	0	0	63.1666666667
12	10	1	1	1	0	0.3	77.3095238095
12	10	1	1	1	0	0.6	112.666666667
12	10	1	1	1	0	0.9	195.083333333
12	10	1	1	1	0.5	0	63.1666666667
12	10	1	1	1	0.5	0.3	77.3095238095
12	10	1	1	1	0.5	0.6	112.666666667
12	10	1	1	1	0.5	0.9	195.083333333
12	10	1	1	1	1	0	63.1666666667
12	10	1	1	1	1	0.3	77.3095238095
12	10	1	1	1	1	0.6	112.666666667
12	10	1	1	1	1	0.9	195.083333333
12	15	0	0	0	0	0	63.1666666667
12	15	0	0	0	0	0.3	77.3095238095
12	15	0	0	0	0	0.6	112.666666667
12	15	0	0	0	0	0.9	195.083333333
12	15	0	0	0	0.5	0	63.1666666667
12	15	0	0	0	0.5	0.3	77.3095238095
12	15	0	0	0	0.5	0.6	112.666666667
12	15	0	0	0	0.5	0.9	195.083333333
12	15	0	0	0	1	0	63.1666666667
12	15	0	0	0	1	0.3	77.3095238095
12	15	0	0	0	1	0.6	112.666666667
12	15	0	0	0	1	0.9	195.083333333
12	15	0	0	0.5	0	0	63.1666666667
12	15	0	0	0.5	0	0.3	77.3095238095
12	15	0	0	0.5	0	0.6	112.666666667
12	15	0	0	0.5	0	0.9	195.083333333
12	15	0	0	0.5	0.5	0	63.1666666667
12	15	0	0	0.5	0.5	0.3	77.3095238095
12	15	0	0	0.5	0.5	0.6	112.666666667
12	15	0	0	0.5	0.5	0.9	195.083333333
12	15	0	0	0.5	1	0	63.1666666667
12	15	0	0	0.5	1	0.3	77.3095238095
12	15	0	0	0.5	1	0.6	112.666666667
12	15	0	0	0.5	1	0.9	195.083333333
12	15	0	0	1	0	0	63.1666666667
12	15	0	0	1	0	0.3	77.3095238095
12	15	0	0	1	0	0.6	112.666666667
12	15	0	0	1	0	0.9	195.083333333
12	15	0	0	1	0.5	0	63.1666666667
12	15	0	0	1	0.5	0.3	77.3095238095
12	15	0	0	1	0.5	0.6	112.666666667
12	15	0	0	1	0.5	0.9	195.083333333
12	15	0	0	1	1	0	63.1666666667
12	15	0	0	1	1	0.3	77.3095238095
12	15	0	0	1	1	0.6	112.666666667
12	15	0	0	1	1	0.9	195.083333333
12	15	0	0.5	0	0	0	63.1666666667
12	15	0	0.5	0	0	0.3	77.3095238095
12	15	0	0.5	0	0	0.6	112.666666667
12	15	0	0.5	0	0	0.9	195.083333333
12	15	0	0.5	0	0.5	0	63.1666666667
12	15	0	0.5	0	0.5	0.3	77.3095238095
12	15	0	0.5	0	0.5	0.6	112.666666667
12	15	0	0.5	0	0.5	0.9	195.083333333
12	15	0	0.5	0	1	0	63.1666666667
12	15	0	0.5	0	1	0.3	77.3095238095
12	15	0	0.5	0	1	0.6	112.666666667
12	15	0	0.5	0	1	0.9	195.083333333
12	15	0	0.5	0.5	0	0	63.1666666667
12	15	0	0.5	0.5	0	0.3	77.3095238095
12	15	0	0.5	0.5	0	0.6	112.666666667
12	15	0	0.5	0.5	0	0.9	195.083333333
12	15	0	0.5	0.5	0.5	0	63.1666666667
12	15	0	0.5	0.5	0.5	0.3	77.3095238095
12	15	0	0.5	0.5	0.5	0.6	112.666666667
12	15	0	0.5	0.5	0.5	0.9	195.083333333
12	15	0	0.5	0.5	1	0	63.1666666667
12	15	0	0.5	0.5	1	0.3	77.3095238095
12	15	0	0.5	0.5	1	0.6	112.666666667
12	15	0	0.5	0.5	1	0.9	195.083333333
12	15	0	0.5	1	0	0	63.1666666667
12	15	0	0.5	1	0	0.3	77.3095238095
12	15	0	0.5	1	0	0.6	112.666666667
12	15	0	0.5	1	0	0.9	195.083333333
12	15	0	0.5	1	0.5	0	63.1666666667
12	15	0	0.5	1	0.5	0.3	77.3095238095
12	15	0	0.5	1	0.5	0.6	112.666666667
12	15	0	0.5	1	0.5	0.9	195.083333333
12	15	0	0.5	1	1	0	63.1666666667
12	15	0	0.5	1	1	0.3	77.3095238095
12	15	0	0.5	1	1	0.6	112.666666667
12	15	0	0.5	1	1	0.9	195.083333333
12	15	0	1	0	0	0	63.1666666667
12	15	0	1	0	0	0.3	77.3095238095
12	15	0	1	0	0	0.6	112.666666667
12	15	0	1	0	0	0.9	195.083333333
12	15	0	1	0	0.5	0	63.1666666667
12	15	0	1	0	0.5	0.3	77.3095238095
12	15	0	1	0	0.5	0.6	112.666666667
12	15	0	1	0	0.5	0.9	195.083333333
12	15	0	1	0	1	0	63.1666666667
12	15	0	1	0	1	0.3	77.3095238095
12	15	0	1	0	1	0.6	112.666666667
12	15	0	1	0	1	0.9	195.083333333
12	15	0	1	0.5	0	0	63.1666666667
12	15	0	1	0.5	0	0.3	77.3095238095
12	15	0	1	0.5	0	0.6	112.666666667
12	15	0	1	0.5	0	0.9	195.083333333
12	15	0	1	0.5	0.5	0	63.1666666667
12	15	0	1	0.5	0.5	0.3	77.3095238095
12	15	0	1	0.5	0.5	0.6	112.666666667
12	15	0	1	0.5	0.5	0.9	195.083333333
12	15	0	1	0.5	1	0	63.1666666667
12	15	0	1	0.5	1	0.3	77.3095238095
12	15	0	1	0.5	1	0.6	112.666666667
12	15	0	1	0.5	1	0.9	195.083333333
12	15	0	1	1	0	0	63.1666666667
12	15	0	1	1	0	0.3	77.3095238095
12	15	0	1	1	0	0.6	112.666666667
12	15	0	1	1	0	0.9	195.083333333
12	15	0	1	1	0.5	0	63.1666666667
12	15	0	1	1	0.5	0.3	77.3095238095
12	15	0	1	1	0.5	0.6	112.666666667
12	15	0	1	1	0.5	0.9	195.083333333
12	15	0	1	1	1	0	63.1666666667
12	15	0	1	1	1	0.3	77.3095238095
12	15	0	1	1	1	0.6	112.666666667
12	15	0	1	1	1	0.9	195.083333333
12	15	0.5	0	0	0	0	63.1666666667
12	15	0.5	0	0	0	0.3	77.3095238095
12	15	0.5	0	0	0	0.6	112.666666667
12	15	0.5	0	0	0	0.9	195.083333333
12	15	0.5	0	0	0.5	0	63.1666666667
12	15	0.5	0	0	0.5	0.3	77.3095238095
12	15	0.5	0	0	0.5	0.6	112.666666667
12	15	0.5	0	0	0.5	0.9	195.083333333
12	15	0.5	0	0	1	0	63.1666666667
12	15	0.5	0	0	1	0.3	77.3095238095
12	15	0.5	0	0	1	0.6	112.666666667
12	15	0.5	0	0	1	0.9	195.083333333
12	15	0.5	0	0.5	0	0	63.1666666667
12	15	0.5	0	0.5	0	0.3	77.3095238095
12	15	0.5	0	0.5	0	0.6	112.666666667
12	15	0.5	0	0.5	0	0.9	195.083333333
12	15	0.5	0	0.5	0.5	0	63.1666666667
12	15	0.5	0	0.5	0.5	0.3	77.3095238095
12	15	0.5	0	0.5	0.5	0.6	112.666666667
12	15	0.5	0	0.5	0.5	0.9	195.083333333
12	15	0.5	0	0.5	1	0	63.1666666667
12	15	0.5	0	0.5	1	0.3	77.3095238095
12	15	0.5	0	0.5	1	0.6	112.666666667
12	15	0.5	0	0.5	1	0.9	195.083333333
12	15	0.5	0	1	0	0	63.1666666667
12	15	0.5	0	1	0	0.3	77.3095238095
12	15	0.5	0	1	0	0.6	112.666666667
12	15	0.5	0	1	0	0.9	195.083333333
12	15	0.5	0	1	0.5	0	63.1666666667
12	15	0.5	0	1	0.5	0.3	77.3095238095
12	15	0.5	0	1	0.5	0.6	112.666666667
12	15	0.5	0	1	0.5	0.9	195.083333333
12	15	0.5	0	1	1	0	63.1666666667
12	15	0.5	0	1	1	0.3	77.3095238095
12	15	0.5	0	1	1	0.6	112.666666667
12	15	0.5	0	1	1	0.9	195.083333333
12	15	0.5	0.5	0	0	0	63.1666666667
12	15	0.5	0.5	0	0	0.3	77.3095238095
12	15	0.5	0.5	0	0	0.6	112.666666667
12	15	0.5	0.5	0	0	0.9	195.083333333
12	15	0.5	0.5	0	0.5	0	63.1666666667
12	15	0.5	0.5	0	0.5	0.3	77.3095238095
12	15	0.5	0.5	0	0.5	0.6	112.666666667
12	15	0.5	0.5	0	0.5	0.9	195.083333333
12	15	0.5	0.5	0	1	0	63.1666666667
12	15	0.5	0.5	0	1	0.3	77.3095238095
12	15	0.5	0.5	0	1	0.6	112.666666667
12	15	0.5	0.5	0	1	0.9	195.083333333
12	15	0.5	0.5	0.5	0	0	63.1666666667
12	15	0.5	0.5	0.5	0	0.3	77.3095238095
12	15	0.5	0.5	0.5	0	0.6	112.666666667
12	15	0.5	0.5	0.5	0	0.9	195.083333333
12	15	0.5	0.5	0.5	0.5	0	63.1666666667
12	15	0.5	0.5	0.5	0.5	0.3	77.3095238095
12	15	0.5	0.5	0.5	0.5	0.6	112.666666667
12	15	0.5	0.5	0.5	0.5	0.9	195.083333333
12	15	0.5	0.5	0.5	1	0	63.1666666667
12	15	0.5	0.5	0.5	1	0.3	77.3095238095
12	15	0.5	0.5	0.5	1	0.6	112.666666667
12	15	0.5	0.5	0.5	1	0.9	195.083333333
12	15	0.5	0.5	1	0	0	63.1666666667
12	15	0.5	0.5	1	0	0.3	77.3095238095
12	15	0.5	0.5	1	0	0.6	112.666666667
12	15	0.5	0.5	1	0	0.9	195.083333333
12	15	0.5	0.5	1	0.5	0	63.1666666667
12	15	0.5	0.5	1	0.5	0.3	77.3095238095
12	15	0.5	0.5	1	0.5	0.6	112.666666667
12	15	0.5	0.5	1	0.5	0.9	195.083333333
12	15	0.5	0.5	1	1	0	63.1666666667
12	15	0.5	0.5	1	1	0.3	77.3095238095
12	15	0.5	0.5	1	1	0.6	112.666666667
12	15	0.5	0.5	1	1	0.9	195.083333333
12	15	0.5	1	0	0	0	63.1666666667
12	15	0.5	1	0	0	0.3	77.3095238095
12	15	0.5	1	0	0	0.6	112.666666667
12	15	0.5	1	0	0	0.9	195.083333333
12	15	0.5	1	0	0.5	0	63.1666666667
12	15	0.5	1	0	0.5	0.3	77.3095238095
12	15	0.5	1	0	0.5	0.6	112.666666667
12	15	0.5	1	0	0.5	0.9	195.083333333
12	15	0.5	1	0	1	0	63.1666666667
12	15	0.5	1	0	1	0.3	77.3095238095
12	15	0.5	1	0	1	0.6	112.666666667
12	15	0.5	1	0	1	0.9	195.083333333
12	15	0.5	1	0.5	0	0	63.1666666667
12	15	0.5	1	0.5	0	0.3	77.3095238095
12	15	0.5	1	0.5	0	0.6	112.666666667
12	15	0.5	1	0.5	0	0.9	195.083333333
12	15	0.5	1	0.5	0.5	0	63.1666666667
12	15	0.5	1	0.5	0.5	0.3	77.3095238095
12	15	0.5	1	0.5	0.5	0.6	112.666666667
12	15	0.5	1	0.5	0.5	0.9	195.083333333
12	15	0.5	1	0.5	1	0	63.1666666667
12	15	0.5	1	0.5	1	0.3	77.3095238095
12	15	0.5	1	0.5	1	0.6	112.666666667
12	15	0.5	1	0.5	1	0.9	195.083333333
12	15	0.5	1	1	0	0	63.1666666667
12	15	0.5	1	1	0	0.3	77.3095238095
12	15	0.5	1	1	0	0.6	112.666666667
12	15	0.5	1	1	0	0.9	195.083333333
12	15	0.5	1	1	0.5	0	63.1666666667
12	15	0.5	1	1	0.5	0.3	77.3095238095
12	15	0.5	1	1	0.5	0.6	112.666666667
12	15	0.5	1	1	0.5	0.9	195.083333333
12	15	0.5	1	1	1	0	63.1666666667
12	15	0.5	1	1	1	0.3	77.3095238095
12	15	0.5	1	1	1	0.6	112.666666667
12	15	0.5	1	1	1	0.9	195.083333333
12	15	1	0	0	0	0	63.1666666667
12	15	1	0	0	0	0.3	77.3095238095
12	15	1	0	0	0	0.6	112.666666667
12	15	1	0	0	0	0.9	195.083333333
12	15	1	0	0	0.5	0	63.1666666667
12	15	1	0	0	0.5	0.3	77.3095238095
12	15	1	0	0	0.5	0.6	112.666666667
12	15	1	0	0	0.5	0.9	195.083333333
12	15	1	0	0	1	0	63.1666666667
12	15	1	0	0	1	0.3	77.3095238095
12	15	1	0	0	1	0.6	112.666666667
12	15	1	0	0	1	0.9	195.083333333
12	15	1	0	0.5	0	0	63.1666666667
12	15	1	0	0.5	0	0.3	77.3095238095
12	15	1	0	0.5	0	0.6	112.666666667
12	15	1	0	0.5	0	0.9	195.083333333
12	15	1	0	0.5	0.5	0	63.1666666667
12	15	1	0	0.5	0.5	0.3	77.3095238095
12	15	1	0	0.5	0.5	0.6	112.666666667
12	15	1	0	0.5	0.5	0.9	195.083333333
12	15	1	0	0.5	1	0	63.1666666667
12	15	1	0	0.5	1	0.3	77.3095238095
12	15	1	0	0.5	1	0.6	112.666666667
12	15	1	0	0.5	1	0.9	195.083333333
12	15	1	0	1	0	0	63.1666666667
12	15	1	0	1	0	0.3	77.3095238095
12	15	1	0	1	0	0.6	112.666666667
12	15	1	0	1	0	0.9	195.083333333
12	15	1	0	1	0.5	0	63.1666666667
12	15	1	0	1	0.5	0.3	77.3095238095
12	15	1	0	1	0.5	0.6	112.666666667
12	15	1	0	1	0.5	0.9	195.083333333
12	15	1	0	1	1	0	63.1666666667
12	15	1	0	1	1	0.3	77.3095238095
12	15	1	0	1	1	0.6	112.666666667
12	15	1	0	1	1	0.9	195.083333333
12	15	1	0.5	0	0	0	63.1666666667
12	15	1	0.5	0	0	0.3	77.3095238095
12	15	1	0.5	0	0	0.6	112.666666667
12	15	1	0.5	0	0	0.9	195.083333333
12	15	1	0.5	0	0.5	0	63.1666666667
12	15	1	0.5	0	0.5	0.3	77.3095238095
12	15	1	0.5	0	0.5	0.6	112.666666667
12	15	1	0.5	0	0.5	0.9	195.083333333
12	15	1	0.5	0	1	0	63.1666666667
12	15	1	0.5	0	1	0.3	77.3095238095
12	15	1	0.5	0	1	0.6	112.666666667
12	15	1	0.5	0	1	0.9	195.083333333
12	15	1	0.5	0.5	0	0	63.1666666667
12	15	1	0.5	0.5	0	0.3	77.3095238095
12	15	1	0.5	0.5	0	0.6	112.666666667
12	15	1	0.5	0.5	0	0.9	195.083333333
12	15	1	0.5	0.5	0.5	0	63.1666666667
12	15	1	0.5	0.5	0.5	0.3	77.3095238095
12	15	1	0.5	0.5	0.5	0.6	112.666666667
12	15	1	0.5	0.5	0.5	0.9	195.083333333
12	15	1	0.5	0.5	1	0	63.1666666667
12	15	1	0.5	0.5	1	0.3	77.3095238095
12	15	1	0.5	0.5	1	0.6	112.666666667
12	15	1	0.5	0.5	1	0.9	195.083333333
12	15	1	0.5	1	0	0	63.1666666667
12	15	1	0.5	1	0	0.3	77.3095238095
12	15	1	0.5	1	0	0.6	112.666666667
12	15	1	0.5	1	0	0.9	195.083333333
12	15	1	0.5	1	0.5	0	63.1666666667
12	15	1	0.5	1	0.5	0.3	77.3095238095
12	15	1	0.5	1	0.5	0.6	112.666666667
12	15	1	0.5	1	0.5	0.9	195.083333333
12	15	1	0.5	1	1	0	63.1666666667
12	15	1	0.5	1	1	0.3	77.3095238095
12	15	1	0.5	1	1	0.6	112.666666667
12	15	1	0.5	1	1	0.9	195.083333333
12	15	1	1	0	0	0	63.1666666667
12	15	1	1	0	0	0.3	77.3095238095
12	15	1	1	0	0	0.6	112.666666667
12	15	1	1	0	0	0.9	195.083333333
12	15	1	1	0	0.5	0	63.1666666667
12	15	1	1	0	0.5	0.3	77.3095238095
12	15	1	1	0	0.5	0.6	112.666666667
12	15	1	1	0	0.5	0.9	195.083333333
12	15	1	1	0	1	0	63.1666666667
12	15	1	1	0	1	0.3	77.3095238095
12	15	1	1	0	1	0.6	112.666666667
12	15	1	1	0	1	0.9	195.083333333
12	15	1	1	0.5	0	0	63.1666666667
12	15	1	1	0.5	0	0.3	77.3095238095
12	15	1	1	0.5	0	0.6	112.666666667
12	15	1	1	0.5	0	0.9	195.083333333
12	15	1	1	0.5	0.5	0	63.1666666667
12	15	1	1	0.5	0.5	0.3	77.3095238095
12	15	1	1	0.5	0.5	0.6	112.666666667
12	15	1	1	0.5	0.5	0.9	195.083333333
12	15	1	1	0.5	1	0	63.1666666667
12	15	1	1	0.5	1	0.3	77.3095238095
12	15	1	1	0.5	1	0.6	112.666666667
12	15	1	1	0.5	1	0.9	195.083333333
12	15	1	1	1	0	0	63.1666666667
12	15	1	1	1	0	0.3	77.3095238095
12	15	1	1	1	0	0.6	112.666666667
12	15	1	1	1	0	0.9	195.083333333
12	15	1	1	1	0.5	0	63.1666666667
12	15	1	1	1	0.5	0.3	77.3095238095
12	15	1	1	1	0.5	0.6	112.666666667
12	15	1	1	1	0.5	0.9	195.083333333
12	15	1	1	1	1	0	63.1666666667
12	15	1	1	1	1	0.3	77.3095238095
12	15	1	1	1	1	0.6	112.666666667
12	15	1	1	1	1	0.9	195.083333333
12	20	0	0	0	0	0	63.1666666667
12	20	0	0	0	0	0.3	77.3095238095
12	20	0	0	0	0	0.6	112.666666667
12	20	0	0	0	0	0.9	195.083333333
12	20	0	0	0	0.5	0	63.1666666667
12	20	0	0	0	0.5	0.3	77.3095238095
12	20	0	0	0	0.5	0.6	112.666666667
12	20	0	0	0	0.5	0.9	195.083333333
12	20	0	0	0	1	0	63.1666666667
12	20	0	0	0	1	0.3	77.3095238095
12	20	0	0	0	1	0.6	112.666666667
12	20	0	0	0	1	0.9	195.083333333
12	20	0	0	0.5	0	0	63.1666666667
12	20	0	0	0.5	0	0.3	77.3095238095
12	20	0	0	0.5	0	0.6	112.666666667
12	20	0	0	0.5	0	0.9	195.083333333
12	20	0	0	0.5	0.5	0	63.1666666667
12	20	0	0	0.5	0.5	0.3	77.3095238095
12	20	0	0	0.5	0.5	0.6	112.666666667
12	20	0	0	0.5	0.5	0.9	195.083333333
12	20	0	0	0.5	1	0	63.1666666667
12	20	0	0	0.5	1	0.3	77.3095238095
12	20	0	0	0.5	1	0.6	112.666666667
12	20	0	0	0.5	1	0.9	195.083333333
12	20	0	0	1	0	0	63.1666666667
12	20	0	0	1	0	0.3	77.3095238095
12	20	0	0	1	0	0.6	112.666666667
12	20	0	0	1	0	0.9	195.083333333
12	20	0	0	1	0.5	0	63.1666666667
12	20	0	0	1	0.5	0.3	77.3095238095
12	20	0	0	1	0.5	0.6	112.666666667
12	20	0	0	1	0.5	0.9	195.083333333
12	20	0	0	1	1	0	63.1666666667
12	20	0	0	1	1	0.3	77.3095238095
12	20	0	0	1	1	0.6	112.666666667
12	20	0	0	1	1	0.9	195.083333333
12	20	0	0.5	0	0	0	63.1666666667
12	20	0	0.5	0	0	0.3	77.3095238095
12	20	0	0.5	0	0	0.6	112.666666667
12	20	0	0.5	0	0	0.9	195.083333333
12	20	0	0.5	0	0.5	0	63.1666666667
12	20	0	0.5	0	0.5	0.3	77.3095238095
12	20	0	0.5	0	0.5	0.6	112.666666667
12	20	0	0.5	0	0.5	0.9	195.083333333
12	20	0	0.5	0	1	0	63.1666666667
12	20	0	0.5	0	1	0.3	77.3095238095
12	20	0	0.5	0	1	0.6	112.666666667
12	20	0	0.5	0	1	0.9	195.083333333
12	20	0	0.5	0.5	0	0	63.1666666667
12	20	0	0.5	0.5	0	0.3	77.3095238095
12	20	0	0.5	0.5	0	0.6	112.666666667
12	20	0	0.5	0.5	0	0.9	195.083333333
12	20	0	0.5	0.5	0.5	0	63.1666666667
12	20	0	0.5	0.5	0.5	0.3	77.3095238095
12	20	0	0.5	0.5	0.5	0.6	112.666666667
12	20	0	0.5	0.5	0.5	0.9	195.083333333
12	20	0	0.5	0.5	1	0	63.1666666667
12	20	0	0.5	0.5	1	0.3	77.3095238095
12	20	0	0.5	0.5	1	0.6	112.666666667
12	20	0	0.5	0.5	1	0.9	195.083333333
12	20	0	0.5	1	0	0	63.1666666667
12	20	0	0.5	1	0	0.3	77.3095238095
12	20	0	0.5	1	0	0.6	112.666666667
12	20	0	0.5	1	0	0.9	195.083333333
12	20	0	0.5	1	0.5	0	63.1666666667
12	20	0	0.5	1	0.5	0.3	77.3095238095
12	20	0	0.5	1	0.5	0.6	112.666666667
12	20	0	0.5	1	0.5	0.9	195.083333333
12	20	0	0.5	1	1	0	63.1666666667
12	20	0	0.5	1	1	0.3	77.3095238095
12	20	0	0.5	1	1	0.6	112.666666667
12	20	0	0.5	1	1	0.9	195.083333333
12	20	0	1	0	0	0	63.1666666667
12	20	0	1	0	0	0.3	77.3095238095
12	20	0	1	0	0	0.6	112.666666667
12	20	0	1	0	0	0.9	195.083333333
12	20	0	1	0	0.5	0	63.1666666667
12	20	0	1	0	0.5	0.3	77.3095238095
12	20	0	1	0	0.5	0.6	112.666666667
12	20	0	1	0	0.5	0.9	195.083333333
12	20	0	1	0	1	0	63.1666666667
12	20	0	1	0	1	0.3	77.3095238095
12	20	0	1	0	1	0.6	112.666666667
12	20	0	1	0	1	0.9	195.083333333
12	20	0	1	0.5	0	0	63.1666666667
12	20	0	1	0.5	0	0.3	77.3095238095
12	20	0	1	0.5	0	0.6	112.666666667
12	20	0	1	0.5	0	0.9	195.083333333
12	20	0	1	0.5	0.5	0	63.1666666667
12	20	0	1	0.5	0.5	0.3	77.3095238095
12	20	0	1	0.5	0.5	0.6	112.666666667
12	20	0	1	0.5	0.5	0.9	195.083333333
12	20	0	1	0.5	1	0	63.1666666667
12	20	0	1	0.5	1	0.3	77.3095238095
12	20	0	1	0.5	1	0.6	112.666666667
12	20	0	1	0.5	1	0.9	195.083333333
12	20	0	1	1	0	0	63.1666666667
12	20	0	1	1	0	0.3	77.3095238095
12	20	0	1	1	0	0.6	112.666666667
12	20	0	1	1	0	0.9	195.083333333
12	20	0	1	1	0.5	0	63.1666666667
12	20	0	1	1	0.5	0.3	77.3095238095
12	20	0	1	1	0.5	0.6	112.666666667
12	20	0	1	1	0.5	0.9	195.083333333
12	20	0	1	1	1	0	63.1666666667
12	20	0	1	1	1	0.3	77.3095238095
12	20	0	1	1	1	0.6	112.666666667
12	20	0	1	1	1	0.9	195.083333333
12	20	0.5	0	0	0	0	63.1666666667
12	20	0.5	0	0	0	0.3	77.3095238095
12	20	0.5	0	0	0	0.6	112.666666667
12	20	0.5	0	0	0	0.9	195.083333333
12	20	0.5	0	0	0.5	0	63.1666666667
12	20	0.5	0	0	0.5	0.3	77.3095238095
12	20	0.5	0	0	0.5	0.6	112.666666667
12	20	0.5	0	0	0.5	0.9	195.083333333
12	20	0.5	0	0	1	0	63.1666666667
12	20	0.5	0	0	1	0.3	77.3095238095
12	20	0.5	0	0	1	0.6	112.666666667
12	20	0.5	0	0	1	0.9	195.083333333
12	20	0.5	0	0.5	0	0	63.1666666667
12	20	0.5	0	0.5	0	0.3	77.3095238095
12	20	0.5	0	0.5	0	0.6	112.666666667
12	20	0.5	0	0.5	0	0.9	195.083333333
12	20	0.5	0	0.5	0.5	0	63.1666666667
12	20	0.5	0	0.5	0.5	0.3	77.3095238095
12	20	0.5	0	0.5	0.5	0.6	112.666666667
12	20	0.5	0	0.5	0.5	0.9	195.083333333
12	20	0.5	0	0.5	1	0	63.1666666667
12	20	0.5	0	0.5	1	0.3	77.3095238095
12	20	0.5	0	0.5	1	0.6	112.666666667
12	20	0.5	0	0.5	1	0.9	195.083333333
12	20	0.5	0	1	0	0	63.1666666667
12	20	0.5	0	1	0	0.3	77.3095238095
12	20	0.5	0	1	0	0.6	112.666666667
12	20	0.5	0	1	0	0.9	195.083333333
12	20	0.5	0	1	0.5	0	63.1666666667
12	20	0.5	0	1	0.5	0.3	77.3095238095
12	20	0.5	0	1	0.5	0.6	112.666666667
12	20	0.5	0	1	0.5	0.9	195.083333333
12	20	0.5	0	1	1	0	63.1666666667
12	20	0.5	0	1	1	0.3	77.3095238095
12	20	0.5	0	1	1	0.6	112.666666667
12	20	0.5	0	1	1	0.9	195.083333333
12	20	0.5	0.5	0	0	0	63.1666666667
12	20	0.5	0.5	0	0	0.3	77.3095238095
12	20	0.5	0.5	0	0	0.6	112.666666667
12	20	0.5	0.5	0	0	0.9	195.083333333
12	20	0.5	0.5	0	0.5	0	63.1666666667
12	20	0.5	0.5	0	0.5	0.3	77.3095238095
12	20	0.5	0.5	0	0.5	0.6	112.666666667
12	20	0.5	0.5	0	0.5	0.9	195.083333333
12	20	0.5	0.5	0	1	0	63.1666666667
12	20	0.5	0.5	0	1	0.3	77.3095238095
12	20	0.5	0.5	0	1	0.6	112.666666667
12	20	0.5	0.5	0	1	0.9	195.083333333
12	20	0.5	0.5	0.5	0	0	63.1666666667
12	20	0.5	0.5	0.5	0	0.3	77.3095238095
12	20	0.5	0.5	0.5	0	0.6	112.666666667
12	20	0.5	0.5	0.5	0	0.9	195.083333333
12	20	0.5	0.5	0.5	0.5	0	63.1666666667
12	20	0.5	0.5	0.5	0.5	0.3	77.3095238095
12	20	0.5	0.5	0.5	0.5	0.6	112.666666667
12	20	0.5	0.5	0.5	0.5	0.9	195.083333333
12	20	0.5	0.5	0.5	1	0	63.1666666667
12	20	0.5	0.5	0.5	1	0.3	77.3095238095
12	20	0.5	0.5	0.5	1	0.6	112.666666667
12	20	0.5	0.5	0.5	1	0.9	195.083333333
12	20	0.5	0.5	1	0	0	63.1666666667
12	20	0.5	0.5	1	0	0.3	77.3095238095
12	20	0.5	0.5	1	0	0.6	112.666666667
12	20	0.5	0.5	1	0	0.9	195.083333333
12	20	0.5	0.5	1	0.5	0	63.1666666667
12	20	0.5	0.5	1	0.5	0.3	77.3095238095
12	20	0.5	0.5	1	0.5	0.6	112.666666667
12	20	0.5	0.5	1	0.5	0.9	195.083333333
12	20	0.5	0.5	1	1	0	63.1666666667
12	20	0.5	0.5	1	1	0.3	77.3095238095
12	20	0.5	0.5	1	1	0.6	112.666666667
12	20	0.5	0.5	1	1	0.9	195.083333333
12	20	0.5	1	0	0	0	63.1666666667
12	20	0.5	1	0	0	0.3	77.3095238095
12	20	0.5	1	0	0	0.6	112.666666667
12	20	0.5	1	0	0	0.9	195.083333333
12	20	0.5	1	0	0.5	0	63.1666666667
12	20	0.5	1	0	0.5	0.3	77.3095238095
12	20	0.5	1	0	0.5	0.6	112.666666667
12	20	0.5	1	0	0.5	0.9	195.083333333
12	20	0.5	1	0	1	0	63.1666666667
12	20	0.5	1	0	1	0.3	77.3095238095
12	20	0.5	1	0	1	0.6	112.666666667
12	20	0.5	1	0	1	0.9	195.083333333
12	20	0.5	1	0.5	0	0	63.1666666667
12	20	0.5	1	0.5	0	0.3	77.3095238095
12	20	0.5	1	0.5	0	0.6	112.666666667
12	20	0.5	1	0.5	0	0.9	195.083333333
12	20	0.5	1	0.5	0.5	0	63.1666666667
12	20	0.5	1	0.5	0.5	0.3	77.3095238095
12	20	0.5	1	0.5	0.5	0.6	112.666666667
12	20	0.5	1	0.5	0.5	0.9	195.083333333
12	20	0.5	1	0.5	1	0	63.1666666667
12	20	0.5	1	0.5	1	0.3	77.3095238095
12	20	0.5	1	0.5	1	0.6	112.666666667
12	20	0.5	1	0.5	1	0.9	195.083333333
12	20	0.5	1	1	0	0	63.1666666667
12	20	0.5	1	1	0	0.3	77.3095238095
12	20	0.5	1	1	0	0.6	112.666666667
12	20	0.5	1	1	0	0.9	195.083333333
12	20	0.5	1	1	0.5	0	63.1666666667
12	20	0.5	1	1	0.5	0.3	77.3095238095
12	20	0.5	1	1	0.5	0.6	112.666666667
12	20	0.5	1	1	0.5	0.9	195.083333333
12	20	0.5	1	1	1	0	63.1666666667
12	20	0.5	1	1	1	0.3	77.3095238095
12	20	0.5	1	1	1	0.6	112.666666667
12	20	0.5	1	1	1	0.9	195.083333333
12	20	1	0	0	0	0	63.1666666667
12	20	1	0	0	0	0.3	77.3095238095
12	20	1	0	0	0	0.6	112.666666667
12	20	1	0	0	0	0.9	195.083333333
12	20	1	0	0	0.5	0	63.1666666667
12	20	1	0	0	0.5	0.3	77.3095238095
12	20	1	0	0	0.5	0.6	112.666666667
12	20	1	0	0	0.5	0.9	195.083333333
12	20	1	0	0	1	0	63.1666666667
12	20	1	0	0	1	0.3	77.3095238095
12	20	1	0	0	1	0.6	112.666666667
12	20	1	0	0	1	0.9	195.083333333
12	20	1	0	0.5	0	0	63.1666666667
12	20	1	0	0.5	0	0.3	77.3095238095
12	20	1	0	0.5	0	0.6	112.666666667
12	20	1	0	0.5	0	0.9	195.083333333
12	20	1	0	0.5	0.5	0	63.1666666667
12	20	1	0	0.5	0.5	0.3	77.3095238095
12	20	1	0	0.5	0.5	0.6	112.666666667
12	20	1	0	0.5	0.5	0.9	195.083333333
12	20	1	0	0.5	1	0	63.1666666667
12	20	1	0	0.5	1	0.3	77.3095238095
12	20	1	0	0.5	1	0.6	112.666666667
12	20	1	0	0.5	1	0.9	195.083333333
12	20	1	0	1	0	0	63.1666666667
12	20	1	0	1	0	0.3	77.3095238095
12	20	1	0	1	0	0.6	112.666666667
12	20	1	0	1	0	0.9	195.083333333
12	20	1	0	1	0.5	0	63.1666666667
12	20	1	0	1	0.5	0.3	77.3095238095
12	20	1	0	1	0.5	0.6	112.666666667
12	20	1	0	1	0.5	0.9	195.083333333
12	20	1	0	1	1	0	63.1666666667
12	20	1	0	1	1	0.3	77.3095238095
12	20	1	0	1	1	0.6	112.666666667
12	20	1	0	1	1	0.9	195.083333333
12	20	1	0.5	0	0	0	63.1666666667
12	20	1	0.5	0	0	0.3	77.3095238095
12	20	1	0.5	0	0	0.6	112.666666667
12	20	1	0.5	0	0	0.9	195.083333333
12	20	1	0.5	0	0.5	0	63.1666666667
12	20	1	0.5	0	0.5	0.3	77.3095238095
12	20	1	0.5	0	0.5	0.6	112.666666667
12	20	1	0.5	0	0.5	0.9	195.083333333
12	20	1	0.5	0	1	0	63.1666666667
12	20	1	0.5	0	1	0.3	77.3095238095
12	20	1	0.5	0	1	0.6	112.666666667
12	20	1	0.5	0	1	0.9	195.083333333
12	20	1	0.5	0.5	0	0	63.1666666667
12	20	1	0.5	0.5	0	0.3	77.3095238095
12	20	1	0.5	0.5	0	0.6	112.666666667
12	20	1	0.5	0.5	0	0.9	195.083333333
12	20	1	0.5	0.5	0.5	0	63.1666666667
12	20	1	0.5	0.5	0.5	0.3	77.3095238095
12	20	1	0.5	0.5	0.5	0.6	112.666666667
12	20	1	0.5	0.5	0.5	0.9	195.083333333
12	20	1	0.5	0.5	1	0	63.1666666667
12	20	1	0.5	0.5	1	0.3	77.3095238095
12	20	1	0.5	0.5	1	0.6	112.666666667
12	20	1	0.5	0.5	1	0.9	195.083333333
12	20	1	0.5	1	0	0	63.1666666667
12	20	1	0.5	1	0	0.3	77.3095238095
12	20	1	0.5	1	0	0.6	112.666666667
12	20	1	0.5	1	0	0.9	195.083333333
12	20	1	0.5	1	0.5	0	63.1666666667
12	20	1	0.5	1	0.5	0.3	77.3095238095
12	20	1	0.5	1	0.5	0.6	112.666666667
12	20	1	0.5	1	0.5	0.9	195.083333333
12	20	1	0.5	1	1	0	63.1666666667
12	20	1	0.5	1	1	0.3	77.3095238095
12	20	1	0.5	1	1	0.6	112.666666667
12	20	1	0.5	1	1	0.9	195.083333333
12	20	1	1	0	0	0	63.1666666667
12	20	1	1	0	0	0.3	77.3095238095
12	20	1	1	0	0	0.6	112.666666667
12	20	1	1	0	0	0.9	195.083333333
12	20	1	1	0	0.5	0	63.1666666667
12	20	1	1	0	0.5	0.3	77.3095238095
12	20	1	1	0	0.5	0.6	112.666666667
12	20	1	1	0	0.5	0.9	195.083333333
12	20	1	1	0	1	0	63.1666666667
12	20	1	1	0	1	0.3	77.3095238095
12	20	1	1	0	1	0.6	112.666666667
12	20	1	1	0	1	0.9	195.083333333
12	20	1	1	0.5	0	0	63.1666666667
12	20	1	1	0.5	0	0.3	77.3095238095
12	20	1	1	0.5	0	0.6	112.666666667
12	20	1	1	0.5	0	0.9	195.083333333
12	20	1	1	0.5	0.5	0	63.1666666667
12	20	1	1	0.5	0.5	0.3	77.3095238095
12	20	1	1	0.5	0.5	0.6	112.666666667
12	20	1	1	0.5	0.5	0.9	195.083333333
12	20	1	1	0.5	1	0	63.1666666667
12	20	1	1	0.5	1	0.3	77.3095238095
12	20	1	1	0.5	1	0.6	112.666666667
12	20	1	1	0.5	1	0.9	195.083333333
12	20	1	1	1	0	0	63.1666666667
12	20	1	1	1	0	0.3	77.3095238095
12	20	1	1	1	0	0.6	112.666666667
12	20	1	1	1	0	0.9	195.083333333
12	20	1	1	1	0.5	0	63.1666666667
12	20	1	1	1	0.5	0.3	77.3095238095
12	20	1	1	1	0.5	0.6	112.666666667
12	20	1	1	1	0.5	0.9	195.083333333
12	20	1	1	1	1	0	63.1666666667
12	20	1	1	1	1	0.3	77.3095238095
12	20	1	1	1	1	0.6	112.666666667
12	20	1	1	1	1	0.9	195.083333333
13	5	0	0	0	0	0	63.1666666667
13	5	0	0	0	0	0.3	77.3095238095
13	5	0	0	0	0	0.6	112.666666667
13	5	0	0	0	0	0.9	195.083333333
13	5	0	0	0	0.5	0	63.1666666667
13	5	0	0	0	0.5	0.3	77.3095238095
13	5	0	0	0	0.5	0.6	112.666666667
13	5	0	0	0	0.5	0.9	195.083333333
13	5	0	0	0	1	0	63.1666666667
13	5	0	0	0	1	0.3	77.3095238095
13	5	0	0	0	1	0.6	112.666666667
13	5	0	0	0	1	0.9	195.083333333
13	5	0	0	0.5	0	0	63.1666666667
13	5	0	0	0.5	0	0.3	77.3095238095
13	5	0	0	0.5	0	0.6	112.666666667
13	5	0	0	0.5	0	0.9	195.083333333
13	5	0	0	0.5	0.5	0	63.1666666667
13	5	0	0	0.5	0.5	0.3	77.3095238095
13	5	0	0	0.5	0.5	0.6	112.666666667
13	5	0	0	0.5	0.5	0.9	195.083333333
13	5	0	0	0.5	1	0	63.1666666667
13	5	0	0	0.5	1	0.3	77.3095238095
13	5	0	0	0.5	1	0.6	112.666666667
13	5	0	0	0.5	1	0.9	195.083333333
13	5	0	0	1	0	0	63.1666666667
13	5	0	0	1	0	0.3	77.3095238095
13	5	0	0	1	0	0.6	112.666666667
13	5	0	0	1	0	0.9	195.083333333
13	5	0	0	1	0.5	0	63.1666666667
13	5	0	0	1	0.5	0.3	77.3095238095
13	5	0	0	1	0.5	0.6	112.666666667
13	5	0	0	1	0.5	0.9	195.083333333
13	5	0	0	1	1	0	63.1666666667
13	5	0	0	1	1	0.3	77.3095238095
13	5	0	0	1	1	0.6	112.666666667
13	5	0	0	1	1	0.9	195.083333333
13	5	0	0.5	0	0	0	63.1666666667
13	5	0	0.5	0	0	0.3	77.3095238095
13	5	0	0.5	0	0	0.6	112.666666667
13	5	0	0.5	0	0	0.9	195.083333333
13	5	0	0.5	0	0.5	0	63.1666666667
13	5	0	0.5	0	0.5	0.3	77.3095238095
13	5	0	0.5	0	0.5	0.6	112.666666667
13	5	0	0.5	0	0.5	0.9	195.083333333
13	5	0	0.5	0	1	0	63.1666666667
13	5	0	0.5	0	1	0.3	77.3095238095
13	5	0	0.5	0	1	0.6	112.666666667
13	5	0	0.5	0	1	0.9	195.083333333
13	5	0	0.5	0.5	0	0	63.1666666667
13	5	0	0.5	0.5	0	0.3	77.3095238095
13	5	0	0.5	0.5	0	0.6	112.666666667
13	5	0	0.5	0.5	0	0.9	195.083333333
13	5	0	0.5	0.5	0.5	0	63.1666666667
13	5	0	0.5	0.5	0.5	0.3	77.3095238095
13	5	0	0.5	0.5	0.5	0.6	112.666666667
13	5	0	0.5	0.5	0.5	0.9	195.083333333
13	5	0	0.5	0.5	1	0	63.1666666667
13	5	0	0.5	0.5	1	0.3	77.3095238095
13	5	0	0.5	0.5	1	0.6	112.666666667
13	5	0	0.5	0.5	1	0.9	195.083333333
13	5	0	0.5	1	0	0	63.1666666667
13	5	0	0.5	1	0	0.3	77.3095238095
13	5	0	0.5	1	0	0.6	112.666666667
13	5	0	0.5	1	0	0.9	195.083333333
13	5	0	0.5	1	0.5	0	63.1666666667
13	5	0	0.5	1	0.5	0.3	77.3095238095
13	5	0	0.5	1	0.5	0.6	112.666666667
13	5	0	0.5	1	0.5	0.9	195.083333333
13	5	0	0.5	1	1	0	63.1666666667
13	5	0	0.5	1	1	0.3	77.3095238095
13	5	0	0.5	1	1	0.6	112.666666667
13	5	0	0.5	1	1	0.9	195.083333333
13	5	0	1	0	0	0	63.1666666667
13	5	0	1	0	0	0.3	77.3095238095
13	5	0	1	0	0	0.6	112.666666667
13	5	0	1	0	0	0.9	195.083333333
13	5	0	1	0	0.5	0	63.1666666667
13	5	0	1	0	0.5	0.3	77.3095238095
13	5	0	1	0	0.5	0.6	112.666666667
13	5	0	1	0	0.5	0.9	195.083333333
13	5	0	1	0	1	0	63.1666666667
13	5	0	1	0	1	0.3	77.3095238095
13	5	0	1	0	1	0.6	112.666666667
13	5	0	1	0	1	0.9	195.083333333
13	5	0	1	0.5	0	0	63.1666666667
13	5	0	1	0.5	0	0.3	77.3095238095
13	5	0	1	0.5	0	0.6	112.666666667
13	5	0	1	0.5	0	0.9	195.083333333
13	5	0	1	0.5	0.5	0	63.1666666667
13	5	0	1	0.5	0.5	0.3	77.3095238095
13	5	0	1	0.5	0.5	0.6	112.666666667
13	5	0	1	0.5	0.5	0.9	195.083333333
13	5	0	1	0.5	1	0	63.1666666667
13	5	0	1	0.5	1	0.3	77.3095238095
13	5	0	1	0.5	1	0.6	112.666666667
13	5	0	1	0.5	1	0.9	195.083333333
13	5	0	1	1	0	0	63.1666666667
13	5	0	1	1	0	0.3	77.3095238095
13	5	0	1	1	0	0.6	112.666666667
13	5	0	1	1	0	0.9	195.083333333
13	5	0	1	1	0.5	0	63.1666666667
13	5	0	1	1	0.5	0.3	77.3095238095
13	5	0	1	1	0.5	0.6	112.666666667
13	5	0	1	1	0.5	0.9	195.083333333
13	5	0	1	1	1	0	63.1666666667
13	5	0	1	1	1	0.3	77.3095238095
13	5	0	1	1	1	0.6	112.666666667
13	5	0	1	1	1	0.9	195.083333333
13	5	0.5	0	0	0	0	63.1666666667
13	5	0.5	0	0	0	0.3	77.3095238095
13	5	0.5	0	0	0	0.6	112.666666667
13	5	0.5	0	0	0	0.9	195.083333333
13	5	0.5	0	0	0.5	0	63.1666666667
13	5	0.5	0	0	0.5	0.3	77.3095238095
13	5	0.5	0	0	0.5	0.6	112.666666667
13	5	0.5	0	0	0.5	0.9	195.083333333
13	5	0.5	0	0	1	0	63.1666666667
13	5	0.5	0	0	1	0.3	77.3095238095
13	5	0.5	0	0	1	0.6	112.666666667
13	5	0.5	0	0	1	0.9	195.083333333
13	5	0.5	0	0.5	0	0	63.1666666667
13	5	0.5	0	0.5	0	0.3	77.3095238095
13	5	0.5	0	0.5	0	0.6	112.666666667
13	5	0.5	0	0.5	0	0.9	195.083333333
13	5	0.5	0	0.5	0.5	0	63.1666666667
13	5	0.5	0	0.5	0.5	0.3	77.3095238095
13	5	0.5	0	0.5	0.5	0.6	112.666666667
13	5	0.5	0	0.5	0.5	0.9	195.083333333
13	5	0.5	0	0.5	1	0	63.1666666667
13	5	0.5	0	0.5	1	0.3	77.3095238095
13	5	0.5	0	0.5	1	0.6	112.666666667
13	5	0.5	0	0.5	1	0.9	195.083333333
13	5	0.5	0	1	0	0	63.1666666667
13	5	0.5	0	1	0	0.3	77.3095238095
13	5	0.5	0	1	0	0.6	112.666666667
13	5	0.5	0	1	0	0.9	195.083333333
13	5	0.5	0	1	0.5	0	63.1666666667
13	5	0.5	0	1	0.5	0.3	77.3095238095
13	5	0.5	0	1	0.5	0.6	112.666666667
13	5	0.5	0	1	0.5	0.9	195.083333333
13	5	0.5	0	1	1	0	63.1666666667
13	5	0.5	0	1	1	0.3	77.3095238095
13	5	0.5	0	1	1	0.6	112.666666667
13	5	0.5	0	1	1	0.9	195.083333333
13	5	0.5	0.5	0	0	0	63.1666666667
13	5	0.5	0.5	0	0	0.3	77.3095238095
13	5	0.5	0.5	0	0	0.6	112.666666667
13	5	0.5	0.5	0	0	0.9	195.083333333
13	5	0.5	0.5	0	0.5	0	63.1666666667
13	5	0.5	0.5	0	0.5	0.3	77.3095238095
13	5	0.5	0.5	0	0.5	0.6	112.666666667
13	5	0.5	0.5	0	0.5	0.9	195.083333333
13	5	0.5	0.5	0	1	0	63.1666666667
13	5	0.5	0.5	0	1	0.3	77.3095238095
13	5	0.5	0.5	0	1	0.6	112.666666667
13	5	0.5	0.5	0	1	0.9	195.083333333
13	5	0.5	0.5	0.5	0	0	63.1666666667
13	5	0.5	0.5	0.5	0	0.3	77.3095238095
13	5	0.5	0.5	0.5	0	0.6	112.666666667
13	5	0.5	0.5	0.5	0	0.9	195.083333333
13	5	0.5	0.5	0.5	0.5	0	63.1666666667
13	5	0.5	0.5	0.5	0.5	0.3	77.3095238095
13	5	0.5	0.5	0.5	0.5	0.6	112.666666667
13	5	0.5	0.5	0.5	0.5	0.9	195.083333333
13	5	0.5	0.5	0.5	1	0	63.1666666667
13	5	0.5	0.5	0.5	1	0.3	77.3095238095
13	5	0.5	0.5	0.5	1	0.6	112.666666667
13	5	0.5	0.5	0.5	1	0.9	195.083333333
13	5	0.5	0.5	1	0	0	63.1666666667
13	5	0.5	0.5	1	0	0.3	77.3095238095
13	5	0.5	0.5	1	0	0.6	112.666666667
13	5	0.5	0.5	1	0	0.9	195.083333333
13	5	0.5	0.5	1	0.5	0	63.1666666667
13	5	0.5	0.5	1	0.5	0.3	77.3095238095
13	5	0.5	0.5	1	0.5	0.6	112.666666667
13	5	0.5	0.5	1	0.5	0.9	195.083333333
13	5	0.5	0.5	1	1	0	63.1666666667
13	5	0.5	0.5	1	1	0.3	77.3095238095
13	5	0.5	0.5	1	1	0.6	112.666666667
13	5	0.5	0.5	1	1	0.9	195.083333333
13	5	0.5	1	0	0	0	63.1666666667
13	5	0.5	1	0	0	0.3	77.3095238095
13	5	0.5	1	0	0	0.6	112.666666667
13	5	0.5	1	0	0	0.9	195.083333333
13	5	0.5	1	0	0.5	0	63.1666666667
13	5	0.5	1	0	0.5	0.3	77.3095238095
13	5	0.5	1	0	0.5	0.6	112.666666667
13	5	0.5	1	0	0.5	0.9	195.083333333
13	5	0.5	1	0	1	0	63.1666666667
13	5	0.5	1	0	1	0.3	77.3095238095
13	5	0.5	1	0	1	0.6	112.666666667
13	5	0.5	1	0	1	0.9	195.083333333
13	5	0.5	1	0.5	0	0	63.1666666667
13	5	0.5	1	0.5	0	0.3	77.3095238095
13	5	0.5	1	0.5	0	0.6	112.666666667
13	5	0.5	1	0.5	0	0.9	195.083333333
13	5	0.5	1	0.5	0.5	0	63.1666666667
13	5	0.5	1	0.5	0.5	0.3	77.3095238095
13	5	0.5	1	0.5	0.5	0.6	112.666666667
13	5	0.5	1	0.5	0.5	0.9	195.083333333
13	5	0.5	1	0.5	1	0	63.1666666667
13	5	0.5	1	0.5	1	0.3	77.3095238095
13	5	0.5	1	0.5	1	0.6	112.666666667
13	5	0.5	1	0.5	1	0.9	195.083333333
13	5	0.5	1	1	0	0	63.1666666667
13	5	0.5	1	1	0	0.3	77.3095238095
13	5	0.5	1	1	0	0.6	112.666666667
13	5	0.5	1	1	0	0.9	195.083333333
13	5	0.5	1	1	0.5	0	63.1666666667
13	5	0.5	1	1	0.5	0.3	77.3095238095
13	5	0.5	1	1	0.5	0.6	112.666666667
13	5	0.5	1	1	0.5	0.9	195.083333333
13	5	0.5	1	1	1	0	63.1666666667
13	5	0.5	1	1	1	0.3	77.3095238095
13	5	0.5	1	1	1	0.6	112.666666667
13	5	0.5	1	1	1	0.9	195.083333333
13	5	1	0	0	0	0	63.1666666667
13	5	1	0	0	0	0.3	77.3095238095
13	5	1	0	0	0	0.6	112.666666667
13	5	1	0	0	0	0.9	195.083333333
13	5	1	0	0	0.5	0	63.1666666667
13	5	1	0	0	0.5	0.3	77.3095238095
13	5	1	0	0	0.5	0.6	112.666666667
13	5	1	0	0	0.5	0.9	195.083333333
13	5	1	0	0	1	0	63.1666666667
13	5	1	0	0	1	0.3	77.3095238095
13	5	1	0	0	1	0.6	112.666666667
13	5	1	0	0	1	0.9	195.083333333
13	5	1	0	0.5	0	0	63.1666666667
13	5	1	0	0.5	0	0.3	77.3095238095
13	5	1	0	0.5	0	0.6	112.666666667
13	5	1	0	0.5	0	0.9	195.083333333
13	5	1	0	0.5	0.5	0	63.1666666667
13	5	1	0	0.5	0.5	0.3	77.3095238095
13	5	1	0	0.5	0.5	0.6	112.666666667
13	5	1	0	0.5	0.5	0.9	195.083333333
13	5	1	0	0.5	1	0	63.1666666667
13	5	1	0	0.5	1	0.3	77.3095238095
13	5	1	0	0.5	1	0.6	112.666666667
13	5	1	0	0.5	1	0.9	195.083333333
13	5	1	0	1	0	0	63.1666666667
13	5	1	0	1	0	0.3	77.3095238095
13	5	1	0	1	0	0.6	112.666666667
13	5	1	0	1	0	0.9	195.083333333
13	5	1	0	1	0.5	0	63.1666666667
13	5	1	0	1	0.5	0.3	77.3095238095
13	5	1	0	1	0.5	0.6	112.666666667
13	5	1	0	1	0.5	0.9	195.083333333
13	5	1	0	1	1	0	63.1666666667
13	5	1	0	1	1	0.3	77.3095238095
13	5	1	0	1	1	0.6	112.666666667
13	5	1	0	1	1	0.9	195.083333333
13	5	1	0.5	0	0	0	63.1666666667
13	5	1	0.5	0	0	0.3	77.3095238095
13	5	1	0.5	0	0	0.6	112.666666667
13	5	1	0.5	0	0	0.9	195.083333333
13	5	1	0.5	0	0.5	0	63.1666666667
13	5	1	0.5	0	0.5	0.3	77.3095238095
13	5	1	0.5	0	0.5	0.6	112.666666667
13	5	1	0.5	0	0.5	0.9	195.083333333
13	5	1	0.5	0	1	0	63.1666666667
13	5	1	0.5	0	1	0.3	77.3095238095
13	5	1	0.5	0	1	0.6	112.666666667
13	5	1	0.5	0	1	0.9	195.083333333
13	5	1	0.5	0.5	0	0	63.1666666667
13	5	1	0.5	0.5	0	0.3	77.3095238095
13	5	1	0.5	0.5	0	0.6	112.666666667
13	5	1	0.5	0.5	0	0.9	195.083333333
13	5	1	0.5	0.5	0.5	0	63.1666666667
13	5	1	0.5	0.5	0.5	0.3	77.3095238095
13	5	1	0.5	0.5	0.5	0.6	112.666666667
13	5	1	0.5	0.5	0.5	0.9	195.083333333
13	5	1	0.5	0.5	1	0	63.1666666667
13	5	1	0.5	0.5	1	0.3	77.3095238095
13	5	1	0.5	0.5	1	0.6	112.666666667
13	5	1	0.5	0.5	1	0.9	195.083333333
13	5	1	0.5	1	0	0	63.1666666667
13	5	1	0.5	1	0	0.3	77.3095238095
13	5	1	0.5	1	0	0.6	112.666666667
13	5	1	0.5	1	0	0.9	195.083333333
13	5	1	0.5	1	0.5	0	63.1666666667
13	5	1	0.5	1	0.5	0.3	77.3095238095
13	5	1	0.5	1	0.5	0.6	112.666666667
13	5	1	0.5	1	0.5	0.9	195.083333333
13	5	1	0.5	1	1	0	63.1666666667
13	5	1	0.5	1	1	0.3	77.3095238095
13	5	1	0.5	1	1	0.6	112.666666667
13	5	1	0.5	1	1	0.9	195.083333333
13	5	1	1	0	0	0	63.1666666667
13	5	1	1	0	0	0.3	77.3095238095
13	5	1	1	0	0	0.6	112.666666667
13	5	1	1	0	0	0.9	195.083333333
13	5	1	1	0	0.5	0	63.1666666667
13	5	1	1	0	0.5	0.3	77.3095238095
13	5	1	1	0	0.5	0.6	112.666666667
13	5	1	1	0	0.5	0.9	195.083333333
13	5	1	1	0	1	0	63.1666666667
13	5	1	1	0	1	0.3	77.3095238095
13	5	1	1	0	1	0.6	112.666666667
13	5	1	1	0	1	0.9	195.083333333
13	5	1	1	0.5	0	0	63.1666666667
13	5	1	1	0.5	0	0.3	77.3095238095
13	5	1	1	0.5	0	0.6	112.666666667
13	5	1	1	0.5	0	0.9	195.083333333
13	5	1	1	0.5	0.5	0	63.1666666667
13	5	1	1	0.5	0.5	0.3	77.3095238095
13	5	1	1	0.5	0.5	0.6	112.666666667
13	5	1	1	0.5	0.5	0.9	195.083333333
13	5	1	1	0.5	1	0	63.1666666667
13	5	1	1	0.5	1	0.3	77.3095238095
13	5	1	1	0.5	1	0.6	112.666666667
13	5	1	1	0.5	1	0.9	195.083333333
13	5	1	1	1	0	0	63.1666666667
13	5	1	1	1	0	0.3	77.3095238095
13	5	1	1	1	0	0.6	112.666666667
13	5	1	1	1	0	0.9	195.083333333
13	5	1	1	1	0.5	0	63.1666666667
13	5	1	1	1	0.5	0.3	77.3095238095
13	5	1	1	1	0.5	0.6	112.666666667
13	5	1	1	1	0.5	0.9	195.083333333
13	5	1	1	1	1	0	63.1666666667
13	5	1	1	1	1	0.3	77.3095238095
13	5	1	1	1	1	0.6	112.666666667
13	5	1	1	1	1	0.9	195.083333333
13	10	0	0	0	0	0	63.1666666667
13	10	0	0	0	0	0.3	77.3095238095
13	10	0	0	0	0	0.6	112.666666667
13	10	0	0	0	0	0.9	195.083333333
13	10	0	0	0	0.5	0	63.1666666667
13	10	0	0	0	0.5	0.3	77.3095238095
13	10	0	0	0	0.5	0.6	112.666666667
13	10	0	0	0	0.5	0.9	195.083333333
13	10	0	0	0	1	0	63.1666666667
13	10	0	0	0	1	0.3	77.3095238095
13	10	0	0	0	1	0.6	112.666666667
13	10	0	0	0	1	0.9	195.083333333
13	10	0	0	0.5	0	0	63.1666666667
13	10	0	0	0.5	0	0.3	77.3095238095
13	10	0	0	0.5	0	0.6	112.666666667
13	10	0	0	0.5	0	0.9	195.083333333
13	10	0	0	0.5	0.5	0	63.1666666667
13	10	0	0	0.5	0.5	0.3	77.3095238095
13	10	0	0	0.5	0.5	0.6	112.666666667
13	10	0	0	0.5	0.5	0.9	195.083333333
13	10	0	0	0.5	1	0	63.1666666667
13	10	0	0	0.5	1	0.3	77.3095238095
13	10	0	0	0.5	1	0.6	112.666666667
13	10	0	0	0.5	1	0.9	195.083333333
13	10	0	0	1	0	0	63.1666666667
13	10	0	0	1	0	0.3	77.3095238095
13	10	0	0	1	0	0.6	112.666666667
13	10	0	0	1	0	0.9	195.083333333
13	10	0	0	1	0.5	0	63.1666666667
13	10	0	0	1	0.5	0.3	77.3095238095
13	10	0	0	1	0.5	0.6	112.666666667
13	10	0	0	1	0.5	0.9	195.083333333
13	10	0	0	1	1	0	63.1666666667
13	10	0	0	1	1	0.3	77.3095238095
13	10	0	0	1	1	0.6	112.666666667
13	10	0	0	1	1	0.9	195.083333333
13	10	0	0.5	0	0	0	63.1666666667
13	10	0	0.5	0	0	0.3	77.3095238095
13	10	0	0.5	0	0	0.6	112.666666667
13	10	0	0.5	0	0	0.9	195.083333333
13	10	0	0.5	0	0.5	0	63.1666666667
13	10	0	0.5	0	0.5	0.3	77.3095238095
13	10	0	0.5	0	0.5	0.6	112.666666667
13	10	0	0.5	0	0.5	0.9	195.083333333
13	10	0	0.5	0	1	0	63.1666666667
13	10	0	0.5	0	1	0.3	77.3095238095
13	10	0	0.5	0	1	0.6	112.666666667
13	10	0	0.5	0	1	0.9	195.083333333
13	10	0	0.5	0.5	0	0	63.1666666667
13	10	0	0.5	0.5	0	0.3	77.3095238095
13	10	0	0.5	0.5	0	0.6	112.666666667
13	10	0	0.5	0.5	0	0.9	195.083333333
13	10	0	0.5	0.5	0.5	0	63.1666666667
13	10	0	0.5	0.5	0.5	0.3	77.3095238095
13	10	0	0.5	0.5	0.5	0.6	112.666666667
13	10	0	0.5	0.5	0.5	0.9	195.083333333
13	10	0	0.5	0.5	1	0	63.1666666667
13	10	0	0.5	0.5	1	0.3	77.3095238095
13	10	0	0.5	0.5	1	0.6	112.666666667
13	10	0	0.5	0.5	1	0.9	195.083333333
13	10	0	0.5	1	0	0	63.1666666667
13	10	0	0.5	1	0	0.3	77.3095238095
13	10	0	0.5	1	0	0.6	112.666666667
13	10	0	0.5	1	0	0.9	195.083333333
13	10	0	0.5	1	0.5	0	63.1666666667
13	10	0	0.5	1	0.5	0.3	77.3095238095
13	10	0	0.5	1	0.5	0.6	112.666666667
13	10	0	0.5	1	0.5	0.9	195.083333333
13	10	0	0.5	1	1	0	63.1666666667
13	10	0	0.5	1	1	0.3	77.3095238095
13	10	0	0.5	1	1	0.6	112.666666667
13	10	0	0.5	1	1	0.9	195.083333333
13	10	0	1	0	0	0	63.1666666667
13	10	0	1	0	0	0.3	77.3095238095
13	10	0	1	0	0	0.6	112.666666667
13	10	0	1	0	0	0.9	195.083333333
13	10	0	1	0	0.5	0	63.1666666667
13	10	0	1	0	0.5	0.3	77.3095238095
13	10	0	1	0	0.5	0.6	112.666666667
13	10	0	1	0	0.5	0.9	195.083333333
13	10	0	1	0	1	0	63.1666666667
13	10	0	1	0	1	0.3	77.3095238095
13	10	0	1	0	1	0.6	112.666666667
13	10	0	1	0	1	0.9	195.083333333
13	10	0	1	0.5	0	0	63.1666666667
13	10	0	1	0.5	0	0.3	77.3095238095
13	10	0	1	0.5	0	0.6	112.666666667
13	10	0	1	0.5	0	0.9	195.083333333
13	10	0	1	0.5	0.5	0	63.1666666667
13	10	0	1	0.5	0.5	0.3	77.3095238095
13	10	0	1	0.5	0.5	0.6	112.666666667
13	10	0	1	0.5	0.5	0.9	195.083333333
13	10	0	1	0.5	1	0	63.1666666667
13	10	0	1	0.5	1	0.3	77.3095238095
13	10	0	1	0.5	1	0.6	112.666666667
13	10	0	1	0.5	1	0.9	195.083333333
13	10	0	1	1	0	0	63.1666666667
13	10	0	1	1	0	0.3	77.3095238095
13	10	0	1	1	0	0.6	112.666666667
13	10	0	1	1	0	0.9	195.083333333
13	10	0	1	1	0.5	0	63.1666666667
13	10	0	1	1	0.5	0.3	77.3095238095
13	10	0	1	1	0.5	0.6	112.666666667
13	10	0	1	1	0.5	0.9	195.083333333
13	10	0	1	1	1	0	63.1666666667
13	10	0	1	1	1	0.3	77.3095238095
13	10	0	1	1	1	0.6	112.666666667
13	10	0	1	1	1	0.9	195.083333333
13	10	0.5	0	0	0	0	63.1666666667
13	10	0.5	0	0	0	0.3	77.3095238095
13	10	0.5	0	0	0	0.6	112.666666667
13	10	0.5	0	0	0	0.9	195.083333333
13	10	0.5	0	0	0.5	0	63.1666666667
13	10	0.5	0	0	0.5	0.3	77.3095238095
13	10	0.5	0	0	0.5	0.6	112.666666667
13	10	0.5	0	0	0.5	0.9	195.083333333
13	10	0.5	0	0	1	0	63.1666666667
13	10	0.5	0	0	1	0.3	77.3095238095
13	10	0.5	0	0	1	0.6	112.666666667
13	10	0.5	0	0	1	0.9	195.083333333
13	10	0.5	0	0.5	0	0	63.1666666667
13	10	0.5	0	0.5	0	0.3	77.3095238095
13	10	0.5	0	0.5	0	0.6	112.666666667
13	10	0.5	0	0.5	0	0.9	195.083333333
13	10	0.5	0	0.5	0.5	0	63.1666666667
13	10	0.5	0	0.5	0.5	0.3	77.3095238095
13	10	0.5	0	0.5	0.5	0.6	112.666666667
13	10	0.5	0	0.5	0.5	0.9	195.083333333
13	10	0.5	0	0.5	1	0	63.1666666667
13	10	0.5	0	0.5	1	0.3	77.3095238095
13	10	0.5	0	0.5	1	0.6	112.666666667
13	10	0.5	0	0.5	1	0.9	195.083333333
13	10	0.5	0	1	0	0	63.1666666667
13	10	0.5	0	1	0	0.3	77.3095238095
13	10	0.5	0	1	0	0.6	112.666666667
13	10	0.5	0	1	0	0.9	195.083333333
13	10	0.5	0	1	0.5	0	63.1666666667
13	10	0.5	0	1	0.5	0.3	77.3095238095
13	10	0.5	0	1	0.5	0.6	112.666666667
13	10	0.5	0	1	0.5	0.9	195.083333333
13	10	0.5	0	1	1	0	63.1666666667
13	10	0.5	0	1	1	0.3	77.3095238095
13	10	0.5	0	1	1	0.6	112.666666667
13	10	0.5	0	1	1	0.9	195.083333333
13	10	0.5	0.5	0	0	0	63.1666666667
13	10	0.5	0.5	0	0	0.3	77.3095238095
13	10	0.5	0.5	0	0	0.6	112.666666667
13	10	0.5	0.5	0	0	0.9	195.083333333
13	10	0.5	0.5	0	0.5	0	63.1666666667
13	10	0.5	0.5	0	0.5	0.3	77.3095238095
13	10	0.5	0.5	0	0.5	0.6	112.666666667
13	10	0.5	0.5	0	0.5	0.9	195.083333333
13	10	0.5	0.5	0	1	0	63.1666666667
13	10	0.5	0.5	0	1	0.3	77.3095238095
13	10	0.5	0.5	0	1	0.6	112.666666667
13	10	0.5	0.5	0	1	0.9	195.083333333
13	10	0.5	0.5	0.5	0	0	63.1666666667
13	10	0.5	0.5	0.5	0	0.3	77.3095238095
13	10	0.5	0.5	0.5	0	0.6	112.666666667
13	10	0.5	0.5	0.5	0	0.9	195.083333333
13	10	0.5	0.5	0.5	0.5	0	63.1666666667
13	10	0.5	0.5	0.5	0.5	0.3	77.3095238095
13	10	0.5	0.5	0.5	0.5	0.6	112.666666667
13	10	0.5	0.5	0.5	0.5	0.9	195.083333333
13	10	0.5	0.5	0.5	1	0	63.1666666667
13	10	0.5	0.5	0.5	1	0.3	77.3095238095
13	10	0.5	0.5	0.5	1	0.6	112.666666667
13	10	0.5	0.5	0.5	1	0.9	195.083333333
13	10	0.5	0.5	1	0	0	63.1666666667
13	10	0.5	0.5	1	0	0.3	77.3095238095
13	10	0.5	0.5	1	0	0.6	112.666666667
13	10	0.5	0.5	1	0	0.9	195.083333333
13	10	0.5	0.5	1	0.5	0	63.1666666667
13	10	0.5	0.5	1	0.5	0.3	77.3095238095
13	10	0.5	0.5	1	0.5	0.6	112.666666667
13	10	0.5	0.5	1	0.5	0.9	195.083333333
13	10	0.5	0.5	1	1	0	63.1666666667
13	10	0.5	0.5	1	1	0.3	77.3095238095
13	10	0.5	0.5	1	1	0.6	112.666666667
13	10	0.5	0.5	1	1	0.9	195.083333333
13	10	0.5	1	0	0	0	63.1666666667
13	10	0.5	1	0	0	0.3	77.3095238095
13	10	0.5	1	0	0	0.6	112.666666667
13	10	0.5	1	0	0	0.9	195.083333333
13	10	0.5	1	0	0.5	0	63.1666666667
13	10	0.5	1	0	0.5	0.3	77.3095238095
13	10	0.5	1	0	0.5	0.6	112.666666667
13	10	0.5	1	0	0.5	0.9	195.083333333
13	10	0.5	1	0	1	0	63.1666666667
13	10	0.5	1	0	1	0.3	77.3095238095
13	10	0.5	1	0	1	0.6	112.666666667
13	10	0.5	1	0	1	0.9	195.083333333
13	10	0.5	1	0.5	0	0	63.1666666667
13	10	0.5	1	0.5	0	0.3	77.3095238095
13	10	0.5	1	0.5	0	0.6	112.666666667
13	10	0.5	1	0.5	0	0.9	195.083333333
13	10	0.5	1	0.5	0.5	0	63.1666666667
13	10	0.5	1	0.5	0.5	0.3	77.3095238095
13	10	0.5	1	0.5	0.5	0.6	112.666666667
13	10	0.5	1	0.5	0.5	0.9	195.083333333
13	10	0.5	1	0.5	1	0	63.1666666667
13	10	0.5	1	0.5	1	0.3	77.3095238095
13	10	0.5	1	0.5	1	0.6	112.666666667
13	10	0.5	1	0.5	1	0.9	195.083333333
13	10	0.5	1	1	0	0	63.1666666667
13	10	0.5	1	1	0	0.3	77.3095238095
13	10	0.5	1	1	0	0.6	112.666666667
13	10	0.5	1	1	0	0.9	195.083333333
13	10	0.5	1	1	0.5	0	63.1666666667
13	10	0.5	1	1	0.5	0.3	77.3095238095
13	10	0.5	1	1	0.5	0.6	112.666666667
13	10	0.5	1	1	0.5	0.9	195.083333333
13	10	0.5	1	1	1	0	63.1666666667
13	10	0.5	1	1	1	0.3	77.3095238095
13	10	0.5	1	1	1	0.6	112.666666667
13	10	0.5	1	1	1	0.9	195.083333333
13	10	1	0	0	0	0	63.1666666667
13	10	1	0	0	0	0.3	77.3095238095
13	10	1	0	0	0	0.6	112.666666667
13	10	1	0	0	0	0.9	195.083333333
13	10	1	0	0	0.5	0	63.1666666667
13	10	1	0	0	0.5	0.3	77.3095238095
13	10	1	0	0	0.5	0.6	112.666666667
13	10	1	0	0	0.5	0.9	195.083333333
13	10	1	0	0	1	0	63.1666666667
13	10	1	0	0	1	0.3	77.3095238095
13	10	1	0	0	1	0.6	112.666666667
13	10	1	0	0	1	0.9	195.083333333
13	10	1	0	0.5	0	0	63.1666666667
13	10	1	0	0.5	0	0.3	77.3095238095
13	10	1	0	0.5	0	0.6	112.666666667
13	10	1	0	0.5	0	0.9	195.083333333
13	10	1	0	0.5	0.5	0	63.1666666667
13	10	1	0	0.5	0.5	0.3	77.3095238095
13	10	1	0	0.5	0.5	0.6	112.666666667
13	10	1	0	0.5	0.5	0.9	195.083333333
13	10	1	0	0.5	1	0	63.1666666667
13	10	1	0	0.5	1	0.3	77.3095238095
13	10	1	0	0.5	1	0.6	112.666666667
13	10	1	0	0.5	1	0.9	195.083333333
13	10	1	0	1	0	0	63.1666666667
13	10	1	0	1	0	0.3	77.3095238095
13	10	1	0	1	0	0.6	112.666666667
13	10	1	0	1	0	0.9	195.083333333
13	10	1	0	1	0.5	0	63.1666666667
13	10	1	0	1	0.5	0.3	77.3095238095
13	10	1	0	1	0.5	0.6	112.666666667
13	10	1	0	1	0.5	0.9	195.083333333
13	10	1	0	1	1	0	63.1666666667
13	10	1	0	1	1	0.3	77.3095238095
13	10	1	0	1	1	0.6	112.666666667
13	10	1	0	1	1	0.9	195.083333333
13	10	1	0.5	0	0	0	63.1666666667
13	10	1	0.5	0	0	0.3	77.3095238095
13	10	1	0.5	0	0	0.6	112.666666667
13	10	1	0.5	0	0	0.9	195.083333333
13	10	1	0.5	0	0.5	0	63.1666666667
13	10	1	0.5	0	0.5	0.3	77.3095238095
13	10	1	0.5	0	0.5	0.6	112.666666667
13	10	1	0.5	0	0.5	0.9	195.083333333
13	10	1	0.5	0	1	0	63.1666666667
13	10	1	0.5	0	1	0.3	77.3095238095
13	10	1	0.5	0	1	0.6	112.666666667
13	10	1	0.5	0	1	0.9	195.083333333
13	10	1	0.5	0.5	0	0	63.1666666667
13	10	1	0.5	0.5	0	0.3	77.3095238095
13	10	1	0.5	0.5	0	0.6	112.666666667
13	10	1	0.5	0.5	0	0.9	195.083333333
13	10	1	0.5	0.5	0.5	0	63.1666666667
13	10	1	0.5	0.5	0.5	0.3	77.3095238095
13	10	1	0.5	0.5	0.5	0.6	112.666666667
13	10	1	0.5	0.5	0.5	0.9	195.083333333
13	10	1	0.5	0.5	1	0	63.1666666667
13	10	1	0.5	0.5	1	0.3	77.3095238095
13	10	1	0.5	0.5	1	0.6	112.666666667
13	10	1	0.5	0.5	1	0.9	195.083333333
13	10	1	0.5	1	0	0	63.1666666667
13	10	1	0.5	1	0	0.3	77.3095238095
13	10	1	0.5	1	0	0.6	112.666666667
13	10	1	0.5	1	0	0.9	195.083333333
13	10	1	0.5	1	0.5	0	63.1666666667
13	10	1	0.5	1	0.5	0.3	77.3095238095
13	10	1	0.5	1	0.5	0.6	112.666666667
13	10	1	0.5	1	0.5	0.9	195.083333333
13	10	1	0.5	1	1	0	63.1666666667
13	10	1	0.5	1	1	0.3	77.3095238095
13	10	1	0.5	1	1	0.6	112.666666667
13	10	1	0.5	1	1	0.9	195.083333333
13	10	1	1	0	0	0	63.1666666667
13	10	1	1	0	0	0.3	77.3095238095
13	10	1	1	0	0	0.6	112.666666667
13	10	1	1	0	0	0.9	195.083333333
13	10	1	1	0	0.5	0	63.1666666667
13	10	1	1	0	0.5	0.3	77.3095238095
13	10	1	1	0	0.5	0.6	112.666666667
13	10	1	1	0	0.5	0.9	195.083333333
13	10	1	1	0	1	0	63.1666666667
13	10	1	1	0	1	0.3	77.3095238095
13	10	1	1	0	1	0.6	112.666666667
13	10	1	1	0	1	0.9	195.083333333
13	10	1	1	0.5	0	0	63.1666666667
13	10	1	1	0.5	0	0.3	77.3095238095
13	10	1	1	0.5	0	0.6	112.666666667
13	10	1	1	0.5	0	0.9	195.083333333
13	10	1	1	0.5	0.5	0	63.1666666667
13	10	1	1	0.5	0.5	0.3	77.3095238095
13	10	1	1	0.5	0.5	0.6	112.666666667
13	10	1	1	0.5	0.5	0.9	195.083333333
13	10	1	1	0.5	1	0	63.1666666667
13	10	1	1	0.5	1	0.3	77.3095238095
13	10	1	1	0.5	1	0.6	112.666666667
13	10	1	1	0.5	1	0.9	195.083333333
13	10	1	1	1	0	0	63.1666666667
13	10	1	1	1	0	0.3	77.3095238095
13	10	1	1	1	0	0.6	112.666666667
13	10	1	1	1	0	0.9	195.083333333
13	10	1	1	1	0.5	0	63.1666666667
13	10	1	1	1	0.5	0.3	77.3095238095
13	10	1	1	1	0.5	0.6	112.666666667
13	10	1	1	1	0.5	0.9	195.083333333
13	10	1	1	1	1	0	63.1666666667
13	10	1	1	1	1	0.3	77.3095238095
13	10	1	1	1	1	0.6	112.666666667
13	10	1	1	1	1	0.9	195.083333333
13	15	0	0	0	0	0	63.1666666667
13	15	0	0	0	0	0.3	77.3095238095
13	15	0	0	0	0	0.6	112.666666667
13	15	0	0	0	0	0.9	195.083333333
13	15	0	0	0	0.5	0	63.1666666667
13	15	0	0	0	0.5	0.3	77.3095238095
13	15	0	0	0	0.5	0.6	112.666666667
13	15	0	0	0	0.5	0.9	195.083333333
13	15	0	0	0	1	0	63.1666666667
13	15	0	0	0	1	0.3	77.3095238095
13	15	0	0	0	1	0.6	112.666666667
13	15	0	0	0	1	0.9	195.083333333
13	15	0	0	0.5	0	0	63.1666666667
13	15	0	0	0.5	0	0.3	77.3095238095
13	15	0	0	0.5	0	0.6	112.666666667
13	15	0	0	0.5	0	0.9	195.083333333
13	15	0	0	0.5	0.5	0	63.1666666667
13	15	0	0	0.5	0.5	0.3	77.3095238095
13	15	0	0	0.5	0.5	0.6	112.666666667
13	15	0	0	0.5	0.5	0.9	195.083333333
13	15	0	0	0.5	1	0	63.1666666667
13	15	0	0	0.5	1	0.3	77.3095238095
13	15	0	0	0.5	1	0.6	112.666666667
13	15	0	0	0.5	1	0.9	195.083333333
13	15	0	0	1	0	0	63.1666666667
13	15	0	0	1	0	0.3	77.3095238095
13	15	0	0	1	0	0.6	112.666666667
13	15	0	0	1	0	0.9	195.083333333
13	15	0	0	1	0.5	0	63.1666666667
13	15	0	0	1	0.5	0.3	77.3095238095
13	15	0	0	1	0.5	0.6	112.666666667
13	15	0	0	1	0.5	0.9	195.083333333
13	15	0	0	1	1	0	63.1666666667
13	15	0	0	1	1	0.3	77.3095238095
13	15	0	0	1	1	0.6	112.666666667
13	15	0	0	1	1	0.9	195.083333333
13	15	0	0.5	0	0	0	63.1666666667
13	15	0	0.5	0	0	0.3	77.3095238095
13	15	0	0.5	0	0	0.6	112.666666667
13	15	0	0.5	0	0	0.9	195.083333333
13	15	0	0.5	0	0.5	0	63.1666666667
13	15	0	0.5	0	0.5	0.3	77.3095238095
13	15	0	0.5	0	0.5	0.6	112.666666667
13	15	0	0.5	0	0.5	0.9	195.083333333
13	15	0	0.5	0	1	0	63.1666666667
13	15	0	0.5	0	1	0.3	77.3095238095
13	15	0	0.5	0	1	0.6	112.666666667
13	15	0	0.5	0	1	0.9	195.083333333
13	15	0	0.5	0.5	0	0	63.1666666667
13	15	0	0.5	0.5	0	0.3	77.3095238095
13	15	0	0.5	0.5	0	0.6	112.666666667
13	15	0	0.5	0.5	0	0.9	195.083333333
13	15	0	0.5	0.5	0.5	0	63.1666666667
13	15	0	0.5	0.5	0.5	0.3	77.3095238095
13	15	0	0.5	0.5	0.5	0.6	112.666666667
13	15	0	0.5	0.5	0.5	0.9	195.083333333
13	15	0	0.5	0.5	1	0	63.1666666667
13	15	0	0.5	0.5	1	0.3	77.3095238095
13	15	0	0.5	0.5	1	0.6	112.666666667
13	15	0	0.5	0.5	1	0.9	195.083333333
13	15	0	0.5	1	0	0	63.1666666667
13	15	0	0.5	1	0	0.3	77.3095238095
13	15	0	0.5	1	0	0.6	112.666666667
13	15	0	0.5	1	0	0.9	195.083333333
13	15	0	0.5	1	0.5	0	63.1666666667
13	15	0	0.5	1	0.5	0.3	77.3095238095
13	15	0	0.5	1	0.5	0.6	112.666666667
13	15	0	0.5	1	0.5	0.9	195.083333333
13	15	0	0.5	1	1	0	63.1666666667
13	15	0	0.5	1	1	0.3	77.3095238095
13	15	0	0.5	1	1	0.6	112.666666667
13	15	0	0.5	1	1	0.9	195.083333333
13	15	0	1	0	0	0	63.1666666667
13	15	0	1	0	0	0.3	77.3095238095
13	15	0	1	0	0	0.6	112.666666667
13	15	0	1	0	0	0.9	195.083333333
13	15	0	1	0	0.5	0	63.1666666667
13	15	0	1	0	0.5	0.3	77.3095238095
13	15	0	1	0	0.5	0.6	112.666666667
13	15	0	1	0	0.5	0.9	195.083333333
13	15	0	1	0	1	0	63.1666666667
13	15	0	1	0	1	0.3	77.3095238095
13	15	0	1	0	1	0.6	112.666666667
13	15	0	1	0	1	0.9	195.083333333
13	15	0	1	0.5	0	0	63.1666666667
13	15	0	1	0.5	0	0.3	77.3095238095
13	15	0	1	0.5	0	0.6	112.666666667
13	15	0	1	0.5	0	0.9	195.083333333
13	15	0	1	0.5	0.5	0	63.1666666667
13	15	0	1	0.5	0.5	0.3	77.3095238095
13	15	0	1	0.5	0.5	0.6	112.666666667
13	15	0	1	0.5	0.5	0.9	195.083333333
13	15	0	1	0.5	1	0	63.1666666667
13	15	0	1	0.5	1	0.3	77.3095238095
13	15	0	1	0.5	1	0.6	112.666666667
13	15	0	1	0.5	1	0.9	195.083333333
13	15	0	1	1	0	0	63.1666666667
13	15	0	1	1	0	0.3	77.3095238095
13	15	0	1	1	0	0.6	112.666666667
13	15	0	1	1	0	0.9	195.083333333
13	15	0	1	1	0.5	0	63.1666666667
13	15	0	1	1	0.5	0.3	77.3095238095
13	15	0	1	1	0.5	0.6	112.666666667
13	15	0	1	1	0.5	0.9	195.083333333
13	15	0	1	1	1	0	63.1666666667
13	15	0	1	1	1	0.3	77.3095238095
13	15	0	1	1	1	0.6	112.666666667
13	15	0	1	1	1	0.9	195.083333333
13	15	0.5	0	0	0	0	63.1666666667
13	15	0.5	0	0	0	0.3	77.3095238095
13	15	0.5	0	0	0	0.6	112.666666667
13	15	0.5	0	0	0	0.9	195.083333333
13	15	0.5	0	0	0.5	0	63.1666666667
13	15	0.5	0	0	0.5	0.3	77.3095238095
13	15	0.5	0	0	0.5	0.6	112.666666667
13	15	0.5	0	0	0.5	0.9	195.083333333
13	15	0.5	0	0	1	0	63.1666666667
13	15	0.5	0	0	1	0.3	77.3095238095
13	15	0.5	0	0	1	0.6	112.666666667
13	15	0.5	0	0	1	0.9	195.083333333
13	15	0.5	0	0.5	0	0	63.1666666667
13	15	0.5	0	0.5	0	0.3	77.3095238095
13	15	0.5	0	0.5	0	0.6	112.666666667
13	15	0.5	0	0.5	0	0.9	195.083333333
13	15	0.5	0	0.5	0.5	0	63.1666666667
13	15	0.5	0	0.5	0.5	0.3	77.3095238095
13	15	0.5	0	0.5	0.5	0.6	112.666666667
13	15	0.5	0	0.5	0.5	0.9	195.083333333
13	15	0.5	0	0.5	1	0	63.1666666667
13	15	0.5	0	0.5	1	0.3	77.3095238095
13	15	0.5	0	0.5	1	0.6	112.666666667
13	15	0.5	0	0.5	1	0.9	195.083333333
13	15	0.5	0	1	0	0	63.1666666667
13	15	0.5	0	1	0	0.3	77.3095238095
13	15	0.5	0	1	0	0.6	112.666666667
13	15	0.5	0	1	0	0.9	195.083333333
13	15	0.5	0	1	0.5	0	63.1666666667
13	15	0.5	0	1	0.5	0.3	77.3095238095
13	15	0.5	0	1	0.5	0.6	112.666666667
13	15	0.5	0	1	0.5	0.9	195.083333333
13	15	0.5	0	1	1	0	63.1666666667
13	15	0.5	0	1	1	0.3	77.3095238095
13	15	0.5	0	1	1	0.6	112.666666667
13	15	0.5	0	1	1	0.9	195.083333333
13	15	0.5	0.5	0	0	0	63.1666666667
13	15	0.5	0.5	0	0	0.3	77.3095238095
13	15	0.5	0.5	0	0	0.6	112.666666667
13	15	0.5	0.5	0	0	0.9	195.083333333
13	15	0.5	0.5	0	0.5	0	63.1666666667
13	15	0.5	0.5	0	0.5	0.3	77.3095238095
13	15	0.5	0.5	0	0.5	0.6	112.666666667
13	15	0.5	0.5	0	0.5	0.9	195.083333333
13	15	0.5	0.5	0	1	0	63.1666666667
13	15	0.5	0.5	0	1	0.3	77.3095238095
13	15	0.5	0.5	0	1	0.6	112.666666667
13	15	0.5	0.5	0	1	0.9	195.083333333
13	15	0.5	0.5	0.5	0	0	63.1666666667
13	15	0.5	0.5	0.5	0	0.3	77.3095238095
13	15	0.5	0.5	0.5	0	0.6	112.666666667
13	15	0.5	0.5	0.5	0	0.9	195.083333333
13	15	0.5	0.5	0.5	0.5	0	63.1666666667
13	15	0.5	0.5	0.5	0.5	0.3	77.3095238095
13	15	0.5	0.5	0.5	0.5	0.6	112.666666667
13	15	0.5	0.5	0.5	0.5	0.9	195.083333333
13	15	0.5	0.5	0.5	1	0	63.1666666667
13	15	0.5	0.5	0.5	1	0.3	77.3095238095
13	15	0.5	0.5	0.5	1	0.6	112.666666667
13	15	0.5	0.5	0.5	1	0.9	195.083333333
13	15	0.5	0.5	1	0	0	63.1666666667
13	15	0.5	0.5	1	0	0.3	77.3095238095
13	15	0.5	0.5	1	0	0.6	112.666666667
13	15	0.5	0.5	1	0	0.9	195.083333333
13	15	0.5	0.5	1	0.5	0	63.1666666667
13	15	0.5	0.5	1	0.5	0.3	77.3095238095
13	15	0.5	0.5	1	0.5	0.6	112.666666667
13	15	0.5	0.5	1	0.5	0.9	195.083333333
13	15	0.5	0.5	1	1	0	63.1666666667
13	15	0.5	0.5	1	1	0.3	77.3095238095
13	15	0.5	0.5	1	1	0.6	112.666666667
13	15	0.5	0.5	1	1	0.9	195.083333333
13	15	0.5	1	0	0	0	63.1666666667
13	15	0.5	1	0	0	0.3	77.3095238095
13	15	0.5	1	0	0	0.6	112.666666667
13	15	0.5	1	0	0	0.9	195.083333333
13	15	0.5	1	0	0.5	0	63.1666666667
13	15	0.5	1	0	0.5	0.3	77.3095238095
13	15	0.5	1	0	0.5	0.6	112.666666667
13	15	0.5	1	0	0.5	0.9	195.083333333
13	15	0.5	1	0	1	0	63.1666666667
13	15	0.5	1	0	1	0.3	77.3095238095
13	15	0.5	1	0	1	0.6	112.666666667
13	15	0.5	1	0	1	0.9	195.083333333
13	15	0.5	1	0.5	0	0	63.1666666667
13	15	0.5	1	0.5	0	0.3	77.3095238095
13	15	0.5	1	0.5	0	0.6	112.666666667
13	15	0.5	1	0.5	0	0.9	195.083333333
13	15	0.5	1	0.5	0.5	0	63.1666666667
13	15	0.5	1	0.5	0.5	0.3	77.3095238095
13	15	0.5	1	0.5	0.5	0.6	112.666666667
13	15	0.5	1	0.5	0.5	0.9	195.083333333
13	15	0.5	1	0.5	1	0	63.1666666667
13	15	0.5	1	0.5	1	0.3	77.3095238095
13	15	0.5	1	0.5	1	0.6	112.666666667
13	15	0.5	1	0.5	1	0.9	195.083333333
13	15	0.5	1	1	0	0	63.1666666667
13	15	0.5	1	1	0	0.3	77.3095238095
13	15	0.5	1	1	0	0.6	112.666666667
13	15	0.5	1	1	0	0.9	195.083333333
13	15	0.5	1	1	0.5	0	63.1666666667
13	15	0.5	1	1	0.5	0.3	77.3095238095
13	15	0.5	1	1	0.5	0.6	112.666666667
13	15	0.5	1	1	0.5	0.9	195.083333333
13	15	0.5	1	1	1	0	63.1666666667
13	15	0.5	1	1	1	0.3	77.3095238095
13	15	0.5	1	1	1	0.6	112.666666667
13	15	0.5	1	1	1	0.9	195.083333333
13	15	1	0	0	0	0	63.1666666667
13	15	1	0	0	0	0.3	77.3095238095
13	15	1	0	0	0	0.6	112.666666667
13	15	1	0	0	0	0.9	195.083333333
13	15	1	0	0	0.5	0	63.1666666667
13	15	1	0	0	0.5	0.3	77.3095238095
13	15	1	0	0	0.5	0.6	112.666666667
13	15	1	0	0	0.5	0.9	195.083333333
13	15	1	0	0	1	0	63.1666666667
13	15	1	0	0	1	0.3	77.3095238095
13	15	1	0	0	1	0.6	112.666666667
13	15	1	0	0	1	0.9	195.083333333
13	15	1	0	0.5	0	0	63.1666666667
13	15	1	0	0.5	0	0.3	77.3095238095
13	15	1	0	0.5	0	0.6	112.666666667
13	15	1	0	0.5	0	0.9	195.083333333
13	15	1	0	0.5	0.5	0	63.1666666667
13	15	1	0	0.5	0.5	0.3	77.3095238095
13	15	1	0	0.5	0.5	0.6	112.666666667
13	15	1	0	0.5	0.5	0.9	195.083333333
13	15	1	0	0.5	1	0	63.1666666667
13	15	1	0	0.5	1	0.3	77.3095238095
13	15	1	0	0.5	1	0.6	112.666666667
13	15	1	0	0.5	1	0.9	195.083333333
13	15	1	0	1	0	0	63.1666666667
13	15	1	0	1	0	0.3	77.3095238095
13	15	1	0	1	0	0.6	112.666666667
13	15	1	0	1	0	0.9	195.083333333
13	15	1	0	1	0.5	0	63.1666666667
13	15	1	0	1	0.5	0.3	77.3095238095
13	15	1	0	1	0.5	0.6	112.666666667
13	15	1	0	1	0.5	0.9	195.083333333
13	15	1	0	1	1	0	63.1666666667
13	15	1	0	1	1	0.3	77.3095238095
13	15	1	0	1	1	0.6	112.666666667
13	15	1	0	1	1	0.9	195.083333333
13	15	1	0.5	0	0	0	63.1666666667
13	15	1	0.5	0	0	0.3	77.3095238095
13	15	1	0.5	0	0	0.6	112.666666667
13	15	1	0.5	0	0	0.9	195.083333333
13	15	1	0.5	0	0.5	0	63.1666666667
13	15	1	0.5	0	0.5	0.3	77.3095238095
13	15	1	0.5	0	0.5	0.6	112.666666667
13	15	1	0.5	0	0.5	0.9	195.083333333
13	15	1	0.5	0	1	0	63.1666666667
13	15	1	0.5	0	1	0.3	77.3095238095
13	15	1	0.5	0	1	0.6	112.666666667
13	15	1	0.5	0	1	0.9	195.083333333
13	15	1	0.5	0.5	0	0	63.1666666667
13	15	1	0.5	0.5	0	0.3	77.3095238095
13	15	1	0.5	0.5	0	0.6	112.666666667
13	15	1	0.5	0.5	0	0.9	195.083333333
13	15	1	0.5	0.5	0.5	0	63.1666666667
13	15	1	0.5	0.5	0.5	0.3	77.3095238095
13	15	1	0.5	0.5	0.5	0.6	112.666666667
13	15	1	0.5	0.5	0.5	0.9	195.083333333
13	15	1	0.5	0.5	1	0	63.1666666667
13	15	1	0.5	0.5	1	0.3	77.3095238095
13	15	1	0.5	0.5	1	0.6	112.666666667
13	15	1	0.5	0.5	1	0.9	195.083333333
13	15	1	0.5	1	0	0	63.1666666667
13	15	1	0.5	1	0	0.3	77.3095238095
13	15	1	0.5	1	0	0.6	112.666666667
13	15	1	0.5	1	0	0.9	195.083333333
13	15	1	0.5	1	0.5	0	63.1666666667
13	15	1	0.5	1	0.5	0.3	77.3095238095
13	15	1	0.5	1	0.5	0.6	112.666666667
13	15	1	0.5	1	0.5	0.9	195.083333333
13	15	1	0.5	1	1	0	63.1666666667
13	15	1	0.5	1	1	0.3	77.3095238095
13	15	1	0.5	1	1	0.6	112.666666667
13	15	1	0.5	1	1	0.9	195.083333333
13	15	1	1	0	0	0	63.1666666667
13	15	1	1	0	0	0.3	77.3095238095
13	15	1	1	0	0	0.6	112.666666667
13	15	1	1	0	0	0.9	195.083333333
13	15	1	1	0	0.5	0	63.1666666667
13	15	1	1	0	0.5	0.3	77.3095238095
13	15	1	1	0	0.5	0.6	112.666666667
13	15	1	1	0	0.5	0.9	195.083333333
13	15	1	1	0	1	0	63.1666666667
13	15	1	1	0	1	0.3	77.3095238095
13	15	1	1	0	1	0.6	112.666666667
13	15	1	1	0	1	0.9	195.083333333
13	15	1	1	0.5	0	0	63.1666666667
13	15	1	1	0.5	0	0.3	77.3095238095
13	15	1	1	0.5	0	0.6	112.666666667
13	15	1	1	0.5	0	0.9	195.083333333
13	15	1	1	0.5	0.5	0	63.1666666667
13	15	1	1	0.5	0.5	0.3	77.3095238095
13	15	1	1	0.5	0.5	0.6	112.666666667
13	15	1	1	0.5	0.5	0.9	195.083333333
13	15	1	1	0.5	1	0	63.1666666667
13	15	1	1	0.5	1	0.3	77.3095238095
13	15	1	1	0.5	1	0.6	112.666666667
13	15	1	1	0.5	1	0.9	195.083333333
13	15	1	1	1	0	0	63.1666666667
13	15	1	1	1	0	0.3	77.3095238095
13	15	1	1	1	0	0.6	112.666666667
13	15	1	1	1	0	0.9	195.083333333
13	15	1	1	1	0.5	0	63.1666666667
13	15	1	1	1	0.5	0.3	77.3095238095
13	15	1	1	1	0.5	0.6	112.666666667
13	15	1	1	1	0.5	0.9	195.083333333
13	15	1	1	1	1	0	63.1666666667
13	15	1	1	1	1	0.3	77.3095238095
13	15	1	1	1	1	0.6	112.666666667
13	15	1	1	1	1	0.9	195.083333333
13	20	0	0	0	0	0	63.1666666667
13	20	0	0	0	0	0.3	77.3095238095
13	20	0	0	0	0	0.6	112.666666667
13	20	0	0	0	0	0.9	195.083333333
13	20	0	0	0	0.5	0	63.1666666667
13	20	0	0	0	0.5	0.3	77.3095238095
13	20	0	0	0	0.5	0.6	112.666666667
13	20	0	0	0	0.5	0.9	195.083333333
13	20	0	0	0	1	0	63.1666666667
13	20	0	0	0	1	0.3	77.3095238095
13	20	0	0	0	1	0.6	112.666666667
13	20	0	0	0	1	0.9	195.083333333
13	20	0	0	0.5	0	0	63.1666666667
13	20	0	0	0.5	0	0.3	77.3095238095
13	20	0	0	0.5	0	0.6	112.666666667
13	20	0	0	0.5	0	0.9	195.083333333
13	20	0	0	0.5	0.5	0	63.1666666667
13	20	0	0	0.5	0.5	0.3	77.3095238095
13	20	0	0	0.5	0.5	0.6	112.666666667
13	20	0	0	0.5	0.5	0.9	195.083333333
13	20	0	0	0.5	1	0	63.1666666667
13	20	0	0	0.5	1	0.3	77.3095238095
13	20	0	0	0.5	1	0.6	112.666666667
13	20	0	0	0.5	1	0.9	195.083333333
13	20	0	0	1	0	0	63.1666666667
13	20	0	0	1	0	0.3	77.3095238095
13	20	0	0	1	0	0.6	112.666666667
13	20	0	0	1	0	0.9	195.083333333
13	20	0	0	1	0.5	0	63.1666666667
13	20	0	0	1	0.5	0.3	77.3095238095
13	20	0	0	1	0.5	0.6	112.666666667
13	20	0	0	1	0.5	0.9	195.083333333
13	20	0	0	1	1	0	63.1666666667
13	20	0	0	1	1	0.3	77.3095238095
13	20	0	0	1	1	0.6	112.666666667
13	20	0	0	1	1	0.9	195.083333333
13	20	0	0.5	0	0	0	63.1666666667
13	20	0	0.5	0	0	0.3	77.3095238095
13	20	0	0.5	0	0	0.6	112.666666667
13	20	0	0.5	0	0	0.9	195.083333333
13	20	0	0.5	0	0.5	0	63.1666666667
13	20	0	0.5	0	0.5	0.3	77.3095238095
13	20	0	0.5	0	0.5	0.6	112.666666667
13	20	0	0.5	0	0.5	0.9	195.083333333
13	20	0	0.5	0	1	0	63.1666666667
13	20	0	0.5	0	1	0.3	77.3095238095
13	20	0	0.5	0	1	0.6	112.666666667
13	20	0	0.5	0	1	0.9	195.083333333
13	20	0	0.5	0.5	0	0	63.1666666667
13	20	0	0.5	0.5	0	0.3	77.3095238095
13	20	0	0.5	0.5	0	0.6	112.666666667
13	20	0	0.5	0.5	0	0.9	195.083333333
13	20	0	0.5	0.5	0.5	0	63.1666666667
13	20	0	0.5	0.5	0.5	0.3	77.3095238095
13	20	0	0.5	0.5	0.5	0.6	112.666666667
13	20	0	0.5	0.5	0.5	0.9	195.083333333
13	20	0	0.5	0.5	1	0	63.1666666667
13	20	0	0.5	0.5	1	0.3	77.3095238095
13	20	0	0.5	0.5	1	0.6	112.666666667
13	20	0	0.5	0.5	1	0.9	195.083333333
13	20	0	0.5	1	0	0	63.1666666667
13	20	0	0.5	1	0	0.3	77.3095238095
13	20	0	0.5	1	0	0.6	112.666666667
13	20	0	0.5	1	0	0.9	195.083333333
13	20	0	0.5	1	0.5	0	63.1666666667
13	20	0	0.5	1	0.5	0.3	77.3095238095
13	20	0	0.5	1	0.5	0.6	112.666666667
13	20	0	0.5	1	0.5	0.9	195.083333333
13	20	0	0.5	1	1	0	63.1666666667
13	20	0	0.5	1	1	0.3	77.3095238095
13	20	0	0.5	1	1	0.6	112.666666667
13	20	0	0.5	1	1	0.9	195.083333333
13	20	0	1	0	0	0	63.1666666667
13	20	0	1	0	0	0.3	77.3095238095
13	20	0	1	0	0	0.6	112.666666667
13	20	0	1	0	0	0.9	195.083333333
13	20	0	1	0	0.5	0	63.1666666667
13	20	0	1	0	0.5	0.3	77.3095238095
13	20	0	1	0	0.5	0.6	112.666666667
13	20	0	1	0	0.5	0.9	195.083333333
13	20	0	1	0	1	0	63.1666666667
13	20	0	1	0	1	0.3	77.3095238095
13	20	0	1	0	1	0.6	112.666666667
13	20	0	1	0	1	0.9	195.083333333
13	20	0	1	0.5	0	0	63.1666666667
13	20	0	1	0.5	0	0.3	77.3095238095
13	20	0	1	0.5	0	0.6	112.666666667
13	20	0	1	0.5	0	0.9	195.083333333
13	20	0	1	0.5	0.5	0	63.1666666667
13	20	0	1	0.5	0.5	0.3	77.3095238095
13	20	0	1	0.5	0.5	0.6	112.666666667
13	20	0	1	0.5	0.5	0.9	195.083333333
13	20	0	1	0.5	1	0	63.1666666667
13	20	0	1	0.5	1	0.3	77.3095238095
13	20	0	1	0.5	1	0.6	112.666666667
13	20	0	1	0.5	1	0.9	195.083333333
13	20	0	1	1	0	0	63.1666666667
13	20	0	1	1	0	0.3	77.3095238095
13	20	0	1	1	0	0.6	112.666666667
13	20	0	1	1	0	0.9	195.083333333
13	20	0	1	1	0.5	0	63.1666666667
13	20	0	1	1	0.5	0.3	77.3095238095
13	20	0	1	1	0.5	0.6	112.666666667
13	20	0	1	1	0.5	0.9	195.083333333
13	20	0	1	1	1	0	63.1666666667
13	20	0	1	1	1	0.3	77.3095238095
13	20	0	1	1	1	0.6	112.666666667
13	20	0	1	1	1	0.9	195.083333333
13	20	0.5	0	0	0	0	63.1666666667
13	20	0.5	0	0	0	0.3	77.3095238095
13	20	0.5	0	0	0	0.6	112.666666667
13	20	0.5	0	0	0	0.9	195.083333333
13	20	0.5	0	0	0.5	0	63.1666666667
13	20	0.5	0	0	0.5	0.3	77.3095238095
13	20	0.5	0	0	0.5	0.6	112.666666667
13	20	0.5	0	0	0.5	0.9	195.083333333
13	20	0.5	0	0	1	0	63.1666666667
13	20	0.5	0	0	1	0.3	77.3095238095
13	20	0.5	0	0	1	0.6	112.666666667
13	20	0.5	0	0	1	0.9	195.083333333
13	20	0.5	0	0.5	0	0	63.1666666667
13	20	0.5	0	0.5	0	0.3	77.3095238095
13	20	0.5	0	0.5	0	0.6	112.666666667
13	20	0.5	0	0.5	0	0.9	195.083333333
13	20	0.5	0	0.5	0.5	0	63.1666666667
13	20	0.5	0	0.5	0.5	0.3	77.3095238095
13	20	0.5	0	0.5	0.5	0.6	112.666666667
13	20	0.5	0	0.5	0.5	0.9	195.083333333
13	20	0.5	0	0.5	1	0	63.1666666667
13	20	0.5	0	0.5	1	0.3	77.3095238095
13	20	0.5	0	0.5	1	0.6	112.666666667
13	20	0.5	0	0.5	1	0.9	195.083333333
13	20	0.5	0	1	0	0	63.1666666667
13	20	0.5	0	1	0	0.3	77.3095238095
13	20	0.5	0	1	0	0.6	112.666666667
13	20	0.5	0	1	0	0.9	195.083333333
13	20	0.5	0	1	0.5	0	63.1666666667
13	20	0.5	0	1	0.5	0.3	77.3095238095
13	20	0.5	0	1	0.5	0.6	112.666666667
13	20	0.5	0	1	0.5	0.9	195.083333333
13	20	0.5	0	1	1	0	63.1666666667
13	20	0.5	0	1	1	0.3	77.3095238095
13	20	0.5	0	1	1	0.6	112.666666667
13	20	0.5	0	1	1	0.9	195.083333333
13	20	0.5	0.5	0	0	0	63.1666666667
13	20	0.5	0.5	0	0	0.3	77.3095238095
13	20	0.5	0.5	0	0	0.6	112.666666667
13	20	0.5	0.5	0	0	0.9	195.083333333
13	20	0.5	0.5	0	0.5	0	63.1666666667
13	20	0.5	0.5	0	0.5	0.3	77.3095238095
13	20	0.5	0.5	0	0.5	0.6	112.666666667
13	20	0.5	0.5	0	0.5	0.9	195.083333333
13	20	0.5	0.5	0	1	0	63.1666666667
13	20	0.5	0.5	0	1	0.3	77.3095238095
13	20	0.5	0.5	0	1	0.6	112.666666667
13	20	0.5	0.5	0	1	0.9	195.083333333
13	20	0.5	0.5	0.5	0	0	63.1666666667
13	20	0.5	0.5	0.5	0	0.3	77.3095238095
13	20	0.5	0.5	0.5	0	0.6	112.666666667
13	20	0.5	0.5	0.5	0	0.9	195.083333333
13	20	0.5	0.5	0.5	0.5	0	63.1666666667
13	20	0.5	0.5	0.5	0.5	0.3	77.3095238095
13	20	0.5	0.5	0.5	0.5	0.6	112.666666667
13	20	0.5	0.5	0.5	0.5	0.9	195.083333333
13	20	0.5	0.5	0.5	1	0	63.1666666667
13	20	0.5	0.5	0.5	1	0.3	77.3095238095
13	20	0.5	0.5	0.5	1	0.6	112.666666667
13	20	0.5	0.5	0.5	1	0.9	195.083333333
13	20	0.5	0.5	1	0	0	63.1666666667
13	20	0.5	0.5	1	0	0.3	77.3095238095
13	20	0.5	0.5	1	0	0.6	112.666666667
13	20	0.5	0.5	1	0	0.9	195.083333333
13	20	0.5	0.5	1	0.5	0	63.1666666667
13	20	0.5	0.5	1	0.5	0.3	77.3095238095
13	20	0.5	0.5	1	0.5	0.6	112.666666667
13	20	0.5	0.5	1	0.5	0.9	195.083333333
13	20	0.5	0.5	1	1	0	63.1666666667
13	20	0.5	0.5	1	1	0.3	77.3095238095
13	20	0.5	0.5	1	1	0.6	112.666666667
13	20	0.5	0.5	1	1	0.9	195.083333333
13	20	0.5	1	0	0	0	63.1666666667
13	20	0.5	1	0	0	0.3	77.3095238095
13	20	0.5	1	0	0	0.6	112.666666667
13	20	0.5	1	0	0	0.9	195.083333333
13	20	0.5	1	0	0.5	0	63.1666666667
13	20	0.5	1	0	0.5	0.3	77.3095238095
13	20	0.5	1	0	0.5	0.6	112.666666667
13	20	0.5	1	0	0.5	0.9	195.083333333
13	20	0.5	1	0	1	0	63.1666666667
13	20	0.5	1	0	1	0.3	77.3095238095
13	20	0.5	1	0	1	0.6	112.666666667
13	20	0.5	1	0	1	0.9	195.083333333
13	20	0.5	1	0.5	0	0	63.1666666667
13	20	0.5	1	0.5	0	0.3	77.3095238095
13	20	0.5	1	0.5	0	0.6	112.666666667
13	20	0.5	1	0.5	0	0.9	195.083333333
13	20	0.5	1	0.5	0.5	0	63.1666666667
13	20	0.5	1	0.5	0.5	0.3	77.3095238095
13	20	0.5	1	0.5	0.5	0.6	112.666666667
13	20	0.5	1	0.5	0.5	0.9	195.083333333
13	20	0.5	1	0.5	1	0	63.1666666667
13	20	0.5	1	0.5	1	0.3	77.3095238095
13	20	0.5	1	0.5	1	0.6	112.666666667
13	20	0.5	1	0.5	1	0.9	195.083333333
13	20	0.5	1	1	0	0	63.1666666667
13	20	0.5	1	1	0	0.3	77.3095238095
13	20	0.5	1	1	0	0.6	112.666666667
13	20	0.5	1	1	0	0.9	195.083333333
13	20	0.5	1	1	0.5	0	63.1666666667
13	20	0.5	1	1	0.5	0.3	77.3095238095
13	20	0.5	1	1	0.5	0.6	112.666666667
13	20	0.5	1	1	0.5	0.9	195.083333333
13	20	0.5	1	1	1	0	63.1666666667
13	20	0.5	1	1	1	0.3	77.3095238095
13	20	0.5	1	1	1	0.6	112.666666667
13	20	0.5	1	1	1	0.9	195.083333333
13	20	1	0	0	0	0	63.1666666667
13	20	1	0	0	0	0.3	77.3095238095
13	20	1	0	0	0	0.6	112.666666667
13	20	1	0	0	0	0.9	195.083333333
13	20	1	0	0	0.5	0	63.1666666667
13	20	1	0	0	0.5	0.3	77.3095238095
13	20	1	0	0	0.5	0.6	112.666666667
13	20	1	0	0	0.5	0.9	195.083333333
13	20	1	0	0	1	0	63.1666666667
13	20	1	0	0	1	0.3	77.3095238095
13	20	1	0	0	1	0.6	112.666666667
13	20	1	0	0	1	0.9	195.083333333
13	20	1	0	0.5	0	0	63.1666666667
13	20	1	0	0.5	0	0.3	77.3095238095
13	20	1	0	0.5	0	0.6	112.666666667
13	20	1	0	0.5	0	0.9	195.083333333
13	20	1	0	0.5	0.5	0	63.1666666667
13	20	1	0	0.5	0.5	0.3	77.3095238095
13	20	1	0	0.5	0.5	0.6	112.666666667
13	20	1	0	0.5	0.5	0.9	195.083333333
13	20	1	0	0.5	1	0	63.1666666667
13	20	1	0	0.5	1	0.3	77.3095238095
13	20	1	0	0.5	1	0.6	112.666666667
13	20	1	0	0.5	1	0.9	195.083333333
13	20	1	0	1	0	0	63.1666666667
13	20	1	0	1	0	0.3	77.3095238095
13	20	1	0	1	0	0.6	112.666666667
13	20	1	0	1	0	0.9	195.083333333
13	20	1	0	1	0.5	0	63.1666666667
13	20	1	0	1	0.5	0.3	77.3095238095
13	20	1	0	1	0.5	0.6	112.666666667
13	20	1	0	1	0.5	0.9	195.083333333
13	20	1	0	1	1	0	63.1666666667
13	20	1	0	1	1	0.3	77.3095238095
13	20	1	0	1	1	0.6	112.666666667
13	20	1	0	1	1	0.9	195.083333333
13	20	1	0.5	0	0	0	63.1666666667
13	20	1	0.5	0	0	0.3	77.3095238095
13	20	1	0.5	0	0	0.6	112.666666667
13	20	1	0.5	0	0	0.9	195.083333333
13	20	1	0.5	0	0.5	0	63.1666666667
13	20	1	0.5	0	0.5	0.3	77.3095238095
13	20	1	0.5	0	0.5	0.6	112.666666667
13	20	1	0.5	0	0.5	0.9	195.083333333
13	20	1	0.5	0	1	0	63.1666666667
13	20	1	0.5	0	1	0.3	77.3095238095
13	20	1	0.5	0	1	0.6	112.666666667
13	20	1	0.5	0	1	0.9	195.083333333
13	20	1	0.5	0.5	0	0	63.1666666667
13	20	1	0.5	0.5	0	0.3	77.3095238095
13	20	1	0.5	0.5	0	0.6	112.666666667
13	20	1	0.5	0.5	0	0.9	195.083333333
13	20	1	0.5	0.5	0.5	0	63.1666666667
13	20	1	0.5	0.5	0.5	0.3	77.3095238095
13	20	1	0.5	0.5	0.5	0.6	112.666666667
13	20	1	0.5	0.5	0.5	0.9	195.083333333
13	20	1	0.5	0.5	1	0	63.1666666667
13	20	1	0.5	0.5	1	0.3	77.3095238095
13	20	1	0.5	0.5	1	0.6	112.666666667
13	20	1	0.5	0.5	1	0.9	195.083333333
13	20	1	0.5	1	0	0	63.1666666667
13	20	1	0.5	1	0	0.3	77.3095238095
13	20	1	0.5	1	0	0.6	112.666666667
13	20	1	0.5	1	0	0.9	195.083333333
13	20	1	0.5	1	0.5	0	63.1666666667
13	20	1	0.5	1	0.5	0.3	77.3095238095
13	20	1	0.5	1	0.5	0.6	112.666666667
13	20	1	0.5	1	0.5	0.9	195.083333333
13	20	1	0.5	1	1	0	63.1666666667
13	20	1	0.5	1	1	0.3	77.3095238095
13	20	1	0.5	1	1	0.6	112.666666667
13	20	1	0.5	1	1	0.9	195.083333333
13	20	1	1	0	0	0	63.1666666667
13	20	1	1	0	0	0.3	77.3095238095
13	20	1	1	0	0	0.6	112.666666667
13	20	1	1	0	0	0.9	195.083333333
13	20	1	1	0	0.5	0	63.1666666667
13	20	1	1	0	0.5	0.3	77.3095238095
13	20	1	1	0	0.5	0.6	112.666666667
13	20	1	1	0	0.5	0.9	195.083333333
13	20	1	1	0	1	0	63.1666666667
13	20	1	1	0	1	0.3	77.3095238095
13	20	1	1	0	1	0.6	112.666666667
13	20	1	1	0	1	0.9	195.083333333
13	20	1	1	0.5	0	0	63.1666666667
13	20	1	1	0.5	0	0.3	77.3095238095
13	20	1	1	0.5	0	0.6	112.666666667
13	20	1	1	0.5	0	0.9	195.083333333
13	20	1	1	0.5	0.5	0	63.1666666667
13	20	1	1	0.5	0.5	0.3	77.3095238095
13	20	1	1	0.5	0.5	0.6	112.666666667
13	20	1	1	0.5	0.5	0.9	195.083333333
13	20	1	1	0.5	1	0	63.1666666667
13	20	1	1	0.5	1	0.3	77.3095238095
13	20	1	1	0.5	1	0.6	112.666666667
13	20	1	1	0.5	1	0.9	195.083333333
13	20	1	1	1	0	0	63.1666666667
13	20	1	1	1	0	0.3	77.3095238095
13	20	1	1	1	0	0.6	112.666666667
13	20	1	1	1	0	0.9	195.083333333
13	20	1	1	1	0.5	0	63.1666666667
13	20	1	1	1	0.5	0.3	77.3095238095
13	20	1	1	1	0.5	0.6	112.666666667
13	20	1	1	1	0.5	0.9	195.083333333
13	20	1	1	1	1	0	63.1666666667
13	20	1	1	1	1	0.3	77.3095238095
13	20	1	1	1	1	0.6	112.666666667
13	20	1	1	1	1	0.9	195.083333333
14	5	0	0	0	0	0	63.1666666667
14	5	0	0	0	0	0.3	77.3095238095
14	5	0	0	0	0	0.6	112.666666667
14	5	0	0	0	0	0.9	195.083333333
14	5	0	0	0	0.5	0	63.1666666667
14	5	0	0	0	0.5	0.3	77.3095238095
14	5	0	0	0	0.5	0.6	112.666666667
14	5	0	0	0	0.5	0.9	195.083333333
14	5	0	0	0	1	0	63.1666666667
14	5	0	0	0	1	0.3	77.3095238095
14	5	0	0	0	1	0.6	112.666666667
14	5	0	0	0	1	0.9	195.083333333
14	5	0	0	0.5	0	0	63.1666666667
14	5	0	0	0.5	0	0.3	77.3095238095
14	5	0	0	0.5	0	0.6	112.666666667
14	5	0	0	0.5	0	0.9	195.083333333
14	5	0	0	0.5	0.5	0	63.1666666667
14	5	0	0	0.5	0.5	0.3	77.3095238095
14	5	0	0	0.5	0.5	0.6	112.666666667
14	5	0	0	0.5	0.5	0.9	195.083333333
14	5	0	0	0.5	1	0	63.1666666667
14	5	0	0	0.5	1	0.3	77.3095238095
14	5	0	0	0.5	1	0.6	112.666666667
14	5	0	0	0.5	1	0.9	195.083333333
14	5	0	0	1	0	0	63.1666666667
14	5	0	0	1	0	0.3	77.3095238095
14	5	0	0	1	0	0.6	112.666666667
14	5	0	0	1	0	0.9	195.083333333
14	5	0	0	1	0.5	0	63.1666666667
14	5	0	0	1	0.5	0.3	77.3095238095
14	5	0	0	1	0.5	0.6	112.666666667
14	5	0	0	1	0.5	0.9	195.083333333
14	5	0	0	1	1	0	63.1666666667
14	5	0	0	1	1	0.3	77.3095238095
14	5	0	0	1	1	0.6	112.666666667
14	5	0	0	1	1	0.9	195.083333333
14	5	0	0.5	0	0	0	63.1666666667
14	5	0	0.5	0	0	0.3	77.3095238095
14	5	0	0.5	0	0	0.6	112.666666667
14	5	0	0.5	0	0	0.9	195.083333333
14	5	0	0.5	0	0.5	0	63.1666666667
14	5	0	0.5	0	0.5	0.3	77.3095238095
14	5	0	0.5	0	0.5	0.6	112.666666667
14	5	0	0.5	0	0.5	0.9	195.083333333
14	5	0	0.5	0	1	0	63.1666666667
14	5	0	0.5	0	1	0.3	77.3095238095
14	5	0	0.5	0	1	0.6	112.666666667
14	5	0	0.5	0	1	0.9	195.083333333
14	5	0	0.5	0.5	0	0	63.1666666667
14	5	0	0.5	0.5	0	0.3	77.3095238095
14	5	0	0.5	0.5	0	0.6	112.666666667
14	5	0	0.5	0.5	0	0.9	195.083333333
14	5	0	0.5	0.5	0.5	0	63.1666666667
14	5	0	0.5	0.5	0.5	0.3	77.3095238095
14	5	0	0.5	0.5	0.5	0.6	112.666666667
14	5	0	0.5	0.5	0.5	0.9	195.083333333
14	5	0	0.5	0.5	1	0	63.1666666667
14	5	0	0.5	0.5	1	0.3	77.3095238095
14	5	0	0.5	0.5	1	0.6	112.666666667
14	5	0	0.5	0.5	1	0.9	195.083333333
14	5	0	0.5	1	0	0	63.1666666667
14	5	0	0.5	1	0	0.3	77.3095238095
14	5	0	0.5	1	0	0.6	112.666666667
14	5	0	0.5	1	0	0.9	195.083333333
14	5	0	0.5	1	0.5	0	63.1666666667
14	5	0	0.5	1	0.5	0.3	77.3095238095
14	5	0	0.5	1	0.5	0.6	112.666666667
14	5	0	0.5	1	0.5	0.9	195.083333333
14	5	0	0.5	1	1	0	63.1666666667
14	5	0	0.5	1	1	0.3	77.3095238095
14	5	0	0.5	1	1	0.6	112.666666667
14	5	0	0.5	1	1	0.9	195.083333333
14	5	0	1	0	0	0	63.1666666667
14	5	0	1	0	0	0.3	77.3095238095
14	5	0	1	0	0	0.6	112.666666667
14	5	0	1	0	0	0.9	195.083333333
14	5	0	1	0	0.5	0	63.1666666667
14	5	0	1	0	0.5	0.3	77.3095238095
14	5	0	1	0	0.5	0.6	112.666666667
14	5	0	1	0	0.5	0.9	195.083333333
14	5	0	1	0	1	0	63.1666666667
14	5	0	1	0	1	0.3	77.3095238095
14	5	0	1	0	1	0.6	112.666666667
14	5	0	1	0	1	0.9	195.083333333
14	5	0	1	0.5	0	0	63.1666666667
14	5	0	1	0.5	0	0.3	77.3095238095
14	5	0	1	0.5	0	0.6	112.666666667
14	5	0	1	0.5	0	0.9	195.083333333
14	5	0	1	0.5	0.5	0	63.1666666667
14	5	0	1	0.5	0.5	0.3	77.3095238095
14	5	0	1	0.5	0.5	0.6	112.666666667
14	5	0	1	0.5	0.5	0.9	195.083333333
14	5	0	1	0.5	1	0	63.1666666667
14	5	0	1	0.5	1	0.3	77.3095238095
14	5	0	1	0.5	1	0.6	112.666666667
14	5	0	1	0.5	1	0.9	195.083333333
14	5	0	1	1	0	0	63.1666666667
14	5	0	1	1	0	0.3	77.3095238095
14	5	0	1	1	0	0.6	112.666666667
14	5	0	1	1	0	0.9	195.083333333
14	5	0	1	1	0.5	0	63.1666666667
14	5	0	1	1	0.5	0.3	77.3095238095
14	5	0	1	1	0.5	0.6	112.666666667
14	5	0	1	1	0.5	0.9	195.083333333
14	5	0	1	1	1	0	63.1666666667
14	5	0	1	1	1	0.3	77.3095238095
14	5	0	1	1	1	0.6	112.666666667
14	5	0	1	1	1	0.9	195.083333333
14	5	0.5	0	0	0	0	63.1666666667
14	5	0.5	0	0	0	0.3	77.3095238095
14	5	0.5	0	0	0	0.6	112.666666667
14	5	0.5	0	0	0	0.9	195.083333333
14	5	0.5	0	0	0.5	0	63.1666666667
14	5	0.5	0	0	0.5	0.3	77.3095238095
14	5	0.5	0	0	0.5	0.6	112.666666667
14	5	0.5	0	0	0.5	0.9	195.083333333
14	5	0.5	0	0	1	0	63.1666666667
14	5	0.5	0	0	1	0.3	77.3095238095
14	5	0.5	0	0	1	0.6	112.666666667
14	5	0.5	0	0	1	0.9	195.083333333
14	5	0.5	0	0.5	0	0	63.1666666667
14	5	0.5	0	0.5	0	0.3	77.3095238095
14	5	0.5	0	0.5	0	0.6	112.666666667
14	5	0.5	0	0.5	0	0.9	195.083333333
14	5	0.5	0	0.5	0.5	0	63.1666666667
14	5	0.5	0	0.5	0.5	0.3	77.3095238095
14	5	0.5	0	0.5	0.5	0.6	112.666666667
14	5	0.5	0	0.5	0.5	0.9	195.083333333
14	5	0.5	0	0.5	1	0	63.1666666667
14	5	0.5	0	0.5	1	0.3	77.3095238095
14	5	0.5	0	0.5	1	0.6	112.666666667
14	5	0.5	0	0.5	1	0.9	195.083333333
14	5	0.5	0	1	0	0	63.1666666667
14	5	0.5	0	1	0	0.3	77.3095238095
14	5	0.5	0	1	0	0.6	112.666666667
14	5	0.5	0	1	0	0.9	195.083333333
14	5	0.5	0	1	0.5	0	63.1666666667
14	5	0.5	0	1	0.5	0.3	77.3095238095
14	5	0.5	0	1	0.5	0.6	112.666666667
14	5	0.5	0	1	0.5	0.9	195.083333333
14	5	0.5	0	1	1	0	63.1666666667
14	5	0.5	0	1	1	0.3	77.3095238095
14	5	0.5	0	1	1	0.6	112.666666667
14	5	0.5	0	1	1	0.9	195.083333333
14	5	0.5	0.5	0	0	0	63.1666666667
14	5	0.5	0.5	0	0	0.3	77.3095238095
14	5	0.5	0.5	0	0	0.6	112.666666667
14	5	0.5	0.5	0	0	0.9	195.083333333
14	5	0.5	0.5	0	0.5	0	63.1666666667
14	5	0.5	0.5	0	0.5	0.3	77.3095238095
14	5	0.5	0.5	0	0.5	0.6	112.666666667
14	5	0.5	0.5	0	0.5	0.9	195.083333333
14	5	0.5	0.5	0	1	0	63.1666666667
14	5	0.5	0.5	0	1	0.3	77.3095238095
14	5	0.5	0.5	0	1	0.6	112.666666667
14	5	0.5	0.5	0	1	0.9	195.083333333
14	5	0.5	0.5	0.5	0	0	63.1666666667
14	5	0.5	0.5	0.5	0	0.3	77.3095238095
14	5	0.5	0.5	0.5	0	0.6	112.666666667
14	5	0.5	0.5	0.5	0	0.9	195.083333333
14	5	0.5	0.5	0.5	0.5	0	63.1666666667
14	5	0.5	0.5	0.5	0.5	0.3	77.3095238095
14	5	0.5	0.5	0.5	0.5	0.6	112.666666667
14	5	0.5	0.5	0.5	0.5	0.9	195.083333333
14	5	0.5	0.5	0.5	1	0	63.1666666667
14	5	0.5	0.5	0.5	1	0.3	77.3095238095
14	5	0.5	0.5	0.5	1	0.6	112.666666667
14	5	0.5	0.5	0.5	1	0.9	195.083333333
14	5	0.5	0.5	1	0	0	63.1666666667
14	5	0.5	0.5	1	0	0.3	77.3095238095
14	5	0.5	0.5	1	0	0.6	112.666666667
14	5	0.5	0.5	1	0	0.9	195.083333333
14	5	0.5	0.5	1	0.5	0	63.1666666667
14	5	0.5	0.5	1	0.5	0.3	77.3095238095
14	5	0.5	0.5	1	0.5	0.6	112.666666667
14	5	0.5	0.5	1	0.5	0.9	195.083333333
14	5	0.5	0.5	1	1	0	63.1666666667
14	5	0.5	0.5	1	1	0.3	77.3095238095
14	5	0.5	0.5	1	1	0.6	112.666666667
14	5	0.5	0.5	1	1	0.9	195.083333333
14	5	0.5	1	0	0	0	63.1666666667
14	5	0.5	1	0	0	0.3	77.3095238095
14	5	0.5	1	0	0	0.6	112.666666667
14	5	0.5	1	0	0	0.9	195.083333333
14	5	0.5	1	0	0.5	0	63.1666666667
14	5	0.5	1	0	0.5	0.3	77.3095238095
14	5	0.5	1	0	0.5	0.6	112.666666667
14	5	0.5	1	0	0.5	0.9	195.083333333
14	5	0.5	1	0	1	0	63.1666666667
14	5	0.5	1	0	1	0.3	77.3095238095
14	5	0.5	1	0	1	0.6	112.666666667
14	5	0.5	1	0	1	0.9	195.083333333
14	5	0.5	1	0.5	0	0	63.1666666667
14	5	0.5	1	0.5	0	0.3	77.3095238095
14	5	0.5	1	0.5	0	0.6	112.666666667
14	5	0.5	1	0.5	0	0.9	195.083333333
14	5	0.5	1	0.5	0.5	0	63.1666666667
14	5	0.5	1	0.5	0.5	0.3	77.3095238095
14	5	0.5	1	0.5	0.5	0.6	112.666666667
14	5	0.5	1	0.5	0.5	0.9	195.083333333
14	5	0.5	1	0.5	1	0	63.1666666667
14	5	0.5	1	0.5	1	0.3	77.3095238095
14	5	0.5	1	0.5	1	0.6	112.666666667
14	5	0.5	1	0.5	1	0.9	195.083333333
14	5	0.5	1	1	0	0	63.1666666667
14	5	0.5	1	1	0	0.3	77.3095238095
14	5	0.5	1	1	0	0.6	112.666666667
14	5	0.5	1	1	0	0.9	195.083333333
14	5	0.5	1	1	0.5	0	63.1666666667
14	5	0.5	1	1	0.5	0.3	77.3095238095
14	5	0.5	1	1	0.5	0.6	112.666666667
14	5	0.5	1	1	0.5	0.9	195.083333333
14	5	0.5	1	1	1	0	63.1666666667
14	5	0.5	1	1	1	0.3	77.3095238095
14	5	0.5	1	1	1	0.6	112.666666667
14	5	0.5	1	1	1	0.9	195.083333333
14	5	1	0	0	0	0	63.1666666667
14	5	1	0	0	0	0.3	77.3095238095
14	5	1	0	0	0	0.6	112.666666667
14	5	1	0	0	0	0.9	195.083333333
14	5	1	0	0	0.5	0	63.1666666667
14	5	1	0	0	0.5	0.3	77.3095238095
14	5	1	0	0	0.5	0.6	112.666666667
14	5	1	0	0	0.5	0.9	195.083333333
14	5	1	0	0	1	0	63.1666666667
14	5	1	0	0	1	0.3	77.3095238095
14	5	1	0	0	1	0.6	112.666666667
14	5	1	0	0	1	0.9	195.083333333
14	5	1	0	0.5	0	0	63.1666666667
14	5	1	0	0.5	0	0.3	77.3095238095
14	5	1	0	0.5	0	0.6	112.666666667
14	5	1	0	0.5	0	0.9	195.083333333
14	5	1	0	0.5	0.5	0	63.1666666667
14	5	1	0	0.5	0.5	0.3	77.3095238095
14	5	1	0	0.5	0.5	0.6	112.666666667
14	5	1	0	0.5	0.5	0.9	195.083333333
14	5	1	0	0.5	1	0	63.1666666667
14	5	1	0	0.5	1	0.3	77.3095238095
14	5	1	0	0.5	1	0.6	112.666666667
14	5	1	0	0.5	1	0.9	195.083333333
14	5	1	0	1	0	0	63.1666666667
14	5	1	0	1	0	0.3	77.3095238095
14	5	1	0	1	0	0.6	112.666666667
14	5	1	0	1	0	0.9	195.083333333
14	5	1	0	1	0.5	0	63.1666666667
14	5	1	0	1	0.5	0.3	77.3095238095
14	5	1	0	1	0.5	0.6	112.666666667
14	5	1	0	1	0.5	0.9	195.083333333
14	5	1	0	1	1	0	63.1666666667
14	5	1	0	1	1	0.3	77.3095238095
14	5	1	0	1	1	0.6	112.666666667
14	5	1	0	1	1	0.9	195.083333333
14	5	1	0.5	0	0	0	63.1666666667
14	5	1	0.5	0	0	0.3	77.3095238095
14	5	1	0.5	0	0	0.6	112.666666667
14	5	1	0.5	0	0	0.9	195.083333333
14	5	1	0.5	0	0.5	0	63.1666666667
14	5	1	0.5	0	0.5	0.3	77.3095238095
14	5	1	0.5	0	0.5	0.6	112.666666667
14	5	1	0.5	0	0.5	0.9	195.083333333
14	5	1	0.5	0	1	0	63.1666666667
14	5	1	0.5	0	1	0.3	77.3095238095
14	5	1	0.5	0	1	0.6	112.666666667
14	5	1	0.5	0	1	0.9	195.083333333
14	5	1	0.5	0.5	0	0	63.1666666667
14	5	1	0.5	0.5	0	0.3	77.3095238095
14	5	1	0.5	0.5	0	0.6	112.666666667
14	5	1	0.5	0.5	0	0.9	195.083333333
14	5	1	0.5	0.5	0.5	0	63.1666666667
14	5	1	0.5	0.5	0.5	0.3	77.3095238095
14	5	1	0.5	0.5	0.5	0.6	112.666666667
14	5	1	0.5	0.5	0.5	0.9	195.083333333
14	5	1	0.5	0.5	1	0	63.1666666667
14	5	1	0.5	0.5	1	0.3	77.3095238095
14	5	1	0.5	0.5	1	0.6	112.666666667
14	5	1	0.5	0.5	1	0.9	195.083333333
14	5	1	0.5	1	0	0	63.1666666667
14	5	1	0.5	1	0	0.3	77.3095238095
14	5	1	0.5	1	0	0.6	112.666666667
14	5	1	0.5	1	0	0.9	195.083333333
14	5	1	0.5	1	0.5	0	63.1666666667
14	5	1	0.5	1	0.5	0.3	77.3095238095
14	5	1	0.5	1	0.5	0.6	112.666666667
14	5	1	0.5	1	0.5	0.9	195.083333333
14	5	1	0.5	1	1	0	63.1666666667
14	5	1	0.5	1	1	0.3	77.3095238095
14	5	1	0.5	1	1	0.6	112.666666667
14	5	1	0.5	1	1	0.9	195.083333333
14	5	1	1	0	0	0	63.1666666667
14	5	1	1	0	0	0.3	77.3095238095
14	5	1	1	0	0	0.6	112.666666667
14	5	1	1	0	0	0.9	195.083333333
14	5	1	1	0	0.5	0	63.1666666667
14	5	1	1	0	0.5	0.3	77.3095238095
14	5	1	1	0	0.5	0.6	112.666666667
14	5	1	1	0	0.5	0.9	195.083333333
14	5	1	1	0	1	0	63.1666666667
14	5	1	1	0	1	0.3	77.3095238095
14	5	1	1	0	1	0.6	112.666666667
14	5	1	1	0	1	0.9	195.083333333
14	5	1	1	0.5	0	0	63.1666666667
14	5	1	1	0.5	0	0.3	77.3095238095
14	5	1	1	0.5	0	0.6	112.666666667
14	5	1	1	0.5	0	0.9	195.083333333
14	5	1	1	0.5	0.5	0	63.1666666667
14	5	1	1	0.5	0.5	0.3	77.3095238095
14	5	1	1	0.5	0.5	0.6	112.666666667
14	5	1	1	0.5	0.5	0.9	195.083333333
14	5	1	1	0.5	1	0	63.1666666667
14	5	1	1	0.5	1	0.3	77.3095238095
14	5	1	1	0.5	1	0.6	112.666666667
14	5	1	1	0.5	1	0.9	195.083333333
14	5	1	1	1	0	0	63.1666666667
14	5	1	1	1	0	0.3	77.3095238095
14	5	1	1	1	0	0.6	112.666666667
14	5	1	1	1	0	0.9	195.083333333
14	5	1	1	1	0.5	0	63.1666666667
14	5	1	1	1	0.5	0.3	77.3095238095
14	5	1	1	1	0.5	0.6	112.666666667
14	5	1	1	1	0.5	0.9	195.083333333
14	5	1	1	1	1	0	63.1666666667
14	5	1	1	1	1	0.3	77.3095238095
14	5	1	1	1	1	0.6	112.666666667
14	5	1	1	1	1	0.9	195.083333333
14	10	0	0	0	0	0	63.1666666667
14	10	0	0	0	0	0.3	77.3095238095
14	10	0	0	0	0	0.6	112.666666667
14	10	0	0	0	0	0.9	195.083333333
14	10	0	0	0	0.5	0	63.1666666667
14	10	0	0	0	0.5	0.3	77.3095238095
14	10	0	0	0	0.5	0.6	112.666666667
14	10	0	0	0	0.5	0.9	195.083333333
14	10	0	0	0	1	0	63.1666666667
14	10	0	0	0	1	0.3	77.3095238095
14	10	0	0	0	1	0.6	112.666666667
14	10	0	0	0	1	0.9	195.083333333
14	10	0	0	0.5	0	0	63.1666666667
14	10	0	0	0.5	0	0.3	77.3095238095
14	10	0	0	0.5	0	0.6	112.666666667
14	10	0	0	0.5	0	0.9	195.083333333
14	10	0	0	0.5	0.5	0	63.1666666667
14	10	0	0	0.5	0.5	0.3	77.3095238095
14	10	0	0	0.5	0.5	0.6	112.666666667
14	10	0	0	0.5	0.5	0.9	195.083333333
14	10	0	0	0.5	1	0	63.1666666667
14	10	0	0	0.5	1	0.3	77.3095238095
14	10	0	0	0.5	1	0.6	112.666666667
14	10	0	0	0.5	1	0.9	195.083333333
14	10	0	0	1	0	0	63.1666666667
14	10	0	0	1	0	0.3	77.3095238095
14	10	0	0	1	0	0.6	112.666666667
14	10	0	0	1	0	0.9	195.083333333
14	10	0	0	1	0.5	0	63.1666666667
14	10	0	0	1	0.5	0.3	77.3095238095
14	10	0	0	1	0.5	0.6	112.666666667
14	10	0	0	1	0.5	0.9	195.083333333
14	10	0	0	1	1	0	63.1666666667
14	10	0	0	1	1	0.3	77.3095238095
14	10	0	0	1	1	0.6	112.666666667
14	10	0	0	1	1	0.9	195.083333333
14	10	0	0.5	0	0	0	63.1666666667
14	10	0	0.5	0	0	0.3	77.3095238095
14	10	0	0.5	0	0	0.6	112.666666667
14	10	0	0.5	0	0	0.9	195.083333333
14	10	0	0.5	0	0.5	0	63.1666666667
14	10	0	0.5	0	0.5	0.3	77.3095238095
14	10	0	0.5	0	0.5	0.6	112.666666667
14	10	0	0.5	0	0.5	0.9	195.083333333
14	10	0	0.5	0	1	0	63.1666666667
14	10	0	0.5	0	1	0.3	77.3095238095
14	10	0	0.5	0	1	0.6	112.666666667
14	10	0	0.5	0	1	0.9	195.083333333
14	10	0	0.5	0.5	0	0	63.1666666667
14	10	0	0.5	0.5	0	0.3	77.3095238095
14	10	0	0.5	0.5	0	0.6	112.666666667
14	10	0	0.5	0.5	0	0.9	195.083333333
14	10	0	0.5	0.5	0.5	0	63.1666666667
14	10	0	0.5	0.5	0.5	0.3	77.3095238095
14	10	0	0.5	0.5	0.5	0.6	112.666666667
14	10	0	0.5	0.5	0.5	0.9	195.083333333
14	10	0	0.5	0.5	1	0	63.1666666667
14	10	0	0.5	0.5	1	0.3	77.3095238095
14	10	0	0.5	0.5	1	0.6	112.666666667
14	10	0	0.5	0.5	1	0.9	195.083333333
14	10	0	0.5	1	0	0	63.1666666667
14	10	0	0.5	1	0	0.3	77.3095238095
14	10	0	0.5	1	0	0.6	112.666666667
14	10	0	0.5	1	0	0.9	195.083333333
14	10	0	0.5	1	0.5	0	63.1666666667
14	10	0	0.5	1	0.5	0.3	77.3095238095
14	10	0	0.5	1	0.5	0.6	112.666666667
14	10	0	0.5	1	0.5	0.9	195.083333333
14	10	0	0.5	1	1	0	63.1666666667
14	10	0	0.5	1	1	0.3	77.3095238095
14	10	0	0.5	1	1	0.6	112.666666667
14	10	0	0.5	1	1	0.9	195.083333333
14	10	0	1	0	0	0	63.1666666667
14	10	0	1	0	0	0.3	77.3095238095
14	10	0	1	0	0	0.6	112.666666667
14	10	0	1	0	0	0.9	195.083333333
14	10	0	1	0	0.5	0	63.1666666667
14	10	0	1	0	0.5	0.3	77.3095238095
14	10	0	1	0	0.5	0.6	112.666666667
14	10	0	1	0	0.5	0.9	195.083333333
14	10	0	1	0	1	0	63.1666666667
14	10	0	1	0	1	0.3	77.3095238095
14	10	0	1	0	1	0.6	112.666666667
14	10	0	1	0	1	0.9	195.083333333
14	10	0	1	0.5	0	0	63.1666666667
14	10	0	1	0.5	0	0.3	77.3095238095
14	10	0	1	0.5	0	0.6	112.666666667
14	10	0	1	0.5	0	0.9	195.083333333
14	10	0	1	0.5	0.5	0	63.1666666667
14	10	0	1	0.5	0.5	0.3	77.3095238095
14	10	0	1	0.5	0.5	0.6	112.666666667
14	10	0	1	0.5	0.5	0.9	195.083333333
14	10	0	1	0.5	1	0	63.1666666667
14	10	0	1	0.5	1	0.3	77.3095238095
14	10	0	1	0.5	1	0.6	112.666666667
14	10	0	1	0.5	1	0.9	195.083333333
14	10	0	1	1	0	0	63.1666666667
14	10	0	1	1	0	0.3	77.3095238095
14	10	0	1	1	0	0.6	112.666666667
14	10	0	1	1	0	0.9	195.083333333
14	10	0	1	1	0.5	0	63.1666666667
14	10	0	1	1	0.5	0.3	77.3095238095
14	10	0	1	1	0.5	0.6	112.666666667
14	10	0	1	1	0.5	0.9	195.083333333
14	10	0	1	1	1	0	63.1666666667
14	10	0	1	1	1	0.3	77.3095238095
14	10	0	1	1	1	0.6	112.666666667
14	10	0	1	1	1	0.9	195.083333333
14	10	0.5	0	0	0	0	63.1666666667
14	10	0.5	0	0	0	0.3	77.3095238095
14	10	0.5	0	0	0	0.6	112.666666667
14	10	0.5	0	0	0	0.9	195.083333333
14	10	0.5	0	0	0.5	0	63.1666666667
14	10	0.5	0	0	0.5	0.3	77.3095238095
14	10	0.5	0	0	0.5	0.6	112.666666667
14	10	0.5	0	0	0.5	0.9	195.083333333
14	10	0.5	0	0	1	0	63.1666666667
14	10	0.5	0	0	1	0.3	77.3095238095
14	10	0.5	0	0	1	0.6	112.666666667
14	10	0.5	0	0	1	0.9	195.083333333
14	10	0.5	0	0.5	0	0	63.1666666667
14	10	0.5	0	0.5	0	0.3	77.3095238095
14	10	0.5	0	0.5	0	0.6	112.666666667
14	10	0.5	0	0.5	0	0.9	195.083333333
14	10	0.5	0	0.5	0.5	0	63.1666666667
14	10	0.5	0	0.5	0.5	0.3	77.3095238095
14	10	0.5	0	0.5	0.5	0.6	112.666666667
14	10	0.5	0	0.5	0.5	0.9	195.083333333
14	10	0.5	0	0.5	1	0	63.1666666667
14	10	0.5	0	0.5	1	0.3	77.3095238095
14	10	0.5	0	0.5	1	0.6	112.666666667
14	10	0.5	0	0.5	1	0.9	195.083333333
14	10	0.5	0	1	0	0	63.1666666667
14	10	0.5	0	1	0	0.3	77.3095238095
14	10	0.5	0	1	0	0.6	112.666666667
14	10	0.5	0	1	0	0.9	195.083333333
14	10	0.5	0	1	0.5	0	63.1666666667
14	10	0.5	0	1	0.5	0.3	77.3095238095
14	10	0.5	0	1	0.5	0.6	112.666666667
14	10	0.5	0	1	0.5	0.9	195.083333333
14	10	0.5	0	1	1	0	63.1666666667
14	10	0.5	0	1	1	0.3	77.3095238095
14	10	0.5	0	1	1	0.6	112.666666667
14	10	0.5	0	1	1	0.9	195.083333333
14	10	0.5	0.5	0	0	0	63.1666666667
14	10	0.5	0.5	0	0	0.3	77.3095238095
14	10	0.5	0.5	0	0	0.6	112.666666667
14	10	0.5	0.5	0	0	0.9	195.083333333
14	10	0.5	0.5	0	0.5	0	63.1666666667
14	10	0.5	0.5	0	0.5	0.3	77.3095238095
14	10	0.5	0.5	0	0.5	0.6	112.666666667
14	10	0.5	0.5	0	0.5	0.9	195.083333333
14	10	0.5	0.5	0	1	0	63.1666666667
14	10	0.5	0.5	0	1	0.3	77.3095238095
14	10	0.5	0.5	0	1	0.6	112.666666667
14	10	0.5	0.5	0	1	0.9	195.083333333
14	10	0.5	0.5	0.5	0	0	63.1666666667
14	10	0.5	0.5	0.5	0	0.3	77.3095238095
14	10	0.5	0.5	0.5	0	0.6	112.666666667
14	10	0.5	0.5	0.5	0	0.9	195.083333333
14	10	0.5	0.5	0.5	0.5	0	63.1666666667
14	10	0.5	0.5	0.5	0.5	0.3	77.3095238095
14	10	0.5	0.5	0.5	0.5	0.6	112.666666667
14	10	0.5	0.5	0.5	0.5	0.9	195.083333333
14	10	0.5	0.5	0.5	1	0	63.1666666667
14	10	0.5	0.5	0.5	1	0.3	77.3095238095
14	10	0.5	0.5	0.5	1	0.6	112.666666667
14	10	0.5	0.5	0.5	1	0.9	195.083333333
14	10	0.5	0.5	1	0	0	63.1666666667
14	10	0.5	0.5	1	0	0.3	77.3095238095
14	10	0.5	0.5	1	0	0.6	112.666666667
14	10	0.5	0.5	1	0	0.9	195.083333333
14	10	0.5	0.5	1	0.5	0	63.1666666667
14	10	0.5	0.5	1	0.5	0.3	77.3095238095
14	10	0.5	0.5	1	0.5	0.6	112.666666667
14	10	0.5	0.5	1	0.5	0.9	195.083333333
14	10	0.5	0.5	1	1	0	63.1666666667
14	10	0.5	0.5	1	1	0.3	77.3095238095
14	10	0.5	0.5	1	1	0.6	112.666666667
14	10	0.5	0.5	1	1	0.9	195.083333333
14	10	0.5	1	0	0	0	63.1666666667
14	10	0.5	1	0	0	0.3	77.3095238095
14	10	0.5	1	0	0	0.6	112.666666667
14	10	0.5	1	0	0	0.9	195.083333333
14	10	0.5	1	0	0.5	0	63.1666666667
14	10	0.5	1	0	0.5	0.3	77.3095238095
14	10	0.5	1	0	0.5	0.6	112.666666667
14	10	0.5	1	0	0.5	0.9	195.083333333
14	10	0.5	1	0	1	0	63.1666666667
14	10	0.5	1	0	1	0.3	77.3095238095
14	10	0.5	1	0	1	0.6	112.666666667
14	10	0.5	1	0	1	0.9	195.083333333
14	10	0.5	1	0.5	0	0	63.1666666667
14	10	0.5	1	0.5	0	0.3	77.3095238095
14	10	0.5	1	0.5	0	0.6	112.666666667
14	10	0.5	1	0.5	0	0.9	195.083333333
14	10	0.5	1	0.5	0.5	0	63.1666666667
14	10	0.5	1	0.5	0.5	0.3	77.3095238095
14	10	0.5	1	0.5	0.5	0.6	112.666666667
14	10	0.5	1	0.5	0.5	0.9	195.083333333
14	10	0.5	1	0.5	1	0	63.1666666667
14	10	0.5	1	0.5	1	0.3	77.3095238095
14	10	0.5	1	0.5	1	0.6	112.666666667
14	10	0.5	1	0.5	1	0.9	195.083333333
14	10	0.5	1	1	0	0	63.1666666667
14	10	0.5	1	1	0	0.3	77.3095238095
14	10	0.5	1	1	0	0.6	112.666666667
14	10	0.5	1	1	0	0.9	195.083333333
14	10	0.5	1	1	0.5	0	63.1666666667
14	10	0.5	1	1	0.5	0.3	77.3095238095
14	10	0.5	1	1	0.5	0.6	112.666666667
14	10	0.5	1	1	0.5	0.9	195.083333333
14	10	0.5	1	1	1	0	63.1666666667
14	10	0.5	1	1	1	0.3	77.3095238095
14	10	0.5	1	1	1	0.6	112.666666667
14	10	0.5	1	1	1	0.9	195.083333333
14	10	1	0	0	0	0	63.1666666667
14	10	1	0	0	0	0.3	77.3095238095
14	10	1	0	0	0	0.6	112.666666667
14	10	1	0	0	0	0.9	195.083333333
14	10	1	0	0	0.5	0	63.1666666667
14	10	1	0	0	0.5	0.3	77.3095238095
14	10	1	0	0	0.5	0.6	112.666666667
14	10	1	0	0	0.5	0.9	195.083333333
14	10	1	0	0	1	0	63.1666666667
14	10	1	0	0	1	0.3	77.3095238095
14	10	1	0	0	1	0.6	112.666666667
14	10	1	0	0	1	0.9	195.083333333
14	10	1	0	0.5	0	0	63.1666666667
14	10	1	0	0.5	0	0.3	77.3095238095
14	10	1	0	0.5	0	0.6	112.666666667
14	10	1	0	0.5	0	0.9	195.083333333
14	10	1	0	0.5	0.5	0	63.1666666667
14	10	1	0	0.5	0.5	0.3	77.3095238095
14	10	1	0	0.5	0.5	0.6	112.666666667
14	10	1	0	0.5	0.5	0.9	195.083333333
14	10	1	0	0.5	1	0	63.1666666667
14	10	1	0	0.5	1	0.3	77.3095238095
14	10	1	0	0.5	1	0.6	112.666666667
14	10	1	0	0.5	1	0.9	195.083333333
14	10	1	0	1	0	0	63.1666666667
14	10	1	0	1	0	0.3	77.3095238095
14	10	1	0	1	0	0.6	112.666666667
14	10	1	0	1	0	0.9	195.083333333
14	10	1	0	1	0.5	0	63.1666666667
14	10	1	0	1	0.5	0.3	77.3095238095
14	10	1	0	1	0.5	0.6	112.666666667
14	10	1	0	1	0.5	0.9	195.083333333
14	10	1	0	1	1	0	63.1666666667
14	10	1	0	1	1	0.3	77.3095238095
14	10	1	0	1	1	0.6	112.666666667
14	10	1	0	1	1	0.9	195.083333333
14	10	1	0.5	0	0	0	63.1666666667
14	10	1	0.5	0	0	0.3	77.3095238095
14	10	1	0.5	0	0	0.6	112.666666667
14	10	1	0.5	0	0	0.9	195.083333333
14	10	1	0.5	0	0.5	0	63.1666666667
14	10	1	0.5	0	0.5	0.3	77.3095238095
14	10	1	0.5	0	0.5	0.6	112.666666667
14	10	1	0.5	0	0.5	0.9	195.083333333
14	10	1	0.5	0	1	0	63.1666666667
14	10	1	0.5	0	1	0.3	77.3095238095
14	10	1	0.5	0	1	0.6	112.666666667
14	10	1	0.5	0	1	0.9	195.083333333
14	10	1	0.5	0.5	0	0	63.1666666667
14	10	1	0.5	0.5	0	0.3	77.3095238095
14	10	1	0.5	0.5	0	0.6	112.666666667
14	10	1	0.5	0.5	0	0.9	195.083333333
14	10	1	0.5	0.5	0.5	0	63.1666666667
14	10	1	0.5	0.5	0.5	0.3	77.3095238095
14	10	1	0.5	0.5	0.5	0.6	112.666666667
14	10	1	0.5	0.5	0.5	0.9	195.083333333
14	10	1	0.5	0.5	1	0	63.1666666667
14	10	1	0.5	0.5	1	0.3	77.3095238095
14	10	1	0.5	0.5	1	0.6	112.666666667
14	10	1	0.5	0.5	1	0.9	195.083333333
14	10	1	0.5	1	0	0	63.1666666667
14	10	1	0.5	1	0	0.3	77.3095238095
14	10	1	0.5	1	0	0.6	112.666666667
14	10	1	0.5	1	0	0.9	195.083333333
14	10	1	0.5	1	0.5	0	63.1666666667
14	10	1	0.5	1	0.5	0.3	77.3095238095
14	10	1	0.5	1	0.5	0.6	112.666666667
14	10	1	0.5	1	0.5	0.9	195.083333333
14	10	1	0.5	1	1	0	63.1666666667
14	10	1	0.5	1	1	0.3	77.3095238095
14	10	1	0.5	1	1	0.6	112.666666667
14	10	1	0.5	1	1	0.9	195.083333333
14	10	1	1	0	0	0	63.1666666667
14	10	1	1	0	0	0.3	77.3095238095
14	10	1	1	0	0	0.6	112.666666667
14	10	1	1	0	0	0.9	195.083333333
14	10	1	1	0	0.5	0	63.1666666667
14	10	1	1	0	0.5	0.3	77.3095238095
14	10	1	1	0	0.5	0.6	112.666666667
14	10	1	1	0	0.5	0.9	195.083333333
14	10	1	1	0	1	0	63.1666666667
14	10	1	1	0	1	0.3	77.3095238095
14	10	1	1	0	1	0.6	112.666666667
14	10	1	1	0	1	0.9	195.083333333
14	10	1	1	0.5	0	0	63.1666666667
14	10	1	1	0.5	0	0.3	77.3095238095
14	10	1	1	0.5	0	0.6	112.666666667
14	10	1	1	0.5	0	0.9	195.083333333
14	10	1	1	0.5	0.5	0	63.1666666667
14	10	1	1	0.5	0.5	0.3	77.3095238095
14	10	1	1	0.5	0.5	0.6	112.666666667
14	10	1	1	0.5	0.5	0.9	195.083333333
14	10	1	1	0.5	1	0	63.1666666667
14	10	1	1	0.5	1	0.3	77.3095238095
14	10	1	1	0.5	1	0.6	112.666666667
14	10	1	1	0.5	1	0.9	195.083333333
14	10	1	1	1	0	0	63.1666666667
14	10	1	1	1	0	0.3	77.3095238095
14	10	1	1	1	0	0.6	112.666666667
14	10	1	1	1	0	0.9	195.083333333
14	10	1	1	1	0.5	0	63.1666666667
14	10	1	1	1	0.5	0.3	77.3095238095
14	10	1	1	1	0.5	0.6	112.666666667
14	10	1	1	1	0.5	0.9	195.083333333
14	10	1	1	1	1	0	63.1666666667
14	10	1	1	1	1	0.3	77.3095238095
14	10	1	1	1	1	0.6	112.666666667
14	10	1	1	1	1	0.9	195.083333333
14	15	0	0	0	0	0	63.1666666667
14	15	0	0	0	0	0.3	77.3095238095
14	15	0	0	0	0	0.6	112.666666667
14	15	0	0	0	0	0.9	195.083333333
14	15	0	0	0	0.5	0	63.1666666667
14	15	0	0	0	0.5	0.3	77.3095238095
14	15	0	0	0	0.5	0.6	112.666666667
14	15	0	0	0	0.5	0.9	195.083333333
14	15	0	0	0	1	0	63.1666666667
14	15	0	0	0	1	0.3	77.3095238095
14	15	0	0	0	1	0.6	112.666666667
14	15	0	0	0	1	0.9	195.083333333
14	15	0	0	0.5	0	0	63.1666666667
14	15	0	0	0.5	0	0.3	77.3095238095
14	15	0	0	0.5	0	0.6	112.666666667
14	15	0	0	0.5	0	0.9	195.083333333
14	15	0	0	0.5	0.5	0	63.1666666667
14	15	0	0	0.5	0.5	0.3	77.3095238095
14	15	0	0	0.5	0.5	0.6	112.666666667
14	15	0	0	0.5	0.5	0.9	195.083333333
14	15	0	0	0.5	1	0	63.1666666667
14	15	0	0	0.5	1	0.3	77.3095238095
14	15	0	0	0.5	1	0.6	112.666666667
14	15	0	0	0.5	1	0.9	195.083333333
14	15	0	0	1	0	0	63.1666666667
14	15	0	0	1	0	0.3	77.3095238095
14	15	0	0	1	0	0.6	112.666666667
14	15	0	0	1	0	0.9	195.083333333
14	15	0	0	1	0.5	0	63.1666666667
14	15	0	0	1	0.5	0.3	77.3095238095
14	15	0	0	1	0.5	0.6	112.666666667
14	15	0	0	1	0.5	0.9	195.083333333
14	15	0	0	1	1	0	63.1666666667
14	15	0	0	1	1	0.3	77.3095238095
14	15	0	0	1	1	0.6	112.666666667
14	15	0	0	1	1	0.9	195.083333333
14	15	0	0.5	0	0	0	63.1666666667
14	15	0	0.5	0	0	0.3	77.3095238095
14	15	0	0.5	0	0	0.6	112.666666667
14	15	0	0.5	0	0	0.9	195.083333333
14	15	0	0.5	0	0.5	0	63.1666666667
14	15	0	0.5	0	0.5	0.3	77.3095238095
14	15	0	0.5	0	0.5	0.6	112.666666667
14	15	0	0.5	0	0.5	0.9	195.083333333
14	15	0	0.5	0	1	0	63.1666666667
14	15	0	0.5	0	1	0.3	77.3095238095
14	15	0	0.5	0	1	0.6	112.666666667
14	15	0	0.5	0	1	0.9	195.083333333
14	15	0	0.5	0.5	0	0	63.1666666667
14	15	0	0.5	0.5	0	0.3	77.3095238095
14	15	0	0.5	0.5	0	0.6	112.666666667
14	15	0	0.5	0.5	0	0.9	195.083333333
14	15	0	0.5	0.5	0.5	0	63.1666666667
14	15	0	0.5	0.5	0.5	0.3	77.3095238095
14	15	0	0.5	0.5	0.5	0.6	112.666666667
14	15	0	0.5	0.5	0.5	0.9	195.083333333
14	15	0	0.5	0.5	1	0	63.1666666667
14	15	0	0.5	0.5	1	0.3	77.3095238095
14	15	0	0.5	0.5	1	0.6	112.666666667
14	15	0	0.5	0.5	1	0.9	195.083333333
14	15	0	0.5	1	0	0	63.1666666667
14	15	0	0.5	1	0	0.3	77.3095238095
14	15	0	0.5	1	0	0.6	112.666666667
14	15	0	0.5	1	0	0.9	195.083333333
14	15	0	0.5	1	0.5	0	63.1666666667
14	15	0	0.5	1	0.5	0.3	77.3095238095
14	15	0	0.5	1	0.5	0.6	112.666666667
14	15	0	0.5	1	0.5	0.9	195.083333333
14	15	0	0.5	1	1	0	63.1666666667
14	15	0	0.5	1	1	0.3	77.3095238095
14	15	0	0.5	1	1	0.6	112.666666667
14	15	0	0.5	1	1	0.9	195.083333333
14	15	0	1	0	0	0	63.1666666667
14	15	0	1	0	0	0.3	77.3095238095
14	15	0	1	0	0	0.6	112.666666667
14	15	0	1	0	0	0.9	195.083333333
14	15	0	1	0	0.5	0	63.1666666667
14	15	0	1	0	0.5	0.3	77.3095238095
14	15	0	1	0	0.5	0.6	112.666666667
14	15	0	1	0	0.5	0.9	195.083333333
14	15	0	1	0	1	0	63.1666666667
14	15	0	1	0	1	0.3	77.3095238095
14	15	0	1	0	1	0.6	112.666666667
14	15	0	1	0	1	0.9	195.083333333
14	15	0	1	0.5	0	0	63.1666666667
14	15	0	1	0.5	0	0.3	77.3095238095
14	15	0	1	0.5	0	0.6	112.666666667
14	15	0	1	0.5	0	0.9	195.083333333
14	15	0	1	0.5	0.5	0	63.1666666667
14	15	0	1	0.5	0.5	0.3	77.3095238095
14	15	0	1	0.5	0.5	0.6	112.666666667
14	15	0	1	0.5	0.5	0.9	195.083333333
14	15	0	1	0.5	1	0	63.1666666667
14	15	0	1	0.5	1	0.3	77.3095238095
14	15	0	1	0.5	1	0.6	112.666666667
14	15	0	1	0.5	1	0.9	195.083333333
14	15	0	1	1	0	0	63.1666666667
14	15	0	1	1	0	0.3	77.3095238095
14	15	0	1	1	0	0.6	112.666666667
14	15	0	1	1	0	0.9	195.083333333
14	15	0	1	1	0.5	0	63.1666666667
14	15	0	1	1	0.5	0.3	77.3095238095
14	15	0	1	1	0.5	0.6	112.666666667
14	15	0	1	1	0.5	0.9	195.083333333
14	15	0	1	1	1	0	63.1666666667
14	15	0	1	1	1	0.3	77.3095238095
14	15	0	1	1	1	0.6	112.666666667
14	15	0	1	1	1	0.9	195.083333333
14	15	0.5	0	0	0	0	63.1666666667
14	15	0.5	0	0	0	0.3	77.3095238095
14	15	0.5	0	0	0	0.6	112.666666667
14	15	0.5	0	0	0	0.9	195.083333333
14	15	0.5	0	0	0.5	0	63.1666666667
14	15	0.5	0	0	0.5	0.3	77.3095238095
14	15	0.5	0	0	0.5	0.6	112.666666667
14	15	0.5	0	0	0.5	0.9	195.083333333
14	15	0.5	0	0	1	0	63.1666666667
14	15	0.5	0	0	1	0.3	77.3095238095
14	15	0.5	0	0	1	0.6	112.666666667
14	15	0.5	0	0	1	0.9	195.083333333
14	15	0.5	0	0.5	0	0	63.1666666667
14	15	0.5	0	0.5	0	0.3	77.3095238095
14	15	0.5	0	0.5	0	0.6	112.666666667
14	15	0.5	0	0.5	0	0.9	195.083333333
14	15	0.5	0	0.5	0.5	0	63.1666666667
14	15	0.5	0	0.5	0.5	0.3	77.3095238095
14	15	0.5	0	0.5	0.5	0.6	112.666666667
14	15	0.5	0	0.5	0.5	0.9	195.083333333
14	15	0.5	0	0.5	1	0	63.1666666667
14	15	0.5	0	0.5	1	0.3	77.3095238095
14	15	0.5	0	0.5	1	0.6	112.666666667
14	15	0.5	0	0.5	1	0.9	195.083333333
14	15	0.5	0	1	0	0	63.1666666667
14	15	0.5	0	1	0	0.3	77.3095238095
14	15	0.5	0	1	0	0.6	112.666666667
14	15	0.5	0	1	0	0.9	195.083333333
14	15	0.5	0	1	0.5	0	63.1666666667
14	15	0.5	0	1	0.5	0.3	77.3095238095
14	15	0.5	0	1	0.5	0.6	112.666666667
14	15	0.5	0	1	0.5	0.9	195.083333333
14	15	0.5	0	1	1	0	63.1666666667
14	15	0.5	0	1	1	0.3	77.3095238095
14	15	0.5	0	1	1	0.6	112.666666667
14	15	0.5	0	1	1	0.9	195.083333333
14	15	0.5	0.5	0	0	0	63.1666666667
14	15	0.5	0.5	0	0	0.3	77.3095238095
14	15	0.5	0.5	0	0	0.6	112.666666667
14	15	0.5	0.5	0	0	0.9	195.083333333
14	15	0.5	0.5	0	0.5	0	63.1666666667
14	15	0.5	0.5	0	0.5	0.3	77.3095238095
14	15	0.5	0.5	0	0.5	0.6	112.666666667
14	15	0.5	0.5	0	0.5	0.9	195.083333333
14	15	0.5	0.5	0	1	0	63.1666666667
14	15	0.5	0.5	0	1	0.3	77.3095238095
14	15	0.5	0.5	0	1	0.6	112.666666667
14	15	0.5	0.5	0	1	0.9	195.083333333
14	15	0.5	0.5	0.5	0	0	63.1666666667
14	15	0.5	0.5	0.5	0	0.3	77.3095238095
14	15	0.5	0.5	0.5	0	0.6	112.666666667
14	15	0.5	0.5	0.5	0	0.9	195.083333333
14	15	0.5	0.5	0.5	0.5	0	63.1666666667
14	15	0.5	0.5	0.5	0.5	0.3	77.3095238095
14	15	0.5	0.5	0.5	0.5	0.6	112.666666667
14	15	0.5	0.5	0.5	0.5	0.9	195.083333333
14	15	0.5	0.5	0.5	1	0	63.1666666667
14	15	0.5	0.5	0.5	1	0.3	77.3095238095
14	15	0.5	0.5	0.5	1	0.6	112.666666667
14	15	0.5	0.5	0.5	1	0.9	195.083333333
14	15	0.5	0.5	1	0	0	63.1666666667
14	15	0.5	0.5	1	0	0.3	77.3095238095
14	15	0.5	0.5	1	0	0.6	112.666666667
14	15	0.5	0.5	1	0	0.9	195.083333333
14	15	0.5	0.5	1	0.5	0	63.1666666667
14	15	0.5	0.5	1	0.5	0.3	77.3095238095
14	15	0.5	0.5	1	0.5	0.6	112.666666667
14	15	0.5	0.5	1	0.5	0.9	195.083333333
14	15	0.5	0.5	1	1	0	63.1666666667
14	15	0.5	0.5	1	1	0.3	77.3095238095
14	15	0.5	0.5	1	1	0.6	112.666666667
14	15	0.5	0.5	1	1	0.9	195.083333333
14	15	0.5	1	0	0	0	63.1666666667
14	15	0.5	1	0	0	0.3	77.3095238095
14	15	0.5	1	0	0	0.6	112.666666667
14	15	0.5	1	0	0	0.9	195.083333333
14	15	0.5	1	0	0.5	0	63.1666666667
14	15	0.5	1	0	0.5	0.3	77.3095238095
14	15	0.5	1	0	0.5	0.6	112.666666667
14	15	0.5	1	0	0.5	0.9	195.083333333
14	15	0.5	1	0	1	0	63.1666666667
14	15	0.5	1	0	1	0.3	77.3095238095
14	15	0.5	1	0	1	0.6	112.666666667
14	15	0.5	1	0	1	0.9	195.083333333
14	15	0.5	1	0.5	0	0	63.1666666667
14	15	0.5	1	0.5	0	0.3	77.3095238095
14	15	0.5	1	0.5	0	0.6	112.666666667
14	15	0.5	1	0.5	0	0.9	195.083333333
14	15	0.5	1	0.5	0.5	0	63.1666666667
14	15	0.5	1	0.5	0.5	0.3	77.3095238095
14	15	0.5	1	0.5	0.5	0.6	112.666666667
14	15	0.5	1	0.5	0.5	0.9	195.083333333
14	15	0.5	1	0.5	1	0	63.1666666667
14	15	0.5	1	0.5	1	0.3	77.3095238095
14	15	0.5	1	0.5	1	0.6	112.666666667
14	15	0.5	1	0.5	1	0.9	195.083333333
14	15	0.5	1	1	0	0	63.1666666667
14	15	0.5	1	1	0	0.3	77.3095238095
14	15	0.5	1	1	0	0.6	112.666666667
14	15	0.5	1	1	0	0.9	195.083333333
14	15	0.5	1	1	0.5	0	63.1666666667
14	15	0.5	1	1	0.5	0.3	77.3095238095
14	15	0.5	1	1	0.5	0.6	112.666666667
14	15	0.5	1	1	0.5	0.9	195.083333333
14	15	0.5	1	1	1	0	63.1666666667
14	15	0.5	1	1	1	0.3	77.3095238095
14	15	0.5	1	1	1	0.6	112.666666667
14	15	0.5	1	1	1	0.9	195.083333333
14	15	1	0	0	0	0	63.1666666667
14	15	1	0	0	0	0.3	77.3095238095
14	15	1	0	0	0	0.6	112.666666667
14	15	1	0	0	0	0.9	195.083333333
14	15	1	0	0	0.5	0	63.1666666667
14	15	1	0	0	0.5	0.3	77.3095238095
14	15	1	0	0	0.5	0.6	112.666666667
14	15	1	0	0	0.5	0.9	195.083333333
14	15	1	0	0	1	0	63.1666666667
14	15	1	0	0	1	0.3	77.3095238095
14	15	1	0	0	1	0.6	112.666666667
14	15	1	0	0	1	0.9	195.083333333
14	15	1	0	0.5	0	0	63.1666666667
14	15	1	0	0.5	0	0.3	77.3095238095
14	15	1	0	0.5	0	0.6	112.666666667
14	15	1	0	0.5	0	0.9	195.083333333
14	15	1	0	0.5	0.5	0	63.1666666667
14	15	1	0	0.5	0.5	0.3	77.3095238095
14	15	1	0	0.5	0.5	0.6	112.666666667
14	15	1	0	0.5	0.5	0.9	195.083333333
14	15	1	0	0.5	1	0	63.1666666667
14	15	1	0	0.5	1	0.3	77.3095238095
14	15	1	0	0.5	1	0.6	112.666666667
14	15	1	0	0.5	1	0.9	195.083333333
14	15	1	0	1	0	0	63.1666666667
14	15	1	0	1	0	0.3	77.3095238095
14	15	1	0	1	0	0.6	112.666666667
14	15	1	0	1	0	0.9	195.083333333
14	15	1	0	1	0.5	0	63.1666666667
14	15	1	0	1	0.5	0.3	77.3095238095
14	15	1	0	1	0.5	0.6	112.666666667
14	15	1	0	1	0.5	0.9	195.083333333
14	15	1	0	1	1	0	63.1666666667
14	15	1	0	1	1	0.3	77.3095238095
14	15	1	0	1	1	0.6	112.666666667
14	15	1	0	1	1	0.9	195.083333333
14	15	1	0.5	0	0	0	63.1666666667
14	15	1	0.5	0	0	0.3	77.3095238095
14	15	1	0.5	0	0	0.6	112.666666667
14	15	1	0.5	0	0	0.9	195.083333333
14	15	1	0.5	0	0.5	0	63.1666666667
14	15	1	0.5	0	0.5	0.3	77.3095238095
14	15	1	0.5	0	0.5	0.6	112.666666667
14	15	1	0.5	0	0.5	0.9	195.083333333
14	15	1	0.5	0	1	0	63.1666666667
14	15	1	0.5	0	1	0.3	77.3095238095
14	15	1	0.5	0	1	0.6	112.666666667
14	15	1	0.5	0	1	0.9	195.083333333
14	15	1	0.5	0.5	0	0	63.1666666667
14	15	1	0.5	0.5	0	0.3	77.3095238095
14	15	1	0.5	0.5	0	0.6	112.666666667
14	15	1	0.5	0.5	0	0.9	195.083333333
14	15	1	0.5	0.5	0.5	0	63.1666666667
14	15	1	0.5	0.5	0.5	0.3	77.3095238095
14	15	1	0.5	0.5	0.5	0.6	112.666666667
14	15	1	0.5	0.5	0.5	0.9	195.083333333
14	15	1	0.5	0.5	1	0	63.1666666667
14	15	1	0.5	0.5	1	0.3	77.3095238095
14	15	1	0.5	0.5	1	0.6	112.666666667
14	15	1	0.5	0.5	1	0.9	195.083333333
14	15	1	0.5	1	0	0	63.1666666667
14	15	1	0.5	1	0	0.3	77.3095238095
14	15	1	0.5	1	0	0.6	112.666666667
14	15	1	0.5	1	0	0.9	195.083333333
14	15	1	0.5	1	0.5	0	63.1666666667
14	15	1	0.5	1	0.5	0.3	77.3095238095
14	15	1	0.5	1	0.5	0.6	112.666666667
14	15	1	0.5	1	0.5	0.9	195.083333333
14	15	1	0.5	1	1	0	63.1666666667
14	15	1	0.5	1	1	0.3	77.3095238095
14	15	1	0.5	1	1	0.6	112.666666667
14	15	1	0.5	1	1	0.9	195.083333333
14	15	1	1	0	0	0	63.1666666667
14	15	1	1	0	0	0.3	77.3095238095
14	15	1	1	0	0	0.6	112.666666667
14	15	1	1	0	0	0.9	195.083333333
14	15	1	1	0	0.5	0	63.1666666667
14	15	1	1	0	0.5	0.3	77.3095238095
14	15	1	1	0	0.5	0.6	112.666666667
14	15	1	1	0	0.5	0.9	195.083333333
14	15	1	1	0	1	0	63.1666666667
14	15	1	1	0	1	0.3	77.3095238095
14	15	1	1	0	1	0.6	112.666666667
14	15	1	1	0	1	0.9	195.083333333
14	15	1	1	0.5	0	0	63.1666666667
14	15	1	1	0.5	0	0.3	77.3095238095
14	15	1	1	0.5	0	0.6	112.666666667
14	15	1	1	0.5	0	0.9	195.083333333
14	15	1	1	0.5	0.5	0	63.1666666667
14	15	1	1	0.5	0.5	0.3	77.3095238095
14	15	1	1	0.5	0.5	0.6	112.666666667
14	15	1	1	0.5	0.5	0.9	195.083333333
14	15	1	1	0.5	1	0	63.1666666667
14	15	1	1	0.5	1	0.3	77.3095238095
14	15	1	1	0.5	1	0.6	112.666666667
14	15	1	1	0.5	1	0.9	195.083333333
14	15	1	1	1	0	0	63.1666666667
14	15	1	1	1	0	0.3	77.3095238095
14	15	1	1	1	0	0.6	112.666666667
14	15	1	1	1	0	0.9	195.083333333
14	15	1	1	1	0.5	0	63.1666666667
14	15	1	1	1	0.5	0.3	77.3095238095
14	15	1	1	1	0.5	0.6	112.666666667
14	15	1	1	1	0.5	0.9	195.083333333
14	15	1	1	1	1	0	63.1666666667
14	15	1	1	1	1	0.3	77.3095238095
14	15	1	1	1	1	0.6	112.666666667
14	15	1	1	1	1	0.9	195.083333333
14	20	0	0	0	0	0	63.1666666667
14	20	0	0	0	0	0.3	77.3095238095
14	20	0	0	0	0	0.6	112.666666667
14	20	0	0	0	0	0.9	195.083333333
14	20	0	0	0	0.5	0	63.1666666667
14	20	0	0	0	0.5	0.3	77.3095238095
14	20	0	0	0	0.5	0.6	112.666666667
14	20	0	0	0	0.5	0.9	195.083333333
14	20	0	0	0	1	0	63.1666666667
14	20	0	0	0	1	0.3	77.3095238095
14	20	0	0	0	1	0.6	112.666666667
14	20	0	0	0	1	0.9	195.083333333
14	20	0	0	0.5	0	0	63.1666666667
14	20	0	0	0.5	0	0.3	77.3095238095
14	20	0	0	0.5	0	0.6	112.666666667
14	20	0	0	0.5	0	0.9	195.083333333
14	20	0	0	0.5	0.5	0	63.1666666667
14	20	0	0	0.5	0.5	0.3	77.3095238095
14	20	0	0	0.5	0.5	0.6	112.666666667
14	20	0	0	0.5	0.5	0.9	195.083333333
14	20	0	0	0.5	1	0	63.1666666667
14	20	0	0	0.5	1	0.3	77.3095238095
14	20	0	0	0.5	1	0.6	112.666666667
14	20	0	0	0.5	1	0.9	195.083333333
14	20	0	0	1	0	0	63.1666666667
14	20	0	0	1	0	0.3	77.3095238095
14	20	0	0	1	0	0.6	112.666666667
14	20	0	0	1	0	0.9	195.083333333
14	20	0	0	1	0.5	0	63.1666666667
14	20	0	0	1	0.5	0.3	77.3095238095
14	20	0	0	1	0.5	0.6	112.666666667
14	20	0	0	1	0.5	0.9	195.083333333
14	20	0	0	1	1	0	63.1666666667
14	20	0	0	1	1	0.3	77.3095238095
14	20	0	0	1	1	0.6	112.666666667
14	20	0	0	1	1	0.9	195.083333333
14	20	0	0.5	0	0	0	63.1666666667
14	20	0	0.5	0	0	0.3	77.3095238095
14	20	0	0.5	0	0	0.6	112.666666667
14	20	0	0.5	0	0	0.9	195.083333333
14	20	0	0.5	0	0.5	0	63.1666666667
14	20	0	0.5	0	0.5	0.3	77.3095238095
14	20	0	0.5	0	0.5	0.6	112.666666667
14	20	0	0.5	0	0.5	0.9	195.083333333
14	20	0	0.5	0	1	0	63.1666666667
14	20	0	0.5	0	1	0.3	77.3095238095
14	20	0	0.5	0	1	0.6	112.666666667
14	20	0	0.5	0	1	0.9	195.083333333
14	20	0	0.5	0.5	0	0	63.1666666667
14	20	0	0.5	0.5	0	0.3	77.3095238095
14	20	0	0.5	0.5	0	0.6	112.666666667
14	20	0	0.5	0.5	0	0.9	195.083333333
14	20	0	0.5	0.5	0.5	0	63.1666666667
14	20	0	0.5	0.5	0.5	0.3	77.3095238095
14	20	0	0.5	0.5	0.5	0.6	112.666666667
14	20	0	0.5	0.5	0.5	0.9	195.083333333
14	20	0	0.5	0.5	1	0	63.1666666667
14	20	0	0.5	0.5	1	0.3	77.3095238095
14	20	0	0.5	0.5	1	0.6	112.666666667
14	20	0	0.5	0.5	1	0.9	195.083333333
14	20	0	0.5	1	0	0	63.1666666667
14	20	0	0.5	1	0	0.3	77.3095238095
14	20	0	0.5	1	0	0.6	112.666666667
14	20	0	0.5	1	0	0.9	195.083333333
14	20	0	0.5	1	0.5	0	63.1666666667
14	20	0	0.5	1	0.5	0.3	77.3095238095
14	20	0	0.5	1	0.5	0.6	112.666666667
14	20	0	0.5	1	0.5	0.9	195.083333333
14	20	0	0.5	1	1	0	63.1666666667
14	20	0	0.5	1	1	0.3	77.3095238095
14	20	0	0.5	1	1	0.6	112.666666667
14	20	0	0.5	1	1	0.9	195.083333333
14	20	0	1	0	0	0	63.1666666667
14	20	0	1	0	0	0.3	77.3095238095
14	20	0	1	0	0	0.6	112.666666667
14	20	0	1	0	0	0.9	195.083333333
14	20	0	1	0	0.5	0	63.1666666667
14	20	0	1	0	0.5	0.3	77.3095238095
14	20	0	1	0	0.5	0.6	112.666666667
14	20	0	1	0	0.5	0.9	195.083333333
14	20	0	1	0	1	0	63.1666666667
14	20	0	1	0	1	0.3	77.3095238095
14	20	0	1	0	1	0.6	112.666666667
14	20	0	1	0	1	0.9	195.083333333
14	20	0	1	0.5	0	0	63.1666666667
14	20	0	1	0.5	0	0.3	77.3095238095
14	20	0	1	0.5	0	0.6	112.666666667
14	20	0	1	0.5	0	0.9	195.083333333
14	20	0	1	0.5	0.5	0	63.1666666667
14	20	0	1	0.5	0.5	0.3	77.3095238095
14	20	0	1	0.5	0.5	0.6	112.666666667
14	20	0	1	0.5	0.5	0.9	195.083333333
14	20	0	1	0.5	1	0	63.1666666667
14	20	0	1	0.5	1	0.3	77.3095238095
14	20	0	1	0.5	1	0.6	112.666666667
14	20	0	1	0.5	1	0.9	195.083333333
14	20	0	1	1	0	0	63.1666666667
14	20	0	1	1	0	0.3	77.3095238095
14	20	0	1	1	0	0.6	112.666666667
14	20	0	1	1	0	0.9	195.083333333
14	20	0	1	1	0.5	0	63.1666666667
14	20	0	1	1	0.5	0.3	77.3095238095
14	20	0	1	1	0.5	0.6	112.666666667
14	20	0	1	1	0.5	0.9	195.083333333
14	20	0	1	1	1	0	63.1666666667
14	20	0	1	1	1	0.3	77.3095238095
14	20	0	1	1	1	0.6	112.666666667
14	20	0	1	1	1	0.9	195.083333333
14	20	0.5	0	0	0	0	63.1666666667
14	20	0.5	0	0	0	0.3	77.3095238095
14	20	0.5	0	0	0	0.6	112.666666667
14	20	0.5	0	0	0	0.9	195.083333333
14	20	0.5	0	0	0.5	0	63.1666666667
14	20	0.5	0	0	0.5	0.3	77.3095238095
14	20	0.5	0	0	0.5	0.6	112.666666667
14	20	0.5	0	0	0.5	0.9	195.083333333
14	20	0.5	0	0	1	0	63.1666666667
14	20	0.5	0	0	1	0.3	77.3095238095
14	20	0.5	0	0	1	0.6	112.666666667
14	20	0.5	0	0	1	0.9	195.083333333
14	20	0.5	0	0.5	0	0	63.1666666667
14	20	0.5	0	0.5	0	0.3	77.3095238095
14	20	0.5	0	0.5	0	0.6	112.666666667
14	20	0.5	0	0.5	0	0.9	195.083333333
14	20	0.5	0	0.5	0.5	0	63.1666666667
14	20	0.5	0	0.5	0.5	0.3	77.3095238095
14	20	0.5	0	0.5	0.5	0.6	112.666666667
14	20	0.5	0	0.5	0.5	0.9	195.083333333
14	20	0.5	0	0.5	1	0	63.1666666667
14	20	0.5	0	0.5	1	0.3	77.3095238095
14	20	0.5	0	0.5	1	0.6	112.666666667
14	20	0.5	0	0.5	1	0.9	195.083333333
14	20	0.5	0	1	0	0	63.1666666667
14	20	0.5	0	1	0	0.3	77.3095238095
14	20	0.5	0	1	0	0.6	112.666666667
14	20	0.5	0	1	0	0.9	195.083333333
14	20	0.5	0	1	0.5	0	63.1666666667
14	20	0.5	0	1	0.5	0.3	77.3095238095
14	20	0.5	0	1	0.5	0.6	112.666666667
14	20	0.5	0	1	0.5	0.9	195.083333333
14	20	0.5	0	1	1	0	63.1666666667
14	20	0.5	0	1	1	0.3	77.3095238095
14	20	0.5	0	1	1	0.6	112.666666667
14	20	0.5	0	1	1	0.9	195.083333333
14	20	0.5	0.5	0	0	0	63.1666666667
14	20	0.5	0.5	0	0	0.3	77.3095238095
14	20	0.5	0.5	0	0	0.6	112.666666667
14	20	0.5	0.5	0	0	0.9	195.083333333
14	20	0.5	0.5	0	0.5	0	63.1666666667
14	20	0.5	0.5	0	0.5	0.3	77.3095238095
14	20	0.5	0.5	0	0.5	0.6	112.666666667
14	20	0.5	0.5	0	0.5	0.9	195.083333333
14	20	0.5	0.5	0	1	0	63.1666666667
14	20	0.5	0.5	0	1	0.3	77.3095238095
14	20	0.5	0.5	0	1	0.6	112.666666667
14	20	0.5	0.5	0	1	0.9	195.083333333
14	20	0.5	0.5	0.5	0	0	63.1666666667
14	20	0.5	0.5	0.5	0	0.3	77.3095238095
14	20	0.5	0.5	0.5	0	0.6	112.666666667
14	20	0.5	0.5	0.5	0	0.9	195.083333333
14	20	0.5	0.5	0.5	0.5	0	63.1666666667
14	20	0.5	0.5	0.5	0.5	0.3	77.3095238095
14	20	0.5	0.5	0.5	0.5	0.6	112.666666667
14	20	0.5	0.5	0.5	0.5	0.9	195.083333333
14	20	0.5	0.5	0.5	1	0	63.1666666667
14	20	0.5	0.5	0.5	1	0.3	77.3095238095
14	20	0.5	0.5	0.5	1	0.6	112.666666667
14	20	0.5	0.5	0.5	1	0.9	195.083333333
14	20	0.5	0.5	1	0	0	63.1666666667
14	20	0.5	0.5	1	0	0.3	77.3095238095
14	20	0.5	0.5	1	0	0.6	112.666666667
14	20	0.5	0.5	1	0	0.9	195.083333333
14	20	0.5	0.5	1	0.5	0	63.1666666667
14	20	0.5	0.5	1	0.5	0.3	77.3095238095
14	20	0.5	0.5	1	0.5	0.6	112.666666667
14	20	0.5	0.5	1	0.5	0.9	195.083333333
14	20	0.5	0.5	1	1	0	63.1666666667
14	20	0.5	0.5	1	1	0.3	77.3095238095
14	20	0.5	0.5	1	1	0.6	112.666666667
14	20	0.5	0.5	1	1	0.9	195.083333333
14	20	0.5	1	0	0	0	63.1666666667
14	20	0.5	1	0	0	0.3	77.3095238095
14	20	0.5	1	0	0	0.6	112.666666667
14	20	0.5	1	0	0	0.9	195.083333333
14	20	0.5	1	0	0.5	0	63.1666666667
14	20	0.5	1	0	0.5	0.3	77.3095238095
14	20	0.5	1	0	0.5	0.6	112.666666667
14	20	0.5	1	0	0.5	0.9	195.083333333
14	20	0.5	1	0	1	0	63.1666666667
14	20	0.5	1	0	1	0.3	77.3095238095
14	20	0.5	1	0	1	0.6	112.666666667
14	20	0.5	1	0	1	0.9	195.083333333
14	20	0.5	1	0.5	0	0	63.1666666667
14	20	0.5	1	0.5	0	0.3	77.3095238095
14	20	0.5	1	0.5	0	0.6	112.666666667
14	20	0.5	1	0.5	0	0.9	195.083333333
14	20	0.5	1	0.5	0.5	0	63.1666666667
14	20	0.5	1	0.5	0.5	0.3	77.3095238095
14	20	0.5	1	0.5	0.5	0.6	112.666666667
14	20	0.5	1	0.5	0.5	0.9	195.083333333
14	20	0.5	1	0.5	1	0	63.1666666667
14	20	0.5	1	0.5	1	0.3	77.3095238095
14	20	0.5	1	0.5	1	0.6	112.666666667
14	20	0.5	1	0.5	1	0.9	195.083333333
14	20	0.5	1	1	0	0	63.1666666667
14	20	0.5	1	1	0	0.3	77.3095238095
14	20	0.5	1	1	0	0.6	112.666666667
14	20	0.5	1	1	0	0.9	195.083333333
14	20	0.5	1	1	0.5	0	63.1666666667
14	20	0.5	1	1	0.5	0.3	77.3095238095
14	20	0.5	1	1	0.5	0.6	112.666666667
14	20	0.5	1	1	0.5	0.9	195.083333333
14	20	0.5	1	1	1	0	63.1666666667
14	20	0.5	1	1	1	0.3	77.3095238095
14	20	0.5	1	1	1	0.6	112.666666667
14	20	0.5	1	1	1	0.9	195.083333333
14	20	1	0	0	0	0	63.1666666667
14	20	1	0	0	0	0.3	77.3095238095
14	20	1	0	0	0	0.6	112.666666667
14	20	1	0	0	0	0.9	195.083333333
14	20	1	0	0	0.5	0	63.1666666667
14	20	1	0	0	0.5	0.3	77.3095238095
14	20	1	0	0	0.5	0.6	112.666666667
14	20	1	0	0	0.5	0.9	195.083333333
14	20	1	0	0	1	0	63.1666666667
14	20	1	0	0	1	0.3	77.3095238095
14	20	1	0	0	1	0.6	112.666666667
14	20	1	0	0	1	0.9	195.083333333
14	20	1	0	0.5	0	0	63.1666666667
14	20	1	0	0.5	0	0.3	77.3095238095
14	20	1	0	0.5	0	0.6	112.666666667
14	20	1	0	0.5	0	0.9	195.083333333
14	20	1	0	0.5	0.5	0	63.1666666667
14	20	1	0	0.5	0.5	0.3	77.3095238095
14	20	1	0	0.5	0.5	0.6	112.666666667
14	20	1	0	0.5	0.5	0.9	195.083333333
14	20	1	0	0.5	1	0	63.1666666667
14	20	1	0	0.5	1	0.3	77.3095238095
14	20	1	0	0.5	1	0.6	112.666666667
14	20	1	0	0.5	1	0.9	195.083333333
14	20	1	0	1	0	0	63.1666666667
14	20	1	0	1	0	0.3	77.3095238095
14	20	1	0	1	0	0.6	112.666666667
14	20	1	0	1	0	0.9	195.083333333
14	20	1	0	1	0.5	0	63.1666666667
14	20	1	0	1	0.5	0.3	77.3095238095
14	20	1	0	1	0.5	0.6	112.666666667
14	20	1	0	1	0.5	0.9	195.083333333
14	20	1	0	1	1	0	63.1666666667
14	20	1	0	1	1	0.3	77.3095238095
14	20	1	0	1	1	0.6	112.666666667
14	20	1	0	1	1	0.9	195.083333333
14	20	1	0.5	0	0	0	63.1666666667
14	20	1	0.5	0	0	0.3	77.3095238095
14	20	1	0.5	0	0	0.6	112.666666667
14	20	1	0.5	0	0	0.9	195.083333333
14	20	1	0.5	0	0.5	0	63.1666666667
14	20	1	0.5	0	0.5	0.3	77.3095238095
14	20	1	0.5	0	0.5	0.6	112.666666667
14	20	1	0.5	0	0.5	0.9	195.083333333
14	20	1	0.5	0	1	0	63.1666666667
14	20	1	0.5	0	1	0.3	77.3095238095
14	20	1	0.5	0	1	0.6	112.666666667
14	20	1	0.5	0	1	0.9	195.083333333
14	20	1	0.5	0.5	0	0	63.1666666667
14	20	1	0.5	0.5	0	0.3	77.3095238095
14	20	1	0.5	0.5	0	0.6	112.666666667
14	20	1	0.5	0.5	0	0.9	195.083333333
14	20	1	0.5	0.5	0.5	0	63.1666666667
14	20	1	0.5	0.5	0.5	0.3	77.3095238095
14	20	1	0.5	0.5	0.5	0.6	112.666666667
14	20	1	0.5	0.5	0.5	0.9	195.083333333
14	20	1	0.5	0.5	1	0	63.1666666667
14	20	1	0.5	0.5	1	0.3	77.3095238095
14	20	1	0.5	0.5	1	0.6	112.666666667
14	20	1	0.5	0.5	1	0.9	195.083333333
14	20	1	0.5	1	0	0	63.1666666667
14	20	1	0.5	1	0	0.3	77.3095238095
14	20	1	0.5	1	0	0.6	112.666666667
14	20	1	0.5	1	0	0.9	195.083333333
14	20	1	0.5	1	0.5	0	63.1666666667
14	20	1	0.5	1	0.5	0.3	77.3095238095
14	20	1	0.5	1	0.5	0.6	112.666666667
14	20	1	0.5	1	0.5	0.9	195.083333333
14	20	1	0.5	1	1	0	63.1666666667
14	20	1	0.5	1	1	0.3	77.3095238095
14	20	1	0.5	1	1	0.6	112.666666667
14	20	1	0.5	1	1	0.9	195.083333333
14	20	1	1	0	0	0	63.1666666667
14	20	1	1	0	0	0.3	77.3095238095
14	20	1	1	0	0	0.6	112.666666667
14	20	1	1	0	0	0.9	195.083333333
14	20	1	1	0	0.5	0	63.1666666667
14	20	1	1	0	0.5	0.3	77.3095238095
14	20	1	1	0	0.5	0.6	112.666666667
14	20	1	1	0	0.5	0.9	195.083333333
14	20	1	1	0	1	0	63.1666666667
14	20	1	1	0	1	0.3	77.3095238095
14	20	1	1	0	1	0.6	112.666666667
14	20	1	1	0	1	0.9	195.083333333
14	20	1	1	0.5	0	0	63.1666666667
14	20	1	1	0.5	0	0.3	77.3095238095
14	20	1	1	0.5	0	0.6	112.666666667
14	20	1	1	0.5	0	0.9	195.083333333
14	20	1	1	0.5	0.5	0	63.1666666667
14	20	1	1	0.5	0.5	0.3	77.3095238095
14	20	1	1	0.5	0.5	0.6	112.666666667
14	20	1	1	0.5	0.5	0.9	195.083333333
14	20	1	1	0.5	1	0	63.1666666667
14	20	1	1	0.5	1	0.3	77.3095238095
14	20	1	1	0.5	1	0.6	112.666666667
14	20	1	1	0.5	1	0.9	195.083333333
14	20	1	1	1	0	0	63.1666666667
14	20	1	1	1	0	0.3	77.3095238095
14	20	1	1	1	0	0.6	112.666666667
14	20	1	1	1	0	0.9	195.083333333
14	20	1	1	1	0.5	0	63.1666666667
14	20	1	1	1	0.5	0.3	77.3095238095
14	20	1	1	1	0.5	0.6	112.666666667
14	20	1	1	1	0.5	0.9	195.083333333
14	20	1	1	1	1	0	63.1666666667
14	20	1	1	1	1	0.3	77.3095238095
14	20	1	1	1	1	0.6	112.666666667
14	20	1	1	1	1	0.9	195.083333333
15	5	0	0	0	0	0	63.1666666667
15	5	0	0	0	0	0.3	77.3095238095
15	5	0	0	0	0	0.6	112.666666667
15	5	0	0	0	0	0.9	195.083333333
15	5	0	0	0	0.5	0	63.1666666667
15	5	0	0	0	0.5	0.3	77.3095238095
15	5	0	0	0	0.5	0.6	112.666666667
15	5	0	0	0	0.5	0.9	195.083333333
15	5	0	0	0	1	0	63.1666666667
15	5	0	0	0	1	0.3	77.3095238095
15	5	0	0	0	1	0.6	112.666666667
15	5	0	0	0	1	0.9	195.083333333
15	5	0	0	0.5	0	0	63.1666666667
15	5	0	0	0.5	0	0.3	77.3095238095
15	5	0	0	0.5	0	0.6	112.666666667
15	5	0	0	0.5	0	0.9	195.083333333
15	5	0	0	0.5	0.5	0	63.1666666667
15	5	0	0	0.5	0.5	0.3	77.3095238095
15	5	0	0	0.5	0.5	0.6	112.666666667
15	5	0	0	0.5	0.5	0.9	195.083333333
15	5	0	0	0.5	1	0	63.1666666667
15	5	0	0	0.5	1	0.3	77.3095238095
15	5	0	0	0.5	1	0.6	112.666666667
15	5	0	0	0.5	1	0.9	195.083333333
15	5	0	0	1	0	0	63.1666666667
15	5	0	0	1	0	0.3	77.3095238095
15	5	0	0	1	0	0.6	112.666666667
15	5	0	0	1	0	0.9	195.083333333
15	5	0	0	1	0.5	0	63.1666666667
15	5	0	0	1	0.5	0.3	77.3095238095
15	5	0	0	1	0.5	0.6	112.666666667
15	5	0	0	1	0.5	0.9	195.083333333
15	5	0	0	1	1	0	63.1666666667
15	5	0	0	1	1	0.3	77.3095238095
15	5	0	0	1	1	0.6	112.666666667
15	5	0	0	1	1	0.9	195.083333333
15	5	0	0.5	0	0	0	63.1666666667
15	5	0	0.5	0	0	0.3	77.3095238095
15	5	0	0.5	0	0	0.6	112.666666667
15	5	0	0.5	0	0	0.9	195.083333333
15	5	0	0.5	0	0.5	0	63.1666666667
15	5	0	0.5	0	0.5	0.3	77.3095238095
15	5	0	0.5	0	0.5	0.6	112.666666667
15	5	0	0.5	0	0.5	0.9	195.083333333
15	5	0	0.5	0	1	0	63.1666666667
15	5	0	0.5	0	1	0.3	77.3095238095
15	5	0	0.5	0	1	0.6	112.666666667
15	5	0	0.5	0	1	0.9	195.083333333
15	5	0	0.5	0.5	0	0	63.1666666667
15	5	0	0.5	0.5	0	0.3	77.3095238095
15	5	0	0.5	0.5	0	0.6	112.666666667
15	5	0	0.5	0.5	0	0.9	195.083333333
15	5	0	0.5	0.5	0.5	0	63.1666666667
15	5	0	0.5	0.5	0.5	0.3	77.3095238095
15	5	0	0.5	0.5	0.5	0.6	112.666666667
15	5	0	0.5	0.5	0.5	0.9	195.083333333
15	5	0	0.5	0.5	1	0	63.1666666667
15	5	0	0.5	0.5	1	0.3	77.3095238095
15	5	0	0.5	0.5	1	0.6	112.666666667
15	5	0	0.5	0.5	1	0.9	195.083333333
15	5	0	0.5	1	0	0	63.1666666667
15	5	0	0.5	1	0	0.3	77.3095238095
15	5	0	0.5	1	0	0.6	112.666666667
15	5	0	0.5	1	0	0.9	195.083333333
15	5	0	0.5	1	0.5	0	63.1666666667
15	5	0	0.5	1	0.5	0.3	77.3095238095
15	5	0	0.5	1	0.5	0.6	112.666666667
15	5	0	0.5	1	0.5	0.9	195.083333333
15	5	0	0.5	1	1	0	63.1666666667
15	5	0	0.5	1	1	0.3	77.3095238095
15	5	0	0.5	1	1	0.6	112.666666667
15	5	0	0.5	1	1	0.9	195.083333333
15	5	0	1	0	0	0	63.1666666667
15	5	0	1	0	0	0.3	77.3095238095
15	5	0	1	0	0	0.6	112.666666667
15	5	0	1	0	0	0.9	195.083333333
15	5	0	1	0	0.5	0	63.1666666667
15	5	0	1	0	0.5	0.3	77.3095238095
15	5	0	1	0	0.5	0.6	112.666666667
15	5	0	1	0	0.5	0.9	195.083333333
15	5	0	1	0	1	0	63.1666666667
15	5	0	1	0	1	0.3	77.3095238095
15	5	0	1	0	1	0.6	112.666666667
15	5	0	1	0	1	0.9	195.083333333
15	5	0	1	0.5	0	0	63.1666666667
15	5	0	1	0.5	0	0.3	77.3095238095
15	5	0	1	0.5	0	0.6	112.666666667
15	5	0	1	0.5	0	0.9	195.083333333
15	5	0	1	0.5	0.5	0	63.1666666667
15	5	0	1	0.5	0.5	0.3	77.3095238095
15	5	0	1	0.5	0.5	0.6	112.666666667
15	5	0	1	0.5	0.5	0.9	195.083333333
15	5	0	1	0.5	1	0	63.1666666667
15	5	0	1	0.5	1	0.3	77.3095238095
15	5	0	1	0.5	1	0.6	112.666666667
15	5	0	1	0.5	1	0.9	195.083333333
15	5	0	1	1	0	0	63.1666666667
15	5	0	1	1	0	0.3	77.3095238095
15	5	0	1	1	0	0.6	112.666666667
15	5	0	1	1	0	0.9	195.083333333
15	5	0	1	1	0.5	0	63.1666666667
15	5	0	1	1	0.5	0.3	77.3095238095
15	5	0	1	1	0.5	0.6	112.666666667
15	5	0	1	1	0.5	0.9	195.083333333
15	5	0	1	1	1	0	63.1666666667
15	5	0	1	1	1	0.3	77.3095238095
15	5	0	1	1	1	0.6	112.666666667
15	5	0	1	1	1	0.9	195.083333333
15	5	0.5	0	0	0	0	63.1666666667
15	5	0.5	0	0	0	0.3	77.3095238095
15	5	0.5	0	0	0	0.6	112.666666667
15	5	0.5	0	0	0	0.9	195.083333333
15	5	0.5	0	0	0.5	0	63.1666666667
15	5	0.5	0	0	0.5	0.3	77.3095238095
15	5	0.5	0	0	0.5	0.6	112.666666667
15	5	0.5	0	0	0.5	0.9	195.083333333
15	5	0.5	0	0	1	0	63.1666666667
15	5	0.5	0	0	1	0.3	77.3095238095
15	5	0.5	0	0	1	0.6	112.666666667
15	5	0.5	0	0	1	0.9	195.083333333
15	5	0.5	0	0.5	0	0	63.1666666667
15	5	0.5	0	0.5	0	0.3	77.3095238095
15	5	0.5	0	0.5	0	0.6	112.666666667
15	5	0.5	0	0.5	0	0.9	195.083333333
15	5	0.5	0	0.5	0.5	0	63.1666666667
15	5	0.5	0	0.5	0.5	0.3	77.3095238095
15	5	0.5	0	0.5	0.5	0.6	112.666666667
15	5	0.5	0	0.5	0.5	0.9	195.083333333
15	5	0.5	0	0.5	1	0	63.1666666667
15	5	0.5	0	0.5	1	0.3	77.3095238095
15	5	0.5	0	0.5	1	0.6	112.666666667
15	5	0.5	0	0.5	1	0.9	195.083333333
15	5	0.5	0	1	0	0	63.1666666667
15	5	0.5	0	1	0	0.3	77.3095238095
15	5	0.5	0	1	0	0.6	112.666666667
15	5	0.5	0	1	0	0.9	195.083333333
15	5	0.5	0	1	0.5	0	63.1666666667
15	5	0.5	0	1	0.5	0.3	77.3095238095
15	5	0.5	0	1	0.5	0.6	112.666666667
15	5	0.5	0	1	0.5	0.9	195.083333333
15	5	0.5	0	1	1	0	63.1666666667
15	5	0.5	0	1	1	0.3	77.3095238095
15	5	0.5	0	1	1	0.6	112.666666667
15	5	0.5	0	1	1	0.9	195.083333333
15	5	0.5	0.5	0	0	0	63.1666666667
15	5	0.5	0.5	0	0	0.3	77.3095238095
15	5	0.5	0.5	0	0	0.6	112.666666667
15	5	0.5	0.5	0	0	0.9	195.083333333
15	5	0.5	0.5	0	0.5	0	63.1666666667
15	5	0.5	0.5	0	0.5	0.3	77.3095238095
15	5	0.5	0.5	0	0.5	0.6	112.666666667
15	5	0.5	0.5	0	0.5	0.9	195.083333333
15	5	0.5	0.5	0	1	0	63.1666666667
15	5	0.5	0.5	0	1	0.3	77.3095238095
15	5	0.5	0.5	0	1	0.6	112.666666667
15	5	0.5	0.5	0	1	0.9	195.083333333
15	5	0.5	0.5	0.5	0	0	63.1666666667
15	5	0.5	0.5	0.5	0	0.3	77.3095238095
15	5	0.5	0.5	0.5	0	0.6	112.666666667
15	5	0.5	0.5	0.5	0	0.9	195.083333333
15	5	0.5	0.5	0.5	0.5	0	63.1666666667
15	5	0.5	0.5	0.5	0.5	0.3	77.3095238095
15	5	0.5	0.5	0.5	0.5	0.6	112.666666667
15	5	0.5	0.5	0.5	0.5	0.9	195.083333333
15	5	0.5	0.5	0.5	1	0	63.1666666667
15	5	0.5	0.5	0.5	1	0.3	77.3095238095
15	5	0.5	0.5	0.5	1	0.6	112.666666667
15	5	0.5	0.5	0.5	1	0.9	195.083333333
15	5	0.5	0.5	1	0	0	63.1666666667
15	5	0.5	0.5	1	0	0.3	77.3095238095
15	5	0.5	0.5	1	0	0.6	112.666666667
15	5	0.5	0.5	1	0	0.9	195.083333333
15	5	0.5	0.5	1	0.5	0	63.1666666667
15	5	0.5	0.5	1	0.5	0.3	77.3095238095
15	5	0.5	0.5	1	0.5	0.6	112.666666667
15	5	0.5	0.5	1	0.5	0.9	195.083333333
15	5	0.5	0.5	1	1	0	63.1666666667
15	5	0.5	0.5	1	1	0.3	77.3095238095
15	5	0.5	0.5	1	1	0.6	112.666666667
15	5	0.5	0.5	1	1	0.9	195.083333333
15	5	0.5	1	0	0	0	63.1666666667
15	5	0.5	1	0	0	0.3	77.3095238095
15	5	0.5	1	0	0	0.6	112.666666667
15	5	0.5	1	0	0	0.9	195.083333333
15	5	0.5	1	0	0.5	0	63.1666666667
15	5	0.5	1	0	0.5	0.3	77.3095238095
15	5	0.5	1	0	0.5	0.6	112.666666667
15	5	0.5	1	0	0.5	0.9	195.083333333
15	5	0.5	1	0	1	0	63.1666666667
15	5	0.5	1	0	1	0.3	77.3095238095
15	5	0.5	1	0	1	0.6	112.666666667
15	5	0.5	1	0	1	0.9	195.083333333
15	5	0.5	1	0.5	0	0	63.1666666667
15	5	0.5	1	0.5	0	0.3	77.3095238095
15	5	0.5	1	0.5	0	0.6	112.666666667
15	5	0.5	1	0.5	0	0.9	195.083333333
15	5	0.5	1	0.5	0.5	0	63.1666666667
15	5	0.5	1	0.5	0.5	0.3	77.3095238095
15	5	0.5	1	0.5	0.5	0.6	112.666666667
15	5	0.5	1	0.5	0.5	0.9	195.083333333
15	5	0.5	1	0.5	1	0	63.1666666667
15	5	0.5	1	0.5	1	0.3	77.3095238095
15	5	0.5	1	0.5	1	0.6	112.666666667
15	5	0.5	1	0.5	1	0.9	195.083333333
15	5	0.5	1	1	0	0	63.1666666667
15	5	0.5	1	1	0	0.3	77.3095238095
15	5	0.5	1	1	0	0.6	112.666666667
15	5	0.5	1	1	0	0.9	195.083333333
15	5	0.5	1	1	0.5	0	63.1666666667
15	5	0.5	1	1	0.5	0.3	77.3095238095
15	5	0.5	1	1	0.5	0.6	112.666666667
15	5	0.5	1	1	0.5	0.9	195.083333333
15	5	0.5	1	1	1	0	63.1666666667
15	5	0.5	1	1	1	0.3	77.3095238095
15	5	0.5	1	1	1	0.6	112.666666667
15	5	0.5	1	1	1	0.9	195.083333333
15	5	1	0	0	0	0	63.1666666667
15	5	1	0	0	0	0.3	77.3095238095
15	5	1	0	0	0	0.6	112.666666667
15	5	1	0	0	0	0.9	195.083333333
15	5	1	0	0	0.5	0	63.1666666667
15	5	1	0	0	0.5	0.3	77.3095238095
15	5	1	0	0	0.5	0.6	112.666666667
15	5	1	0	0	0.5	0.9	195.083333333
15	5	1	0	0	1	0	63.1666666667
15	5	1	0	0	1	0.3	77.3095238095
15	5	1	0	0	1	0.6	112.666666667
15	5	1	0	0	1	0.9	195.083333333
15	5	1	0	0.5	0	0	63.1666666667
15	5	1	0	0.5	0	0.3	77.3095238095
15	5	1	0	0.5	0	0.6	112.666666667
15	5	1	0	0.5	0	0.9	195.083333333
15	5	1	0	0.5	0.5	0	63.1666666667
15	5	1	0	0.5	0.5	0.3	77.3095238095
15	5	1	0	0.5	0.5	0.6	112.666666667
15	5	1	0	0.5	0.5	0.9	195.083333333
15	5	1	0	0.5	1	0	63.1666666667
15	5	1	0	0.5	1	0.3	77.3095238095
15	5	1	0	0.5	1	0.6	112.666666667
15	5	1	0	0.5	1	0.9	195.083333333
15	5	1	0	1	0	0	63.1666666667
15	5	1	0	1	0	0.3	77.3095238095
15	5	1	0	1	0	0.6	112.666666667
15	5	1	0	1	0	0.9	195.083333333
15	5	1	0	1	0.5	0	63.1666666667
15	5	1	0	1	0.5	0.3	77.3095238095
15	5	1	0	1	0.5	0.6	112.666666667
15	5	1	0	1	0.5	0.9	195.083333333
15	5	1	0	1	1	0	63.1666666667
15	5	1	0	1	1	0.3	77.3095238095
15	5	1	0	1	1	0.6	112.666666667
15	5	1	0	1	1	0.9	195.083333333
15	5	1	0.5	0	0	0	63.1666666667
15	5	1	0.5	0	0	0.3	77.3095238095
15	5	1	0.5	0	0	0.6	112.666666667
15	5	1	0.5	0	0	0.9	195.083333333
15	5	1	0.5	0	0.5	0	63.1666666667
15	5	1	0.5	0	0.5	0.3	77.3095238095
15	5	1	0.5	0	0.5	0.6	112.666666667
15	5	1	0.5	0	0.5	0.9	195.083333333
15	5	1	0.5	0	1	0	63.1666666667
15	5	1	0.5	0	1	0.3	77.3095238095
15	5	1	0.5	0	1	0.6	112.666666667
15	5	1	0.5	0	1	0.9	195.083333333
15	5	1	0.5	0.5	0	0	63.1666666667
15	5	1	0.5	0.5	0	0.3	77.3095238095
15	5	1	0.5	0.5	0	0.6	112.666666667
15	5	1	0.5	0.5	0	0.9	195.083333333
15	5	1	0.5	0.5	0.5	0	63.1666666667
15	5	1	0.5	0.5	0.5	0.3	77.3095238095
15	5	1	0.5	0.5	0.5	0.6	112.666666667
15	5	1	0.5	0.5	0.5	0.9	195.083333333
15	5	1	0.5	0.5	1	0	63.1666666667
15	5	1	0.5	0.5	1	0.3	77.3095238095
15	5	1	0.5	0.5	1	0.6	112.666666667
15	5	1	0.5	0.5	1	0.9	195.083333333
15	5	1	0.5	1	0	0	63.1666666667
15	5	1	0.5	1	0	0.3	77.3095238095
15	5	1	0.5	1	0	0.6	112.666666667
15	5	1	0.5	1	0	0.9	195.083333333
15	5	1	0.5	1	0.5	0	63.1666666667
15	5	1	0.5	1	0.5	0.3	77.3095238095
15	5	1	0.5	1	0.5	0.6	112.666666667
15	5	1	0.5	1	0.5	0.9	195.083333333
15	5	1	0.5	1	1	0	63.1666666667
15	5	1	0.5	1	1	0.3	77.3095238095
15	5	1	0.5	1	1	0.6	112.666666667
15	5	1	0.5	1	1	0.9	195.083333333
15	5	1	1	0	0	0	63.1666666667
15	5	1	1	0	0	0.3	77.3095238095
15	5	1	1	0	0	0.6	112.666666667
15	5	1	1	0	0	0.9	195.083333333
15	5	1	1	0	0.5	0	63.1666666667
15	5	1	1	0	0.5	0.3	77.3095238095
15	5	1	1	0	0.5	0.6	112.666666667
15	5	1	1	0	0.5	0.9	195.083333333
15	5	1	1	0	1	0	63.1666666667
15	5	1	1	0	1	0.3	77.3095238095
15	5	1	1	0	1	0.6	112.666666667
15	5	1	1	0	1	0.9	195.083333333
15	5	1	1	0.5	0	0	63.1666666667
15	5	1	1	0.5	0	0.3	77.3095238095
15	5	1	1	0.5	0	0.6	112.666666667
15	5	1	1	0.5	0	0.9	195.083333333
15	5	1	1	0.5	0.5	0	63.1666666667
15	5	1	1	0.5	0.5	0.3	77.3095238095
15	5	1	1	0.5	0.5	0.6	112.666666667
15	5	1	1	0.5	0.5	0.9	195.083333333
15	5	1	1	0.5	1	0	63.1666666667
15	5	1	1	0.5	1	0.3	77.3095238095
15	5	1	1	0.5	1	0.6	112.666666667
15	5	1	1	0.5	1	0.9	195.083333333
15	5	1	1	1	0	0	63.1666666667
15	5	1	1	1	0	0.3	77.3095238095
15	5	1	1	1	0	0.6	112.666666667
15	5	1	1	1	0	0.9	195.083333333
15	5	1	1	1	0.5	0	63.1666666667
15	5	1	1	1	0.5	0.3	77.3095238095
15	5	1	1	1	0.5	0.6	112.666666667
15	5	1	1	1	0.5	0.9	195.083333333
15	5	1	1	1	1	0	63.1666666667
15	5	1	1	1	1	0.3	77.3095238095
15	5	1	1	1	1	0.6	112.666666667
15	5	1	1	1	1	0.9	195.083333333
15	10	0	0	0	0	0	63.1666666667
15	10	0	0	0	0	0.3	77.3095238095
15	10	0	0	0	0	0.6	112.666666667
15	10	0	0	0	0	0.9	195.083333333
15	10	0	0	0	0.5	0	63.1666666667
15	10	0	0	0	0.5	0.3	77.3095238095
15	10	0	0	0	0.5	0.6	112.666666667
15	10	0	0	0	0.5	0.9	195.083333333
15	10	0	0	0	1	0	63.1666666667
15	10	0	0	0	1	0.3	77.3095238095
15	10	0	0	0	1	0.6	112.666666667
15	10	0	0	0	1	0.9	195.083333333
15	10	0	0	0.5	0	0	63.1666666667
15	10	0	0	0.5	0	0.3	77.3095238095
15	10	0	0	0.5	0	0.6	112.666666667
15	10	0	0	0.5	0	0.9	195.083333333
15	10	0	0	0.5	0.5	0	63.1666666667
15	10	0	0	0.5	0.5	0.3	77.3095238095
15	10	0	0	0.5	0.5	0.6	112.666666667
15	10	0	0	0.5	0.5	0.9	195.083333333
15	10	0	0	0.5	1	0	63.1666666667
15	10	0	0	0.5	1	0.3	77.3095238095
15	10	0	0	0.5	1	0.6	112.666666667
15	10	0	0	0.5	1	0.9	195.083333333
15	10	0	0	1	0	0	63.1666666667
15	10	0	0	1	0	0.3	77.3095238095
15	10	0	0	1	0	0.6	112.666666667
15	10	0	0	1	0	0.9	195.083333333
15	10	0	0	1	0.5	0	63.1666666667
15	10	0	0	1	0.5	0.3	77.3095238095
15	10	0	0	1	0.5	0.6	112.666666667
15	10	0	0	1	0.5	0.9	195.083333333
15	10	0	0	1	1	0	63.1666666667
15	10	0	0	1	1	0.3	77.3095238095
15	10	0	0	1	1	0.6	112.666666667
15	10	0	0	1	1	0.9	195.083333333
15	10	0	0.5	0	0	0	63.1666666667
15	10	0	0.5	0	0	0.3	77.3095238095
15	10	0	0.5	0	0	0.6	112.666666667
15	10	0	0.5	0	0	0.9	195.083333333
15	10	0	0.5	0	0.5	0	63.1666666667
15	10	0	0.5	0	0.5	0.3	77.3095238095
15	10	0	0.5	0	0.5	0.6	112.666666667
15	10	0	0.5	0	0.5	0.9	195.083333333
15	10	0	0.5	0	1	0	63.1666666667
15	10	0	0.5	0	1	0.3	77.3095238095
15	10	0	0.5	0	1	0.6	112.666666667
15	10	0	0.5	0	1	0.9	195.083333333
15	10	0	0.5	0.5	0	0	63.1666666667
15	10	0	0.5	0.5	0	0.3	77.3095238095
15	10	0	0.5	0.5	0	0.6	112.666666667
15	10	0	0.5	0.5	0	0.9	195.083333333
15	10	0	0.5	0.5	0.5	0	63.1666666667
15	10	0	0.5	0.5	0.5	0.3	77.3095238095
15	10	0	0.5	0.5	0.5	0.6	112.666666667
15	10	0	0.5	0.5	0.5	0.9	195.083333333
15	10	0	0.5	0.5	1	0	63.1666666667
15	10	0	0.5	0.5	1	0.3	77.3095238095
15	10	0	0.5	0.5	1	0.6	112.666666667
15	10	0	0.5	0.5	1	0.9	195.083333333
15	10	0	0.5	1	0	0	63.1666666667
15	10	0	0.5	1	0	0.3	77.3095238095
15	10	0	0.5	1	0	0.6	112.666666667
15	10	0	0.5	1	0	0.9	195.083333333
15	10	0	0.5	1	0.5	0	63.1666666667
15	10	0	0.5	1	0.5	0.3	77.3095238095
15	10	0	0.5	1	0.5	0.6	112.666666667
15	10	0	0.5	1	0.5	0.9	195.083333333
15	10	0	0.5	1	1	0	63.1666666667
15	10	0	0.5	1	1	0.3	77.3095238095
15	10	0	0.5	1	1	0.6	112.666666667
15	10	0	0.5	1	1	0.9	195.083333333
15	10	0	1	0	0	0	63.1666666667
15	10	0	1	0	0	0.3	77.3095238095
15	10	0	1	0	0	0.6	112.666666667
15	10	0	1	0	0	0.9	195.083333333
15	10	0	1	0	0.5	0	63.1666666667
15	10	0	1	0	0.5	0.3	77.3095238095
15	10	0	1	0	0.5	0.6	112.666666667
15	10	0	1	0	0.5	0.9	195.083333333
15	10	0	1	0	1	0	63.1666666667
15	10	0	1	0	1	0.3	77.3095238095
15	10	0	1	0	1	0.6	112.666666667
15	10	0	1	0	1	0.9	195.083333333
15	10	0	1	0.5	0	0	63.1666666667
15	10	0	1	0.5	0	0.3	77.3095238095
15	10	0	1	0.5	0	0.6	112.666666667
15	10	0	1	0.5	0	0.9	195.083333333
15	10	0	1	0.5	0.5	0	63.1666666667
15	10	0	1	0.5	0.5	0.3	77.3095238095
15	10	0	1	0.5	0.5	0.6	112.666666667
15	10	0	1	0.5	0.5	0.9	195.083333333
15	10	0	1	0.5	1	0	63.1666666667
15	10	0	1	0.5	1	0.3	77.3095238095
15	10	0	1	0.5	1	0.6	112.666666667
15	10	0	1	0.5	1	0.9	195.083333333
15	10	0	1	1	0	0	63.1666666667
15	10	0	1	1	0	0.3	77.3095238095
15	10	0	1	1	0	0.6	112.666666667
15	10	0	1	1	0	0.9	195.083333333
15	10	0	1	1	0.5	0	63.1666666667
15	10	0	1	1	0.5	0.3	77.3095238095
15	10	0	1	1	0.5	0.6	112.666666667
15	10	0	1	1	0.5	0.9	195.083333333
15	10	0	1	1	1	0	63.1666666667
15	10	0	1	1	1	0.3	77.3095238095
15	10	0	1	1	1	0.6	112.666666667
15	10	0	1	1	1	0.9	195.083333333
15	10	0.5	0	0	0	0	63.1666666667
15	10	0.5	0	0	0	0.3	77.3095238095
15	10	0.5	0	0	0	0.6	112.666666667
15	10	0.5	0	0	0	0.9	195.083333333
15	10	0.5	0	0	0.5	0	63.1666666667
15	10	0.5	0	0	0.5	0.3	77.3095238095
15	10	0.5	0	0	0.5	0.6	112.666666667
15	10	0.5	0	0	0.5	0.9	195.083333333
15	10	0.5	0	0	1	0	63.1666666667
15	10	0.5	0	0	1	0.3	77.3095238095
15	10	0.5	0	0	1	0.6	112.666666667
15	10	0.5	0	0	1	0.9	195.083333333
15	10	0.5	0	0.5	0	0	63.1666666667
15	10	0.5	0	0.5	0	0.3	77.3095238095
15	10	0.5	0	0.5	0	0.6	112.666666667
15	10	0.5	0	0.5	0	0.9	195.083333333
15	10	0.5	0	0.5	0.5	0	63.1666666667
15	10	0.5	0	0.5	0.5	0.3	77.3095238095
15	10	0.5	0	0.5	0.5	0.6	112.666666667
15	10	0.5	0	0.5	0.5	0.9	195.083333333
15	10	0.5	0	0.5	1	0	63.1666666667
15	10	0.5	0	0.5	1	0.3	77.3095238095
15	10	0.5	0	0.5	1	0.6	112.666666667
15	10	0.5	0	0.5	1	0.9	195.083333333
15	10	0.5	0	1	0	0	63.1666666667
15	10	0.5	0	1	0	0.3	77.3095238095
15	10	0.5	0	1	0	0.6	112.666666667
15	10	0.5	0	1	0	0.9	195.083333333
15	10	0.5	0	1	0.5	0	63.1666666667
15	10	0.5	0	1	0.5	0.3	77.3095238095
15	10	0.5	0	1	0.5	0.6	112.666666667
15	10	0.5	0	1	0.5	0.9	195.083333333
15	10	0.5	0	1	1	0	63.1666666667
15	10	0.5	0	1	1	0.3	77.3095238095
15	10	0.5	0	1	1	0.6	112.666666667
15	10	0.5	0	1	1	0.9	195.083333333
15	10	0.5	0.5	0	0	0	63.1666666667
15	10	0.5	0.5	0	0	0.3	77.3095238095
15	10	0.5	0.5	0	0	0.6	112.666666667
15	10	0.5	0.5	0	0	0.9	195.083333333
15	10	0.5	0.5	0	0.5	0	63.1666666667
15	10	0.5	0.5	0	0.5	0.3	77.3095238095
15	10	0.5	0.5	0	0.5	0.6	112.666666667
15	10	0.5	0.5	0	0.5	0.9	195.083333333
15	10	0.5	0.5	0	1	0	63.1666666667
15	10	0.5	0.5	0	1	0.3	77.3095238095
15	10	0.5	0.5	0	1	0.6	112.666666667
15	10	0.5	0.5	0	1	0.9	195.083333333
15	10	0.5	0.5	0.5	0	0	63.1666666667
15	10	0.5	0.5	0.5	0	0.3	77.3095238095
15	10	0.5	0.5	0.5	0	0.6	112.666666667
15	10	0.5	0.5	0.5	0	0.9	195.083333333
15	10	0.5	0.5	0.5	0.5	0	63.1666666667
15	10	0.5	0.5	0.5	0.5	0.3	77.3095238095
15	10	0.5	0.5	0.5	0.5	0.6	112.666666667
15	10	0.5	0.5	0.5	0.5	0.9	195.083333333
15	10	0.5	0.5	0.5	1	0	63.1666666667
15	10	0.5	0.5	0.5	1	0.3	77.3095238095
15	10	0.5	0.5	0.5	1	0.6	112.666666667
15	10	0.5	0.5	0.5	1	0.9	195.083333333
15	10	0.5	0.5	1	0	0	63.1666666667
15	10	0.5	0.5	1	0	0.3	77.3095238095
15	10	0.5	0.5	1	0	0.6	112.666666667
15	10	0.5	0.5	1	0	0.9	195.083333333
15	10	0.5	0.5	1	0.5	0	63.1666666667
15	10	0.5	0.5	1	0.5	0.3	77.3095238095
15	10	0.5	0.5	1	0.5	0.6	112.666666667
15	10	0.5	0.5	1	0.5	0.9	195.083333333
15	10	0.5	0.5	1	1	0	63.1666666667
15	10	0.5	0.5	1	1	0.3	77.3095238095
15	10	0.5	0.5	1	1	0.6	112.666666667
15	10	0.5	0.5	1	1	0.9	195.083333333
15	10	0.5	1	0	0	0	63.1666666667
15	10	0.5	1	0	0	0.3	77.3095238095
15	10	0.5	1	0	0	0.6	112.666666667
15	10	0.5	1	0	0	0.9	195.083333333
15	10	0.5	1	0	0.5	0	63.1666666667
15	10	0.5	1	0	0.5	0.3	77.3095238095
15	10	0.5	1	0	0.5	0.6	112.666666667
15	10	0.5	1	0	0.5	0.9	195.083333333
15	10	0.5	1	0	1	0	63.1666666667
15	10	0.5	1	0	1	0.3	77.3095238095
15	10	0.5	1	0	1	0.6	112.666666667
15	10	0.5	1	0	1	0.9	195.083333333
15	10	0.5	1	0.5	0	0	63.1666666667
15	10	0.5	1	0.5	0	0.3	77.3095238095
15	10	0.5	1	0.5	0	0.6	112.666666667
15	10	0.5	1	0.5	0	0.9	195.083333333
15	10	0.5	1	0.5	0.5	0	63.1666666667
15	10	0.5	1	0.5	0.5	0.3	77.3095238095
15	10	0.5	1	0.5	0.5	0.6	112.666666667
15	10	0.5	1	0.5	0.5	0.9	195.083333333
15	10	0.5	1	0.5	1	0	63.1666666667
15	10	0.5	1	0.5	1	0.3	77.3095238095
15	10	0.5	1	0.5	1	0.6	112.666666667
15	10	0.5	1	0.5	1	0.9	195.083333333
15	10	0.5	1	1	0	0	63.1666666667
15	10	0.5	1	1	0	0.3	77.3095238095
15	10	0.5	1	1	0	0.6	112.666666667
15	10	0.5	1	1	0	0.9	195.083333333
15	10	0.5	1	1	0.5	0	63.1666666667
15	10	0.5	1	1	0.5	0.3	77.3095238095
15	10	0.5	1	1	0.5	0.6	112.666666667
15	10	0.5	1	1	0.5	0.9	195.083333333
15	10	0.5	1	1	1	0	63.1666666667
15	10	0.5	1	1	1	0.3	77.3095238095
15	10	0.5	1	1	1	0.6	112.666666667
15	10	0.5	1	1	1	0.9	195.083333333
15	10	1	0	0	0	0	63.1666666667
15	10	1	0	0	0	0.3	77.3095238095
15	10	1	0	0	0	0.6	112.666666667
15	10	1	0	0	0	0.9	195.083333333
15	10	1	0	0	0.5	0	63.1666666667
15	10	1	0	0	0.5	0.3	77.3095238095
15	10	1	0	0	0.5	0.6	112.666666667
15	10	1	0	0	0.5	0.9	195.083333333
15	10	1	0	0	1	0	63.1666666667
15	10	1	0	0	1	0.3	77.3095238095
15	10	1	0	0	1	0.6	112.666666667
15	10	1	0	0	1	0.9	195.083333333
15	10	1	0	0.5	0	0	63.1666666667
15	10	1	0	0.5	0	0.3	77.3095238095
15	10	1	0	0.5	0	0.6	112.666666667
15	10	1	0	0.5	0	0.9	195.083333333
15	10	1	0	0.5	0.5	0	63.1666666667
15	10	1	0	0.5	0.5	0.3	77.3095238095
15	10	1	0	0.5	0.5	0.6	112.666666667
15	10	1	0	0.5	0.5	0.9	195.083333333
15	10	1	0	0.5	1	0	63.1666666667
15	10	1	0	0.5	1	0.3	77.3095238095
15	10	1	0	0.5	1	0.6	112.666666667
15	10	1	0	0.5	1	0.9	195.083333333
15	10	1	0	1	0	0	63.1666666667
15	10	1	0	1	0	0.3	77.3095238095
15	10	1	0	1	0	0.6	112.666666667
15	10	1	0	1	0	0.9	195.083333333
15	10	1	0	1	0.5	0	63.1666666667
15	10	1	0	1	0.5	0.3	77.3095238095
15	10	1	0	1	0.5	0.6	112.666666667
15	10	1	0	1	0.5	0.9	195.083333333
15	10	1	0	1	1	0	63.1666666667
15	10	1	0	1	1	0.3	77.3095238095
15	10	1	0	1	1	0.6	112.666666667
15	10	1	0	1	1	0.9	195.083333333
15	10	1	0.5	0	0	0	63.1666666667
15	10	1	0.5	0	0	0.3	77.3095238095
15	10	1	0.5	0	0	0.6	112.666666667
15	10	1	0.5	0	0	0.9	195.083333333
15	10	1	0.5	0	0.5	0	63.1666666667
15	10	1	0.5	0	0.5	0.3	77.3095238095
15	10	1	0.5	0	0.5	0.6	112.666666667
15	10	1	0.5	0	0.5	0.9	195.083333333
15	10	1	0.5	0	1	0	63.1666666667
15	10	1	0.5	0	1	0.3	77.3095238095
15	10	1	0.5	0	1	0.6	112.666666667
15	10	1	0.5	0	1	0.9	195.083333333
15	10	1	0.5	0.5	0	0	63.1666666667
15	10	1	0.5	0.5	0	0.3	77.3095238095
15	10	1	0.5	0.5	0	0.6	112.666666667
15	10	1	0.5	0.5	0	0.9	195.083333333
15	10	1	0.5	0.5	0.5	0	63.1666666667
15	10	1	0.5	0.5	0.5	0.3	77.3095238095
15	10	1	0.5	0.5	0.5	0.6	112.666666667
15	10	1	0.5	0.5	0.5	0.9	195.083333333
15	10	1	0.5	0.5	1	0	63.1666666667
15	10	1	0.5	0.5	1	0.3	77.3095238095
15	10	1	0.5	0.5	1	0.6	112.666666667
15	10	1	0.5	0.5	1	0.9	195.083333333
15	10	1	0.5	1	0	0	63.1666666667
15	10	1	0.5	1	0	0.3	77.3095238095
15	10	1	0.5	1	0	0.6	112.666666667
15	10	1	0.5	1	0	0.9	195.083333333
15	10	1	0.5	1	0.5	0	63.1666666667
15	10	1	0.5	1	0.5	0.3	77.3095238095
15	10	1	0.5	1	0.5	0.6	112.666666667
15	10	1	0.5	1	0.5	0.9	195.083333333
15	10	1	0.5	1	1	0	63.1666666667
15	10	1	0.5	1	1	0.3	77.3095238095
15	10	1	0.5	1	1	0.6	112.666666667
15	10	1	0.5	1	1	0.9	195.083333333
15	10	1	1	0	0	0	63.1666666667
15	10	1	1	0	0	0.3	77.3095238095
15	10	1	1	0	0	0.6	112.666666667
15	10	1	1	0	0	0.9	195.083333333
15	10	1	1	0	0.5	0	63.1666666667
15	10	1	1	0	0.5	0.3	77.3095238095
15	10	1	1	0	0.5	0.6	112.666666667
15	10	1	1	0	0.5	0.9	195.083333333
15	10	1	1	0	1	0	63.1666666667
15	10	1	1	0	1	0.3	77.3095238095
15	10	1	1	0	1	0.6	112.666666667
15	10	1	1	0	1	0.9	195.083333333
15	10	1	1	0.5	0	0	63.1666666667
15	10	1	1	0.5	0	0.3	77.3095238095
15	10	1	1	0.5	0	0.6	112.666666667
15	10	1	1	0.5	0	0.9	195.083333333
15	10	1	1	0.5	0.5	0	63.1666666667
15	10	1	1	0.5	0.5	0.3	77.3095238095
15	10	1	1	0.5	0.5	0.6	112.666666667
15	10	1	1	0.5	0.5	0.9	195.083333333
15	10	1	1	0.5	1	0	63.1666666667
15	10	1	1	0.5	1	0.3	77.3095238095
15	10	1	1	0.5	1	0.6	112.666666667
15	10	1	1	0.5	1	0.9	195.083333333
15	10	1	1	1	0	0	63.1666666667
15	10	1	1	1	0	0.3	77.3095238095
15	10	1	1	1	0	0.6	112.666666667
15	10	1	1	1	0	0.9	195.083333333
15	10	1	1	1	0.5	0	63.1666666667
15	10	1	1	1	0.5	0.3	77.3095238095
15	10	1	1	1	0.5	0.6	112.666666667
15	10	1	1	1	0.5	0.9	195.083333333
15	10	1	1	1	1	0	63.1666666667
15	10	1	1	1	1	0.3	77.3095238095
15	10	1	1	1	1	0.6	112.666666667
15	10	1	1	1	1	0.9	195.083333333
15	15	0	0	0	0	0	63.1666666667
15	15	0	0	0	0	0.3	77.3095238095
15	15	0	0	0	0	0.6	112.666666667
15	15	0	0	0	0	0.9	195.083333333
15	15	0	0	0	0.5	0	63.1666666667
15	15	0	0	0	0.5	0.3	77.3095238095
15	15	0	0	0	0.5	0.6	112.666666667
15	15	0	0	0	0.5	0.9	195.083333333
15	15	0	0	0	1	0	63.1666666667
15	15	0	0	0	1	0.3	77.3095238095
15	15	0	0	0	1	0.6	112.666666667
15	15	0	0	0	1	0.9	195.083333333
15	15	0	0	0.5	0	0	63.1666666667
15	15	0	0	0.5	0	0.3	77.3095238095
15	15	0	0	0.5	0	0.6	112.666666667
15	15	0	0	0.5	0	0.9	195.083333333
15	15	0	0	0.5	0.5	0	63.1666666667
15	15	0	0	0.5	0.5	0.3	77.3095238095
15	15	0	0	0.5	0.5	0.6	112.666666667
15	15	0	0	0.5	0.5	0.9	195.083333333
15	15	0	0	0.5	1	0	63.1666666667
15	15	0	0	0.5	1	0.3	77.3095238095
15	15	0	0	0.5	1	0.6	112.666666667
15	15	0	0	0.5	1	0.9	195.083333333
15	15	0	0	1	0	0	63.1666666667
15	15	0	0	1	0	0.3	77.3095238095
15	15	0	0	1	0	0.6	112.666666667
15	15	0	0	1	0	0.9	195.083333333
15	15	0	0	1	0.5	0	63.1666666667
15	15	0	0	1	0.5	0.3	77.3095238095
15	15	0	0	1	0.5	0.6	112.666666667
15	15	0	0	1	0.5	0.9	195.083333333
15	15	0	0	1	1	0	63.1666666667
15	15	0	0	1	1	0.3	77.3095238095
15	15	0	0	1	1	0.6	112.666666667
15	15	0	0	1	1	0.9	195.083333333
15	15	0	0.5	0	0	0	63.1666666667
15	15	0	0.5	0	0	0.3	77.3095238095
15	15	0	0.5	0	0	0.6	112.666666667
15	15	0	0.5	0	0	0.9	195.083333333
15	15	0	0.5	0	0.5	0	63.1666666667
15	15	0	0.5	0	0.5	0.3	77.3095238095
15	15	0	0.5	0	0.5	0.6	112.666666667
15	15	0	0.5	0	0.5	0.9	195.083333333
15	15	0	0.5	0	1	0	63.1666666667
15	15	0	0.5	0	1	0.3	77.3095238095
15	15	0	0.5	0	1	0.6	112.666666667
15	15	0	0.5	0	1	0.9	195.083333333
15	15	0	0.5	0.5	0	0	63.1666666667
15	15	0	0.5	0.5	0	0.3	77.3095238095
15	15	0	0.5	0.5	0	0.6	112.666666667
15	15	0	0.5	0.5	0	0.9	195.083333333
15	15	0	0.5	0.5	0.5	0	63.1666666667
15	15	0	0.5	0.5	0.5	0.3	77.3095238095
15	15	0	0.5	0.5	0.5	0.6	112.666666667
15	15	0	0.5	0.5	0.5	0.9	195.083333333
15	15	0	0.5	0.5	1	0	63.1666666667
15	15	0	0.5	0.5	1	0.3	77.3095238095
15	15	0	0.5	0.5	1	0.6	112.666666667
15	15	0	0.5	0.5	1	0.9	195.083333333
15	15	0	0.5	1	0	0	63.1666666667
15	15	0	0.5	1	0	0.3	77.3095238095
15	15	0	0.5	1	0	0.6	112.666666667
15	15	0	0.5	1	0	0.9	195.083333333
15	15	0	0.5	1	0.5	0	63.1666666667
15	15	0	0.5	1	0.5	0.3	77.3095238095
15	15	0	0.5	1	0.5	0.6	112.666666667
15	15	0	0.5	1	0.5	0.9	195.083333333
15	15	0	0.5	1	1	0	63.1666666667
15	15	0	0.5	1	1	0.3	77.3095238095
15	15	0	0.5	1	1	0.6	112.666666667
15	15	0	0.5	1	1	0.9	195.083333333
15	15	0	1	0	0	0	63.1666666667
15	15	0	1	0	0	0.3	77.3095238095
15	15	0	1	0	0	0.6	112.666666667
15	15	0	1	0	0	0.9	195.083333333
15	15	0	1	0	0.5	0	63.1666666667
15	15	0	1	0	0.5	0.3	77.3095238095
15	15	0	1	0	0.5	0.6	112.666666667
15	15	0	1	0	0.5	0.9	195.083333333
15	15	0	1	0	1	0	63.1666666667
15	15	0	1	0	1	0.3	77.3095238095
15	15	0	1	0	1	0.6	112.666666667
15	15	0	1	0	1	0.9	195.083333333
15	15	0	1	0.5	0	0	63.1666666667
15	15	0	1	0.5	0	0.3	77.3095238095
15	15	0	1	0.5	0	0.6	112.666666667
15	15	0	1	0.5	0	0.9	195.083333333
15	15	0	1	0.5	0.5	0	63.1666666667
15	15	0	1	0.5	0.5	0.3	77.3095238095
15	15	0	1	0.5	0.5	0.6	112.666666667
15	15	0	1	0.5	0.5	0.9	195.083333333
15	15	0	1	0.5	1	0	63.1666666667
15	15	0	1	0.5	1	0.3	77.3095238095
15	15	0	1	0.5	1	0.6	112.666666667
15	15	0	1	0.5	1	0.9	195.083333333
15	15	0	1	1	0	0	63.1666666667
15	15	0	1	1	0	0.3	77.3095238095
15	15	0	1	1	0	0.6	112.666666667
15	15	0	1	1	0	0.9	195.083333333
15	15	0	1	1	0.5	0	63.1666666667
15	15	0	1	1	0.5	0.3	77.3095238095
15	15	0	1	1	0.5	0.6	112.666666667
15	15	0	1	1	0.5	0.9	195.083333333
15	15	0	1	1	1	0	63.1666666667
15	15	0	1	1	1	0.3	77.3095238095
15	15	0	1	1	1	0.6	112.666666667
15	15	0	1	1	1	0.9	195.083333333
15	15	0.5	0	0	0	0	63.1666666667
15	15	0.5	0	0	0	0.3	77.3095238095
15	15	0.5	0	0	0	0.6	112.666666667
15	15	0.5	0	0	0	0.9	195.083333333
15	15	0.5	0	0	0.5	0	63.1666666667
15	15	0.5	0	0	0.5	0.3	77.3095238095
15	15	0.5	0	0	0.5	0.6	112.666666667
15	15	0.5	0	0	0.5	0.9	195.083333333
15	15	0.5	0	0	1	0	63.1666666667
15	15	0.5	0	0	1	0.3	77.3095238095
15	15	0.5	0	0	1	0.6	112.666666667
15	15	0.5	0	0	1	0.9	195.083333333
15	15	0.5	0	0.5	0	0	63.1666666667
15	15	0.5	0	0.5	0	0.3	77.3095238095
15	15	0.5	0	0.5	0	0.6	112.666666667
15	15	0.5	0	0.5	0	0.9	195.083333333
15	15	0.5	0	0.5	0.5	0	63.1666666667
15	15	0.5	0	0.5	0.5	0.3	77.3095238095
15	15	0.5	0	0.5	0.5	0.6	112.666666667
15	15	0.5	0	0.5	0.5	0.9	195.083333333
15	15	0.5	0	0.5	1	0	63.1666666667
15	15	0.5	0	0.5	1	0.3	77.3095238095
15	15	0.5	0	0.5	1	0.6	112.666666667
15	15	0.5	0	0.5	1	0.9	195.083333333
15	15	0.5	0	1	0	0	63.1666666667
15	15	0.5	0	1	0	0.3	77.3095238095
15	15	0.5	0	1	0	0.6	112.666666667
15	15	0.5	0	1	0	0.9	195.083333333
15	15	0.5	0	1	0.5	0	63.1666666667
15	15	0.5	0	1	0.5	0.3	77.3095238095
15	15	0.5	0	1	0.5	0.6	112.666666667
15	15	0.5	0	1	0.5	0.9	195.083333333
15	15	0.5	0	1	1	0	63.1666666667
15	15	0.5	0	1	1	0.3	77.3095238095
15	15	0.5	0	1	1	0.6	112.666666667
15	15	0.5	0	1	1	0.9	195.083333333
15	15	0.5	0.5	0	0	0	63.1666666667
15	15	0.5	0.5	0	0	0.3	77.3095238095
15	15	0.5	0.5	0	0	0.6	112.666666667
15	15	0.5	0.5	0	0	0.9	195.083333333
15	15	0.5	0.5	0	0.5	0	63.1666666667
15	15	0.5	0.5	0	0.5	0.3	77.3095238095
15	15	0.5	0.5	0	0.5	0.6	112.666666667
15	15	0.5	0.5	0	0.5	0.9	195.083333333
15	15	0.5	0.5	0	1	0	63.1666666667
15	15	0.5	0.5	0	1	0.3	77.3095238095
15	15	0.5	0.5	0	1	0.6	112.666666667
15	15	0.5	0.5	0	1	0.9	195.083333333
15	15	0.5	0.5	0.5	0	0	63.1666666667
15	15	0.5	0.5	0.5	0	0.3	77.3095238095
15	15	0.5	0.5	0.5	0	0.6	112.666666667
15	15	0.5	0.5	0.5	0	0.9	195.083333333
15	15	0.5	0.5	0.5	0.5	0	63.1666666667
15	15	0.5	0.5	0.5	0.5	0.3	77.3095238095
15	15	0.5	0.5	0.5	0.5	0.6	112.666666667
15	15	0.5	0.5	0.5	0.5	0.9	195.083333333
15	15	0.5	0.5	0.5	1	0	63.1666666667
15	15	0.5	0.5	0.5	1	0.3	77.3095238095
15	15	0.5	0.5	0.5	1	0.6	112.666666667
15	15	0.5	0.5	0.5	1	0.9	195.083333333
15	15	0.5	0.5	1	0	0	63.1666666667
15	15	0.5	0.5	1	0	0.3	77.3095238095
15	15	0.5	0.5	1	0	0.6	112.666666667
15	15	0.5	0.5	1	0	0.9	195.083333333
15	15	0.5	0.5	1	0.5	0	63.1666666667
15	15	0.5	0.5	1	0.5	0.3	77.3095238095
15	15	0.5	0.5	1	0.5	0.6	112.666666667
15	15	0.5	0.5	1	0.5	0.9	195.083333333
15	15	0.5	0.5	1	1	0	63.1666666667
15	15	0.5	0.5	1	1	0.3	77.3095238095
15	15	0.5	0.5	1	1	0.6	112.666666667
15	15	0.5	0.5	1	1	0.9	195.083333333
15	15	0.5	1	0	0	0	63.1666666667
15	15	0.5	1	0	0	0.3	77.3095238095
15	15	0.5	1	0	0	0.6	112.666666667
15	15	0.5	1	0	0	0.9	195.083333333
15	15	0.5	1	0	0.5	0	63.1666666667
15	15	0.5	1	0	0.5	0.3	77.3095238095
15	15	0.5	1	0	0.5	0.6	112.666666667
15	15	0.5	1	0	0.5	0.9	195.083333333
15	15	0.5	1	0	1	0	63.1666666667
15	15	0.5	1	0	1	0.3	77.3095238095
15	15	0.5	1	0	1	0.6	112.666666667
15	15	0.5	1	0	1	0.9	195.083333333
15	15	0.5	1	0.5	0	0	63.1666666667
15	15	0.5	1	0.5	0	0.3	77.3095238095
15	15	0.5	1	0.5	0	0.6	112.666666667
15	15	0.5	1	0.5	0	0.9	195.083333333
15	15	0.5	1	0.5	0.5	0	63.1666666667
15	15	0.5	1	0.5	0.5	0.3	77.3095238095
15	15	0.5	1	0.5	0.5	0.6	112.666666667
15	15	0.5	1	0.5	0.5	0.9	195.083333333
15	15	0.5	1	0.5	1	0	63.1666666667
15	15	0.5	1	0.5	1	0.3	77.3095238095
15	15	0.5	1	0.5	1	0.6	112.666666667
15	15	0.5	1	0.5	1	0.9	195.083333333
15	15	0.5	1	1	0	0	63.1666666667
15	15	0.5	1	1	0	0.3	77.3095238095
15	15	0.5	1	1	0	0.6	112.666666667
15	15	0.5	1	1	0	0.9	195.083333333
15	15	0.5	1	1	0.5	0	63.1666666667
15	15	0.5	1	1	0.5	0.3	77.3095238095
15	15	0.5	1	1	0.5	0.6	112.666666667
15	15	0.5	1	1	0.5	0.9	195.083333333
15	15	0.5	1	1	1	0	63.1666666667
15	15	0.5	1	1	1	0.3	77.3095238095
15	15	0.5	1	1	1	0.6	112.666666667
15	15	0.5	1	1	1	0.9	195.083333333
15	15	1	0	0	0	0	63.1666666667
15	15	1	0	0	0	0.3	77.3095238095
15	15	1	0	0	0	0.6	112.666666667
15	15	1	0	0	0	0.9	195.083333333
15	15	1	0	0	0.5	0	63.1666666667
15	15	1	0	0	0.5	0.3	77.3095238095
15	15	1	0	0	0.5	0.6	112.666666667
15	15	1	0	0	0.5	0.9	195.083333333
15	15	1	0	0	1	0	63.1666666667
15	15	1	0	0	1	0.3	77.3095238095
15	15	1	0	0	1	0.6	112.666666667
15	15	1	0	0	1	0.9	195.083333333
15	15	1	0	0.5	0	0	63.1666666667
15	15	1	0	0.5	0	0.3	77.3095238095
15	15	1	0	0.5	0	0.6	112.666666667
15	15	1	0	0.5	0	0.9	195.083333333
15	15	1	0	0.5	0.5	0	63.1666666667
15	15	1	0	0.5	0.5	0.3	77.3095238095
15	15	1	0	0.5	0.5	0.6	112.666666667
15	15	1	0	0.5	0.5	0.9	195.083333333
15	15	1	0	0.5	1	0	63.1666666667
15	15	1	0	0.5	1	0.3	77.3095238095
15	15	1	0	0.5	1	0.6	112.666666667
15	15	1	0	0.5	1	0.9	195.083333333
15	15	1	0	1	0	0	63.1666666667
15	15	1	0	1	0	0.3	77.3095238095
15	15	1	0	1	0	0.6	112.666666667
15	15	1	0	1	0	0.9	195.083333333
15	15	1	0	1	0.5	0	63.1666666667
15	15	1	0	1	0.5	0.3	77.3095238095
15	15	1	0	1	0.5	0.6	112.666666667
15	15	1	0	1	0.5	0.9	195.083333333
15	15	1	0	1	1	0	63.1666666667
15	15	1	0	1	1	0.3	77.3095238095
15	15	1	0	1	1	0.6	112.666666667
15	15	1	0	1	1	0.9	195.083333333
15	15	1	0.5	0	0	0	63.1666666667
15	15	1	0.5	0	0	0.3	77.3095238095
15	15	1	0.5	0	0	0.6	112.666666667
15	15	1	0.5	0	0	0.9	195.083333333
15	15	1	0.5	0	0.5	0	63.1666666667
15	15	1	0.5	0	0.5	0.3	77.3095238095
15	15	1	0.5	0	0.5	0.6	112.666666667
15	15	1	0.5	0	0.5	0.9	195.083333333
15	15	1	0.5	0	1	0	63.1666666667
15	15	1	0.5	0	1	0.3	77.3095238095
15	15	1	0.5	0	1	0.6	112.666666667
15	15	1	0.5	0	1	0.9	195.083333333
15	15	1	0.5	0.5	0	0	63.1666666667
15	15	1	0.5	0.5	0	0.3	77.3095238095
15	15	1	0.5	0.5	0	0.6	112.666666667
15	15	1	0.5	0.5	0	0.9	195.083333333
15	15	1	0.5	0.5	0.5	0	63.1666666667
15	15	1	0.5	0.5	0.5	0.3	77.3095238095
15	15	1	0.5	0.5	0.5	0.6	112.666666667
15	15	1	0.5	0.5	0.5	0.9	195.083333333
15	15	1	0.5	0.5	1	0	63.1666666667
15	15	1	0.5	0.5	1	0.3	77.3095238095
15	15	1	0.5	0.5	1	0.6	112.666666667
15	15	1	0.5	0.5	1	0.9	195.083333333
15	15	1	0.5	1	0	0	63.1666666667
15	15	1	0.5	1	0	0.3	77.3095238095
15	15	1	0.5	1	0	0.6	112.666666667
15	15	1	0.5	1	0	0.9	195.083333333
15	15	1	0.5	1	0.5	0	63.1666666667
15	15	1	0.5	1	0.5	0.3	77.3095238095
15	15	1	0.5	1	0.5	0.6	112.666666667
15	15	1	0.5	1	0.5	0.9	195.083333333
15	15	1	0.5	1	1	0	63.1666666667
15	15	1	0.5	1	1	0.3	77.3095238095
15	15	1	0.5	1	1	0.6	112.666666667
15	15	1	0.5	1	1	0.9	195.083333333
15	15	1	1	0	0	0	63.1666666667
15	15	1	1	0	0	0.3	77.3095238095
15	15	1	1	0	0	0.6	112.666666667
15	15	1	1	0	0	0.9	195.083333333
15	15	1	1	0	0.5	0	63.1666666667
15	15	1	1	0	0.5	0.3	77.3095238095
15	15	1	1	0	0.5	0.6	112.666666667
15	15	1	1	0	0.5	0.9	195.083333333
15	15	1	1	0	1	0	63.1666666667
15	15	1	1	0	1	0.3	77.3095238095
15	15	1	1	0	1	0.6	112.666666667
15	15	1	1	0	1	0.9	195.083333333
15	15	1	1	0.5	0	0	63.1666666667
15	15	1	1	0.5	0	0.3	77.3095238095
15	15	1	1	0.5	0	0.6	112.666666667
15	15	1	1	0.5	0	0.9	195.083333333
15	15	1	1	0.5	0.5	0	63.1666666667
15	15	1	1	0.5	0.5	0.3	77.3095238095
15	15	1	1	0.5	0.5	0.6	112.666666667
15	15	1	1	0.5	0.5	0.9	195.083333333
15	15	1	1	0.5	1	0	63.1666666667
15	15	1	1	0.5	1	0.3	77.3095238095
15	15	1	1	0.5	1	0.6	112.666666667
15	15	1	1	0.5	1	0.9	195.083333333
15	15	1	1	1	0	0	63.1666666667
15	15	1	1	1	0	0.3	77.3095238095
15	15	1	1	1	0	0.6	112.666666667
15	15	1	1	1	0	0.9	195.083333333
15	15	1	1	1	0.5	0	63.1666666667
15	15	1	1	1	0.5	0.3	77.3095238095
15	15	1	1	1	0.5	0.6	112.666666667
15	15	1	1	1	0.5	0.9	195.083333333
15	15	1	1	1	1	0	63.1666666667
15	15	1	1	1	1	0.3	77.3095238095
15	15	1	1	1	1	0.6	112.666666667
15	15	1	1	1	1	0.9	195.083333333
15	20	0	0	0	0	0	63.1666666667
15	20	0	0	0	0	0.3	77.3095238095
15	20	0	0	0	0	0.6	112.666666667
15	20	0	0	0	0	0.9	195.083333333
15	20	0	0	0	0.5	0	63.1666666667
15	20	0	0	0	0.5	0.3	77.3095238095
15	20	0	0	0	0.5	0.6	112.666666667
15	20	0	0	0	0.5	0.9	195.083333333
15	20	0	0	0	1	0	63.1666666667
15	20	0	0	0	1	0.3	77.3095238095
15	20	0	0	0	1	0.6	112.666666667
15	20	0	0	0	1	0.9	195.083333333
15	20	0	0	0.5	0	0	63.1666666667
15	20	0	0	0.5	0	0.3	77.3095238095
15	20	0	0	0.5	0	0.6	112.666666667
15	20	0	0	0.5	0	0.9	195.083333333
15	20	0	0	0.5	0.5	0	63.1666666667
15	20	0	0	0.5	0.5	0.3	77.3095238095
15	20	0	0	0.5	0.5	0.6	112.666666667
15	20	0	0	0.5	0.5	0.9	195.083333333
15	20	0	0	0.5	1	0	63.1666666667
15	20	0	0	0.5	1	0.3	77.3095238095
15	20	0	0	0.5	1	0.6	112.666666667
15	20	0	0	0.5	1	0.9	195.083333333
15	20	0	0	1	0	0	63.1666666667
15	20	0	0	1	0	0.3	77.3095238095
15	20	0	0	1	0	0.6	112.666666667
15	20	0	0	1	0	0.9	195.083333333
15	20	0	0	1	0.5	0	63.1666666667
15	20	0	0	1	0.5	0.3	77.3095238095
15	20	0	0	1	0.5	0.6	112.666666667
15	20	0	0	1	0.5	0.9	195.083333333
15	20	0	0	1	1	0	63.1666666667
15	20	0	0	1	1	0.3	77.3095238095
15	20	0	0	1	1	0.6	112.666666667
15	20	0	0	1	1	0.9	195.083333333
15	20	0	0.5	0	0	0	63.1666666667
15	20	0	0.5	0	0	0.3	77.3095238095
15	20	0	0.5	0	0	0.6	112.666666667
15	20	0	0.5	0	0	0.9	195.083333333
15	20	0	0.5	0	0.5	0	63.1666666667
15	20	0	0.5	0	0.5	0.3	77.3095238095
15	20	0	0.5	0	0.5	0.6	112.666666667
15	20	0	0.5	0	0.5	0.9	195.083333333
15	20	0	0.5	0	1	0	63.1666666667
15	20	0	0.5	0	1	0.3	77.3095238095
15	20	0	0.5	0	1	0.6	112.666666667
15	20	0	0.5	0	1	0.9	195.083333333
15	20	0	0.5	0.5	0	0	63.1666666667
15	20	0	0.5	0.5	0	0.3	77.3095238095
15	20	0	0.5	0.5	0	0.6	112.666666667
15	20	0	0.5	0.5	0	0.9	195.083333333
15	20	0	0.5	0.5	0.5	0	63.1666666667
15	20	0	0.5	0.5	0.5	0.3	77.3095238095
15	20	0	0.5	0.5	0.5	0.6	112.666666667
15	20	0	0.5	0.5	0.5	0.9	195.083333333
15	20	0	0.5	0.5	1	0	63.1666666667
15	20	0	0.5	0.5	1	0.3	77.3095238095
15	20	0	0.5	0.5	1	0.6	112.666666667
15	20	0	0.5	0.5	1	0.9	195.083333333
15	20	0	0.5	1	0	0	63.1666666667
15	20	0	0.5	1	0	0.3	77.3095238095
15	20	0	0.5	1	0	0.6	112.666666667
15	20	0	0.5	1	0	0.9	195.083333333
15	20	0	0.5	1	0.5	0	63.1666666667
15	20	0	0.5	1	0.5	0.3	77.3095238095
15	20	0	0.5	1	0.5	0.6	112.666666667
15	20	0	0.5	1	0.5	0.9	195.083333333
15	20	0	0.5	1	1	0	63.1666666667
15	20	0	0.5	1	1	0.3	77.3095238095
15	20	0	0.5	1	1	0.6	112.666666667
15	20	0	0.5	1	1	0.9	195.083333333
15	20	0	1	0	0	0	63.1666666667
15	20	0	1	0	0	0.3	77.3095238095
15	20	0	1	0	0	0.6	112.666666667
15	20	0	1	0	0	0.9	195.083333333
15	20	0	1	0	0.5	0	63.1666666667
15	20	0	1	0	0.5	0.3	77.3095238095
15	20	0	1	0	0.5	0.6	112.666666667
15	20	0	1	0	0.5	0.9	195.083333333
15	20	0	1	0	1	0	63.1666666667
15	20	0	1	0	1	0.3	77.3095238095
15	20	0	1	0	1	0.6	112.666666667
15	20	0	1	0	1	0.9	195.083333333
15	20	0	1	0.5	0	0	63.1666666667
15	20	0	1	0.5	0	0.3	77.3095238095
15	20	0	1	0.5	0	0.6	112.666666667
15	20	0	1	0.5	0	0.9	195.083333333
15	20	0	1	0.5	0.5	0	63.1666666667
15	20	0	1	0.5	0.5	0.3	77.3095238095
15	20	0	1	0.5	0.5	0.6	112.666666667
15	20	0	1	0.5	0.5	0.9	195.083333333
15	20	0	1	0.5	1	0	63.1666666667
15	20	0	1	0.5	1	0.3	77.3095238095
15	20	0	1	0.5	1	0.6	112.666666667
15	20	0	1	0.5	1	0.9	195.083333333
15	20	0	1	1	0	0	63.1666666667
15	20	0	1	1	0	0.3	77.3095238095
15	20	0	1	1	0	0.6	112.666666667
15	20	0	1	1	0	0.9	195.083333333
15	20	0	1	1	0.5	0	63.1666666667
15	20	0	1	1	0.5	0.3	77.3095238095
15	20	0	1	1	0.5	0.6	112.666666667
15	20	0	1	1	0.5	0.9	195.083333333
15	20	0	1	1	1	0	63.1666666667
15	20	0	1	1	1	0.3	77.3095238095
15	20	0	1	1	1	0.6	112.666666667
15	20	0	1	1	1	0.9	195.083333333
15	20	0.5	0	0	0	0	63.1666666667
15	20	0.5	0	0	0	0.3	77.3095238095
15	20	0.5	0	0	0	0.6	112.666666667
15	20	0.5	0	0	0	0.9	195.083333333
15	20	0.5	0	0	0.5	0	63.1666666667
15	20	0.5	0	0	0.5	0.3	77.3095238095
15	20	0.5	0	0	0.5	0.6	112.666666667
15	20	0.5	0	0	0.5	0.9	195.083333333
15	20	0.5	0	0	1	0	63.1666666667
15	20	0.5	0	0	1	0.3	77.3095238095
15	20	0.5	0	0	1	0.6	112.666666667
15	20	0.5	0	0	1	0.9	195.083333333
15	20	0.5	0	0.5	0	0	63.1666666667
15	20	0.5	0	0.5	0	0.3	77.3095238095
15	20	0.5	0	0.5	0	0.6	112.666666667
15	20	0.5	0	0.5	0	0.9	195.083333333
15	20	0.5	0	0.5	0.5	0	63.1666666667
15	20	0.5	0	0.5	0.5	0.3	77.3095238095
15	20	0.5	0	0.5	0.5	0.6	112.666666667
15	20	0.5	0	0.5	0.5	0.9	195.083333333
15	20	0.5	0	0.5	1	0	63.1666666667
15	20	0.5	0	0.5	1	0.3	77.3095238095
15	20	0.5	0	0.5	1	0.6	112.666666667
15	20	0.5	0	0.5	1	0.9	195.083333333
15	20	0.5	0	1	0	0	63.1666666667
15	20	0.5	0	1	0	0.3	77.3095238095
15	20	0.5	0	1	0	0.6	112.666666667
15	20	0.5	0	1	0	0.9	195.083333333
15	20	0.5	0	1	0.5	0	63.1666666667
15	20	0.5	0	1	0.5	0.3	77.3095238095
15	20	0.5	0	1	0.5	0.6	112.666666667
15	20	0.5	0	1	0.5	0.9	195.083333333
15	20	0.5	0	1	1	0	63.1666666667
15	20	0.5	0	1	1	0.3	77.3095238095
15	20	0.5	0	1	1	0.6	112.666666667
15	20	0.5	0	1	1	0.9	195.083333333
15	20	0.5	0.5	0	0	0	63.1666666667
15	20	0.5	0.5	0	0	0.3	77.3095238095
15	20	0.5	0.5	0	0	0.6	112.666666667
15	20	0.5	0.5	0	0	0.9	195.083333333
15	20	0.5	0.5	0	0.5	0	63.1666666667
15	20	0.5	0.5	0	0.5	0.3	77.3095238095
15	20	0.5	0.5	0	0.5	0.6	112.666666667
15	20	0.5	0.5	0	0.5	0.9	195.083333333
15	20	0.5	0.5	0	1	0	63.1666666667
15	20	0.5	0.5	0	1	0.3	77.3095238095
15	20	0.5	0.5	0	1	0.6	112.666666667
15	20	0.5	0.5	0	1	0.9	195.083333333
15	20	0.5	0.5	0.5	0	0	63.1666666667
15	20	0.5	0.5	0.5	0	0.3	77.3095238095
15	20	0.5	0.5	0.5	0	0.6	112.666666667
15	20	0.5	0.5	0.5	0	0.9	195.083333333
15	20	0.5	0.5	0.5	0.5	0	63.1666666667
15	20	0.5	0.5	0.5	0.5	0.3	77.3095238095
15	20	0.5	0.5	0.5	0.5	0.6	112.666666667
15	20	0.5	0.5	0.5	0.5	0.9	195.083333333
15	20	0.5	0.5	0.5	1	0	63.1666666667
15	20	0.5	0.5	0.5	1	0.3	77.3095238095
15	20	0.5	0.5	0.5	1	0.6	112.666666667
15	20	0.5	0.5	0.5	1	0.9	195.083333333
15	20	0.5	0.5	1	0	0	63.1666666667
15	20	0.5	0.5	1	0	0.3	77.3095238095
15	20	0.5	0.5	1	0	0.6	112.666666667
15	20	0.5	0.5	1	0	0.9	195.083333333
15	20	0.5	0.5	1	0.5	0	63.1666666667
15	20	0.5	0.5	1	0.5	0.3	77.3095238095
15	20	0.5	0.5	1	0.5	0.6	112.666666667
15	20	0.5	0.5	1	0.5	0.9	195.083333333
15	20	0.5	0.5	1	1	0	63.1666666667
15	20	0.5	0.5	1	1	0.3	77.3095238095
15	20	0.5	0.5	1	1	0.6	112.666666667
15	20	0.5	0.5	1	1	0.9	195.083333333
15	20	0.5	1	0	0	0	63.1666666667
15	20	0.5	1	0	0	0.3	77.3095238095
15	20	0.5	1	0	0	0.6	112.666666667
15	20	0.5	1	0	0	0.9	195.083333333
15	20	0.5	1	0	0.5	0	63.1666666667
15	20	0.5	1	0	0.5	0.3	77.3095238095
15	20	0.5	1	0	0.5	0.6	112.666666667
15	20	0.5	1	0	0.5	0.9	195.083333333
15	20	0.5	1	0	1	0	63.1666666667
15	20	0.5	1	0	1	0.3	77.3095238095
15	20	0.5	1	0	1	0.6	112.666666667
15	20	0.5	1	0	1	0.9	195.083333333
15	20	0.5	1	0.5	0	0	63.1666666667
15	20	0.5	1	0.5	0	0.3	77.3095238095
15	20	0.5	1	0.5	0	0.6	112.666666667
15	20	0.5	1	0.5	0	0.9	195.083333333
15	20	0.5	1	0.5	0.5	0	63.1666666667
15	20	0.5	1	0.5	0.5	0.3	77.3095238095
15	20	0.5	1	0.5	0.5	0.6	112.666666667
15	20	0.5	1	0.5	0.5	0.9	195.083333333
15	20	0.5	1	0.5	1	0	63.1666666667
15	20	0.5	1	0.5	1	0.3	77.3095238095
15	20	0.5	1	0.5	1	0.6	112.666666667
15	20	0.5	1	0.5	1	0.9	195.083333333
15	20	0.5	1	1	0	0	63.1666666667
15	20	0.5	1	1	0	0.3	77.3095238095
15	20	0.5	1	1	0	0.6	112.666666667
15	20	0.5	1	1	0	0.9	195.083333333
15	20	0.5	1	1	0.5	0	63.1666666667
15	20	0.5	1	1	0.5	0.3	77.3095238095
15	20	0.5	1	1	0.5	0.6	112.666666667
15	20	0.5	1	1	0.5	0.9	195.083333333
15	20	0.5	1	1	1	0	63.1666666667
15	20	0.5	1	1	1	0.3	77.3095238095
15	20	0.5	1	1	1	0.6	112.666666667
15	20	0.5	1	1	1	0.9	195.083333333
15	20	1	0	0	0	0	63.1666666667
15	20	1	0	0	0	0.3	77.3095238095
15	20	1	0	0	0	0.6	112.666666667
15	20	1	0	0	0	0.9	195.083333333
15	20	1	0	0	0.5	0	63.1666666667
15	20	1	0	0	0.5	0.3	77.3095238095
15	20	1	0	0	0.5	0.6	112.666666667
15	20	1	0	0	0.5	0.9	195.083333333
15	20	1	0	0	1	0	63.1666666667
15	20	1	0	0	1	0.3	77.3095238095
15	20	1	0	0	1	0.6	112.666666667
15	20	1	0	0	1	0.9	195.083333333
15	20	1	0	0.5	0	0	63.1666666667
15	20	1	0	0.5	0	0.3	77.3095238095
15	20	1	0	0.5	0	0.6	112.666666667
15	20	1	0	0.5	0	0.9	195.083333333
15	20	1	0	0.5	0.5	0	63.1666666667
15	20	1	0	0.5	0.5	0.3	77.3095238095
15	20	1	0	0.5	0.5	0.6	112.666666667
15	20	1	0	0.5	0.5	0.9	195.083333333
15	20	1	0	0.5	1	0	63.1666666667
15	20	1	0	0.5	1	0.3	77.3095238095
15	20	1	0	0.5	1	0.6	112.666666667
15	20	1	0	0.5	1	0.9	195.083333333
15	20	1	0	1	0	0	63.1666666667
15	20	1	0	1	0	0.3	77.3095238095
15	20	1	0	1	0	0.6	112.666666667
15	20	1	0	1	0	0.9	195.083333333
15	20	1	0	1	0.5	0	63.1666666667
15	20	1	0	1	0.5	0.3	77.3095238095
15	20	1	0	1	0.5	0.6	112.666666667
15	20	1	0	1	0.5	0.9	195.083333333
15	20	1	0	1	1	0	63.1666666667
15	20	1	0	1	1	0.3	77.3095238095
15	20	1	0	1	1	0.6	112.666666667
15	20	1	0	1	1	0.9	195.083333333
15	20	1	0.5	0	0	0	63.1666666667
15	20	1	0.5	0	0	0.3	77.3095238095
15	20	1	0.5	0	0	0.6	112.666666667
15	20	1	0.5	0	0	0.9	195.083333333
15	20	1	0.5	0	0.5	0	63.1666666667
15	20	1	0.5	0	0.5	0.3	77.3095238095
15	20	1	0.5	0	0.5	0.6	112.666666667
15	20	1	0.5	0	0.5	0.9	195.083333333
15	20	1	0.5	0	1	0	63.1666666667
15	20	1	0.5	0	1	0.3	77.3095238095
15	20	1	0.5	0	1	0.6	112.666666667
15	20	1	0.5	0	1	0.9	195.083333333
15	20	1	0.5	0.5	0	0	63.1666666667
15	20	1	0.5	0.5	0	0.3	77.3095238095
15	20	1	0.5	0.5	0	0.6	112.666666667
15	20	1	0.5	0.5	0	0.9	195.083333333
15	20	1	0.5	0.5	0.5	0	63.1666666667
15	20	1	0.5	0.5	0.5	0.3	77.3095238095
15	20	1	0.5	0.5	0.5	0.6	112.666666667
15	20	1	0.5	0.5	0.5	0.9	195.083333333
15	20	1	0.5	0.5	1	0	63.1666666667
15	20	1	0.5	0.5	1	0.3	77.3095238095
15	20	1	0.5	0.5	1	0.6	112.666666667
15	20	1	0.5	0.5	1	0.9	195.083333333
15	20	1	0.5	1	0	0	63.1666666667
15	20	1	0.5	1	0	0.3	77.3095238095
15	20	1	0.5	1	0	0.6	112.666666667
15	20	1	0.5	1	0	0.9	195.083333333
15	20	1	0.5	1	0.5	0	63.1666666667
15	20	1	0.5	1	0.5	0.3	77.3095238095
15	20	1	0.5	1	0.5	0.6	112.666666667
15	20	1	0.5	1	0.5	0.9	195.083333333
15	20	1	0.5	1	1	0	63.1666666667
15	20	1	0.5	1	1	0.3	77.3095238095
15	20	1	0.5	1	1	0.6	112.666666667
15	20	1	0.5	1	1	0.9	195.083333333
15	20	1	1	0	0	0	63.1666666667
15	20	1	1	0	0	0.3	77.3095238095
15	20	1	1	0	0	0.6	112.666666667
15	20	1	1	0	0	0.9	195.083333333
15	20	1	1	0	0.5	0	63.1666666667
15	20	1	1	0	0.5	0.3	77.3095238095
15	20	1	1	0	0.5	0.6	112.666666667
15	20	1	1	0	0.5	0.9	195.083333333
15	20	1	1	0	1	0	63.1666666667
15	20	1	1	0	1	0.3	77.3095238095
15	20	1	1	0	1	0.6	112.666666667
15	20	1	1	0	1	0.9	195.083333333
15	20	1	1	0.5	0	0	63.1666666667
15	20	1	1	0.5	0	0.3	77.3095238095
15	20	1	1	0.5	0	0.6	112.666666667
15	20	1	1	0.5	0	0.9	195.083333333
15	20	1	1	0.5	0.5	0	63.1666666667
15	20	1	1	0.5	0.5	0.3	77.3095238095
15	20	1	1	0.5	0.5	0.6	112.666666667
15	20	1	1	0.5	0.5	0.9	195.083333333
15	20	1	1	0.5	1	0	63.1666666667
15	20	1	1	0.5	1	0.3	77.3095238095
15	20	1	1	0.5	1	0.6	112.666666667
15	20	1	1	0.5	1	0.9	195.083333333
15	20	1	1	1	0	0	63.1666666667
15	20	1	1	1	0	0.3	77.3095238095
15	20	1	1	1	0	0.6	112.666666667
15	20	1	1	1	0	0.9	195.083333333
15	20	1	1	1	0.5	0	63.1666666667
15	20	1	1	1	0.5	0.3	77.3095238095
15	20	1	1	1	0.5	0.6	112.666666667
15	20	1	1	1	0.5	0.9	195.083333333
15	20	1	1	1	1	0	63.1666666667
15	20	1	1	1	1	0.3	77.3095238095
15	20	1	1	1	1	0.6	112.666666667
15	20	1	1	1	1	0.9	195.083333333
16	5	0	0	0	0	0	63.1666666667
16	5	0	0	0	0	0.3	77.3095238095
16	5	0	0	0	0	0.6	112.666666667
16	5	0	0	0	0	0.9	195.083333333
16	5	0	0	0	0.5	0	63.1666666667
16	5	0	0	0	0.5	0.3	77.3095238095
16	5	0	0	0	0.5	0.6	112.666666667
16	5	0	0	0	0.5	0.9	195.083333333
16	5	0	0	0	1	0	63.1666666667
16	5	0	0	0	1	0.3	77.3095238095
16	5	0	0	0	1	0.6	112.666666667
16	5	0	0	0	1	0.9	195.083333333
16	5	0	0	0.5	0	0	63.1666666667
16	5	0	0	0.5	0	0.3	77.3095238095
16	5	0	0	0.5	0	0.6	112.666666667
16	5	0	0	0.5	0	0.9	195.083333333
16	5	0	0	0.5	0.5	0	63.1666666667
16	5	0	0	0.5	0.5	0.3	77.3095238095
16	5	0	0	0.5	0.5	0.6	112.666666667
16	5	0	0	0.5	0.5	0.9	195.083333333
16	5	0	0	0.5	1	0	63.1666666667
16	5	0	0	0.5	1	0.3	77.3095238095
16	5	0	0	0.5	1	0.6	112.666666667
16	5	0	0	0.5	1	0.9	195.083333333
16	5	0	0	1	0	0	63.1666666667
16	5	0	0	1	0	0.3	77.3095238095
16	5	0	0	1	0	0.6	112.666666667
16	5	0	0	1	0	0.9	195.083333333
16	5	0	0	1	0.5	0	63.1666666667
16	5	0	0	1	0.5	0.3	77.3095238095
16	5	0	0	1	0.5	0.6	112.666666667
16	5	0	0	1	0.5	0.9	195.083333333
16	5	0	0	1	1	0	63.1666666667
16	5	0	0	1	1	0.3	77.3095238095
16	5	0	0	1	1	0.6	112.666666667
16	5	0	0	1	1	0.9	195.083333333
16	5	0	0.5	0	0	0	63.1666666667
16	5	0	0.5	0	0	0.3	77.3095238095
16	5	0	0.5	0	0	0.6	112.666666667
16	5	0	0.5	0	0	0.9	195.083333333
16	5	0	0.5	0	0.5	0	63.1666666667
16	5	0	0.5	0	0.5	0.3	77.3095238095
16	5	0	0.5	0	0.5	0.6	112.666666667
16	5	0	0.5	0	0.5	0.9	195.083333333
16	5	0	0.5	0	1	0	63.1666666667
16	5	0	0.5	0	1	0.3	77.3095238095
16	5	0	0.5	0	1	0.6	112.666666667
16	5	0	0.5	0	1	0.9	195.083333333
16	5	0	0.5	0.5	0	0	63.1666666667
16	5	0	0.5	0.5	0	0.3	77.3095238095
16	5	0	0.5	0.5	0	0.6	112.666666667
16	5	0	0.5	0.5	0	0.9	195.083333333
16	5	0	0.5	0.5	0.5	0	63.1666666667
16	5	0	0.5	0.5	0.5	0.3	77.3095238095
16	5	0	0.5	0.5	0.5	0.6	112.666666667
16	5	0	0.5	0.5	0.5	0.9	195.083333333
16	5	0	0.5	0.5	1	0	63.1666666667
16	5	0	0.5	0.5	1	0.3	77.3095238095
16	5	0	0.5	0.5	1	0.6	112.666666667
16	5	0	0.5	0.5	1	0.9	195.083333333
16	5	0	0.5	1	0	0	63.1666666667
16	5	0	0.5	1	0	0.3	77.3095238095
16	5	0	0.5	1	0	0.6	112.666666667
16	5	0	0.5	1	0	0.9	195.083333333
16	5	0	0.5	1	0.5	0	63.1666666667
16	5	0	0.5	1	0.5	0.3	77.3095238095
16	5	0	0.5	1	0.5	0.6	112.666666667
16	5	0	0.5	1	0.5	0.9	195.083333333
16	5	0	0.5	1	1	0	63.1666666667
16	5	0	0.5	1	1	0.3	77.3095238095
16	5	0	0.5	1	1	0.6	112.666666667
16	5	0	0.5	1	1	0.9	195.083333333
16	5	0	1	0	0	0	63.1666666667
16	5	0	1	0	0	0.3	77.3095238095
16	5	0	1	0	0	0.6	112.666666667
16	5	0	1	0	0	0.9	195.083333333
16	5	0	1	0	0.5	0	63.1666666667
16	5	0	1	0	0.5	0.3	77.3095238095
16	5	0	1	0	0.5	0.6	112.666666667
16	5	0	1	0	0.5	0.9	195.083333333
16	5	0	1	0	1	0	63.1666666667
16	5	0	1	0	1	0.3	77.3095238095
16	5	0	1	0	1	0.6	112.666666667
16	5	0	1	0	1	0.9	195.083333333
16	5	0	1	0.5	0	0	63.1666666667
16	5	0	1	0.5	0	0.3	77.3095238095
16	5	0	1	0.5	0	0.6	112.666666667
16	5	0	1	0.5	0	0.9	195.083333333
16	5	0	1	0.5	0.5	0	63.1666666667
16	5	0	1	0.5	0.5	0.3	77.3095238095
16	5	0	1	0.5	0.5	0.6	112.666666667
16	5	0	1	0.5	0.5	0.9	195.083333333
16	5	0	1	0.5	1	0	63.1666666667
16	5	0	1	0.5	1	0.3	77.3095238095
16	5	0	1	0.5	1	0.6	112.666666667
16	5	0	1	0.5	1	0.9	195.083333333
16	5	0	1	1	0	0	63.1666666667
16	5	0	1	1	0	0.3	77.3095238095
16	5	0	1	1	0	0.6	112.666666667
16	5	0	1	1	0	0.9	195.083333333
16	5	0	1	1	0.5	0	63.1666666667
16	5	0	1	1	0.5	0.3	77.3095238095
16	5	0	1	1	0.5	0.6	112.666666667
16	5	0	1	1	0.5	0.9	195.083333333
16	5	0	1	1	1	0	63.1666666667
16	5	0	1	1	1	0.3	77.3095238095
16	5	0	1	1	1	0.6	112.666666667
16	5	0	1	1	1	0.9	195.083333333
16	5	0.5	0	0	0	0	63.1666666667
16	5	0.5	0	0	0	0.3	77.3095238095
16	5	0.5	0	0	0	0.6	112.666666667
16	5	0.5	0	0	0	0.9	195.083333333
16	5	0.5	0	0	0.5	0	63.1666666667
16	5	0.5	0	0	0.5	0.3	77.3095238095
16	5	0.5	0	0	0.5	0.6	112.666666667
16	5	0.5	0	0	0.5	0.9	195.083333333
16	5	0.5	0	0	1	0	63.1666666667
16	5	0.5	0	0	1	0.3	77.3095238095
16	5	0.5	0	0	1	0.6	112.666666667
16	5	0.5	0	0	1	0.9	195.083333333
16	5	0.5	0	0.5	0	0	63.1666666667
16	5	0.5	0	0.5	0	0.3	77.3095238095
16	5	0.5	0	0.5	0	0.6	112.666666667
16	5	0.5	0	0.5	0	0.9	195.083333333
16	5	0.5	0	0.5	0.5	0	63.1666666667
16	5	0.5	0	0.5	0.5	0.3	77.3095238095
16	5	0.5	0	0.5	0.5	0.6	112.666666667
16	5	0.5	0	0.5	0.5	0.9	195.083333333
16	5	0.5	0	0.5	1	0	63.1666666667
16	5	0.5	0	0.5	1	0.3	77.3095238095
16	5	0.5	0	0.5	1	0.6	112.666666667
16	5	0.5	0	0.5	1	0.9	195.083333333
16	5	0.5	0	1	0	0	63.1666666667
16	5	0.5	0	1	0	0.3	77.3095238095
16	5	0.5	0	1	0	0.6	112.666666667
16	5	0.5	0	1	0	0.9	195.083333333
16	5	0.5	0	1	0.5	0	63.1666666667
16	5	0.5	0	1	0.5	0.3	77.3095238095
16	5	0.5	0	1	0.5	0.6	112.666666667
16	5	0.5	0	1	0.5	0.9	195.083333333
16	5	0.5	0	1	1	0	63.1666666667
16	5	0.5	0	1	1	0.3	77.3095238095
16	5	0.5	0	1	1	0.6	112.666666667
16	5	0.5	0	1	1	0.9	195.083333333
16	5	0.5	0.5	0	0	0	63.1666666667
16	5	0.5	0.5	0	0	0.3	77.3095238095
16	5	0.5	0.5	0	0	0.6	112.666666667
16	5	0.5	0.5	0	0	0.9	195.083333333
16	5	0.5	0.5	0	0.5	0	63.1666666667
16	5	0.5	0.5	0	0.5	0.3	77.3095238095
16	5	0.5	0.5	0	0.5	0.6	112.666666667
16	5	0.5	0.5	0	0.5	0.9	195.083333333
16	5	0.5	0.5	0	1	0	63.1666666667
16	5	0.5	0.5	0	1	0.3	77.3095238095
16	5	0.5	0.5	0	1	0.6	112.666666667
16	5	0.5	0.5	0	1	0.9	195.083333333
16	5	0.5	0.5	0.5	0	0	63.1666666667
16	5	0.5	0.5	0.5	0	0.3	77.3095238095
16	5	0.5	0.5	0.5	0	0.6	112.666666667
16	5	0.5	0.5	0.5	0	0.9	195.083333333
16	5	0.5	0.5	0.5	0.5	0	63.1666666667
16	5	0.5	0.5	0.5	0.5	0.3	77.3095238095
16	5	0.5	0.5	0.5	0.5	0.6	112.666666667
16	5	0.5	0.5	0.5	0.5	0.9	195.083333333
16	5	0.5	0.5	0.5	1	0	63.1666666667
16	5	0.5	0.5	0.5	1	0.3	77.3095238095
16	5	0.5	0.5	0.5	1	0.6	112.666666667
16	5	0.5	0.5	0.5	1	0.9	195.083333333
16	5	0.5	0.5	1	0	0	63.1666666667
16	5	0.5	0.5	1	0	0.3	77.3095238095
16	5	0.5	0.5	1	0	0.6	112.666666667
16	5	0.5	0.5	1	0	0.9	195.083333333
16	5	0.5	0.5	1	0.5	0	63.1666666667
16	5	0.5	0.5	1	0.5	0.3	77.3095238095
16	5	0.5	0.5	1	0.5	0.6	112.666666667
16	5	0.5	0.5	1	0.5	0.9	195.083333333
16	5	0.5	0.5	1	1	0	63.1666666667
16	5	0.5	0.5	1	1	0.3	77.3095238095
16	5	0.5	0.5	1	1	0.6	112.666666667
16	5	0.5	0.5	1	1	0.9	195.083333333
16	5	0.5	1	0	0	0	63.1666666667
16	5	0.5	1	0	0	0.3	77.3095238095
16	5	0.5	1	0	0	0.6	112.666666667
16	5	0.5	1	0	0	0.9	195.083333333
16	5	0.5	1	0	0.5	0	63.1666666667
16	5	0.5	1	0	0.5	0.3	77.3095238095
16	5	0.5	1	0	0.5	0.6	112.666666667
16	5	0.5	1	0	0.5	0.9	195.083333333
16	5	0.5	1	0	1	0	63.1666666667
16	5	0.5	1	0	1	0.3	77.3095238095
16	5	0.5	1	0	1	0.6	112.666666667
16	5	0.5	1	0	1	0.9	195.083333333
16	5	0.5	1	0.5	0	0	63.1666666667
16	5	0.5	1	0.5	0	0.3	77.3095238095
16	5	0.5	1	0.5	0	0.6	112.666666667
16	5	0.5	1	0.5	0	0.9	195.083333333
16	5	0.5	1	0.5	0.5	0	63.1666666667
16	5	0.5	1	0.5	0.5	0.3	77.3095238095
16	5	0.5	1	0.5	0.5	0.6	112.666666667
16	5	0.5	1	0.5	0.5	0.9	195.083333333
16	5	0.5	1	0.5	1	0	63.1666666667
16	5	0.5	1	0.5	1	0.3	77.3095238095
16	5	0.5	1	0.5	1	0.6	112.666666667
16	5	0.5	1	0.5	1	0.9	195.083333333
16	5	0.5	1	1	0	0	63.1666666667
16	5	0.5	1	1	0	0.3	77.3095238095
16	5	0.5	1	1	0	0.6	112.666666667
16	5	0.5	1	1	0	0.9	195.083333333
16	5	0.5	1	1	0.5	0	63.1666666667
16	5	0.5	1	1	0.5	0.3	77.3095238095
16	5	0.5	1	1	0.5	0.6	112.666666667
16	5	0.5	1	1	0.5	0.9	195.083333333
16	5	0.5	1	1	1	0	63.1666666667
16	5	0.5	1	1	1	0.3	77.3095238095
16	5	0.5	1	1	1	0.6	112.666666667
16	5	0.5	1	1	1	0.9	195.083333333
16	5	1	0	0	0	0	63.1666666667
16	5	1	0	0	0	0.3	77.3095238095
16	5	1	0	0	0	0.6	112.666666667
16	5	1	0	0	0	0.9	195.083333333
16	5	1	0	0	0.5	0	63.1666666667
16	5	1	0	0	0.5	0.3	77.3095238095
16	5	1	0	0	0.5	0.6	112.666666667
16	5	1	0	0	0.5	0.9	195.083333333
16	5	1	0	0	1	0	63.1666666667
16	5	1	0	0	1	0.3	77.3095238095
16	5	1	0	0	1	0.6	112.666666667
16	5	1	0	0	1	0.9	195.083333333
16	5	1	0	0.5	0	0	63.1666666667
16	5	1	0	0.5	0	0.3	77.3095238095
16	5	1	0	0.5	0	0.6	112.666666667
16	5	1	0	0.5	0	0.9	195.083333333
16	5	1	0	0.5	0.5	0	63.1666666667
16	5	1	0	0.5	0.5	0.3	77.3095238095
16	5	1	0	0.5	0.5	0.6	112.666666667
16	5	1	0	0.5	0.5	0.9	195.083333333
16	5	1	0	0.5	1	0	63.1666666667
16	5	1	0	0.5	1	0.3	77.3095238095
16	5	1	0	0.5	1	0.6	112.666666667
16	5	1	0	0.5	1	0.9	195.083333333
16	5	1	0	1	0	0	63.1666666667
16	5	1	0	1	0	0.3	77.3095238095
16	5	1	0	1	0	0.6	112.666666667
16	5	1	0	1	0	0.9	195.083333333
16	5	1	0	1	0.5	0	63.1666666667
16	5	1	0	1	0.5	0.3	77.3095238095
16	5	1	0	1	0.5	0.6	112.666666667
16	5	1	0	1	0.5	0.9	195.083333333
16	5	1	0	1	1	0	63.1666666667
16	5	1	0	1	1	0.3	77.3095238095
16	5	1	0	1	1	0.6	112.666666667
16	5	1	0	1	1	0.9	195.083333333
16	5	1	0.5	0	0	0	63.1666666667
16	5	1	0.5	0	0	0.3	77.3095238095
16	5	1	0.5	0	0	0.6	112.666666667
16	5	1	0.5	0	0	0.9	195.083333333
16	5	1	0.5	0	0.5	0	63.1666666667
16	5	1	0.5	0	0.5	0.3	77.3095238095
16	5	1	0.5	0	0.5	0.6	112.666666667
16	5	1	0.5	0	0.5	0.9	195.083333333
16	5	1	0.5	0	1	0	63.1666666667
16	5	1	0.5	0	1	0.3	77.3095238095
16	5	1	0.5	0	1	0.6	112.666666667
16	5	1	0.5	0	1	0.9	195.083333333
16	5	1	0.5	0.5	0	0	63.1666666667
16	5	1	0.5	0.5	0	0.3	77.3095238095
16	5	1	0.5	0.5	0	0.6	112.666666667
16	5	1	0.5	0.5	0	0.9	195.083333333
16	5	1	0.5	0.5	0.5	0	63.1666666667
16	5	1	0.5	0.5	0.5	0.3	77.3095238095
16	5	1	0.5	0.5	0.5	0.6	112.666666667
16	5	1	0.5	0.5	0.5	0.9	195.083333333
16	5	1	0.5	0.5	1	0	63.1666666667
16	5	1	0.5	0.5	1	0.3	77.3095238095
16	5	1	0.5	0.5	1	0.6	112.666666667
16	5	1	0.5	0.5	1	0.9	195.083333333
16	5	1	0.5	1	0	0	63.1666666667
16	5	1	0.5	1	0	0.3	77.3095238095
16	5	1	0.5	1	0	0.6	112.666666667
16	5	1	0.5	1	0	0.9	195.083333333
16	5	1	0.5	1	0.5	0	63.1666666667
16	5	1	0.5	1	0.5	0.3	77.3095238095
16	5	1	0.5	1	0.5	0.6	112.666666667
16	5	1	0.5	1	0.5	0.9	195.083333333
16	5	1	0.5	1	1	0	63.1666666667
16	5	1	0.5	1	1	0.3	77.3095238095
16	5	1	0.5	1	1	0.6	112.666666667
16	5	1	0.5	1	1	0.9	195.083333333
16	5	1	1	0	0	0	63.1666666667
16	5	1	1	0	0	0.3	77.3095238095
16	5	1	1	0	0	0.6	112.666666667
16	5	1	1	0	0	0.9	195.083333333
16	5	1	1	0	0.5	0	63.1666666667
16	5	1	1	0	0.5	0.3	77.3095238095
16	5	1	1	0	0.5	0.6	112.666666667
16	5	1	1	0	0.5	0.9	195.083333333
16	5	1	1	0	1	0	63.1666666667
16	5	1	1	0	1	0.3	77.3095238095
16	5	1	1	0	1	0.6	112.666666667
16	5	1	1	0	1	0.9	195.083333333
16	5	1	1	0.5	0	0	63.1666666667
16	5	1	1	0.5	0	0.3	77.3095238095
16	5	1	1	0.5	0	0.6	112.666666667
16	5	1	1	0.5	0	0.9	195.083333333
16	5	1	1	0.5	0.5	0	63.1666666667
16	5	1	1	0.5	0.5	0.3	77.3095238095
16	5	1	1	0.5	0.5	0.6	112.666666667
16	5	1	1	0.5	0.5	0.9	195.083333333
16	5	1	1	0.5	1	0	63.1666666667
16	5	1	1	0.5	1	0.3	77.3095238095
16	5	1	1	0.5	1	0.6	112.666666667
16	5	1	1	0.5	1	0.9	195.083333333
16	5	1	1	1	0	0	63.1666666667
16	5	1	1	1	0	0.3	77.3095238095
16	5	1	1	1	0	0.6	112.666666667
16	5	1	1	1	0	0.9	195.083333333
16	5	1	1	1	0.5	0	63.1666666667
16	5	1	1	1	0.5	0.3	77.3095238095
16	5	1	1	1	0.5	0.6	112.666666667
16	5	1	1	1	0.5	0.9	195.083333333
16	5	1	1	1	1	0	63.1666666667
16	5	1	1	1	1	0.3	77.3095238095
16	5	1	1	1	1	0.6	112.666666667
16	5	1	1	1	1	0.9	195.083333333
16	10	0	0	0	0	0	63.1666666667
16	10	0	0	0	0	0.3	77.3095238095
16	10	0	0	0	0	0.6	112.666666667
16	10	0	0	0	0	0.9	195.083333333
16	10	0	0	0	0.5	0	63.1666666667
16	10	0	0	0	0.5	0.3	77.3095238095
16	10	0	0	0	0.5	0.6	112.666666667
16	10	0	0	0	0.5	0.9	195.083333333
16	10	0	0	0	1	0	63.1666666667
16	10	0	0	0	1	0.3	77.3095238095
16	10	0	0	0	1	0.6	112.666666667
16	10	0	0	0	1	0.9	195.083333333
16	10	0	0	0.5	0	0	63.1666666667
16	10	0	0	0.5	0	0.3	77.3095238095
16	10	0	0	0.5	0	0.6	112.666666667
16	10	0	0	0.5	0	0.9	195.083333333
16	10	0	0	0.5	0.5	0	63.1666666667
16	10	0	0	0.5	0.5	0.3	77.3095238095
16	10	0	0	0.5	0.5	0.6	112.666666667
16	10	0	0	0.5	0.5	0.9	195.083333333
16	10	0	0	0.5	1	0	63.1666666667
16	10	0	0	0.5	1	0.3	77.3095238095
16	10	0	0	0.5	1	0.6	112.666666667
16	10	0	0	0.5	1	0.9	195.083333333
16	10	0	0	1	0	0	63.1666666667
16	10	0	0	1	0	0.3	77.3095238095
16	10	0	0	1	0	0.6	112.666666667
16	10	0	0	1	0	0.9	195.083333333
16	10	0	0	1	0.5	0	63.1666666667
16	10	0	0	1	0.5	0.3	77.3095238095
16	10	0	0	1	0.5	0.6	112.666666667
16	10	0	0	1	0.5	0.9	195.083333333
16	10	0	0	1	1	0	63.1666666667
16	10	0	0	1	1	0.3	77.3095238095
16	10	0	0	1	1	0.6	112.666666667
16	10	0	0	1	1	0.9	195.083333333
16	10	0	0.5	0	0	0	63.1666666667
16	10	0	0.5	0	0	0.3	77.3095238095
16	10	0	0.5	0	0	0.6	112.666666667
16	10	0	0.5	0	0	0.9	195.083333333
16	10	0	0.5	0	0.5	0	63.1666666667
16	10	0	0.5	0	0.5	0.3	77.3095238095
16	10	0	0.5	0	0.5	0.6	112.666666667
16	10	0	0.5	0	0.5	0.9	195.083333333
16	10	0	0.5	0	1	0	63.1666666667
16	10	0	0.5	0	1	0.3	77.3095238095
16	10	0	0.5	0	1	0.6	112.666666667
16	10	0	0.5	0	1	0.9	195.083333333
16	10	0	0.5	0.5	0	0	63.1666666667
16	10	0	0.5	0.5	0	0.3	77.3095238095
16	10	0	0.5	0.5	0	0.6	112.666666667
16	10	0	0.5	0.5	0	0.9	195.083333333
16	10	0	0.5	0.5	0.5	0	63.1666666667
16	10	0	0.5	0.5	0.5	0.3	77.3095238095
16	10	0	0.5	0.5	0.5	0.6	112.666666667
16	10	0	0.5	0.5	0.5	0.9	195.083333333
16	10	0	0.5	0.5	1	0	63.1666666667
16	10	0	0.5	0.5	1	0.3	77.3095238095
16	10	0	0.5	0.5	1	0.6	112.666666667
16	10	0	0.5	0.5	1	0.9	195.083333333
16	10	0	0.5	1	0	0	63.1666666667
16	10	0	0.5	1	0	0.3	77.3095238095
16	10	0	0.5	1	0	0.6	112.666666667
16	10	0	0.5	1	0	0.9	195.083333333
16	10	0	0.5	1	0.5	0	63.1666666667
16	10	0	0.5	1	0.5	0.3	77.3095238095
16	10	0	0.5	1	0.5	0.6	112.666666667
16	10	0	0.5	1	0.5	0.9	195.083333333
16	10	0	0.5	1	1	0	63.1666666667
16	10	0	0.5	1	1	0.3	77.3095238095
16	10	0	0.5	1	1	0.6	112.666666667
16	10	0	0.5	1	1	0.9	195.083333333
16	10	0	1	0	0	0	63.1666666667
16	10	0	1	0	0	0.3	77.3095238095
16	10	0	1	0	0	0.6	112.666666667
16	10	0	1	0	0	0.9	195.083333333
16	10	0	1	0	0.5	0	63.1666666667
16	10	0	1	0	0.5	0.3	77.3095238095
16	10	0	1	0	0.5	0.6	112.666666667
16	10	0	1	0	0.5	0.9	195.083333333
16	10	0	1	0	1	0	63.1666666667
16	10	0	1	0	1	0.3	77.3095238095
16	10	0	1	0	1	0.6	112.666666667
16	10	0	1	0	1	0.9	195.083333333
16	10	0	1	0.5	0	0	63.1666666667
16	10	0	1	0.5	0	0.3	77.3095238095
16	10	0	1	0.5	0	0.6	112.666666667
16	10	0	1	0.5	0	0.9	195.083333333
16	10	0	1	0.5	0.5	0	63.1666666667
16	10	0	1	0.5	0.5	0.3	77.3095238095
16	10	0	1	0.5	0.5	0.6	112.666666667
16	10	0	1	0.5	0.5	0.9	195.083333333
16	10	0	1	0.5	1	0	63.1666666667
16	10	0	1	0.5	1	0.3	77.3095238095
16	10	0	1	0.5	1	0.6	112.666666667
16	10	0	1	0.5	1	0.9	195.083333333
16	10	0	1	1	0	0	63.1666666667
16	10	0	1	1	0	0.3	77.3095238095
16	10	0	1	1	0	0.6	112.666666667
16	10	0	1	1	0	0.9	195.083333333
16	10	0	1	1	0.5	0	63.1666666667
16	10	0	1	1	0.5	0.3	77.3095238095
16	10	0	1	1	0.5	0.6	112.666666667
16	10	0	1	1	0.5	0.9	195.083333333
16	10	0	1	1	1	0	63.1666666667
16	10	0	1	1	1	0.3	77.3095238095
16	10	0	1	1	1	0.6	112.666666667
16	10	0	1	1	1	0.9	195.083333333
16	10	0.5	0	0	0	0	63.1666666667
16	10	0.5	0	0	0	0.3	77.3095238095
16	10	0.5	0	0	0	0.6	112.666666667
16	10	0.5	0	0	0	0.9	195.083333333
16	10	0.5	0	0	0.5	0	63.1666666667
16	10	0.5	0	0	0.5	0.3	77.3095238095
16	10	0.5	0	0	0.5	0.6	112.666666667
16	10	0.5	0	0	0.5	0.9	195.083333333
16	10	0.5	0	0	1	0	63.1666666667
16	10	0.5	0	0	1	0.3	77.3095238095
16	10	0.5	0	0	1	0.6	112.666666667
16	10	0.5	0	0	1	0.9	195.083333333
16	10	0.5	0	0.5	0	0	63.1666666667
16	10	0.5	0	0.5	0	0.3	77.3095238095
16	10	0.5	0	0.5	0	0.6	112.666666667
16	10	0.5	0	0.5	0	0.9	195.083333333
16	10	0.5	0	0.5	0.5	0	63.1666666667
16	10	0.5	0	0.5	0.5	0.3	77.3095238095
16	10	0.5	0	0.5	0.5	0.6	112.666666667
16	10	0.5	0	0.5	0.5	0.9	195.083333333
16	10	0.5	0	0.5	1	0	63.1666666667
16	10	0.5	0	0.5	1	0.3	77.3095238095
16	10	0.5	0	0.5	1	0.6	112.666666667
16	10	0.5	0	0.5	1	0.9	195.083333333
16	10	0.5	0	1	0	0	63.1666666667
16	10	0.5	0	1	0	0.3	77.3095238095
16	10	0.5	0	1	0	0.6	112.666666667
16	10	0.5	0	1	0	0.9	195.083333333
16	10	0.5	0	1	0.5	0	63.1666666667
16	10	0.5	0	1	0.5	0.3	77.3095238095
16	10	0.5	0	1	0.5	0.6	112.666666667
16	10	0.5	0	1	0.5	0.9	195.083333333
16	10	0.5	0	1	1	0	63.1666666667
16	10	0.5	0	1	1	0.3	77.3095238095
16	10	0.5	0	1	1	0.6	112.666666667
16	10	0.5	0	1	1	0.9	195.083333333
16	10	0.5	0.5	0	0	0	63.1666666667
16	10	0.5	0.5	0	0	0.3	77.3095238095
16	10	0.5	0.5	0	0	0.6	112.666666667
16	10	0.5	0.5	0	0	0.9	195.083333333
16	10	0.5	0.5	0	0.5	0	63.1666666667
16	10	0.5	0.5	0	0.5	0.3	77.3095238095
16	10	0.5	0.5	0	0.5	0.6	112.666666667
16	10	0.5	0.5	0	0.5	0.9	195.083333333
16	10	0.5	0.5	0	1	0	63.1666666667
16	10	0.5	0.5	0	1	0.3	77.3095238095
16	10	0.5	0.5	0	1	0.6	112.666666667
16	10	0.5	0.5	0	1	0.9	195.083333333
16	10	0.5	0.5	0.5	0	0	63.1666666667
16	10	0.5	0.5	0.5	0	0.3	77.3095238095
16	10	0.5	0.5	0.5	0	0.6	112.666666667
16	10	0.5	0.5	0.5	0	0.9	195.083333333
16	10	0.5	0.5	0.5	0.5	0	63.1666666667
16	10	0.5	0.5	0.5	0.5	0.3	77.3095238095
16	10	0.5	0.5	0.5	0.5	0.6	112.666666667
16	10	0.5	0.5	0.5	0.5	0.9	195.083333333
16	10	0.5	0.5	0.5	1	0	63.1666666667
16	10	0.5	0.5	0.5	1	0.3	77.3095238095
16	10	0.5	0.5	0.5	1	0.6	112.666666667
16	10	0.5	0.5	0.5	1	0.9	195.083333333
16	10	0.5	0.5	1	0	0	63.1666666667
16	10	0.5	0.5	1	0	0.3	77.3095238095
16	10	0.5	0.5	1	0	0.6	112.666666667
16	10	0.5	0.5	1	0	0.9	195.083333333
16	10	0.5	0.5	1	0.5	0	63.1666666667
16	10	0.5	0.5	1	0.5	0.3	77.3095238095
16	10	0.5	0.5	1	0.5	0.6	112.666666667
16	10	0.5	0.5	1	0.5	0.9	195.083333333
16	10	0.5	0.5	1	1	0	63.1666666667
16	10	0.5	0.5	1	1	0.3	77.3095238095
16	10	0.5	0.5	1	1	0.6	112.666666667
16	10	0.5	0.5	1	1	0.9	195.083333333
16	10	0.5	1	0	0	0	63.1666666667
16	10	0.5	1	0	0	0.3	77.3095238095
16	10	0.5	1	0	0	0.6	112.666666667
16	10	0.5	1	0	0	0.9	195.083333333
16	10	0.5	1	0	0.5	0	63.1666666667
16	10	0.5	1	0	0.5	0.3	77.3095238095
16	10	0.5	1	0	0.5	0.6	112.666666667
16	10	0.5	1	0	0.5	0.9	195.083333333
16	10	0.5	1	0	1	0	63.1666666667
16	10	0.5	1	0	1	0.3	77.3095238095
16	10	0.5	1	0	1	0.6	112.666666667
16	10	0.5	1	0	1	0.9	195.083333333
16	10	0.5	1	0.5	0	0	63.1666666667
16	10	0.5	1	0.5	0	0.3	77.3095238095
16	10	0.5	1	0.5	0	0.6	112.666666667
16	10	0.5	1	0.5	0	0.9	195.083333333
16	10	0.5	1	0.5	0.5	0	63.1666666667
16	10	0.5	1	0.5	0.5	0.3	77.3095238095
16	10	0.5	1	0.5	0.5	0.6	112.666666667
16	10	0.5	1	0.5	0.5	0.9	195.083333333
16	10	0.5	1	0.5	1	0	63.1666666667
16	10	0.5	1	0.5	1	0.3	77.3095238095
16	10	0.5	1	0.5	1	0.6	112.666666667
16	10	0.5	1	0.5	1	0.9	195.083333333
16	10	0.5	1	1	0	0	63.1666666667
16	10	0.5	1	1	0	0.3	77.3095238095
16	10	0.5	1	1	0	0.6	112.666666667
16	10	0.5	1	1	0	0.9	195.083333333
16	10	0.5	1	1	0.5	0	63.1666666667
16	10	0.5	1	1	0.5	0.3	77.3095238095
16	10	0.5	1	1	0.5	0.6	112.666666667
16	10	0.5	1	1	0.5	0.9	195.083333333
16	10	0.5	1	1	1	0	63.1666666667
16	10	0.5	1	1	1	0.3	77.3095238095
16	10	0.5	1	1	1	0.6	112.666666667
16	10	0.5	1	1	1	0.9	195.083333333
16	10	1	0	0	0	0	63.1666666667
16	10	1	0	0	0	0.3	77.3095238095
16	10	1	0	0	0	0.6	112.666666667
16	10	1	0	0	0	0.9	195.083333333
16	10	1	0	0	0.5	0	63.1666666667
16	10	1	0	0	0.5	0.3	77.3095238095
16	10	1	0	0	0.5	0.6	112.666666667
16	10	1	0	0	0.5	0.9	195.083333333
16	10	1	0	0	1	0	63.1666666667
16	10	1	0	0	1	0.3	77.3095238095
16	10	1	0	0	1	0.6	112.666666667
16	10	1	0	0	1	0.9	195.083333333
16	10	1	0	0.5	0	0	63.1666666667
16	10	1	0	0.5	0	0.3	77.3095238095
16	10	1	0	0.5	0	0.6	112.666666667
16	10	1	0	0.5	0	0.9	195.083333333
16	10	1	0	0.5	0.5	0	63.1666666667
16	10	1	0	0.5	0.5	0.3	77.3095238095
16	10	1	0	0.5	0.5	0.6	112.666666667
16	10	1	0	0.5	0.5	0.9	195.083333333
16	10	1	0	0.5	1	0	63.1666666667
16	10	1	0	0.5	1	0.3	77.3095238095
16	10	1	0	0.5	1	0.6	112.666666667
16	10	1	0	0.5	1	0.9	195.083333333
16	10	1	0	1	0	0	63.1666666667
16	10	1	0	1	0	0.3	77.3095238095
16	10	1	0	1	0	0.6	112.666666667
16	10	1	0	1	0	0.9	195.083333333
16	10	1	0	1	0.5	0	63.1666666667
16	10	1	0	1	0.5	0.3	77.3095238095
16	10	1	0	1	0.5	0.6	112.666666667
16	10	1	0	1	0.5	0.9	195.083333333
16	10	1	0	1	1	0	63.1666666667
16	10	1	0	1	1	0.3	77.3095238095
16	10	1	0	1	1	0.6	112.666666667
16	10	1	0	1	1	0.9	195.083333333
16	10	1	0.5	0	0	0	63.1666666667
16	10	1	0.5	0	0	0.3	77.3095238095
16	10	1	0.5	0	0	0.6	112.666666667
16	10	1	0.5	0	0	0.9	195.083333333
16	10	1	0.5	0	0.5	0	63.1666666667
16	10	1	0.5	0	0.5	0.3	77.3095238095
16	10	1	0.5	0	0.5	0.6	112.666666667
16	10	1	0.5	0	0.5	0.9	195.083333333
16	10	1	0.5	0	1	0	63.1666666667
16	10	1	0.5	0	1	0.3	77.3095238095
16	10	1	0.5	0	1	0.6	112.666666667
16	10	1	0.5	0	1	0.9	195.083333333
16	10	1	0.5	0.5	0	0	63.1666666667
16	10	1	0.5	0.5	0	0.3	77.3095238095
16	10	1	0.5	0.5	0	0.6	112.666666667
16	10	1	0.5	0.5	0	0.9	195.083333333
16	10	1	0.5	0.5	0.5	0	63.1666666667
16	10	1	0.5	0.5	0.5	0.3	77.3095238095
16	10	1	0.5	0.5	0.5	0.6	112.666666667
16	10	1	0.5	0.5	0.5	0.9	195.083333333
16	10	1	0.5	0.5	1	0	63.1666666667
16	10	1	0.5	0.5	1	0.3	77.3095238095
16	10	1	0.5	0.5	1	0.6	112.666666667
16	10	1	0.5	0.5	1	0.9	195.083333333
16	10	1	0.5	1	0	0	63.1666666667
16	10	1	0.5	1	0	0.3	77.3095238095
16	10	1	0.5	1	0	0.6	112.666666667
16	10	1	0.5	1	0	0.9	195.083333333
16	10	1	0.5	1	0.5	0	63.1666666667
16	10	1	0.5	1	0.5	0.3	77.3095238095
16	10	1	0.5	1	0.5	0.6	112.666666667
16	10	1	0.5	1	0.5	0.9	195.083333333
16	10	1	0.5	1	1	0	63.1666666667
16	10	1	0.5	1	1	0.3	77.3095238095
16	10	1	0.5	1	1	0.6	112.666666667
16	10	1	0.5	1	1	0.9	195.083333333
16	10	1	1	0	0	0	63.1666666667
16	10	1	1	0	0	0.3	77.3095238095
16	10	1	1	0	0	0.6	112.666666667
16	10	1	1	0	0	0.9	195.083333333
16	10	1	1	0	0.5	0	63.1666666667
16	10	1	1	0	0.5	0.3	77.3095238095
16	10	1	1	0	0.5	0.6	112.666666667
16	10	1	1	0	0.5	0.9	195.083333333
16	10	1	1	0	1	0	63.1666666667
16	10	1	1	0	1	0.3	77.3095238095
16	10	1	1	0	1	0.6	112.666666667
16	10	1	1	0	1	0.9	195.083333333
16	10	1	1	0.5	0	0	63.1666666667
16	10	1	1	0.5	0	0.3	77.3095238095
16	10	1	1	0.5	0	0.6	112.666666667
16	10	1	1	0.5	0	0.9	195.083333333
16	10	1	1	0.5	0.5	0	63.1666666667
16	10	1	1	0.5	0.5	0.3	77.3095238095
16	10	1	1	0.5	0.5	0.6	112.666666667
16	10	1	1	0.5	0.5	0.9	195.083333333
16	10	1	1	0.5	1	0	63.1666666667
16	10	1	1	0.5	1	0.3	77.3095238095
16	10	1	1	0.5	1	0.6	112.666666667
16	10	1	1	0.5	1	0.9	195.083333333
16	10	1	1	1	0	0	63.1666666667
16	10	1	1	1	0	0.3	77.3095238095
16	10	1	1	1	0	0.6	112.666666667
16	10	1	1	1	0	0.9	195.083333333
16	10	1	1	1	0.5	0	63.1666666667
16	10	1	1	1	0.5	0.3	77.3095238095
16	10	1	1	1	0.5	0.6	112.666666667
16	10	1	1	1	0.5	0.9	195.083333333
16	10	1	1	1	1	0	63.1666666667
16	10	1	1	1	1	0.3	77.3095238095
16	10	1	1	1	1	0.6	112.666666667
16	10	1	1	1	1	0.9	195.083333333
16	15	0	0	0	0	0	63.1666666667
16	15	0	0	0	0	0.3	77.3095238095
16	15	0	0	0	0	0.6	112.666666667
16	15	0	0	0	0	0.9	195.083333333
16	15	0	0	0	0.5	0	63.1666666667
16	15	0	0	0	0.5	0.3	77.3095238095
16	15	0	0	0	0.5	0.6	112.666666667
16	15	0	0	0	0.5	0.9	195.083333333
16	15	0	0	0	1	0	63.1666666667
16	15	0	0	0	1	0.3	77.3095238095
16	15	0	0	0	1	0.6	112.666666667
16	15	0	0	0	1	0.9	195.083333333
16	15	0	0	0.5	0	0	63.1666666667
16	15	0	0	0.5	0	0.3	77.3095238095
16	15	0	0	0.5	0	0.6	112.666666667
16	15	0	0	0.5	0	0.9	195.083333333
16	15	0	0	0.5	0.5	0	63.1666666667
16	15	0	0	0.5	0.5	0.3	77.3095238095
16	15	0	0	0.5	0.5	0.6	112.666666667
16	15	0	0	0.5	0.5	0.9	195.083333333
16	15	0	0	0.5	1	0	63.1666666667
16	15	0	0	0.5	1	0.3	77.3095238095
16	15	0	0	0.5	1	0.6	112.666666667
16	15	0	0	0.5	1	0.9	195.083333333
16	15	0	0	1	0	0	63.1666666667
16	15	0	0	1	0	0.3	77.3095238095
16	15	0	0	1	0	0.6	112.666666667
16	15	0	0	1	0	0.9	195.083333333
16	15	0	0	1	0.5	0	63.1666666667
16	15	0	0	1	0.5	0.3	77.3095238095
16	15	0	0	1	0.5	0.6	112.666666667
16	15	0	0	1	0.5	0.9	195.083333333
16	15	0	0	1	1	0	63.1666666667
16	15	0	0	1	1	0.3	77.3095238095
16	15	0	0	1	1	0.6	112.666666667
16	15	0	0	1	1	0.9	195.083333333
16	15	0	0.5	0	0	0	63.1666666667
16	15	0	0.5	0	0	0.3	77.3095238095
16	15	0	0.5	0	0	0.6	112.666666667
16	15	0	0.5	0	0	0.9	195.083333333
16	15	0	0.5	0	0.5	0	63.1666666667
16	15	0	0.5	0	0.5	0.3	77.3095238095
16	15	0	0.5	0	0.5	0.6	112.666666667
16	15	0	0.5	0	0.5	0.9	195.083333333
16	15	0	0.5	0	1	0	63.1666666667
16	15	0	0.5	0	1	0.3	77.3095238095
16	15	0	0.5	0	1	0.6	112.666666667
16	15	0	0.5	0	1	0.9	195.083333333
16	15	0	0.5	0.5	0	0	63.1666666667
16	15	0	0.5	0.5	0	0.3	77.3095238095
16	15	0	0.5	0.5	0	0.6	112.666666667
16	15	0	0.5	0.5	0	0.9	195.083333333
16	15	0	0.5	0.5	0.5	0	63.1666666667
16	15	0	0.5	0.5	0.5	0.3	77.3095238095
16	15	0	0.5	0.5	0.5	0.6	112.666666667
16	15	0	0.5	0.5	0.5	0.9	195.083333333
16	15	0	0.5	0.5	1	0	63.1666666667
16	15	0	0.5	0.5	1	0.3	77.3095238095
16	15	0	0.5	0.5	1	0.6	112.666666667
16	15	0	0.5	0.5	1	0.9	195.083333333
16	15	0	0.5	1	0	0	63.1666666667
16	15	0	0.5	1	0	0.3	77.3095238095
16	15	0	0.5	1	0	0.6	112.666666667
16	15	0	0.5	1	0	0.9	195.083333333
16	15	0	0.5	1	0.5	0	63.1666666667
16	15	0	0.5	1	0.5	0.3	77.3095238095
16	15	0	0.5	1	0.5	0.6	112.666666667
16	15	0	0.5	1	0.5	0.9	195.083333333
16	15	0	0.5	1	1	0	63.1666666667
16	15	0	0.5	1	1	0.3	77.3095238095
16	15	0	0.5	1	1	0.6	112.666666667
16	15	0	0.5	1	1	0.9	195.083333333
16	15	0	1	0	0	0	63.1666666667
16	15	0	1	0	0	0.3	77.3095238095
16	15	0	1	0	0	0.6	112.666666667
16	15	0	1	0	0	0.9	195.083333333
16	15	0	1	0	0.5	0	63.1666666667
16	15	0	1	0	0.5	0.3	77.3095238095
16	15	0	1	0	0.5	0.6	112.666666667
16	15	0	1	0	0.5	0.9	195.083333333
16	15	0	1	0	1	0	63.1666666667
16	15	0	1	0	1	0.3	77.3095238095
16	15	0	1	0	1	0.6	112.666666667
16	15	0	1	0	1	0.9	195.083333333
16	15	0	1	0.5	0	0	63.1666666667
16	15	0	1	0.5	0	0.3	77.3095238095
16	15	0	1	0.5	0	0.6	112.666666667
16	15	0	1	0.5	0	0.9	195.083333333
16	15	0	1	0.5	0.5	0	63.1666666667
16	15	0	1	0.5	0.5	0.3	77.3095238095
16	15	0	1	0.5	0.5	0.6	112.666666667
16	15	0	1	0.5	0.5	0.9	195.083333333
16	15	0	1	0.5	1	0	63.1666666667
16	15	0	1	0.5	1	0.3	77.3095238095
16	15	0	1	0.5	1	0.6	112.666666667
16	15	0	1	0.5	1	0.9	195.083333333
16	15	0	1	1	0	0	63.1666666667
16	15	0	1	1	0	0.3	77.3095238095
16	15	0	1	1	0	0.6	112.666666667
16	15	0	1	1	0	0.9	195.083333333
16	15	0	1	1	0.5	0	63.1666666667
16	15	0	1	1	0.5	0.3	77.3095238095
16	15	0	1	1	0.5	0.6	112.666666667
16	15	0	1	1	0.5	0.9	195.083333333
16	15	0	1	1	1	0	63.1666666667
16	15	0	1	1	1	0.3	77.3095238095
16	15	0	1	1	1	0.6	112.666666667
16	15	0	1	1	1	0.9	195.083333333
16	15	0.5	0	0	0	0	63.1666666667
16	15	0.5	0	0	0	0.3	77.3095238095
16	15	0.5	0	0	0	0.6	112.666666667
16	15	0.5	0	0	0	0.9	195.083333333
16	15	0.5	0	0	0.5	0	63.1666666667
16	15	0.5	0	0	0.5	0.3	77.3095238095
16	15	0.5	0	0	0.5	0.6	112.666666667
16	15	0.5	0	0	0.5	0.9	195.083333333
16	15	0.5	0	0	1	0	63.1666666667
16	15	0.5	0	0	1	0.3	77.3095238095
16	15	0.5	0	0	1	0.6	112.666666667
16	15	0.5	0	0	1	0.9	195.083333333
16	15	0.5	0	0.5	0	0	63.1666666667
16	15	0.5	0	0.5	0	0.3	77.3095238095
16	15	0.5	0	0.5	0	0.6	112.666666667
16	15	0.5	0	0.5	0	0.9	195.083333333
16	15	0.5	0	0.5	0.5	0	63.1666666667
16	15	0.5	0	0.5	0.5	0.3	77.3095238095
16	15	0.5	0	0.5	0.5	0.6	112.666666667
16	15	0.5	0	0.5	0.5	0.9	195.083333333
16	15	0.5	0	0.5	1	0	63.1666666667
16	15	0.5	0	0.5	1	0.3	77.3095238095
16	15	0.5	0	0.5	1	0.6	112.666666667
16	15	0.5	0	0.5	1	0.9	195.083333333
16	15	0.5	0	1	0	0	63.1666666667
16	15	0.5	0	1	0	0.3	77.3095238095
16	15	0.5	0	1	0	0.6	112.666666667
16	15	0.5	0	1	0	0.9	195.083333333
16	15	0.5	0	1	0.5	0	63.1666666667
16	15	0.5	0	1	0.5	0.3	77.3095238095
16	15	0.5	0	1	0.5	0.6	112.666666667
16	15	0.5	0	1	0.5	0.9	195.083333333
16	15	0.5	0	1	1	0	63.1666666667
16	15	0.5	0	1	1	0.3	77.3095238095
16	15	0.5	0	1	1	0.6	112.666666667
16	15	0.5	0	1	1	0.9	195.083333333
16	15	0.5	0.5	0	0	0	63.1666666667
16	15	0.5	0.5	0	0	0.3	77.3095238095
16	15	0.5	0.5	0	0	0.6	112.666666667
16	15	0.5	0.5	0	0	0.9	195.083333333
16	15	0.5	0.5	0	0.5	0	63.1666666667
16	15	0.5	0.5	0	0.5	0.3	77.3095238095
16	15	0.5	0.5	0	0.5	0.6	112.666666667
16	15	0.5	0.5	0	0.5	0.9	195.083333333
16	15	0.5	0.5	0	1	0	63.1666666667
16	15	0.5	0.5	0	1	0.3	77.3095238095
16	15	0.5	0.5	0	1	0.6	112.666666667
16	15	0.5	0.5	0	1	0.9	195.083333333
16	15	0.5	0.5	0.5	0	0	63.1666666667
16	15	0.5	0.5	0.5	0	0.3	77.3095238095
16	15	0.5	0.5	0.5	0	0.6	112.666666667
16	15	0.5	0.5	0.5	0	0.9	195.083333333
16	15	0.5	0.5	0.5	0.5	0	63.1666666667
16	15	0.5	0.5	0.5	0.5	0.3	77.3095238095
16	15	0.5	0.5	0.5	0.5	0.6	112.666666667
16	15	0.5	0.5	0.5	0.5	0.9	195.083333333
16	15	0.5	0.5	0.5	1	0	63.1666666667
16	15	0.5	0.5	0.5	1	0.3	77.3095238095
16	15	0.5	0.5	0.5	1	0.6	112.666666667
16	15	0.5	0.5	0.5	1	0.9	195.083333333
16	15	0.5	0.5	1	0	0	63.1666666667
16	15	0.5	0.5	1	0	0.3	77.3095238095
16	15	0.5	0.5	1	0	0.6	112.666666667
16	15	0.5	0.5	1	0	0.9	195.083333333
16	15	0.5	0.5	1	0.5	0	63.1666666667
16	15	0.5	0.5	1	0.5	0.3	77.3095238095
16	15	0.5	0.5	1	0.5	0.6	112.666666667
16	15	0.5	0.5	1	0.5	0.9	195.083333333
16	15	0.5	0.5	1	1	0	63.1666666667
16	15	0.5	0.5	1	1	0.3	77.3095238095
16	15	0.5	0.5	1	1	0.6	112.666666667
16	15	0.5	0.5	1	1	0.9	195.083333333
16	15	0.5	1	0	0	0	63.1666666667
16	15	0.5	1	0	0	0.3	77.3095238095
16	15	0.5	1	0	0	0.6	112.666666667
16	15	0.5	1	0	0	0.9	195.083333333
16	15	0.5	1	0	0.5	0	63.1666666667
16	15	0.5	1	0	0.5	0.3	77.3095238095
16	15	0.5	1	0	0.5	0.6	112.666666667
16	15	0.5	1	0	0.5	0.9	195.083333333
16	15	0.5	1	0	1	0	63.1666666667
16	15	0.5	1	0	1	0.3	77.3095238095
16	15	0.5	1	0	1	0.6	112.666666667
16	15	0.5	1	0	1	0.9	195.083333333
16	15	0.5	1	0.5	0	0	63.1666666667
16	15	0.5	1	0.5	0	0.3	77.3095238095
16	15	0.5	1	0.5	0	0.6	112.666666667
16	15	0.5	1	0.5	0	0.9	195.083333333
16	15	0.5	1	0.5	0.5	0	63.1666666667
16	15	0.5	1	0.5	0.5	0.3	77.3095238095
16	15	0.5	1	0.5	0.5	0.6	112.666666667
16	15	0.5	1	0.5	0.5	0.9	195.083333333
16	15	0.5	1	0.5	1	0	63.1666666667
16	15	0.5	1	0.5	1	0.3	77.3095238095
16	15	0.5	1	0.5	1	0.6	112.666666667
16	15	0.5	1	0.5	1	0.9	195.083333333
16	15	0.5	1	1	0	0	63.1666666667
16	15	0.5	1	1	0	0.3	77.3095238095
16	15	0.5	1	1	0	0.6	112.666666667
16	15	0.5	1	1	0	0.9	195.083333333
16	15	0.5	1	1	0.5	0	63.1666666667
16	15	0.5	1	1	0.5	0.3	77.3095238095
16	15	0.5	1	1	0.5	0.6	112.666666667
16	15	0.5	1	1	0.5	0.9	195.083333333
16	15	0.5	1	1	1	0	63.1666666667
16	15	0.5	1	1	1	0.3	77.3095238095
16	15	0.5	1	1	1	0.6	112.666666667
16	15	0.5	1	1	1	0.9	195.083333333
16	15	1	0	0	0	0	63.1666666667
16	15	1	0	0	0	0.3	77.3095238095
16	15	1	0	0	0	0.6	112.666666667
16	15	1	0	0	0	0.9	195.083333333
16	15	1	0	0	0.5	0	63.1666666667
16	15	1	0	0	0.5	0.3	77.3095238095
16	15	1	0	0	0.5	0.6	112.666666667
16	15	1	0	0	0.5	0.9	195.083333333
16	15	1	0	0	1	0	63.1666666667
16	15	1	0	0	1	0.3	77.3095238095
16	15	1	0	0	1	0.6	112.666666667
16	15	1	0	0	1	0.9	195.083333333
16	15	1	0	0.5	0	0	63.1666666667
16	15	1	0	0.5	0	0.3	77.3095238095
16	15	1	0	0.5	0	0.6	112.666666667
16	15	1	0	0.5	0	0.9	195.083333333
16	15	1	0	0.5	0.5	0	63.1666666667
16	15	1	0	0.5	0.5	0.3	77.3095238095
16	15	1	0	0.5	0.5	0.6	112.666666667
16	15	1	0	0.5	0.5	0.9	195.083333333
16	15	1	0	0.5	1	0	63.1666666667
16	15	1	0	0.5	1	0.3	77.3095238095
16	15	1	0	0.5	1	0.6	112.666666667
16	15	1	0	0.5	1	0.9	195.083333333
16	15	1	0	1	0	0	63.1666666667
16	15	1	0	1	0	0.3	77.3095238095
16	15	1	0	1	0	0.6	112.666666667
16	15	1	0	1	0	0.9	195.083333333
16	15	1	0	1	0.5	0	63.1666666667
16	15	1	0	1	0.5	0.3	77.3095238095
16	15	1	0	1	0.5	0.6	112.666666667
16	15	1	0	1	0.5	0.9	195.083333333
16	15	1	0	1	1	0	63.1666666667
16	15	1	0	1	1	0.3	77.3095238095
16	15	1	0	1	1	0.6	112.666666667
16	15	1	0	1	1	0.9	195.083333333
16	15	1	0.5	0	0	0	63.1666666667
16	15	1	0.5	0	0	0.3	77.3095238095
16	15	1	0.5	0	0	0.6	112.666666667
16	15	1	0.5	0	0	0.9	195.083333333
16	15	1	0.5	0	0.5	0	63.1666666667
16	15	1	0.5	0	0.5	0.3	77.3095238095
16	15	1	0.5	0	0.5	0.6	112.666666667
16	15	1	0.5	0	0.5	0.9	195.083333333
16	15	1	0.5	0	1	0	63.1666666667
16	15	1	0.5	0	1	0.3	77.3095238095
16	15	1	0.5	0	1	0.6	112.666666667
16	15	1	0.5	0	1	0.9	195.083333333
16	15	1	0.5	0.5	0	0	63.1666666667
16	15	1	0.5	0.5	0	0.3	77.3095238095
16	15	1	0.5	0.5	0	0.6	112.666666667
16	15	1	0.5	0.5	0	0.9	195.083333333
16	15	1	0.5	0.5	0.5	0	63.1666666667
16	15	1	0.5	0.5	0.5	0.3	77.3095238095
16	15	1	0.5	0.5	0.5	0.6	112.666666667
16	15	1	0.5	0.5	0.5	0.9	195.083333333
16	15	1	0.5	0.5	1	0	63.1666666667
16	15	1	0.5	0.5	1	0.3	77.3095238095
16	15	1	0.5	0.5	1	0.6	112.666666667
16	15	1	0.5	0.5	1	0.9	195.083333333
16	15	1	0.5	1	0	0	63.1666666667
16	15	1	0.5	1	0	0.3	77.3095238095
16	15	1	0.5	1	0	0.6	112.666666667
16	15	1	0.5	1	0	0.9	195.083333333
16	15	1	0.5	1	0.5	0	63.1666666667
16	15	1	0.5	1	0.5	0.3	77.3095238095
16	15	1	0.5	1	0.5	0.6	112.666666667
16	15	1	0.5	1	0.5	0.9	195.083333333
16	15	1	0.5	1	1	0	63.1666666667
16	15	1	0.5	1	1	0.3	77.3095238095
16	15	1	0.5	1	1	0.6	112.666666667
16	15	1	0.5	1	1	0.9	195.083333333
16	15	1	1	0	0	0	63.1666666667
16	15	1	1	0	0	0.3	77.3095238095
16	15	1	1	0	0	0.6	112.666666667
16	15	1	1	0	0	0.9	195.083333333
16	15	1	1	0	0.5	0	63.1666666667
16	15	1	1	0	0.5	0.3	77.3095238095
16	15	1	1	0	0.5	0.6	112.666666667
16	15	1	1	0	0.5	0.9	195.083333333
16	15	1	1	0	1	0	63.1666666667
16	15	1	1	0	1	0.3	77.3095238095
16	15	1	1	0	1	0.6	112.666666667
16	15	1	1	0	1	0.9	195.083333333
16	15	1	1	0.5	0	0	63.1666666667
16	15	1	1	0.5	0	0.3	77.3095238095
16	15	1	1	0.5	0	0.6	112.666666667
16	15	1	1	0.5	0	0.9	195.083333333
16	15	1	1	0.5	0.5	0	63.1666666667
16	15	1	1	0.5	0.5	0.3	77.3095238095
16	15	1	1	0.5	0.5	0.6	112.666666667
16	15	1	1	0.5	0.5	0.9	195.083333333
16	15	1	1	0.5	1	0	63.1666666667
16	15	1	1	0.5	1	0.3	77.3095238095
16	15	1	1	0.5	1	0.6	112.666666667
16	15	1	1	0.5	1	0.9	195.083333333
16	15	1	1	1	0	0	63.1666666667
16	15	1	1	1	0	0.3	77.3095238095
16	15	1	1	1	0	0.6	112.666666667
16	15	1	1	1	0	0.9	195.083333333
16	15	1	1	1	0.5	0	63.1666666667
16	15	1	1	1	0.5	0.3	77.3095238095
16	15	1	1	1	0.5	0.6	112.666666667
16	15	1	1	1	0.5	0.9	195.083333333
16	15	1	1	1	1	0	63.1666666667
16	15	1	1	1	1	0.3	77.3095238095
16	15	1	1	1	1	0.6	112.666666667
16	15	1	1	1	1	0.9	195.083333333
16	20	0	0	0	0	0	63.1666666667
16	20	0	0	0	0	0.3	77.3095238095
16	20	0	0	0	0	0.6	112.666666667
16	20	0	0	0	0	0.9	195.083333333
16	20	0	0	0	0.5	0	63.1666666667
16	20	0	0	0	0.5	0.3	77.3095238095
16	20	0	0	0	0.5	0.6	112.666666667
16	20	0	0	0	0.5	0.9	195.083333333
16	20	0	0	0	1	0	63.1666666667
16	20	0	0	0	1	0.3	77.3095238095
16	20	0	0	0	1	0.6	112.666666667
16	20	0	0	0	1	0.9	195.083333333
16	20	0	0	0.5	0	0	63.1666666667
16	20	0	0	0.5	0	0.3	77.3095238095
16	20	0	0	0.5	0	0.6	112.666666667
16	20	0	0	0.5	0	0.9	195.083333333
16	20	0	0	0.5	0.5	0	63.1666666667
16	20	0	0	0.5	0.5	0.3	77.3095238095
16	20	0	0	0.5	0.5	0.6	112.666666667
16	20	0	0	0.5	0.5	0.9	195.083333333
16	20	0	0	0.5	1	0	63.1666666667
16	20	0	0	0.5	1	0.3	77.3095238095
16	20	0	0	0.5	1	0.6	112.666666667
16	20	0	0	0.5	1	0.9	195.083333333
16	20	0	0	1	0	0	63.1666666667
16	20	0	0	1	0	0.3	77.3095238095
16	20	0	0	1	0	0.6	112.666666667
16	20	0	0	1	0	0.9	195.083333333
16	20	0	0	1	0.5	0	63.1666666667
16	20	0	0	1	0.5	0.3	77.3095238095
16	20	0	0	1	0.5	0.6	112.666666667
16	20	0	0	1	0.5	0.9	195.083333333
16	20	0	0	1	1	0	63.1666666667
16	20	0	0	1	1	0.3	77.3095238095
16	20	0	0	1	1	0.6	112.666666667
16	20	0	0	1	1	0.9	195.083333333
16	20	0	0.5	0	0	0	63.1666666667
16	20	0	0.5	0	0	0.3	77.3095238095
16	20	0	0.5	0	0	0.6	112.666666667
16	20	0	0.5	0	0	0.9	195.083333333
16	20	0	0.5	0	0.5	0	63.1666666667
16	20	0	0.5	0	0.5	0.3	77.3095238095
16	20	0	0.5	0	0.5	0.6	112.666666667
16	20	0	0.5	0	0.5	0.9	195.083333333
16	20	0	0.5	0	1	0	63.1666666667
16	20	0	0.5	0	1	0.3	77.3095238095
16	20	0	0.5	0	1	0.6	112.666666667
16	20	0	0.5	0	1	0.9	195.083333333
16	20	0	0.5	0.5	0	0	63.1666666667
16	20	0	0.5	0.5	0	0.3	77.3095238095
16	20	0	0.5	0.5	0	0.6	112.666666667
16	20	0	0.5	0.5	0	0.9	195.083333333
16	20	0	0.5	0.5	0.5	0	63.1666666667
16	20	0	0.5	0.5	0.5	0.3	77.3095238095
16	20	0	0.5	0.5	0.5	0.6	112.666666667
16	20	0	0.5	0.5	0.5	0.9	195.083333333
16	20	0	0.5	0.5	1	0	63.1666666667
16	20	0	0.5	0.5	1	0.3	77.3095238095
16	20	0	0.5	0.5	1	0.6	112.666666667
16	20	0	0.5	0.5	1	0.9	195.083333333
16	20	0	0.5	1	0	0	63.1666666667
16	20	0	0.5	1	0	0.3	77.3095238095
16	20	0	0.5	1	0	0.6	112.666666667
16	20	0	0.5	1	0	0.9	195.083333333
16	20	0	0.5	1	0.5	0	63.1666666667
16	20	0	0.5	1	0.5	0.3	77.3095238095
16	20	0	0.5	1	0.5	0.6	112.666666667
16	20	0	0.5	1	0.5	0.9	195.083333333
16	20	0	0.5	1	1	0	63.1666666667
16	20	0	0.5	1	1	0.3	77.3095238095
16	20	0	0.5	1	1	0.6	112.666666667
16	20	0	0.5	1	1	0.9	195.083333333
16	20	0	1	0	0	0	63.1666666667
16	20	0	1	0	0	0.3	77.3095238095
16	20	0	1	0	0	0.6	112.666666667
16	20	0	1	0	0	0.9	195.083333333
16	20	0	1	0	0.5	0	63.1666666667
16	20	0	1	0	0.5	0.3	77.3095238095
16	20	0	1	0	0.5	0.6	112.666666667
16	20	0	1	0	0.5	0.9	195.083333333
16	20	0	1	0	1	0	63.1666666667
16	20	0	1	0	1	0.3	77.3095238095
16	20	0	1	0	1	0.6	112.666666667
16	20	0	1	0	1	0.9	195.083333333
16	20	0	1	0.5	0	0	63.1666666667
16	20	0	1	0.5	0	0.3	77.3095238095
16	20	0	1	0.5	0	0.6	112.666666667
16	20	0	1	0.5	0	0.9	195.083333333
16	20	0	1	0.5	0.5	0	63.1666666667
16	20	0	1	0.5	0.5	0.3	77.3095238095
16	20	0	1	0.5	0.5	0.6	112.666666667
16	20	0	1	0.5	0.5	0.9	195.083333333
16	20	0	1	0.5	1	0	63.1666666667
16	20	0	1	0.5	1	0.3	77.3095238095
16	20	0	1	0.5	1	0.6	112.666666667
16	20	0	1	0.5	1	0.9	195.083333333
16	20	0	1	1	0	0	63.1666666667
16	20	0	1	1	0	0.3	77.3095238095
16	20	0	1	1	0	0.6	112.666666667
16	20	0	1	1	0	0.9	195.083333333
16	20	0	1	1	0.5	0	63.1666666667
16	20	0	1	1	0.5	0.3	77.3095238095
16	20	0	1	1	0.5	0.6	112.666666667
16	20	0	1	1	0.5	0.9	195.083333333
16	20	0	1	1	1	0	63.1666666667
16	20	0	1	1	1	0.3	77.3095238095
16	20	0	1	1	1	0.6	112.666666667
16	20	0	1	1	1	0.9	195.083333333
16	20	0.5	0	0	0	0	63.1666666667
16	20	0.5	0	0	0	0.3	77.3095238095
16	20	0.5	0	0	0	0.6	112.666666667
16	20	0.5	0	0	0	0.9	195.083333333
16	20	0.5	0	0	0.5	0	63.1666666667
16	20	0.5	0	0	0.5	0.3	77.3095238095
16	20	0.5	0	0	0.5	0.6	112.666666667
16	20	0.5	0	0	0.5	0.9	195.083333333
16	20	0.5	0	0	1	0	63.1666666667
16	20	0.5	0	0	1	0.3	77.3095238095
16	20	0.5	0	0	1	0.6	112.666666667
16	20	0.5	0	0	1	0.9	195.083333333
16	20	0.5	0	0.5	0	0	63.1666666667
16	20	0.5	0	0.5	0	0.3	77.3095238095
16	20	0.5	0	0.5	0	0.6	112.666666667
16	20	0.5	0	0.5	0	0.9	195.083333333
16	20	0.5	0	0.5	0.5	0	63.1666666667
16	20	0.5	0	0.5	0.5	0.3	77.3095238095
16	20	0.5	0	0.5	0.5	0.6	112.666666667
16	20	0.5	0	0.5	0.5	0.9	195.083333333
16	20	0.5	0	0.5	1	0	63.1666666667
16	20	0.5	0	0.5	1	0.3	77.3095238095
16	20	0.5	0	0.5	1	0.6	112.666666667
16	20	0.5	0	0.5	1	0.9	195.083333333
16	20	0.5	0	1	0	0	63.1666666667
16	20	0.5	0	1	0	0.3	77.3095238095
16	20	0.5	0	1	0	0.6	112.666666667
16	20	0.5	0	1	0	0.9	195.083333333
16	20	0.5	0	1	0.5	0	63.1666666667
16	20	0.5	0	1	0.5	0.3	77.3095238095
16	20	0.5	0	1	0.5	0.6	112.666666667
16	20	0.5	0	1	0.5	0.9	195.083333333
16	20	0.5	0	1	1	0	63.1666666667
16	20	0.5	0	1	1	0.3	77.3095238095
16	20	0.5	0	1	1	0.6	112.666666667
16	20	0.5	0	1	1	0.9	195.083333333
16	20	0.5	0.5	0	0	0	63.1666666667
16	20	0.5	0.5	0	0	0.3	77.3095238095
16	20	0.5	0.5	0	0	0.6	112.666666667
16	20	0.5	0.5	0	0	0.9	195.083333333
16	20	0.5	0.5	0	0.5	0	63.1666666667
16	20	0.5	0.5	0	0.5	0.3	77.3095238095
16	20	0.5	0.5	0	0.5	0.6	112.666666667
16	20	0.5	0.5	0	0.5	0.9	195.083333333
16	20	0.5	0.5	0	1	0	63.1666666667
16	20	0.5	0.5	0	1	0.3	77.3095238095
16	20	0.5	0.5	0	1	0.6	112.666666667
16	20	0.5	0.5	0	1	0.9	195.083333333
16	20	0.5	0.5	0.5	0	0	63.1666666667
16	20	0.5	0.5	0.5	0	0.3	77.3095238095
16	20	0.5	0.5	0.5	0	0.6	112.666666667
16	20	0.5	0.5	0.5	0	0.9	195.083333333
16	20	0.5	0.5	0.5	0.5	0	63.1666666667
16	20	0.5	0.5	0.5	0.5	0.3	77.3095238095
16	20	0.5	0.5	0.5	0.5	0.6	112.666666667
16	20	0.5	0.5	0.5	0.5	0.9	195.083333333
16	20	0.5	0.5	0.5	1	0	63.1666666667
16	20	0.5	0.5	0.5	1	0.3	77.3095238095
16	20	0.5	0.5	0.5	1	0.6	112.666666667
16	20	0.5	0.5	0.5	1	0.9	195.083333333
16	20	0.5	0.5	1	0	0	63.1666666667
16	20	0.5	0.5	1	0	0.3	77.3095238095
16	20	0.5	0.5	1	0	0.6	112.666666667
16	20	0.5	0.5	1	0	0.9	195.083333333
16	20	0.5	0.5	1	0.5	0	63.1666666667
16	20	0.5	0.5	1	0.5	0.3	77.3095238095
16	20	0.5	0.5	1	0.5	0.6	112.666666667
16	20	0.5	0.5	1	0.5	0.9	195.083333333
16	20	0.5	0.5	1	1	0	63.1666666667
16	20	0.5	0.5	1	1	0.3	77.3095238095
16	20	0.5	0.5	1	1	0.6	112.666666667
16	20	0.5	0.5	1	1	0.9	195.083333333
16	20	0.5	1	0	0	0	63.1666666667
16	20	0.5	1	0	0	0.3	77.3095238095
16	20	0.5	1	0	0	0.6	112.666666667
16	20	0.5	1	0	0	0.9	195.083333333
16	20	0.5	1	0	0.5	0	63.1666666667
16	20	0.5	1	0	0.5	0.3	77.3095238095
16	20	0.5	1	0	0.5	0.6	112.666666667
16	20	0.5	1	0	0.5	0.9	195.083333333
16	20	0.5	1	0	1	0	63.1666666667
16	20	0.5	1	0	1	0.3	77.3095238095
16	20	0.5	1	0	1	0.6	112.666666667
16	20	0.5	1	0	1	0.9	195.083333333
16	20	0.5	1	0.5	0	0	63.1666666667
16	20	0.5	1	0.5	0	0.3	77.3095238095
16	20	0.5	1	0.5	0	0.6	112.666666667
16	20	0.5	1	0.5	0	0.9	195.083333333
16	20	0.5	1	0.5	0.5	0	63.1666666667
16	20	0.5	1	0.5	0.5	0.3	77.3095238095
16	20	0.5	1	0.5	0.5	0.6	112.666666667
16	20	0.5	1	0.5	0.5	0.9	195.083333333
16	20	0.5	1	0.5	1	0	63.1666666667
16	20	0.5	1	0.5	1	0.3	77.3095238095
16	20	0.5	1	0.5	1	0.6	112.666666667
16	20	0.5	1	0.5	1	0.9	195.083333333
16	20	0.5	1	1	0	0	63.1666666667
16	20	0.5	1	1	0	0.3	77.3095238095
16	20	0.5	1	1	0	0.6	112.666666667
16	20	0.5	1	1	0	0.9	195.083333333
16	20	0.5	1	1	0.5	0	63.1666666667
16	20	0.5	1	1	0.5	0.3	77.3095238095
16	20	0.5	1	1	0.5	0.6	112.666666667
16	20	0.5	1	1	0.5	0.9	195.083333333
16	20	0.5	1	1	1	0	63.1666666667
16	20	0.5	1	1	1	0.3	77.3095238095
16	20	0.5	1	1	1	0.6	112.666666667
16	20	0.5	1	1	1	0.9	195.083333333
16	20	1	0	0	0	0	63.1666666667
16	20	1	0	0	0	0.3	77.3095238095
16	20	1	0	0	0	0.6	112.666666667
16	20	1	0	0	0	0.9	195.083333333
16	20	1	0	0	0.5	0	63.1666666667
16	20	1	0	0	0.5	0.3	77.3095238095
16	20	1	0	0	0.5	0.6	112.666666667
16	20	1	0	0	0.5	0.9	195.083333333
16	20	1	0	0	1	0	63.1666666667
16	20	1	0	0	1	0.3	77.3095238095
16	20	1	0	0	1	0.6	112.666666667
16	20	1	0	0	1	0.9	195.083333333
16	20	1	0	0.5	0	0	63.1666666667
16	20	1	0	0.5	0	0.3	77.3095238095
16	20	1	0	0.5	0	0.6	112.666666667
16	20	1	0	0.5	0	0.9	195.083333333
16	20	1	0	0.5	0.5	0	63.1666666667
16	20	1	0	0.5	0.5	0.3	77.3095238095
16	20	1	0	0.5	0.5	0.6	112.666666667
16	20	1	0	0.5	0.5	0.9	195.083333333
16	20	1	0	0.5	1	0	63.1666666667
16	20	1	0	0.5	1	0.3	77.3095238095
16	20	1	0	0.5	1	0.6	112.666666667
16	20	1	0	0.5	1	0.9	195.083333333
16	20	1	0	1	0	0	63.1666666667
16	20	1	0	1	0	0.3	77.3095238095
16	20	1	0	1	0	0.6	112.666666667
16	20	1	0	1	0	0.9	195.083333333
16	20	1	0	1	0.5	0	63.1666666667
16	20	1	0	1	0.5	0.3	77.3095238095
16	20	1	0	1	0.5	0.6	112.666666667
16	20	1	0	1	0.5	0.9	195.083333333
16	20	1	0	1	1	0	63.1666666667
16	20	1	0	1	1	0.3	77.3095238095
16	20	1	0	1	1	0.6	112.666666667
16	20	1	0	1	1	0.9	195.083333333
16	20	1	0.5	0	0	0	63.1666666667
16	20	1	0.5	0	0	0.3	77.3095238095
16	20	1	0.5	0	0	0.6	112.666666667
16	20	1	0.5	0	0	0.9	195.083333333
16	20	1	0.5	0	0.5	0	63.1666666667
16	20	1	0.5	0	0.5	0.3	77.3095238095
16	20	1	0.5	0	0.5	0.6	112.666666667
16	20	1	0.5	0	0.5	0.9	195.083333333
16	20	1	0.5	0	1	0	63.1666666667
16	20	1	0.5	0	1	0.3	77.3095238095
16	20	1	0.5	0	1	0.6	112.666666667
16	20	1	0.5	0	1	0.9	195.083333333
16	20	1	0.5	0.5	0	0	63.1666666667
16	20	1	0.5	0.5	0	0.3	77.3095238095
16	20	1	0.5	0.5	0	0.6	112.666666667
16	20	1	0.5	0.5	0	0.9	195.083333333
16	20	1	0.5	0.5	0.5	0	63.1666666667
16	20	1	0.5	0.5	0.5	0.3	77.3095238095
16	20	1	0.5	0.5	0.5	0.6	112.666666667
16	20	1	0.5	0.5	0.5	0.9	195.083333333
16	20	1	0.5	0.5	1	0	63.1666666667
16	20	1	0.5	0.5	1	0.3	77.3095238095
16	20	1	0.5	0.5	1	0.6	112.666666667
16	20	1	0.5	0.5	1	0.9	195.083333333
16	20	1	0.5	1	0	0	63.1666666667
16	20	1	0.5	1	0	0.3	77.3095238095
16	20	1	0.5	1	0	0.6	112.666666667
16	20	1	0.5	1	0	0.9	195.083333333
16	20	1	0.5	1	0.5	0	63.1666666667
16	20	1	0.5	1	0.5	0.3	77.3095238095
16	20	1	0.5	1	0.5	0.6	112.666666667
16	20	1	0.5	1	0.5	0.9	195.083333333
16	20	1	0.5	1	1	0	63.1666666667
16	20	1	0.5	1	1	0.3	77.3095238095
16	20	1	0.5	1	1	0.6	112.666666667
16	20	1	0.5	1	1	0.9	195.083333333
16	20	1	1	0	0	0	63.1666666667
16	20	1	1	0	0	0.3	77.3095238095
16	20	1	1	0	0	0.6	112.666666667
16	20	1	1	0	0	0.9	195.083333333
16	20	1	1	0	0.5	0	63.1666666667
16	20	1	1	0	0.5	0.3	77.3095238095
16	20	1	1	0	0.5	0.6	112.666666667
16	20	1	1	0	0.5	0.9	195.083333333
16	20	1	1	0	1	0	63.1666666667
16	20	1	1	0	1	0.3	77.3095238095
16	20	1	1	0	1	0.6	112.666666667
16	20	1	1	0	1	0.9	195.083333333
16	20	1	1	0.5	0	0	63.1666666667
16	20	1	1	0.5	0	0.3	77.3095238095
16	20	1	1	0.5	0	0.6	112.666666667
16	20	1	1	0.5	0	0.9	195.083333333
16	20	1	1	0.5	0.5	0	63.1666666667
16	20	1	1	0.5	0.5	0.3	77.3095238095
16	20	1	1	0.5	0.5	0.6	112.666666667
16	20	1	1	0.5	0.5	0.9	195.083333333
16	20	1	1	0.5	1	0	63.1666666667
16	20	1	1	0.5	1	0.3	77.3095238095
16	20	1	1	0.5	1	0.6	112.666666667
16	20	1	1	0.5	1	0.9	195.083333333
16	20	1	1	1	0	0	63.1666666667
16	20	1	1	1	0	0.3	77.3095238095
16	20	1	1	1	0	0.6	112.666666667
16	20	1	1	1	0	0.9	195.083333333
16	20	1	1	1	0.5	0	63.1666666667
16	20	1	1	1	0.5	0.3	77.3095238095
16	20	1	1	1	0.5	0.6	112.666666667
16	20	1	1	1	0.5	0.9	195.083333333
16	20	1	1	1	1	0	63.1666666667
16	20	1	1	1	1	0.3	77.3095238095
16	20	1	1	1	1	0.6	112.666666667
16	20	1	1	1	1	0.9	195.083333333
17	5	0	0	0	0	0	63.1666666667
17	5	0	0	0	0	0.3	77.3095238095
17	5	0	0	0	0	0.6	112.666666667
17	5	0	0	0	0	0.9	195.083333333
17	5	0	0	0	0.5	0	63.1666666667
17	5	0	0	0	0.5	0.3	77.3095238095
17	5	0	0	0	0.5	0.6	112.666666667
17	5	0	0	0	0.5	0.9	195.083333333
17	5	0	0	0	1	0	63.1666666667
17	5	0	0	0	1	0.3	77.3095238095
17	5	0	0	0	1	0.6	112.666666667
17	5	0	0	0	1	0.9	195.083333333
17	5	0	0	0.5	0	0	63.1666666667
17	5	0	0	0.5	0	0.3	77.3095238095
17	5	0	0	0.5	0	0.6	112.666666667
17	5	0	0	0.5	0	0.9	195.083333333
17	5	0	0	0.5	0.5	0	63.1666666667
17	5	0	0	0.5	0.5	0.3	77.3095238095
17	5	0	0	0.5	0.5	0.6	112.666666667
17	5	0	0	0.5	0.5	0.9	195.083333333
17	5	0	0	0.5	1	0	63.1666666667
17	5	0	0	0.5	1	0.3	77.3095238095
17	5	0	0	0.5	1	0.6	112.666666667
17	5	0	0	0.5	1	0.9	195.083333333
17	5	0	0	1	0	0	63.1666666667
17	5	0	0	1	0	0.3	77.3095238095
17	5	0	0	1	0	0.6	112.666666667
17	5	0	0	1	0	0.9	195.083333333
17	5	0	0	1	0.5	0	63.1666666667
17	5	0	0	1	0.5	0.3	77.3095238095
17	5	0	0	1	0.5	0.6	112.666666667
17	5	0	0	1	0.5	0.9	195.083333333
17	5	0	0	1	1	0	63.1666666667
17	5	0	0	1	1	0.3	77.3095238095
17	5	0	0	1	1	0.6	112.666666667
17	5	0	0	1	1	0.9	195.083333333
17	5	0	0.5	0	0	0	63.1666666667
17	5	0	0.5	0	0	0.3	77.3095238095
17	5	0	0.5	0	0	0.6	112.666666667
17	5	0	0.5	0	0	0.9	195.083333333
17	5	0	0.5	0	0.5	0	63.1666666667
17	5	0	0.5	0	0.5	0.3	77.3095238095
17	5	0	0.5	0	0.5	0.6	112.666666667
17	5	0	0.5	0	0.5	0.9	195.083333333
17	5	0	0.5	0	1	0	63.1666666667
17	5	0	0.5	0	1	0.3	77.3095238095
17	5	0	0.5	0	1	0.6	112.666666667
17	5	0	0.5	0	1	0.9	195.083333333
17	5	0	0.5	0.5	0	0	63.1666666667
17	5	0	0.5	0.5	0	0.3	77.3095238095
17	5	0	0.5	0.5	0	0.6	112.666666667
17	5	0	0.5	0.5	0	0.9	195.083333333
17	5	0	0.5	0.5	0.5	0	63.1666666667
17	5	0	0.5	0.5	0.5	0.3	77.3095238095
17	5	0	0.5	0.5	0.5	0.6	112.666666667
17	5	0	0.5	0.5	0.5	0.9	195.083333333
17	5	0	0.5	0.5	1	0	63.1666666667
17	5	0	0.5	0.5	1	0.3	77.3095238095
17	5	0	0.5	0.5	1	0.6	112.666666667
17	5	0	0.5	0.5	1	0.9	195.083333333
17	5	0	0.5	1	0	0	63.1666666667
17	5	0	0.5	1	0	0.3	77.3095238095
17	5	0	0.5	1	0	0.6	112.666666667
17	5	0	0.5	1	0	0.9	195.083333333
17	5	0	0.5	1	0.5	0	63.1666666667
17	5	0	0.5	1	0.5	0.3	77.3095238095
17	5	0	0.5	1	0.5	0.6	112.666666667
17	5	0	0.5	1	0.5	0.9	195.083333333
17	5	0	0.5	1	1	0	63.1666666667
17	5	0	0.5	1	1	0.3	77.3095238095
17	5	0	0.5	1	1	0.6	112.666666667
17	5	0	0.5	1	1	0.9	195.083333333
17	5	0	1	0	0	0	63.1666666667
17	5	0	1	0	0	0.3	77.3095238095
17	5	0	1	0	0	0.6	112.666666667
17	5	0	1	0	0	0.9	195.083333333
17	5	0	1	0	0.5	0	63.1666666667
17	5	0	1	0	0.5	0.3	77.3095238095
17	5	0	1	0	0.5	0.6	112.666666667
17	5	0	1	0	0.5	0.9	195.083333333
17	5	0	1	0	1	0	63.1666666667
17	5	0	1	0	1	0.3	77.3095238095
17	5	0	1	0	1	0.6	112.666666667
17	5	0	1	0	1	0.9	195.083333333
17	5	0	1	0.5	0	0	63.1666666667
17	5	0	1	0.5	0	0.3	77.3095238095
17	5	0	1	0.5	0	0.6	112.666666667
17	5	0	1	0.5	0	0.9	195.083333333
17	5	0	1	0.5	0.5	0	63.1666666667
17	5	0	1	0.5	0.5	0.3	77.3095238095
17	5	0	1	0.5	0.5	0.6	112.666666667
17	5	0	1	0.5	0.5	0.9	195.083333333
17	5	0	1	0.5	1	0	63.1666666667
17	5	0	1	0.5	1	0.3	77.3095238095
17	5	0	1	0.5	1	0.6	112.666666667
17	5	0	1	0.5	1	0.9	195.083333333
17	5	0	1	1	0	0	63.1666666667
17	5	0	1	1	0	0.3	77.3095238095
17	5	0	1	1	0	0.6	112.666666667
17	5	0	1	1	0	0.9	195.083333333
17	5	0	1	1	0.5	0	63.1666666667
17	5	0	1	1	0.5	0.3	77.3095238095
17	5	0	1	1	0.5	0.6	112.666666667
17	5	0	1	1	0.5	0.9	195.083333333
17	5	0	1	1	1	0	63.1666666667
17	5	0	1	1	1	0.3	77.3095238095
17	5	0	1	1	1	0.6	112.666666667
17	5	0	1	1	1	0.9	195.083333333
17	5	0.5	0	0	0	0	63.1666666667
17	5	0.5	0	0	0	0.3	77.3095238095
17	5	0.5	0	0	0	0.6	112.666666667
17	5	0.5	0	0	0	0.9	195.083333333
17	5	0.5	0	0	0.5	0	63.1666666667
17	5	0.5	0	0	0.5	0.3	77.3095238095
17	5	0.5	0	0	0.5	0.6	112.666666667
17	5	0.5	0	0	0.5	0.9	195.083333333
17	5	0.5	0	0	1	0	63.1666666667
17	5	0.5	0	0	1	0.3	77.3095238095
17	5	0.5	0	0	1	0.6	112.666666667
17	5	0.5	0	0	1	0.9	195.083333333
17	5	0.5	0	0.5	0	0	63.1666666667
17	5	0.5	0	0.5	0	0.3	77.3095238095
17	5	0.5	0	0.5	0	0.6	112.666666667
17	5	0.5	0	0.5	0	0.9	195.083333333
17	5	0.5	0	0.5	0.5	0	63.1666666667
17	5	0.5	0	0.5	0.5	0.3	77.3095238095
17	5	0.5	0	0.5	0.5	0.6	112.666666667
17	5	0.5	0	0.5	0.5	0.9	195.083333333
17	5	0.5	0	0.5	1	0	63.1666666667
17	5	0.5	0	0.5	1	0.3	77.3095238095
17	5	0.5	0	0.5	1	0.6	112.666666667
17	5	0.5	0	0.5	1	0.9	195.083333333
17	5	0.5	0	1	0	0	63.1666666667
17	5	0.5	0	1	0	0.3	77.3095238095
17	5	0.5	0	1	0	0.6	112.666666667
17	5	0.5	0	1	0	0.9	195.083333333
17	5	0.5	0	1	0.5	0	63.1666666667
17	5	0.5	0	1	0.5	0.3	77.3095238095
17	5	0.5	0	1	0.5	0.6	112.666666667
17	5	0.5	0	1	0.5	0.9	195.083333333
17	5	0.5	0	1	1	0	63.1666666667
17	5	0.5	0	1	1	0.3	77.3095238095
17	5	0.5	0	1	1	0.6	112.666666667
17	5	0.5	0	1	1	0.9	195.083333333
17	5	0.5	0.5	0	0	0	63.1666666667
17	5	0.5	0.5	0	0	0.3	77.3095238095
17	5	0.5	0.5	0	0	0.6	112.666666667
17	5	0.5	0.5	0	0	0.9	195.083333333
17	5	0.5	0.5	0	0.5	0	63.1666666667
17	5	0.5	0.5	0	0.5	0.3	77.3095238095
17	5	0.5	0.5	0	0.5	0.6	112.666666667
17	5	0.5	0.5	0	0.5	0.9	195.083333333
17	5	0.5	0.5	0	1	0	63.1666666667
17	5	0.5	0.5	0	1	0.3	77.3095238095
17	5	0.5	0.5	0	1	0.6	112.666666667
17	5	0.5	0.5	0	1	0.9	195.083333333
17	5	0.5	0.5	0.5	0	0	63.1666666667
17	5	0.5	0.5	0.5	0	0.3	77.3095238095
17	5	0.5	0.5	0.5	0	0.6	112.666666667
17	5	0.5	0.5	0.5	0	0.9	195.083333333
17	5	0.5	0.5	0.5	0.5	0	63.1666666667
17	5	0.5	0.5	0.5	0.5	0.3	77.3095238095
17	5	0.5	0.5	0.5	0.5	0.6	112.666666667
17	5	0.5	0.5	0.5	0.5	0.9	195.083333333
17	5	0.5	0.5	0.5	1	0	63.1666666667
17	5	0.5	0.5	0.5	1	0.3	77.3095238095
17	5	0.5	0.5	0.5	1	0.6	112.666666667
17	5	0.5	0.5	0.5	1	0.9	195.083333333
17	5	0.5	0.5	1	0	0	63.1666666667
17	5	0.5	0.5	1	0	0.3	77.3095238095
17	5	0.5	0.5	1	0	0.6	112.666666667
17	5	0.5	0.5	1	0	0.9	195.083333333
17	5	0.5	0.5	1	0.5	0	63.1666666667
17	5	0.5	0.5	1	0.5	0.3	77.3095238095
17	5	0.5	0.5	1	0.5	0.6	112.666666667
17	5	0.5	0.5	1	0.5	0.9	195.083333333
17	5	0.5	0.5	1	1	0	63.1666666667
17	5	0.5	0.5	1	1	0.3	77.3095238095
17	5	0.5	0.5	1	1	0.6	112.666666667
17	5	0.5	0.5	1	1	0.9	195.083333333
17	5	0.5	1	0	0	0	63.1666666667
17	5	0.5	1	0	0	0.3	77.3095238095
17	5	0.5	1	0	0	0.6	112.666666667
17	5	0.5	1	0	0	0.9	195.083333333
17	5	0.5	1	0	0.5	0	63.1666666667
17	5	0.5	1	0	0.5	0.3	77.3095238095
17	5	0.5	1	0	0.5	0.6	112.666666667
17	5	0.5	1	0	0.5	0.9	195.083333333
17	5	0.5	1	0	1	0	63.1666666667
17	5	0.5	1	0	1	0.3	77.3095238095
17	5	0.5	1	0	1	0.6	112.666666667
17	5	0.5	1	0	1	0.9	195.083333333
17	5	0.5	1	0.5	0	0	63.1666666667
17	5	0.5	1	0.5	0	0.3	77.3095238095
17	5	0.5	1	0.5	0	0.6	112.666666667
17	5	0.5	1	0.5	0	0.9	195.083333333
17	5	0.5	1	0.5	0.5	0	63.1666666667
17	5	0.5	1	0.5	0.5	0.3	77.3095238095
17	5	0.5	1	0.5	0.5	0.6	112.666666667
17	5	0.5	1	0.5	0.5	0.9	195.083333333
17	5	0.5	1	0.5	1	0	63.1666666667
17	5	0.5	1	0.5	1	0.3	77.3095238095
17	5	0.5	1	0.5	1	0.6	112.666666667
17	5	0.5	1	0.5	1	0.9	195.083333333
17	5	0.5	1	1	0	0	63.1666666667
17	5	0.5	1	1	0	0.3	77.3095238095
17	5	0.5	1	1	0	0.6	112.666666667
17	5	0.5	1	1	0	0.9	195.083333333
17	5	0.5	1	1	0.5	0	63.1666666667
17	5	0.5	1	1	0.5	0.3	77.3095238095
17	5	0.5	1	1	0.5	0.6	112.666666667
17	5	0.5	1	1	0.5	0.9	195.083333333
17	5	0.5	1	1	1	0	63.1666666667
17	5	0.5	1	1	1	0.3	77.3095238095
17	5	0.5	1	1	1	0.6	112.666666667
17	5	0.5	1	1	1	0.9	195.083333333
17	5	1	0	0	0	0	63.1666666667
17	5	1	0	0	0	0.3	77.3095238095
17	5	1	0	0	0	0.6	112.666666667
17	5	1	0	0	0	0.9	195.083333333
17	5	1	0	0	0.5	0	63.1666666667
17	5	1	0	0	0.5	0.3	77.3095238095
17	5	1	0	0	0.5	0.6	112.666666667
17	5	1	0	0	0.5	0.9	195.083333333
17	5	1	0	0	1	0	63.1666666667
17	5	1	0	0	1	0.3	77.3095238095
17	5	1	0	0	1	0.6	112.666666667
17	5	1	0	0	1	0.9	195.083333333
17	5	1	0	0.5	0	0	63.1666666667
17	5	1	0	0.5	0	0.3	77.3095238095
17	5	1	0	0.5	0	0.6	112.666666667
17	5	1	0	0.5	0	0.9	195.083333333
17	5	1	0	0.5	0.5	0	63.1666666667
17	5	1	0	0.5	0.5	0.3	77.3095238095
17	5	1	0	0.5	0.5	0.6	112.666666667
17	5	1	0	0.5	0.5	0.9	195.083333333
17	5	1	0	0.5	1	0	63.1666666667
17	5	1	0	0.5	1	0.3	77.3095238095
17	5	1	0	0.5	1	0.6	112.666666667
17	5	1	0	0.5	1	0.9	195.083333333
17	5	1	0	1	0	0	63.1666666667
17	5	1	0	1	0	0.3	77.3095238095
17	5	1	0	1	0	0.6	112.666666667
17	5	1	0	1	0	0.9	195.083333333
17	5	1	0	1	0.5	0	63.1666666667
17	5	1	0	1	0.5	0.3	77.3095238095
17	5	1	0	1	0.5	0.6	112.666666667
17	5	1	0	1	0.5	0.9	195.083333333
17	5	1	0	1	1	0	63.1666666667
17	5	1	0	1	1	0.3	77.3095238095
17	5	1	0	1	1	0.6	112.666666667
17	5	1	0	1	1	0.9	195.083333333
17	5	1	0.5	0	0	0	63.1666666667
17	5	1	0.5	0	0	0.3	77.3095238095
17	5	1	0.5	0	0	0.6	112.666666667
17	5	1	0.5	0	0	0.9	195.083333333
17	5	1	0.5	0	0.5	0	63.1666666667
17	5	1	0.5	0	0.5	0.3	77.3095238095
17	5	1	0.5	0	0.5	0.6	112.666666667
17	5	1	0.5	0	0.5	0.9	195.083333333
17	5	1	0.5	0	1	0	63.1666666667
17	5	1	0.5	0	1	0.3	77.3095238095
17	5	1	0.5	0	1	0.6	112.666666667
17	5	1	0.5	0	1	0.9	195.083333333
17	5	1	0.5	0.5	0	0	63.1666666667
17	5	1	0.5	0.5	0	0.3	77.3095238095
17	5	1	0.5	0.5	0	0.6	112.666666667
17	5	1	0.5	0.5	0	0.9	195.083333333
17	5	1	0.5	0.5	0.5	0	63.1666666667
17	5	1	0.5	0.5	0.5	0.3	77.3095238095
17	5	1	0.5	0.5	0.5	0.6	112.666666667
17	5	1	0.5	0.5	0.5	0.9	195.083333333
17	5	1	0.5	0.5	1	0	63.1666666667
17	5	1	0.5	0.5	1	0.3	77.3095238095
17	5	1	0.5	0.5	1	0.6	112.666666667
17	5	1	0.5	0.5	1	0.9	195.083333333
17	5	1	0.5	1	0	0	63.1666666667
17	5	1	0.5	1	0	0.3	77.3095238095
17	5	1	0.5	1	0	0.6	112.666666667
17	5	1	0.5	1	0	0.9	195.083333333
17	5	1	0.5	1	0.5	0	63.1666666667
17	5	1	0.5	1	0.5	0.3	77.3095238095
17	5	1	0.5	1	0.5	0.6	112.666666667
17	5	1	0.5	1	0.5	0.9	195.083333333
17	5	1	0.5	1	1	0	63.1666666667
17	5	1	0.5	1	1	0.3	77.3095238095
17	5	1	0.5	1	1	0.6	112.666666667
17	5	1	0.5	1	1	0.9	195.083333333
17	5	1	1	0	0	0	63.1666666667
17	5	1	1	0	0	0.3	77.3095238095
17	5	1	1	0	0	0.6	112.666666667
17	5	1	1	0	0	0.9	195.083333333
17	5	1	1	0	0.5	0	63.1666666667
17	5	1	1	0	0.5	0.3	77.3095238095
17	5	1	1	0	0.5	0.6	112.666666667
17	5	1	1	0	0.5	0.9	195.083333333
17	5	1	1	0	1	0	63.1666666667
17	5	1	1	0	1	0.3	77.3095238095
17	5	1	1	0	1	0.6	112.666666667
17	5	1	1	0	1	0.9	195.083333333
17	5	1	1	0.5	0	0	63.1666666667
17	5	1	1	0.5	0	0.3	77.3095238095
17	5	1	1	0.5	0	0.6	112.666666667
17	5	1	1	0.5	0	0.9	195.083333333
17	5	1	1	0.5	0.5	0	63.1666666667
17	5	1	1	0.5	0.5	0.3	77.3095238095
17	5	1	1	0.5	0.5	0.6	112.666666667
17	5	1	1	0.5	0.5	0.9	195.083333333
17	5	1	1	0.5	1	0	63.1666666667
17	5	1	1	0.5	1	0.3	77.3095238095
17	5	1	1	0.5	1	0.6	112.666666667
17	5	1	1	0.5	1	0.9	195.083333333
17	5	1	1	1	0	0	63.1666666667
17	5	1	1	1	0	0.3	77.3095238095
17	5	1	1	1	0	0.6	112.666666667
17	5	1	1	1	0	0.9	195.083333333
17	5	1	1	1	0.5	0	63.1666666667
17	5	1	1	1	0.5	0.3	77.3095238095
17	5	1	1	1	0.5	0.6	112.666666667
17	5	1	1	1	0.5	0.9	195.083333333
17	5	1	1	1	1	0	63.1666666667
17	5	1	1	1	1	0.3	77.3095238095
17	5	1	1	1	1	0.6	112.666666667
17	5	1	1	1	1	0.9	195.083333333
17	10	0	0	0	0	0	63.1666666667
17	10	0	0	0	0	0.3	77.3095238095
17	10	0	0	0	0	0.6	112.666666667
17	10	0	0	0	0	0.9	195.083333333
17	10	0	0	0	0.5	0	63.1666666667
17	10	0	0	0	0.5	0.3	77.3095238095
17	10	0	0	0	0.5	0.6	112.666666667
17	10	0	0	0	0.5	0.9	195.083333333
17	10	0	0	0	1	0	63.1666666667
17	10	0	0	0	1	0.3	77.3095238095
17	10	0	0	0	1	0.6	112.666666667
17	10	0	0	0	1	0.9	195.083333333
17	10	0	0	0.5	0	0	63.1666666667
17	10	0	0	0.5	0	0.3	77.3095238095
17	10	0	0	0.5	0	0.6	112.666666667
17	10	0	0	0.5	0	0.9	195.083333333
17	10	0	0	0.5	0.5	0	63.1666666667
17	10	0	0	0.5	0.5	0.3	77.3095238095
17	10	0	0	0.5	0.5	0.6	112.666666667
17	10	0	0	0.5	0.5	0.9	195.083333333
17	10	0	0	0.5	1	0	63.1666666667
17	10	0	0	0.5	1	0.3	77.3095238095
17	10	0	0	0.5	1	0.6	112.666666667
17	10	0	0	0.5	1	0.9	195.083333333
17	10	0	0	1	0	0	63.1666666667
17	10	0	0	1	0	0.3	77.3095238095
17	10	0	0	1	0	0.6	112.666666667
17	10	0	0	1	0	0.9	195.083333333
17	10	0	0	1	0.5	0	63.1666666667
17	10	0	0	1	0.5	0.3	77.3095238095
17	10	0	0	1	0.5	0.6	112.666666667
17	10	0	0	1	0.5	0.9	195.083333333
17	10	0	0	1	1	0	63.1666666667
17	10	0	0	1	1	0.3	77.3095238095
17	10	0	0	1	1	0.6	112.666666667
17	10	0	0	1	1	0.9	195.083333333
17	10	0	0.5	0	0	0	63.1666666667
17	10	0	0.5	0	0	0.3	77.3095238095
17	10	0	0.5	0	0	0.6	112.666666667
17	10	0	0.5	0	0	0.9	195.083333333
17	10	0	0.5	0	0.5	0	63.1666666667
17	10	0	0.5	0	0.5	0.3	77.3095238095
17	10	0	0.5	0	0.5	0.6	112.666666667
17	10	0	0.5	0	0.5	0.9	195.083333333
17	10	0	0.5	0	1	0	63.1666666667
17	10	0	0.5	0	1	0.3	77.3095238095
17	10	0	0.5	0	1	0.6	112.666666667
17	10	0	0.5	0	1	0.9	195.083333333
17	10	0	0.5	0.5	0	0	63.1666666667
17	10	0	0.5	0.5	0	0.3	77.3095238095
17	10	0	0.5	0.5	0	0.6	112.666666667
17	10	0	0.5	0.5	0	0.9	195.083333333
17	10	0	0.5	0.5	0.5	0	63.1666666667
17	10	0	0.5	0.5	0.5	0.3	77.3095238095
17	10	0	0.5	0.5	0.5	0.6	112.666666667
17	10	0	0.5	0.5	0.5	0.9	195.083333333
17	10	0	0.5	0.5	1	0	63.1666666667
17	10	0	0.5	0.5	1	0.3	77.3095238095
17	10	0	0.5	0.5	1	0.6	112.666666667
17	10	0	0.5	0.5	1	0.9	195.083333333
17	10	0	0.5	1	0	0	63.1666666667
17	10	0	0.5	1	0	0.3	77.3095238095
17	10	0	0.5	1	0	0.6	112.666666667
17	10	0	0.5	1	0	0.9	195.083333333
17	10	0	0.5	1	0.5	0	63.1666666667
17	10	0	0.5	1	0.5	0.3	77.3095238095
17	10	0	0.5	1	0.5	0.6	112.666666667
17	10	0	0.5	1	0.5	0.9	195.083333333
17	10	0	0.5	1	1	0	63.1666666667
17	10	0	0.5	1	1	0.3	77.3095238095
17	10	0	0.5	1	1	0.6	112.666666667
17	10	0	0.5	1	1	0.9	195.083333333
17	10	0	1	0	0	0	63.1666666667
17	10	0	1	0	0	0.3	77.3095238095
17	10	0	1	0	0	0.6	112.666666667
17	10	0	1	0	0	0.9	195.083333333
17	10	0	1	0	0.5	0	63.1666666667
17	10	0	1	0	0.5	0.3	77.3095238095
17	10	0	1	0	0.5	0.6	112.666666667
17	10	0	1	0	0.5	0.9	195.083333333
17	10	0	1	0	1	0	63.1666666667
17	10	0	1	0	1	0.3	77.3095238095
17	10	0	1	0	1	0.6	112.666666667
17	10	0	1	0	1	0.9	195.083333333
17	10	0	1	0.5	0	0	63.1666666667
17	10	0	1	0.5	0	0.3	77.3095238095
17	10	0	1	0.5	0	0.6	112.666666667
17	10	0	1	0.5	0	0.9	195.083333333
17	10	0	1	0.5	0.5	0	63.1666666667
17	10	0	1	0.5	0.5	0.3	77.3095238095
17	10	0	1	0.5	0.5	0.6	112.666666667
17	10	0	1	0.5	0.5	0.9	195.083333333
17	10	0	1	0.5	1	0	63.1666666667
17	10	0	1	0.5	1	0.3	77.3095238095
17	10	0	1	0.5	1	0.6	112.666666667
17	10	0	1	0.5	1	0.9	195.083333333
17	10	0	1	1	0	0	63.1666666667
17	10	0	1	1	0	0.3	77.3095238095
17	10	0	1	1	0	0.6	112.666666667
17	10	0	1	1	0	0.9	195.083333333
17	10	0	1	1	0.5	0	63.1666666667
17	10	0	1	1	0.5	0.3	77.3095238095
17	10	0	1	1	0.5	0.6	112.666666667
17	10	0	1	1	0.5	0.9	195.083333333
17	10	0	1	1	1	0	63.1666666667
17	10	0	1	1	1	0.3	77.3095238095
17	10	0	1	1	1	0.6	112.666666667
17	10	0	1	1	1	0.9	195.083333333
17	10	0.5	0	0	0	0	63.1666666667
17	10	0.5	0	0	0	0.3	77.3095238095
17	10	0.5	0	0	0	0.6	112.666666667
17	10	0.5	0	0	0	0.9	195.083333333
17	10	0.5	0	0	0.5	0	63.1666666667
17	10	0.5	0	0	0.5	0.3	77.3095238095
17	10	0.5	0	0	0.5	0.6	112.666666667
17	10	0.5	0	0	0.5	0.9	195.083333333
17	10	0.5	0	0	1	0	63.1666666667
17	10	0.5	0	0	1	0.3	77.3095238095
17	10	0.5	0	0	1	0.6	112.666666667
17	10	0.5	0	0	1	0.9	195.083333333
17	10	0.5	0	0.5	0	0	63.1666666667
17	10	0.5	0	0.5	0	0.3	77.3095238095
17	10	0.5	0	0.5	0	0.6	112.666666667
17	10	0.5	0	0.5	0	0.9	195.083333333
17	10	0.5	0	0.5	0.5	0	63.1666666667
17	10	0.5	0	0.5	0.5	0.3	77.3095238095
17	10	0.5	0	0.5	0.5	0.6	112.666666667
17	10	0.5	0	0.5	0.5	0.9	195.083333333
17	10	0.5	0	0.5	1	0	63.1666666667
17	10	0.5	0	0.5	1	0.3	77.3095238095
17	10	0.5	0	0.5	1	0.6	112.666666667
17	10	0.5	0	0.5	1	0.9	195.083333333
17	10	0.5	0	1	0	0	63.1666666667
17	10	0.5	0	1	0	0.3	77.3095238095
17	10	0.5	0	1	0	0.6	112.666666667
17	10	0.5	0	1	0	0.9	195.083333333
17	10	0.5	0	1	0.5	0	63.1666666667
17	10	0.5	0	1	0.5	0.3	77.3095238095
17	10	0.5	0	1	0.5	0.6	112.666666667
17	10	0.5	0	1	0.5	0.9	195.083333333
17	10	0.5	0	1	1	0	63.1666666667
17	10	0.5	0	1	1	0.3	77.3095238095
17	10	0.5	0	1	1	0.6	112.666666667
17	10	0.5	0	1	1	0.9	195.083333333
17	10	0.5	0.5	0	0	0	63.1666666667
17	10	0.5	0.5	0	0	0.3	77.3095238095
17	10	0.5	0.5	0	0	0.6	112.666666667
17	10	0.5	0.5	0	0	0.9	195.083333333
17	10	0.5	0.5	0	0.5	0	63.1666666667
17	10	0.5	0.5	0	0.5	0.3	77.3095238095
17	10	0.5	0.5	0	0.5	0.6	112.666666667
17	10	0.5	0.5	0	0.5	0.9	195.083333333
17	10	0.5	0.5	0	1	0	63.1666666667
17	10	0.5	0.5	0	1	0.3	77.3095238095
17	10	0.5	0.5	0	1	0.6	112.666666667
17	10	0.5	0.5	0	1	0.9	195.083333333
17	10	0.5	0.5	0.5	0	0	63.1666666667
17	10	0.5	0.5	0.5	0	0.3	77.3095238095
17	10	0.5	0.5	0.5	0	0.6	112.666666667
17	10	0.5	0.5	0.5	0	0.9	195.083333333
17	10	0.5	0.5	0.5	0.5	0	63.1666666667
17	10	0.5	0.5	0.5	0.5	0.3	77.3095238095
17	10	0.5	0.5	0.5	0.5	0.6	112.666666667
17	10	0.5	0.5	0.5	0.5	0.9	195.083333333
17	10	0.5	0.5	0.5	1	0	63.1666666667
17	10	0.5	0.5	0.5	1	0.3	77.3095238095
17	10	0.5	0.5	0.5	1	0.6	112.666666667
17	10	0.5	0.5	0.5	1	0.9	195.083333333
17	10	0.5	0.5	1	0	0	63.1666666667
17	10	0.5	0.5	1	0	0.3	77.3095238095
17	10	0.5	0.5	1	0	0.6	112.666666667
17	10	0.5	0.5	1	0	0.9	195.083333333
17	10	0.5	0.5	1	0.5	0	63.1666666667
17	10	0.5	0.5	1	0.5	0.3	77.3095238095
17	10	0.5	0.5	1	0.5	0.6	112.666666667
17	10	0.5	0.5	1	0.5	0.9	195.083333333
17	10	0.5	0.5	1	1	0	63.1666666667
17	10	0.5	0.5	1	1	0.3	77.3095238095
17	10	0.5	0.5	1	1	0.6	112.666666667
17	10	0.5	0.5	1	1	0.9	195.083333333
17	10	0.5	1	0	0	0	63.1666666667
17	10	0.5	1	0	0	0.3	77.3095238095
17	10	0.5	1	0	0	0.6	112.666666667
17	10	0.5	1	0	0	0.9	195.083333333
17	10	0.5	1	0	0.5	0	63.1666666667
17	10	0.5	1	0	0.5	0.3	77.3095238095
17	10	0.5	1	0	0.5	0.6	112.666666667
17	10	0.5	1	0	0.5	0.9	195.083333333
17	10	0.5	1	0	1	0	63.1666666667
17	10	0.5	1	0	1	0.3	77.3095238095
17	10	0.5	1	0	1	0.6	112.666666667
17	10	0.5	1	0	1	0.9	195.083333333
17	10	0.5	1	0.5	0	0	63.1666666667
17	10	0.5	1	0.5	0	0.3	77.3095238095
17	10	0.5	1	0.5	0	0.6	112.666666667
17	10	0.5	1	0.5	0	0.9	195.083333333
17	10	0.5	1	0.5	0.5	0	63.1666666667
17	10	0.5	1	0.5	0.5	0.3	77.3095238095
17	10	0.5	1	0.5	0.5	0.6	112.666666667
17	10	0.5	1	0.5	0.5	0.9	195.083333333
17	10	0.5	1	0.5	1	0	63.1666666667
17	10	0.5	1	0.5	1	0.3	77.3095238095
17	10	0.5	1	0.5	1	0.6	112.666666667
17	10	0.5	1	0.5	1	0.9	195.083333333
17	10	0.5	1	1	0	0	63.1666666667
17	10	0.5	1	1	0	0.3	77.3095238095
17	10	0.5	1	1	0	0.6	112.666666667
17	10	0.5	1	1	0	0.9	195.083333333
17	10	0.5	1	1	0.5	0	63.1666666667
17	10	0.5	1	1	0.5	0.3	77.3095238095
17	10	0.5	1	1	0.5	0.6	112.666666667
17	10	0.5	1	1	0.5	0.9	195.083333333
17	10	0.5	1	1	1	0	63.1666666667
17	10	0.5	1	1	1	0.3	77.3095238095
17	10	0.5	1	1	1	0.6	112.666666667
17	10	0.5	1	1	1	0.9	195.083333333
17	10	1	0	0	0	0	63.1666666667
17	10	1	0	0	0	0.3	77.3095238095
17	10	1	0	0	0	0.6	112.666666667
17	10	1	0	0	0	0.9	195.083333333
17	10	1	0	0	0.5	0	63.1666666667
17	10	1	0	0	0.5	0.3	77.3095238095
17	10	1	0	0	0.5	0.6	112.666666667
17	10	1	0	0	0.5	0.9	195.083333333
17	10	1	0	0	1	0	63.1666666667
17	10	1	0	0	1	0.3	77.3095238095
17	10	1	0	0	1	0.6	112.666666667
17	10	1	0	0	1	0.9	195.083333333
17	10	1	0	0.5	0	0	63.1666666667
17	10	1	0	0.5	0	0.3	77.3095238095
17	10	1	0	0.5	0	0.6	112.666666667
17	10	1	0	0.5	0	0.9	195.083333333
17	10	1	0	0.5	0.5	0	63.1666666667
17	10	1	0	0.5	0.5	0.3	77.3095238095
17	10	1	0	0.5	0.5	0.6	112.666666667
17	10	1	0	0.5	0.5	0.9	195.083333333
17	10	1	0	0.5	1	0	63.1666666667
17	10	1	0	0.5	1	0.3	77.3095238095
17	10	1	0	0.5	1	0.6	112.666666667
17	10	1	0	0.5	1	0.9	195.083333333
17	10	1	0	1	0	0	63.1666666667
17	10	1	0	1	0	0.3	77.3095238095
17	10	1	0	1	0	0.6	112.666666667
17	10	1	0	1	0	0.9	195.083333333
17	10	1	0	1	0.5	0	63.1666666667
17	10	1	0	1	0.5	0.3	77.3095238095
17	10	1	0	1	0.5	0.6	112.666666667
17	10	1	0	1	0.5	0.9	195.083333333
17	10	1	0	1	1	0	63.1666666667
17	10	1	0	1	1	0.3	77.3095238095
17	10	1	0	1	1	0.6	112.666666667
17	10	1	0	1	1	0.9	195.083333333
17	10	1	0.5	0	0	0	63.1666666667
17	10	1	0.5	0	0	0.3	77.3095238095
17	10	1	0.5	0	0	0.6	112.666666667
17	10	1	0.5	0	0	0.9	195.083333333
17	10	1	0.5	0	0.5	0	63.1666666667
17	10	1	0.5	0	0.5	0.3	77.3095238095
17	10	1	0.5	0	0.5	0.6	112.666666667
17	10	1	0.5	0	0.5	0.9	195.083333333
17	10	1	0.5	0	1	0	63.1666666667
17	10	1	0.5	0	1	0.3	77.3095238095
17	10	1	0.5	0	1	0.6	112.666666667
17	10	1	0.5	0	1	0.9	195.083333333
17	10	1	0.5	0.5	0	0	63.1666666667
17	10	1	0.5	0.5	0	0.3	77.3095238095
17	10	1	0.5	0.5	0	0.6	112.666666667
17	10	1	0.5	0.5	0	0.9	195.083333333
17	10	1	0.5	0.5	0.5	0	63.1666666667
17	10	1	0.5	0.5	0.5	0.3	77.3095238095
17	10	1	0.5	0.5	0.5	0.6	112.666666667
17	10	1	0.5	0.5	0.5	0.9	195.083333333
17	10	1	0.5	0.5	1	0	63.1666666667
17	10	1	0.5	0.5	1	0.3	77.3095238095
17	10	1	0.5	0.5	1	0.6	112.666666667
17	10	1	0.5	0.5	1	0.9	195.083333333
17	10	1	0.5	1	0	0	63.1666666667
17	10	1	0.5	1	0	0.3	77.3095238095
17	10	1	0.5	1	0	0.6	112.666666667
17	10	1	0.5	1	0	0.9	195.083333333
17	10	1	0.5	1	0.5	0	63.1666666667
17	10	1	0.5	1	0.5	0.3	77.3095238095
17	10	1	0.5	1	0.5	0.6	112.666666667
17	10	1	0.5	1	0.5	0.9	195.083333333
17	10	1	0.5	1	1	0	63.1666666667
17	10	1	0.5	1	1	0.3	77.3095238095
17	10	1	0.5	1	1	0.6	112.666666667
17	10	1	0.5	1	1	0.9	195.083333333
17	10	1	1	0	0	0	63.1666666667
17	10	1	1	0	0	0.3	77.3095238095
17	10	1	1	0	0	0.6	112.666666667
17	10	1	1	0	0	0.9	195.083333333
17	10	1	1	0	0.5	0	63.1666666667
17	10	1	1	0	0.5	0.3	77.3095238095
17	10	1	1	0	0.5	0.6	112.666666667
17	10	1	1	0	0.5	0.9	195.083333333
17	10	1	1	0	1	0	63.1666666667
17	10	1	1	0	1	0.3	77.3095238095
17	10	1	1	0	1	0.6	112.666666667
17	10	1	1	0	1	0.9	195.083333333
17	10	1	1	0.5	0	0	63.1666666667
17	10	1	1	0.5	0	0.3	77.3095238095
17	10	1	1	0.5	0	0.6	112.666666667
17	10	1	1	0.5	0	0.9	195.083333333
17	10	1	1	0.5	0.5	0	63.1666666667
17	10	1	1	0.5	0.5	0.3	77.3095238095
17	10	1	1	0.5	0.5	0.6	112.666666667
17	10	1	1	0.5	0.5	0.9	195.083333333
17	10	1	1	0.5	1	0	63.1666666667
17	10	1	1	0.5	1	0.3	77.3095238095
17	10	1	1	0.5	1	0.6	112.666666667
17	10	1	1	0.5	1	0.9	195.083333333
17	10	1	1	1	0	0	63.1666666667
17	10	1	1	1	0	0.3	77.3095238095
17	10	1	1	1	0	0.6	112.666666667
17	10	1	1	1	0	0.9	195.083333333
17	10	1	1	1	0.5	0	63.1666666667
17	10	1	1	1	0.5	0.3	77.3095238095
17	10	1	1	1	0.5	0.6	112.666666667
17	10	1	1	1	0.5	0.9	195.083333333
17	10	1	1	1	1	0	63.1666666667
17	10	1	1	1	1	0.3	77.3095238095
17	10	1	1	1	1	0.6	112.666666667
17	10	1	1	1	1	0.9	195.083333333
17	15	0	0	0	0	0	63.1666666667
17	15	0	0	0	0	0.3	77.3095238095
17	15	0	0	0	0	0.6	112.666666667
17	15	0	0	0	0	0.9	195.083333333
17	15	0	0	0	0.5	0	63.1666666667
17	15	0	0	0	0.5	0.3	77.3095238095
17	15	0	0	0	0.5	0.6	112.666666667
17	15	0	0	0	0.5	0.9	195.083333333
17	15	0	0	0	1	0	63.1666666667
17	15	0	0	0	1	0.3	77.3095238095
17	15	0	0	0	1	0.6	112.666666667
17	15	0	0	0	1	0.9	195.083333333
17	15	0	0	0.5	0	0	63.1666666667
17	15	0	0	0.5	0	0.3	77.3095238095
17	15	0	0	0.5	0	0.6	112.666666667
17	15	0	0	0.5	0	0.9	195.083333333
17	15	0	0	0.5	0.5	0	63.1666666667
17	15	0	0	0.5	0.5	0.3	77.3095238095
17	15	0	0	0.5	0.5	0.6	112.666666667
17	15	0	0	0.5	0.5	0.9	195.083333333
17	15	0	0	0.5	1	0	63.1666666667
17	15	0	0	0.5	1	0.3	77.3095238095
17	15	0	0	0.5	1	0.6	112.666666667
17	15	0	0	0.5	1	0.9	195.083333333
17	15	0	0	1	0	0	63.1666666667
17	15	0	0	1	0	0.3	77.3095238095
17	15	0	0	1	0	0.6	112.666666667
17	15	0	0	1	0	0.9	195.083333333
17	15	0	0	1	0.5	0	63.1666666667
17	15	0	0	1	0.5	0.3	77.3095238095
17	15	0	0	1	0.5	0.6	112.666666667
17	15	0	0	1	0.5	0.9	195.083333333
17	15	0	0	1	1	0	63.1666666667
17	15	0	0	1	1	0.3	77.3095238095
17	15	0	0	1	1	0.6	112.666666667
17	15	0	0	1	1	0.9	195.083333333
17	15	0	0.5	0	0	0	63.1666666667
17	15	0	0.5	0	0	0.3	77.3095238095
17	15	0	0.5	0	0	0.6	112.666666667
17	15	0	0.5	0	0	0.9	195.083333333
17	15	0	0.5	0	0.5	0	63.1666666667
17	15	0	0.5	0	0.5	0.3	77.3095238095
17	15	0	0.5	0	0.5	0.6	112.666666667
17	15	0	0.5	0	0.5	0.9	195.083333333
17	15	0	0.5	0	1	0	63.1666666667
17	15	0	0.5	0	1	0.3	77.3095238095
17	15	0	0.5	0	1	0.6	112.666666667
17	15	0	0.5	0	1	0.9	195.083333333
17	15	0	0.5	0.5	0	0	63.1666666667
17	15	0	0.5	0.5	0	0.3	77.3095238095
17	15	0	0.5	0.5	0	0.6	112.666666667
17	15	0	0.5	0.5	0	0.9	195.083333333
17	15	0	0.5	0.5	0.5	0	63.1666666667
17	15	0	0.5	0.5	0.5	0.3	77.3095238095
17	15	0	0.5	0.5	0.5	0.6	112.666666667
17	15	0	0.5	0.5	0.5	0.9	195.083333333
17	15	0	0.5	0.5	1	0	63.1666666667
17	15	0	0.5	0.5	1	0.3	77.3095238095
17	15	0	0.5	0.5	1	0.6	112.666666667
17	15	0	0.5	0.5	1	0.9	195.083333333
17	15	0	0.5	1	0	0	63.1666666667
17	15	0	0.5	1	0	0.3	77.3095238095
17	15	0	0.5	1	0	0.6	112.666666667
17	15	0	0.5	1	0	0.9	195.083333333
17	15	0	0.5	1	0.5	0	63.1666666667
17	15	0	0.5	1	0.5	0.3	77.3095238095
17	15	0	0.5	1	0.5	0.6	112.666666667
17	15	0	0.5	1	0.5	0.9	195.083333333
17	15	0	0.5	1	1	0	63.1666666667
17	15	0	0.5	1	1	0.3	77.3095238095
17	15	0	0.5	1	1	0.6	112.666666667
17	15	0	0.5	1	1	0.9	195.083333333
17	15	0	1	0	0	0	63.1666666667
17	15	0	1	0	0	0.3	77.3095238095
17	15	0	1	0	0	0.6	112.666666667
17	15	0	1	0	0	0.9	195.083333333
17	15	0	1	0	0.5	0	63.1666666667
17	15	0	1	0	0.5	0.3	77.3095238095
17	15	0	1	0	0.5	0.6	112.666666667
17	15	0	1	0	0.5	0.9	195.083333333
17	15	0	1	0	1	0	63.1666666667
17	15	0	1	0	1	0.3	77.3095238095
17	15	0	1	0	1	0.6	112.666666667
17	15	0	1	0	1	0.9	195.083333333
17	15	0	1	0.5	0	0	63.1666666667
17	15	0	1	0.5	0	0.3	77.3095238095
17	15	0	1	0.5	0	0.6	112.666666667
17	15	0	1	0.5	0	0.9	195.083333333
17	15	0	1	0.5	0.5	0	63.1666666667
17	15	0	1	0.5	0.5	0.3	77.3095238095
17	15	0	1	0.5	0.5	0.6	112.666666667
17	15	0	1	0.5	0.5	0.9	195.083333333
17	15	0	1	0.5	1	0	63.1666666667
17	15	0	1	0.5	1	0.3	77.3095238095
17	15	0	1	0.5	1	0.6	112.666666667
17	15	0	1	0.5	1	0.9	195.083333333
17	15	0	1	1	0	0	63.1666666667
17	15	0	1	1	0	0.3	77.3095238095
17	15	0	1	1	0	0.6	112.666666667
17	15	0	1	1	0	0.9	195.083333333
17	15	0	1	1	0.5	0	63.1666666667
17	15	0	1	1	0.5	0.3	77.3095238095
17	15	0	1	1	0.5	0.6	112.666666667
17	15	0	1	1	0.5	0.9	195.083333333
17	15	0	1	1	1	0	63.1666666667
17	15	0	1	1	1	0.3	77.3095238095
17	15	0	1	1	1	0.6	112.666666667
17	15	0	1	1	1	0.9	195.083333333
17	15	0.5	0	0	0	0	63.1666666667
17	15	0.5	0	0	0	0.3	77.3095238095
17	15	0.5	0	0	0	0.6	112.666666667
17	15	0.5	0	0	0	0.9	195.083333333
17	15	0.5	0	0	0.5	0	63.1666666667
17	15	0.5	0	0	0.5	0.3	77.3095238095
17	15	0.5	0	0	0.5	0.6	112.666666667
17	15	0.5	0	0	0.5	0.9	195.083333333
17	15	0.5	0	0	1	0	63.1666666667
17	15	0.5	0	0	1	0.3	77.3095238095
17	15	0.5	0	0	1	0.6	112.666666667
17	15	0.5	0	0	1	0.9	195.083333333
17	15	0.5	0	0.5	0	0	63.1666666667
17	15	0.5	0	0.5	0	0.3	77.3095238095
17	15	0.5	0	0.5	0	0.6	112.666666667
17	15	0.5	0	0.5	0	0.9	195.083333333
17	15	0.5	0	0.5	0.5	0	63.1666666667
17	15	0.5	0	0.5	0.5	0.3	77.3095238095
17	15	0.5	0	0.5	0.5	0.6	112.666666667
17	15	0.5	0	0.5	0.5	0.9	195.083333333
17	15	0.5	0	0.5	1	0	63.1666666667
17	15	0.5	0	0.5	1	0.3	77.3095238095
17	15	0.5	0	0.5	1	0.6	112.666666667
17	15	0.5	0	0.5	1	0.9	195.083333333
17	15	0.5	0	1	0	0	63.1666666667
17	15	0.5	0	1	0	0.3	77.3095238095
17	15	0.5	0	1	0	0.6	112.666666667
17	15	0.5	0	1	0	0.9	195.083333333
17	15	0.5	0	1	0.5	0	63.1666666667
17	15	0.5	0	1	0.5	0.3	77.3095238095
17	15	0.5	0	1	0.5	0.6	112.666666667
17	15	0.5	0	1	0.5	0.9	195.083333333
17	15	0.5	0	1	1	0	63.1666666667
17	15	0.5	0	1	1	0.3	77.3095238095
17	15	0.5	0	1	1	0.6	112.666666667
17	15	0.5	0	1	1	0.9	195.083333333
17	15	0.5	0.5	0	0	0	63.1666666667
17	15	0.5	0.5	0	0	0.3	77.3095238095
17	15	0.5	0.5	0	0	0.6	112.666666667
17	15	0.5	0.5	0	0	0.9	195.083333333
17	15	0.5	0.5	0	0.5	0	63.1666666667
17	15	0.5	0.5	0	0.5	0.3	77.3095238095
17	15	0.5	0.5	0	0.5	0.6	112.666666667
17	15	0.5	0.5	0	0.5	0.9	195.083333333
17	15	0.5	0.5	0	1	0	63.1666666667
17	15	0.5	0.5	0	1	0.3	77.3095238095
17	15	0.5	0.5	0	1	0.6	112.666666667
17	15	0.5	0.5	0	1	0.9	195.083333333
17	15	0.5	0.5	0.5	0	0	63.1666666667
17	15	0.5	0.5	0.5	0	0.3	77.3095238095
17	15	0.5	0.5	0.5	0	0.6	112.666666667
17	15	0.5	0.5	0.5	0	0.9	195.083333333
17	15	0.5	0.5	0.5	0.5	0	63.1666666667
17	15	0.5	0.5	0.5	0.5	0.3	77.3095238095
17	15	0.5	0.5	0.5	0.5	0.6	112.666666667
17	15	0.5	0.5	0.5	0.5	0.9	195.083333333
17	15	0.5	0.5	0.5	1	0	63.1666666667
17	15	0.5	0.5	0.5	1	0.3	77.3095238095
17	15	0.5	0.5	0.5	1	0.6	112.666666667
17	15	0.5	0.5	0.5	1	0.9	195.083333333
17	15	0.5	0.5	1	0	0	63.1666666667
17	15	0.5	0.5	1	0	0.3	77.3095238095
17	15	0.5	0.5	1	0	0.6	112.666666667
17	15	0.5	0.5	1	0	0.9	195.083333333
17	15	0.5	0.5	1	0.5	0	63.1666666667
17	15	0.5	0.5	1	0.5	0.3	77.3095238095
17	15	0.5	0.5	1	0.5	0.6	112.666666667
17	15	0.5	0.5	1	0.5	0.9	195.083333333
17	15	0.5	0.5	1	1	0	63.1666666667
17	15	0.5	0.5	1	1	0.3	77.3095238095
17	15	0.5	0.5	1	1	0.6	112.666666667
17	15	0.5	0.5	1	1	0.9	195.083333333
17	15	0.5	1	0	0	0	63.1666666667
17	15	0.5	1	0	0	0.3	77.3095238095
17	15	0.5	1	0	0	0.6	112.666666667
17	15	0.5	1	0	0	0.9	195.083333333
17	15	0.5	1	0	0.5	0	63.1666666667
17	15	0.5	1	0	0.5	0.3	77.3095238095
17	15	0.5	1	0	0.5	0.6	112.666666667
17	15	0.5	1	0	0.5	0.9	195.083333333
17	15	0.5	1	0	1	0	63.1666666667
17	15	0.5	1	0	1	0.3	77.3095238095
17	15	0.5	1	0	1	0.6	112.666666667
17	15	0.5	1	0	1	0.9	195.083333333
17	15	0.5	1	0.5	0	0	63.1666666667
17	15	0.5	1	0.5	0	0.3	77.3095238095
17	15	0.5	1	0.5	0	0.6	112.666666667
17	15	0.5	1	0.5	0	0.9	195.083333333
17	15	0.5	1	0.5	0.5	0	63.1666666667
17	15	0.5	1	0.5	0.5	0.3	77.3095238095
17	15	0.5	1	0.5	0.5	0.6	112.666666667
17	15	0.5	1	0.5	0.5	0.9	195.083333333
17	15	0.5	1	0.5	1	0	63.1666666667
17	15	0.5	1	0.5	1	0.3	77.3095238095
17	15	0.5	1	0.5	1	0.6	112.666666667
17	15	0.5	1	0.5	1	0.9	195.083333333
17	15	0.5	1	1	0	0	63.1666666667
17	15	0.5	1	1	0	0.3	77.3095238095
17	15	0.5	1	1	0	0.6	112.666666667
17	15	0.5	1	1	0	0.9	195.083333333
17	15	0.5	1	1	0.5	0	63.1666666667
17	15	0.5	1	1	0.5	0.3	77.3095238095
17	15	0.5	1	1	0.5	0.6	112.666666667
17	15	0.5	1	1	0.5	0.9	195.083333333
17	15	0.5	1	1	1	0	63.1666666667
17	15	0.5	1	1	1	0.3	77.3095238095
17	15	0.5	1	1	1	0.6	112.666666667
17	15	0.5	1	1	1	0.9	195.083333333
17	15	1	0	0	0	0	63.1666666667
17	15	1	0	0	0	0.3	77.3095238095
17	15	1	0	0	0	0.6	112.666666667
17	15	1	0	0	0	0.9	195.083333333
17	15	1	0	0	0.5	0	63.1666666667
17	15	1	0	0	0.5	0.3	77.3095238095
17	15	1	0	0	0.5	0.6	112.666666667
17	15	1	0	0	0.5	0.9	195.083333333
17	15	1	0	0	1	0	63.1666666667
17	15	1	0	0	1	0.3	77.3095238095
17	15	1	0	0	1	0.6	112.666666667
17	15	1	0	0	1	0.9	195.083333333
17	15	1	0	0.5	0	0	63.1666666667
17	15	1	0	0.5	0	0.3	77.3095238095
17	15	1	0	0.5	0	0.6	112.666666667
17	15	1	0	0.5	0	0.9	195.083333333
17	15	1	0	0.5	0.5	0	63.1666666667
17	15	1	0	0.5	0.5	0.3	77.3095238095
17	15	1	0	0.5	0.5	0.6	112.666666667
17	15	1	0	0.5	0.5	0.9	195.083333333
17	15	1	0	0.5	1	0	63.1666666667
17	15	1	0	0.5	1	0.3	77.3095238095
17	15	1	0	0.5	1	0.6	112.666666667
17	15	1	0	0.5	1	0.9	195.083333333
17	15	1	0	1	0	0	63.1666666667
17	15	1	0	1	0	0.3	77.3095238095
17	15	1	0	1	0	0.6	112.666666667
17	15	1	0	1	0	0.9	195.083333333
17	15	1	0	1	0.5	0	63.1666666667
17	15	1	0	1	0.5	0.3	77.3095238095
17	15	1	0	1	0.5	0.6	112.666666667
17	15	1	0	1	0.5	0.9	195.083333333
17	15	1	0	1	1	0	63.1666666667
17	15	1	0	1	1	0.3	77.3095238095
17	15	1	0	1	1	0.6	112.666666667
17	15	1	0	1	1	0.9	195.083333333
17	15	1	0.5	0	0	0	63.1666666667
17	15	1	0.5	0	0	0.3	77.3095238095
17	15	1	0.5	0	0	0.6	112.666666667
17	15	1	0.5	0	0	0.9	195.083333333
17	15	1	0.5	0	0.5	0	63.1666666667
17	15	1	0.5	0	0.5	0.3	77.3095238095
17	15	1	0.5	0	0.5	0.6	112.666666667
17	15	1	0.5	0	0.5	0.9	195.083333333
17	15	1	0.5	0	1	0	63.1666666667
17	15	1	0.5	0	1	0.3	77.3095238095
17	15	1	0.5	0	1	0.6	112.666666667
17	15	1	0.5	0	1	0.9	195.083333333
17	15	1	0.5	0.5	0	0	63.1666666667
17	15	1	0.5	0.5	0	0.3	77.3095238095
17	15	1	0.5	0.5	0	0.6	112.666666667
17	15	1	0.5	0.5	0	0.9	195.083333333
17	15	1	0.5	0.5	0.5	0	63.1666666667
17	15	1	0.5	0.5	0.5	0.3	77.3095238095
17	15	1	0.5	0.5	0.5	0.6	112.666666667
17	15	1	0.5	0.5	0.5	0.9	195.083333333
17	15	1	0.5	0.5	1	0	63.1666666667
17	15	1	0.5	0.5	1	0.3	77.3095238095
17	15	1	0.5	0.5	1	0.6	112.666666667
17	15	1	0.5	0.5	1	0.9	195.083333333
17	15	1	0.5	1	0	0	63.1666666667
17	15	1	0.5	1	0	0.3	77.3095238095
17	15	1	0.5	1	0	0.6	112.666666667
17	15	1	0.5	1	0	0.9	195.083333333
17	15	1	0.5	1	0.5	0	63.1666666667
17	15	1	0.5	1	0.5	0.3	77.3095238095
17	15	1	0.5	1	0.5	0.6	112.666666667
17	15	1	0.5	1	0.5	0.9	195.083333333
17	15	1	0.5	1	1	0	63.1666666667
17	15	1	0.5	1	1	0.3	77.3095238095
17	15	1	0.5	1	1	0.6	112.666666667
17	15	1	0.5	1	1	0.9	195.083333333
17	15	1	1	0	0	0	63.1666666667
17	15	1	1	0	0	0.3	77.3095238095
17	15	1	1	0	0	0.6	112.666666667
17	15	1	1	0	0	0.9	195.083333333
17	15	1	1	0	0.5	0	63.1666666667
17	15	1	1	0	0.5	0.3	77.3095238095
17	15	1	1	0	0.5	0.6	112.666666667
17	15	1	1	0	0.5	0.9	195.083333333
17	15	1	1	0	1	0	63.1666666667
17	15	1	1	0	1	0.3	77.3095238095
17	15	1	1	0	1	0.6	112.666666667
17	15	1	1	0	1	0.9	195.083333333
17	15	1	1	0.5	0	0	63.1666666667
17	15	1	1	0.5	0	0.3	77.3095238095
17	15	1	1	0.5	0	0.6	112.666666667
17	15	1	1	0.5	0	0.9	195.083333333
17	15	1	1	0.5	0.5	0	63.1666666667
17	15	1	1	0.5	0.5	0.3	77.3095238095
17	15	1	1	0.5	0.5	0.6	112.666666667
17	15	1	1	0.5	0.5	0.9	195.083333333
17	15	1	1	0.5	1	0	63.1666666667
17	15	1	1	0.5	1	0.3	77.3095238095
17	15	1	1	0.5	1	0.6	112.666666667
17	15	1	1	0.5	1	0.9	195.083333333
17	15	1	1	1	0	0	63.1666666667
17	15	1	1	1	0	0.3	77.3095238095
17	15	1	1	1	0	0.6	112.666666667
17	15	1	1	1	0	0.9	195.083333333
17	15	1	1	1	0.5	0	63.1666666667
17	15	1	1	1	0.5	0.3	77.3095238095
17	15	1	1	1	0.5	0.6	112.666666667
17	15	1	1	1	0.5	0.9	195.083333333
17	15	1	1	1	1	0	63.1666666667
17	15	1	1	1	1	0.3	77.3095238095
17	15	1	1	1	1	0.6	112.666666667
17	15	1	1	1	1	0.9	195.083333333
17	20	0	0	0	0	0	63.1666666667
17	20	0	0	0	0	0.3	77.3095238095
17	20	0	0	0	0	0.6	112.666666667
17	20	0	0	0	0	0.9	195.083333333
17	20	0	0	0	0.5	0	63.1666666667
17	20	0	0	0	0.5	0.3	77.3095238095
17	20	0	0	0	0.5	0.6	112.666666667
17	20	0	0	0	0.5	0.9	195.083333333
17	20	0	0	0	1	0	63.1666666667
17	20	0	0	0	1	0.3	77.3095238095
17	20	0	0	0	1	0.6	112.666666667
17	20	0	0	0	1	0.9	195.083333333
17	20	0	0	0.5	0	0	63.1666666667
17	20	0	0	0.5	0	0.3	77.3095238095
17	20	0	0	0.5	0	0.6	112.666666667
17	20	0	0	0.5	0	0.9	195.083333333
17	20	0	0	0.5	0.5	0	63.1666666667
17	20	0	0	0.5	0.5	0.3	77.3095238095
17	20	0	0	0.5	0.5	0.6	112.666666667
17	20	0	0	0.5	0.5	0.9	195.083333333
17	20	0	0	0.5	1	0	63.1666666667
17	20	0	0	0.5	1	0.3	77.3095238095
17	20	0	0	0.5	1	0.6	112.666666667
17	20	0	0	0.5	1	0.9	195.083333333
17	20	0	0	1	0	0	63.1666666667
17	20	0	0	1	0	0.3	77.3095238095
17	20	0	0	1	0	0.6	112.666666667
17	20	0	0	1	0	0.9	195.083333333
17	20	0	0	1	0.5	0	63.1666666667
17	20	0	0	1	0.5	0.3	77.3095238095
17	20	0	0	1	0.5	0.6	112.666666667
17	20	0	0	1	0.5	0.9	195.083333333
17	20	0	0	1	1	0	63.1666666667
17	20	0	0	1	1	0.3	77.3095238095
17	20	0	0	1	1	0.6	112.666666667
17	20	0	0	1	1	0.9	195.083333333
17	20	0	0.5	0	0	0	63.1666666667
17	20	0	0.5	0	0	0.3	77.3095238095
17	20	0	0.5	0	0	0.6	112.666666667
17	20	0	0.5	0	0	0.9	195.083333333
17	20	0	0.5	0	0.5	0	63.1666666667
17	20	0	0.5	0	0.5	0.3	77.3095238095
17	20	0	0.5	0	0.5	0.6	112.666666667
17	20	0	0.5	0	0.5	0.9	195.083333333
17	20	0	0.5	0	1	0	63.1666666667
17	20	0	0.5	0	1	0.3	77.3095238095
17	20	0	0.5	0	1	0.6	112.666666667
17	20	0	0.5	0	1	0.9	195.083333333
17	20	0	0.5	0.5	0	0	63.1666666667
17	20	0	0.5	0.5	0	0.3	77.3095238095
17	20	0	0.5	0.5	0	0.6	112.666666667
17	20	0	0.5	0.5	0	0.9	195.083333333
17	20	0	0.5	0.5	0.5	0	63.1666666667
17	20	0	0.5	0.5	0.5	0.3	77.3095238095
17	20	0	0.5	0.5	0.5	0.6	112.666666667
17	20	0	0.5	0.5	0.5	0.9	195.083333333
17	20	0	0.5	0.5	1	0	63.1666666667
17	20	0	0.5	0.5	1	0.3	77.3095238095
17	20	0	0.5	0.5	1	0.6	112.666666667
17	20	0	0.5	0.5	1	0.9	195.083333333
17	20	0	0.5	1	0	0	63.1666666667
17	20	0	0.5	1	0	0.3	77.3095238095
17	20	0	0.5	1	0	0.6	112.666666667
17	20	0	0.5	1	0	0.9	195.083333333
17	20	0	0.5	1	0.5	0	63.1666666667
17	20	0	0.5	1	0.5	0.3	77.3095238095
17	20	0	0.5	1	0.5	0.6	112.666666667
17	20	0	0.5	1	0.5	0.9	195.083333333
17	20	0	0.5	1	1	0	63.1666666667
17	20	0	0.5	1	1	0.3	77.3095238095
17	20	0	0.5	1	1	0.6	112.666666667
17	20	0	0.5	1	1	0.9	195.083333333
17	20	0	1	0	0	0	63.1666666667
17	20	0	1	0	0	0.3	77.3095238095
17	20	0	1	0	0	0.6	112.666666667
17	20	0	1	0	0	0.9	195.083333333
17	20	0	1	0	0.5	0	63.1666666667
17	20	0	1	0	0.5	0.3	77.3095238095
17	20	0	1	0	0.5	0.6	112.666666667
17	20	0	1	0	0.5	0.9	195.083333333
17	20	0	1	0	1	0	63.1666666667
17	20	0	1	0	1	0.3	77.3095238095
17	20	0	1	0	1	0.6	112.666666667
17	20	0	1	0	1	0.9	195.083333333
17	20	0	1	0.5	0	0	63.1666666667
17	20	0	1	0.5	0	0.3	77.3095238095
17	20	0	1	0.5	0	0.6	112.666666667
17	20	0	1	0.5	0	0.9	195.083333333
17	20	0	1	0.5	0.5	0	63.1666666667
17	20	0	1	0.5	0.5	0.3	77.3095238095
17	20	0	1	0.5	0.5	0.6	112.666666667
17	20	0	1	0.5	0.5	0.9	195.083333333
17	20	0	1	0.5	1	0	63.1666666667
17	20	0	1	0.5	1	0.3	77.3095238095
17	20	0	1	0.5	1	0.6	112.666666667
17	20	0	1	0.5	1	0.9	195.083333333
17	20	0	1	1	0	0	63.1666666667
17	20	0	1	1	0	0.3	77.3095238095
17	20	0	1	1	0	0.6	112.666666667
17	20	0	1	1	0	0.9	195.083333333
17	20	0	1	1	0.5	0	63.1666666667
17	20	0	1	1	0.5	0.3	77.3095238095
17	20	0	1	1	0.5	0.6	112.666666667
17	20	0	1	1	0.5	0.9	195.083333333
17	20	0	1	1	1	0	63.1666666667
17	20	0	1	1	1	0.3	77.3095238095
17	20	0	1	1	1	0.6	112.666666667
17	20	0	1	1	1	0.9	195.083333333
17	20	0.5	0	0	0	0	63.1666666667
17	20	0.5	0	0	0	0.3	77.3095238095
17	20	0.5	0	0	0	0.6	112.666666667
17	20	0.5	0	0	0	0.9	195.083333333
17	20	0.5	0	0	0.5	0	63.1666666667
17	20	0.5	0	0	0.5	0.3	77.3095238095
17	20	0.5	0	0	0.5	0.6	112.666666667
17	20	0.5	0	0	0.5	0.9	195.083333333
17	20	0.5	0	0	1	0	63.1666666667
17	20	0.5	0	0	1	0.3	77.3095238095
17	20	0.5	0	0	1	0.6	112.666666667
17	20	0.5	0	0	1	0.9	195.083333333
17	20	0.5	0	0.5	0	0	63.1666666667
17	20	0.5	0	0.5	0	0.3	77.3095238095
17	20	0.5	0	0.5	0	0.6	112.666666667
17	20	0.5	0	0.5	0	0.9	195.083333333
17	20	0.5	0	0.5	0.5	0	63.1666666667
17	20	0.5	0	0.5	0.5	0.3	77.3095238095
17	20	0.5	0	0.5	0.5	0.6	112.666666667
17	20	0.5	0	0.5	0.5	0.9	195.083333333
17	20	0.5	0	0.5	1	0	63.1666666667
17	20	0.5	0	0.5	1	0.3	77.3095238095
17	20	0.5	0	0.5	1	0.6	112.666666667
17	20	0.5	0	0.5	1	0.9	195.083333333
17	20	0.5	0	1	0	0	63.1666666667
17	20	0.5	0	1	0	0.3	77.3095238095
17	20	0.5	0	1	0	0.6	112.666666667
17	20	0.5	0	1	0	0.9	195.083333333
17	20	0.5	0	1	0.5	0	63.1666666667
17	20	0.5	0	1	0.5	0.3	77.3095238095
17	20	0.5	0	1	0.5	0.6	112.666666667
17	20	0.5	0	1	0.5	0.9	195.083333333
17	20	0.5	0	1	1	0	63.1666666667
17	20	0.5	0	1	1	0.3	77.3095238095
17	20	0.5	0	1	1	0.6	112.666666667
17	20	0.5	0	1	1	0.9	195.083333333
17	20	0.5	0.5	0	0	0	63.1666666667
17	20	0.5	0.5	0	0	0.3	77.3095238095
17	20	0.5	0.5	0	0	0.6	112.666666667
17	20	0.5	0.5	0	0	0.9	195.083333333
17	20	0.5	0.5	0	0.5	0	63.1666666667
17	20	0.5	0.5	0	0.5	0.3	77.3095238095
17	20	0.5	0.5	0	0.5	0.6	112.666666667
17	20	0.5	0.5	0	0.5	0.9	195.083333333
17	20	0.5	0.5	0	1	0	63.1666666667
17	20	0.5	0.5	0	1	0.3	77.3095238095
17	20	0.5	0.5	0	1	0.6	112.666666667
17	20	0.5	0.5	0	1	0.9	195.083333333
17	20	0.5	0.5	0.5	0	0	63.1666666667
17	20	0.5	0.5	0.5	0	0.3	77.3095238095
17	20	0.5	0.5	0.5	0	0.6	112.666666667
17	20	0.5	0.5	0.5	0	0.9	195.083333333
17	20	0.5	0.5	0.5	0.5	0	63.1666666667
17	20	0.5	0.5	0.5	0.5	0.3	77.3095238095
17	20	0.5	0.5	0.5	0.5	0.6	112.666666667
17	20	0.5	0.5	0.5	0.5	0.9	195.083333333
17	20	0.5	0.5	0.5	1	0	63.1666666667
17	20	0.5	0.5	0.5	1	0.3	77.3095238095
17	20	0.5	0.5	0.5	1	0.6	112.666666667
17	20	0.5	0.5	0.5	1	0.9	195.083333333
17	20	0.5	0.5	1	0	0	63.1666666667
17	20	0.5	0.5	1	0	0.3	77.3095238095
17	20	0.5	0.5	1	0	0.6	112.666666667
17	20	0.5	0.5	1	0	0.9	195.083333333
17	20	0.5	0.5	1	0.5	0	63.1666666667
17	20	0.5	0.5	1	0.5	0.3	77.3095238095
17	20	0.5	0.5	1	0.5	0.6	112.666666667
17	20	0.5	0.5	1	0.5	0.9	195.083333333
17	20	0.5	0.5	1	1	0	63.1666666667
17	20	0.5	0.5	1	1	0.3	77.3095238095
17	20	0.5	0.5	1	1	0.6	112.666666667
17	20	0.5	0.5	1	1	0.9	195.083333333
17	20	0.5	1	0	0	0	63.1666666667
17	20	0.5	1	0	0	0.3	77.3095238095
17	20	0.5	1	0	0	0.6	112.666666667
17	20	0.5	1	0	0	0.9	195.083333333
17	20	0.5	1	0	0.5	0	63.1666666667
17	20	0.5	1	0	0.5	0.3	77.3095238095
17	20	0.5	1	0	0.5	0.6	112.666666667
17	20	0.5	1	0	0.5	0.9	195.083333333
17	20	0.5	1	0	1	0	63.1666666667
17	20	0.5	1	0	1	0.3	77.3095238095
17	20	0.5	1	0	1	0.6	112.666666667
17	20	0.5	1	0	1	0.9	195.083333333
17	20	0.5	1	0.5	0	0	63.1666666667
17	20	0.5	1	0.5	0	0.3	77.3095238095
17	20	0.5	1	0.5	0	0.6	112.666666667
17	20	0.5	1	0.5	0	0.9	195.083333333
17	20	0.5	1	0.5	0.5	0	63.1666666667
17	20	0.5	1	0.5	0.5	0.3	77.3095238095
17	20	0.5	1	0.5	0.5	0.6	112.666666667
17	20	0.5	1	0.5	0.5	0.9	195.083333333
17	20	0.5	1	0.5	1	0	63.1666666667
17	20	0.5	1	0.5	1	0.3	77.3095238095
17	20	0.5	1	0.5	1	0.6	112.666666667
17	20	0.5	1	0.5	1	0.9	195.083333333
17	20	0.5	1	1	0	0	63.1666666667
17	20	0.5	1	1	0	0.3	77.3095238095
17	20	0.5	1	1	0	0.6	112.666666667
17	20	0.5	1	1	0	0.9	195.083333333
17	20	0.5	1	1	0.5	0	63.1666666667
17	20	0.5	1	1	0.5	0.3	77.3095238095
17	20	0.5	1	1	0.5	0.6	112.666666667
17	20	0.5	1	1	0.5	0.9	195.083333333
17	20	0.5	1	1	1	0	63.1666666667
17	20	0.5	1	1	1	0.3	77.3095238095
17	20	0.5	1	1	1	0.6	112.666666667
17	20	0.5	1	1	1	0.9	195.083333333
17	20	1	0	0	0	0	63.1666666667
17	20	1	0	0	0	0.3	77.3095238095
17	20	1	0	0	0	0.6	112.666666667
17	20	1	0	0	0	0.9	195.083333333
17	20	1	0	0	0.5	0	63.1666666667
17	20	1	0	0	0.5	0.3	77.3095238095
17	20	1	0	0	0.5	0.6	112.666666667
17	20	1	0	0	0.5	0.9	195.083333333
17	20	1	0	0	1	0	63.1666666667
17	20	1	0	0	1	0.3	77.3095238095
17	20	1	0	0	1	0.6	112.666666667
17	20	1	0	0	1	0.9	195.083333333
17	20	1	0	0.5	0	0	63.1666666667
17	20	1	0	0.5	0	0.3	77.3095238095
17	20	1	0	0.5	0	0.6	112.666666667
17	20	1	0	0.5	0	0.9	195.083333333
17	20	1	0	0.5	0.5	0	63.1666666667
17	20	1	0	0.5	0.5	0.3	77.3095238095
17	20	1	0	0.5	0.5	0.6	112.666666667
17	20	1	0	0.5	0.5	0.9	195.083333333
17	20	1	0	0.5	1	0	63.1666666667
17	20	1	0	0.5	1	0.3	77.3095238095
17	20	1	0	0.5	1	0.6	112.666666667
17	20	1	0	0.5	1	0.9	195.083333333
17	20	1	0	1	0	0	63.1666666667
17	20	1	0	1	0	0.3	77.3095238095
17	20	1	0	1	0	0.6	112.666666667
17	20	1	0	1	0	0.9	195.083333333
17	20	1	0	1	0.5	0	63.1666666667
17	20	1	0	1	0.5	0.3	77.3095238095
17	20	1	0	1	0.5	0.6	112.666666667
17	20	1	0	1	0.5	0.9	195.083333333
17	20	1	0	1	1	0	63.1666666667
17	20	1	0	1	1	0.3	77.3095238095
17	20	1	0	1	1	0.6	112.666666667
17	20	1	0	1	1	0.9	195.083333333
17	20	1	0.5	0	0	0	63.1666666667
17	20	1	0.5	0	0	0.3	77.3095238095
17	20	1	0.5	0	0	0.6	112.666666667
17	20	1	0.5	0	0	0.9	195.083333333
17	20	1	0.5	0	0.5	0	63.1666666667
17	20	1	0.5	0	0.5	0.3	77.3095238095
17	20	1	0.5	0	0.5	0.6	112.666666667
17	20	1	0.5	0	0.5	0.9	195.083333333
17	20	1	0.5	0	1	0	63.1666666667
17	20	1	0.5	0	1	0.3	77.3095238095
17	20	1	0.5	0	1	0.6	112.666666667
17	20	1	0.5	0	1	0.9	195.083333333
17	20	1	0.5	0.5	0	0	63.1666666667
17	20	1	0.5	0.5	0	0.3	77.3095238095
17	20	1	0.5	0.5	0	0.6	112.666666667
17	20	1	0.5	0.5	0	0.9	195.083333333
17	20	1	0.5	0.5	0.5	0	63.1666666667
17	20	1	0.5	0.5	0.5	0.3	77.3095238095
17	20	1	0.5	0.5	0.5	0.6	112.666666667
17	20	1	0.5	0.5	0.5	0.9	195.083333333
17	20	1	0.5	0.5	1	0	63.1666666667
17	20	1	0.5	0.5	1	0.3	77.3095238095
17	20	1	0.5	0.5	1	0.6	112.666666667
17	20	1	0.5	0.5	1	0.9	195.083333333
17	20	1	0.5	1	0	0	63.1666666667
17	20	1	0.5	1	0	0.3	77.3095238095
17	20	1	0.5	1	0	0.6	112.666666667
17	20	1	0.5	1	0	0.9	195.083333333
17	20	1	0.5	1	0.5	0	63.1666666667
17	20	1	0.5	1	0.5	0.3	77.3095238095
17	20	1	0.5	1	0.5	0.6	112.666666667
17	20	1	0.5	1	0.5	0.9	195.083333333
17	20	1	0.5	1	1	0	63.1666666667
17	20	1	0.5	1	1	0.3	77.3095238095
17	20	1	0.5	1	1	0.6	112.666666667
17	20	1	0.5	1	1	0.9	195.083333333
17	20	1	1	0	0	0	63.1666666667
17	20	1	1	0	0	0.3	77.3095238095
17	20	1	1	0	0	0.6	112.666666667
17	20	1	1	0	0	0.9	195.083333333
17	20	1	1	0	0.5	0	63.1666666667
17	20	1	1	0	0.5	0.3	77.3095238095
17	20	1	1	0	0.5	0.6	112.666666667
17	20	1	1	0	0.5	0.9	195.083333333
17	20	1	1	0	1	0	63.1666666667
17	20	1	1	0	1	0.3	77.3095238095
17	20	1	1	0	1	0.6	112.666666667
17	20	1	1	0	1	0.9	195.083333333
17	20	1	1	0.5	0	0	63.1666666667
17	20	1	1	0.5	0	0.3	77.3095238095
17	20	1	1	0.5	0	0.6	112.666666667
17	20	1	1	0.5	0	0.9	195.083333333
17	20	1	1	0.5	0.5	0	63.1666666667
17	20	1	1	0.5	0.5	0.3	77.3095238095
17	20	1	1	0.5	0.5	0.6	112.666666667
17	20	1	1	0.5	0.5	0.9	195.083333333
17	20	1	1	0.5	1	0	63.1666666667
17	20	1	1	0.5	1	0.3	77.3095238095
17	20	1	1	0.5	1	0.6	112.666666667
17	20	1	1	0.5	1	0.9	195.083333333
17	20	1	1	1	0	0	63.1666666667
17	20	1	1	1	0	0.3	77.3095238095
17	20	1	1	1	0	0.6	112.666666667
17	20	1	1	1	0	0.9	195.083333333
17	20	1	1	1	0.5	0	63.1666666667
17	20	1	1	1	0.5	0.3	77.3095238095
17	20	1	1	1	0.5	0.6	112.666666667
17	20	1	1	1	0.5	0.9	195.083333333
17	20	1	1	1	1	0	63.1666666667
17	20	1	1	1	1	0.3	77.3095238095
17	20	1	1	1	1	0.6	112.666666667
17	20	1	1	1	1	0.9	195.083333333
