pCongFixed	cloudyNode	cloudRadius	rainVolDiscCar	rainVolDiscBus	lanes4Bus	Result
0	1	5	0	0	0	63.1666666667
0	1	5	0	0	1	63.1666666667
0	1	5	0	0.3	0	63.1666666667
0	1	5	0	0.3	1	63.1666666667
0	1	5	0	0.6	0	63.1666666667
0	1	5	0	0.6	1	63.1666666667
0	1	5	0	0.9	0	63.1666666667
0	1	5	0	0.9	1	63.1666666667
0	1	5	0.3	0	0	63.1666666667
0	1	5	0.3	0	1	63.1666666667
0	1	5	0.3	0.3	0	63.1666666667
0	1	5	0.3	0.3	1	63.1666666667
0	1	5	0.3	0.6	0	63.1666666667
0	1	5	0.3	0.6	1	63.1666666667
0	1	5	0.3	0.9	0	63.1666666667
0	1	5	0.3	0.9	1	63.1666666667
0	1	5	0.6	0	0	63.1666666667
0	1	5	0.6	0	1	63.1666666667
0	1	5	0.6	0.3	0	63.1666666667
0	1	5	0.6	0.3	1	63.1666666667
0	1	5	0.6	0.6	0	63.1666666667
0	1	5	0.6	0.6	1	63.1666666667
0	1	5	0.6	0.9	0	63.1666666667
0	1	5	0.6	0.9	1	63.1666666667
0	1	5	0.9	0	0	63.1666666667
0	1	5	0.9	0	1	63.1666666667
0	1	5	0.9	0.3	0	63.1666666667
0	1	5	0.9	0.3	1	63.1666666667
0	1	5	0.9	0.6	0	63.1666666667
0	1	5	0.9	0.6	1	63.1666666667
0	1	5	0.9	0.9	0	63.1666666667
0	1	5	0.9	0.9	1	63.1666666667
0	1	10	0	0	0	63.1666666667
0	1	10	0	0	1	63.1666666667
0	1	10	0	0.3	0	63.1666666667
0	1	10	0	0.3	1	63.1666666667
0	1	10	0	0.6	0	63.1666666667
0	1	10	0	0.6	1	63.1666666667
0	1	10	0	0.9	0	63.1666666667
0	1	10	0	0.9	1	63.1666666667
0	1	10	0.3	0	0	63.1666666667
0	1	10	0.3	0	1	63.1666666667
0	1	10	0.3	0.3	0	63.1666666667
0	1	10	0.3	0.3	1	63.1666666667
0	1	10	0.3	0.6	0	63.1666666667
0	1	10	0.3	0.6	1	63.1666666667
0	1	10	0.3	0.9	0	63.1666666667
0	1	10	0.3	0.9	1	63.1666666667
0	1	10	0.6	0	0	63.1666666667
0	1	10	0.6	0	1	63.1666666667
0	1	10	0.6	0.3	0	63.1666666667
0	1	10	0.6	0.3	1	63.1666666667
0	1	10	0.6	0.6	0	63.1666666667
0	1	10	0.6	0.6	1	63.1666666667
0	1	10	0.6	0.9	0	63.1666666667
0	1	10	0.6	0.9	1	63.1666666667
0	1	10	0.9	0	0	63.1666666667
0	1	10	0.9	0	1	63.1666666667
0	1	10	0.9	0.3	0	63.1666666667
0	1	10	0.9	0.3	1	63.1666666667
0	1	10	0.9	0.6	0	63.1666666667
0	1	10	0.9	0.6	1	63.1666666667
0	1	10	0.9	0.9	0	63.1666666667
0	1	10	0.9	0.9	1	63.1666666667
0	1	15	0	0	0	66.1666666667
0	1	15	0	0	1	66.1666666667
0	1	15	0	0.3	0	66.1666666667
0	1	15	0	0.3	1	66.1666666667
0	1	15	0	0.6	0	66.1666666667
0	1	15	0	0.6	1	66.1666666667
0	1	15	0	0.9	0	65.5833333333
0	1	15	0	0.9	1	65.5833333333
0	1	15	0.3	0	0	66.1666666667
0	1	15	0.3	0	1	66.1666666667
0	1	15	0.3	0.3	0	66.1666666667
0	1	15	0.3	0.3	1	66.1666666667
0	1	15	0.3	0.6	0	66.1666666667
0	1	15	0.3	0.6	1	66.1666666667
0	1	15	0.3	0.9	0	65.5833333333
0	1	15	0.3	0.9	1	65.5833333333
0	1	15	0.6	0	0	66.1666666667
0	1	15	0.6	0	1	66.1666666667
0	1	15	0.6	0.3	0	66.1666666667
0	1	15	0.6	0.3	1	66.1666666667
0	1	15	0.6	0.6	0	66.1666666667
0	1	15	0.6	0.6	1	66.1666666667
0	1	15	0.6	0.9	0	65.5833333333
0	1	15	0.6	0.9	1	65.5833333333
0	1	15	0.9	0	0	63.8333333333
0	1	15	0.9	0	1	63.8333333333
0	1	15	0.9	0.3	0	63.8333333333
0	1	15	0.9	0.3	1	63.8333333333
0	1	15	0.9	0.6	0	63.8333333333
0	1	15	0.9	0.6	1	63.8333333333
0	1	15	0.9	0.9	0	63.8333333333
0	1	15	0.9	0.9	1	63.8333333333
0	1	20	0	0	0	66.1666666667
0	1	20	0	0	1	66.1666666667
0	1	20	0	0.3	0	66.1666666667
0	1	20	0	0.3	1	66.1666666667
0	1	20	0	0.6	0	66.1666666667
0	1	20	0	0.6	1	66.1666666667
0	1	20	0	0.9	0	65.5833333333
0	1	20	0	0.9	1	65.5833333333
0	1	20	0.3	0	0	66.1666666667
0	1	20	0.3	0	1	66.1666666667
0	1	20	0.3	0.3	0	66.1666666667
0	1	20	0.3	0.3	1	66.1666666667
0	1	20	0.3	0.6	0	66.1666666667
0	1	20	0.3	0.6	1	66.1666666667
0	1	20	0.3	0.9	0	65.5833333333
0	1	20	0.3	0.9	1	65.5833333333
0	1	20	0.6	0	0	66.1666666667
0	1	20	0.6	0	1	66.1666666667
0	1	20	0.6	0.3	0	66.1666666667
0	1	20	0.6	0.3	1	66.1666666667
0	1	20	0.6	0.6	0	66.1666666667
0	1	20	0.6	0.6	1	66.1666666667
0	1	20	0.6	0.9	0	65.5833333333
0	1	20	0.6	0.9	1	65.5833333333
0	1	20	0.9	0	0	63.8333333333
0	1	20	0.9	0	1	63.8333333333
0	1	20	0.9	0.3	0	63.8333333333
0	1	20	0.9	0.3	1	63.8333333333
0	1	20	0.9	0.6	0	63.8333333333
0	1	20	0.9	0.6	1	63.8333333333
0	1	20	0.9	0.9	0	63.8333333333
0	1	20	0.9	0.9	1	63.8333333333
0	1	25	0	0	0	66.1666666667
0	1	25	0	0	1	66.1666666667
0	1	25	0	0.3	0	66.1666666667
0	1	25	0	0.3	1	66.1666666667
0	1	25	0	0.6	0	66.1666666667
0	1	25	0	0.6	1	66.1666666667
0	1	25	0	0.9	0	66.1666666667
0	1	25	0	0.9	1	66.1666666667
0	1	25	0.3	0	0	66.1666666667
0	1	25	0.3	0	1	66.1666666667
0	1	25	0.3	0.3	0	66.1666666667
0	1	25	0.3	0.3	1	66.1666666667
0	1	25	0.3	0.6	0	66.1666666667
0	1	25	0.3	0.6	1	66.1666666667
0	1	25	0.3	0.9	0	66.1666666667
0	1	25	0.3	0.9	1	66.1666666667
0	1	25	0.6	0	0	66.1666666667
0	1	25	0.6	0	1	66.1666666667
0	1	25	0.6	0.3	0	66.1666666667
0	1	25	0.6	0.3	1	66.1666666667
0	1	25	0.6	0.6	0	66.1666666667
0	1	25	0.6	0.6	1	66.1666666667
0	1	25	0.6	0.9	0	66.1666666667
0	1	25	0.6	0.9	1	66.1666666667
0	1	25	0.9	0	0	64.5
0	1	25	0.9	0	1	64.5
0	1	25	0.9	0.3	0	64.5
0	1	25	0.9	0.3	1	64.5
0	1	25	0.9	0.6	0	64.5
0	1	25	0.9	0.6	1	64.5
0	1	25	0.9	0.9	0	64.5
0	1	25	0.9	0.9	1	64.5
0	1	30	0	0	0	111.166666667
0	1	30	0	0	1	111.166666667
0	1	30	0	0.3	0	101.25
0	1	30	0	0.3	1	101.25
0	1	30	0	0.6	0	76.25
0	1	30	0	0.6	1	76.25
0	1	30	0	0.9	0	67.9166666667
0	1	30	0	0.9	1	67.9166666667
0	1	30	0.3	0	0	91.1666666667
0	1	30	0.3	0	1	91.1666666667
0	1	30	0.3	0.3	0	91.1666666667
0	1	30	0.3	0.3	1	91.1666666667
0	1	30	0.3	0.6	0	76.25
0	1	30	0.3	0.6	1	76.25
0	1	30	0.3	0.9	0	67.9166666667
0	1	30	0.3	0.9	1	67.9166666667
0	1	30	0.6	0	0	71.1666666667
0	1	30	0.6	0	1	71.1666666667
0	1	30	0.6	0.3	0	71.1666666667
0	1	30	0.6	0.3	1	71.1666666667
0	1	30	0.6	0.6	0	71.1666666667
0	1	30	0.6	0.6	1	71.1666666667
0	1	30	0.6	0.9	0	67.9166666667
0	1	30	0.6	0.9	1	67.9166666667
0	1	30	0.9	0	0	64.5
0	1	30	0.9	0	1	64.5
0	1	30	0.9	0.3	0	64.5
0	1	30	0.9	0.3	1	64.5
0	1	30	0.9	0.6	0	64.5
0	1	30	0.9	0.6	1	64.5
0	1	30	0.9	0.9	0	64.5
0	1	30	0.9	0.9	1	64.5
0	2	5	0	0	0	63.1666666667
0	2	5	0	0	1	63.1666666667
0	2	5	0	0.3	0	63.1666666667
0	2	5	0	0.3	1	63.1666666667
0	2	5	0	0.6	0	63.1666666667
0	2	5	0	0.6	1	63.1666666667
0	2	5	0	0.9	0	63.1666666667
0	2	5	0	0.9	1	63.1666666667
0	2	5	0.3	0	0	63.1666666667
0	2	5	0.3	0	1	63.1666666667
0	2	5	0.3	0.3	0	63.1666666667
0	2	5	0.3	0.3	1	63.1666666667
0	2	5	0.3	0.6	0	63.1666666667
0	2	5	0.3	0.6	1	63.1666666667
0	2	5	0.3	0.9	0	63.1666666667
0	2	5	0.3	0.9	1	63.1666666667
0	2	5	0.6	0	0	63.1666666667
0	2	5	0.6	0	1	63.1666666667
0	2	5	0.6	0.3	0	63.1666666667
0	2	5	0.6	0.3	1	63.1666666667
0	2	5	0.6	0.6	0	63.1666666667
0	2	5	0.6	0.6	1	63.1666666667
0	2	5	0.6	0.9	0	63.1666666667
0	2	5	0.6	0.9	1	63.1666666667
0	2	5	0.9	0	0	63.1666666667
0	2	5	0.9	0	1	63.1666666667
0	2	5	0.9	0.3	0	63.1666666667
0	2	5	0.9	0.3	1	63.1666666667
0	2	5	0.9	0.6	0	63.1666666667
0	2	5	0.9	0.6	1	63.1666666667
0	2	5	0.9	0.9	0	63.1666666667
0	2	5	0.9	0.9	1	63.1666666667
0	2	10	0	0	0	66.1666666667
0	2	10	0	0	1	66.1666666667
0	2	10	0	0.3	0	66.1666666667
0	2	10	0	0.3	1	66.1666666667
0	2	10	0	0.6	0	66.1666666667
0	2	10	0	0.6	1	66.1666666667
0	2	10	0	0.9	0	65.5833333333
0	2	10	0	0.9	1	65.5833333333
0	2	10	0.3	0	0	66.1666666667
0	2	10	0.3	0	1	66.1666666667
0	2	10	0.3	0.3	0	66.1666666667
0	2	10	0.3	0.3	1	66.1666666667
0	2	10	0.3	0.6	0	66.1666666667
0	2	10	0.3	0.6	1	66.1666666667
0	2	10	0.3	0.9	0	65.5833333333
0	2	10	0.3	0.9	1	65.5833333333
0	2	10	0.6	0	0	66.1666666667
0	2	10	0.6	0	1	66.1666666667
0	2	10	0.6	0.3	0	66.1666666667
0	2	10	0.6	0.3	1	66.1666666667
0	2	10	0.6	0.6	0	66.1666666667
0	2	10	0.6	0.6	1	66.1666666667
0	2	10	0.6	0.9	0	65.5833333333
0	2	10	0.6	0.9	1	65.5833333333
0	2	10	0.9	0	0	63.8333333333
0	2	10	0.9	0	1	63.8333333333
0	2	10	0.9	0.3	0	63.8333333333
0	2	10	0.9	0.3	1	63.8333333333
0	2	10	0.9	0.6	0	63.8333333333
0	2	10	0.9	0.6	1	63.8333333333
0	2	10	0.9	0.9	0	63.8333333333
0	2	10	0.9	0.9	1	63.8333333333
0	2	15	0	0	0	66.1666666667
0	2	15	0	0	1	66.1666666667
0	2	15	0	0.3	0	66.1666666667
0	2	15	0	0.3	1	66.1666666667
0	2	15	0	0.6	0	66.1666666667
0	2	15	0	0.6	1	66.1666666667
0	2	15	0	0.9	0	65.5833333333
0	2	15	0	0.9	1	65.5833333333
0	2	15	0.3	0	0	66.1666666667
0	2	15	0.3	0	1	66.1666666667
0	2	15	0.3	0.3	0	66.1666666667
0	2	15	0.3	0.3	1	66.1666666667
0	2	15	0.3	0.6	0	66.1666666667
0	2	15	0.3	0.6	1	66.1666666667
0	2	15	0.3	0.9	0	65.5833333333
0	2	15	0.3	0.9	1	65.5833333333
0	2	15	0.6	0	0	66.1666666667
0	2	15	0.6	0	1	66.1666666667
0	2	15	0.6	0.3	0	66.1666666667
0	2	15	0.6	0.3	1	66.1666666667
0	2	15	0.6	0.6	0	66.1666666667
0	2	15	0.6	0.6	1	66.1666666667
0	2	15	0.6	0.9	0	65.5833333333
0	2	15	0.6	0.9	1	65.5833333333
0	2	15	0.9	0	0	63.8333333333
0	2	15	0.9	0	1	63.8333333333
0	2	15	0.9	0.3	0	63.8333333333
0	2	15	0.9	0.3	1	63.8333333333
0	2	15	0.9	0.6	0	63.8333333333
0	2	15	0.9	0.6	1	63.8333333333
0	2	15	0.9	0.9	0	63.8333333333
0	2	15	0.9	0.9	1	63.8333333333
0	2	20	0	0	0	111.166666667
0	2	20	0	0	1	111.166666667
0	2	20	0	0.3	0	101.25
0	2	20	0	0.3	1	101.25
0	2	20	0	0.6	0	76.25
0	2	20	0	0.6	1	76.25
0	2	20	0	0.9	0	67.9166666667
0	2	20	0	0.9	1	67.9166666667
0	2	20	0.3	0	0	91.1666666667
0	2	20	0.3	0	1	91.1666666667
0	2	20	0.3	0.3	0	91.1666666667
0	2	20	0.3	0.3	1	91.1666666667
0	2	20	0.3	0.6	0	76.25
0	2	20	0.3	0.6	1	76.25
0	2	20	0.3	0.9	0	67.9166666667
0	2	20	0.3	0.9	1	67.9166666667
0	2	20	0.6	0	0	71.1666666667
0	2	20	0.6	0	1	71.1666666667
0	2	20	0.6	0.3	0	71.1666666667
0	2	20	0.6	0.3	1	71.1666666667
0	2	20	0.6	0.6	0	71.1666666667
0	2	20	0.6	0.6	1	71.1666666667
0	2	20	0.6	0.9	0	67.9166666667
0	2	20	0.6	0.9	1	67.9166666667
0	2	20	0.9	0	0	64.5
0	2	20	0.9	0	1	64.5
0	2	20	0.9	0.3	0	64.5
0	2	20	0.9	0.3	1	64.5
0	2	20	0.9	0.6	0	64.5
0	2	20	0.9	0.6	1	64.5
0	2	20	0.9	0.9	0	64.5
0	2	20	0.9	0.9	1	64.5
0	2	25	0	0	0	111.166666667
0	2	25	0	0	1	111.166666667
0	2	25	0	0.3	0	101.25
0	2	25	0	0.3	1	101.25
0	2	25	0	0.6	0	76.25
0	2	25	0	0.6	1	76.25
0	2	25	0	0.9	0	67.9166666667
0	2	25	0	0.9	1	67.9166666667
0	2	25	0.3	0	0	91.1666666667
0	2	25	0.3	0	1	91.1666666667
0	2	25	0.3	0.3	0	91.1666666667
0	2	25	0.3	0.3	1	91.1666666667
0	2	25	0.3	0.6	0	76.25
0	2	25	0.3	0.6	1	76.25
0	2	25	0.3	0.9	0	67.9166666667
0	2	25	0.3	0.9	1	67.9166666667
0	2	25	0.6	0	0	71.1666666667
0	2	25	0.6	0	1	71.1666666667
0	2	25	0.6	0.3	0	71.1666666667
0	2	25	0.6	0.3	1	71.1666666667
0	2	25	0.6	0.6	0	71.1666666667
0	2	25	0.6	0.6	1	71.1666666667
0	2	25	0.6	0.9	0	67.9166666667
0	2	25	0.6	0.9	1	67.9166666667
0	2	25	0.9	0	0	64.5
0	2	25	0.9	0	1	64.5
0	2	25	0.9	0.3	0	64.5
0	2	25	0.9	0.3	1	64.5
0	2	25	0.9	0.6	0	64.5
0	2	25	0.9	0.6	1	64.5
0	2	25	0.9	0.9	0	64.5
0	2	25	0.9	0.9	1	64.5
0	2	30	0	0	0	111.166666667
0	2	30	0	0	1	111.166666667
0	2	30	0	0.3	0	101.25
0	2	30	0	0.3	1	101.25
0	2	30	0	0.6	0	76.25
0	2	30	0	0.6	1	76.25
0	2	30	0	0.9	0	67.9166666667
0	2	30	0	0.9	1	67.9166666667
0	2	30	0.3	0	0	91.1666666667
0	2	30	0.3	0	1	91.1666666667
0	2	30	0.3	0.3	0	91.1666666667
0	2	30	0.3	0.3	1	91.1666666667
0	2	30	0.3	0.6	0	76.25
0	2	30	0.3	0.6	1	76.25
0	2	30	0.3	0.9	0	67.9166666667
0	2	30	0.3	0.9	1	67.9166666667
0	2	30	0.6	0	0	71.1666666667
0	2	30	0.6	0	1	71.1666666667
0	2	30	0.6	0.3	0	71.1666666667
0	2	30	0.6	0.3	1	71.1666666667
0	2	30	0.6	0.6	0	71.1666666667
0	2	30	0.6	0.6	1	71.1666666667
0	2	30	0.6	0.9	0	67.9166666667
0	2	30	0.6	0.9	1	67.9166666667
0	2	30	0.9	0	0	64.5
0	2	30	0.9	0	1	64.5
0	2	30	0.9	0.3	0	64.5
0	2	30	0.9	0.3	1	64.5
0	2	30	0.9	0.6	0	64.5
0	2	30	0.9	0.6	1	64.5
0	2	30	0.9	0.9	0	64.5
0	2	30	0.9	0.9	1	64.5
0	3	5	0	0	0	63.1666666667
0	3	5	0	0	1	63.1666666667
0	3	5	0	0.3	0	63.1666666667
0	3	5	0	0.3	1	63.1666666667
0	3	5	0	0.6	0	63.1666666667
0	3	5	0	0.6	1	63.1666666667
0	3	5	0	0.9	0	63.1666666667
0	3	5	0	0.9	1	63.1666666667
0	3	5	0.3	0	0	63.1666666667
0	3	5	0.3	0	1	63.1666666667
0	3	5	0.3	0.3	0	63.1666666667
0	3	5	0.3	0.3	1	63.1666666667
0	3	5	0.3	0.6	0	63.1666666667
0	3	5	0.3	0.6	1	63.1666666667
0	3	5	0.3	0.9	0	63.1666666667
0	3	5	0.3	0.9	1	63.1666666667
0	3	5	0.6	0	0	63.1666666667
0	3	5	0.6	0	1	63.1666666667
0	3	5	0.6	0.3	0	63.1666666667
0	3	5	0.6	0.3	1	63.1666666667
0	3	5	0.6	0.6	0	63.1666666667
0	3	5	0.6	0.6	1	63.1666666667
0	3	5	0.6	0.9	0	63.1666666667
0	3	5	0.6	0.9	1	63.1666666667
0	3	5	0.9	0	0	63.1666666667
0	3	5	0.9	0	1	63.1666666667
0	3	5	0.9	0.3	0	63.1666666667
0	3	5	0.9	0.3	1	63.1666666667
0	3	5	0.9	0.6	0	63.1666666667
0	3	5	0.9	0.6	1	63.1666666667
0	3	5	0.9	0.9	0	63.1666666667
0	3	5	0.9	0.9	1	63.1666666667
0	3	10	0	0	0	63.1666666667
0	3	10	0	0	1	63.1666666667
0	3	10	0	0.3	0	63.1666666667
0	3	10	0	0.3	1	63.1666666667
0	3	10	0	0.6	0	63.1666666667
0	3	10	0	0.6	1	63.1666666667
0	3	10	0	0.9	0	63.1666666667
0	3	10	0	0.9	1	63.1666666667
0	3	10	0.3	0	0	63.1666666667
0	3	10	0.3	0	1	63.1666666667
0	3	10	0.3	0.3	0	63.1666666667
0	3	10	0.3	0.3	1	63.1666666667
0	3	10	0.3	0.6	0	63.1666666667
0	3	10	0.3	0.6	1	63.1666666667
0	3	10	0.3	0.9	0	63.1666666667
0	3	10	0.3	0.9	1	63.1666666667
0	3	10	0.6	0	0	63.1666666667
0	3	10	0.6	0	1	63.1666666667
0	3	10	0.6	0.3	0	63.1666666667
0	3	10	0.6	0.3	1	63.1666666667
0	3	10	0.6	0.6	0	63.1666666667
0	3	10	0.6	0.6	1	63.1666666667
0	3	10	0.6	0.9	0	63.1666666667
0	3	10	0.6	0.9	1	63.1666666667
0	3	10	0.9	0	0	63.1666666667
0	3	10	0.9	0	1	63.1666666667
0	3	10	0.9	0.3	0	63.1666666667
0	3	10	0.9	0.3	1	63.1666666667
0	3	10	0.9	0.6	0	63.1666666667
0	3	10	0.9	0.6	1	63.1666666667
0	3	10	0.9	0.9	0	63.1666666667
0	3	10	0.9	0.9	1	63.1666666667
0	3	15	0	0	0	63.1666666667
0	3	15	0	0	1	63.1666666667
0	3	15	0	0.3	0	63.1666666667
0	3	15	0	0.3	1	63.1666666667
0	3	15	0	0.6	0	63.1666666667
0	3	15	0	0.6	1	63.1666666667
0	3	15	0	0.9	0	63.1666666667
0	3	15	0	0.9	1	63.1666666667
0	3	15	0.3	0	0	63.1666666667
0	3	15	0.3	0	1	63.1666666667
0	3	15	0.3	0.3	0	63.1666666667
0	3	15	0.3	0.3	1	63.1666666667
0	3	15	0.3	0.6	0	63.1666666667
0	3	15	0.3	0.6	1	63.1666666667
0	3	15	0.3	0.9	0	63.1666666667
0	3	15	0.3	0.9	1	63.1666666667
0	3	15	0.6	0	0	63.1666666667
0	3	15	0.6	0	1	63.1666666667
0	3	15	0.6	0.3	0	63.1666666667
0	3	15	0.6	0.3	1	63.1666666667
0	3	15	0.6	0.6	0	63.1666666667
0	3	15	0.6	0.6	1	63.1666666667
0	3	15	0.6	0.9	0	63.1666666667
0	3	15	0.6	0.9	1	63.1666666667
0	3	15	0.9	0	0	63.1666666667
0	3	15	0.9	0	1	63.1666666667
0	3	15	0.9	0.3	0	63.1666666667
0	3	15	0.9	0.3	1	63.1666666667
0	3	15	0.9	0.6	0	63.1666666667
0	3	15	0.9	0.6	1	63.1666666667
0	3	15	0.9	0.9	0	63.1666666667
0	3	15	0.9	0.9	1	63.1666666667
0	3	20	0	0	0	63.1666666667
0	3	20	0	0	1	63.1666666667
0	3	20	0	0.3	0	63.1666666667
0	3	20	0	0.3	1	63.1666666667
0	3	20	0	0.6	0	63.1666666667
0	3	20	0	0.6	1	63.1666666667
0	3	20	0	0.9	0	63.1666666667
0	3	20	0	0.9	1	63.1666666667
0	3	20	0.3	0	0	63.1666666667
0	3	20	0.3	0	1	63.1666666667
0	3	20	0.3	0.3	0	63.1666666667
0	3	20	0.3	0.3	1	63.1666666667
0	3	20	0.3	0.6	0	63.1666666667
0	3	20	0.3	0.6	1	63.1666666667
0	3	20	0.3	0.9	0	63.1666666667
0	3	20	0.3	0.9	1	63.1666666667
0	3	20	0.6	0	0	63.1666666667
0	3	20	0.6	0	1	63.1666666667
0	3	20	0.6	0.3	0	63.1666666667
0	3	20	0.6	0.3	1	63.1666666667
0	3	20	0.6	0.6	0	63.1666666667
0	3	20	0.6	0.6	1	63.1666666667
0	3	20	0.6	0.9	0	63.1666666667
0	3	20	0.6	0.9	1	63.1666666667
0	3	20	0.9	0	0	63.1666666667
0	3	20	0.9	0	1	63.1666666667
0	3	20	0.9	0.3	0	63.1666666667
0	3	20	0.9	0.3	1	63.1666666667
0	3	20	0.9	0.6	0	63.1666666667
0	3	20	0.9	0.6	1	63.1666666667
0	3	20	0.9	0.9	0	63.1666666667
0	3	20	0.9	0.9	1	63.1666666667
0	3	25	0	0	0	75.1666666667
0	3	25	0	0	1	75.1666666667
0	3	25	0	0.3	0	75.1666666667
0	3	25	0	0.3	1	75.1666666667
0	3	25	0	0.6	0	69.75
0	3	25	0	0.6	1	69.75
0	3	25	0	0.9	0	65.5833333333
0	3	25	0	0.9	1	65.5833333333
0	3	25	0.3	0	0	75.1666666667
0	3	25	0.3	0	1	75.1666666667
0	3	25	0.3	0.3	0	75.1666666667
0	3	25	0.3	0.3	1	75.1666666667
0	3	25	0.3	0.6	0	69.75
0	3	25	0.3	0.6	1	69.75
0	3	25	0.3	0.9	0	65.5833333333
0	3	25	0.3	0.9	1	65.5833333333
0	3	25	0.6	0	0	67.1666666667
0	3	25	0.6	0	1	67.1666666667
0	3	25	0.6	0.3	0	67.1666666667
0	3	25	0.6	0.3	1	67.1666666667
0	3	25	0.6	0.6	0	67.1666666667
0	3	25	0.6	0.6	1	67.1666666667
0	3	25	0.6	0.9	0	65.5833333333
0	3	25	0.6	0.9	1	65.5833333333
0	3	25	0.9	0	0	63.8333333333
0	3	25	0.9	0	1	63.8333333333
0	3	25	0.9	0.3	0	63.8333333333
0	3	25	0.9	0.3	1	63.8333333333
0	3	25	0.9	0.6	0	63.8333333333
0	3	25	0.9	0.6	1	63.8333333333
0	3	25	0.9	0.9	0	63.8333333333
0	3	25	0.9	0.9	1	63.8333333333
0	3	30	0	0	0	102.166666667
0	3	30	0	0	1	102.166666667
0	3	30	0	0.3	0	97.25
0	3	30	0	0.3	1	97.25
0	3	30	0	0.6	0	76.25
0	3	30	0	0.6	1	76.25
0	3	30	0	0.9	0	67.9166666667
0	3	30	0	0.9	1	67.9166666667
0	3	30	0.3	0	0	91.1666666667
0	3	30	0.3	0	1	91.1666666667
0	3	30	0.3	0.3	0	91.1666666667
0	3	30	0.3	0.3	1	91.1666666667
0	3	30	0.3	0.6	0	76.25
0	3	30	0.3	0.6	1	76.25
0	3	30	0.3	0.9	0	67.9166666667
0	3	30	0.3	0.9	1	67.9166666667
0	3	30	0.6	0	0	71.1666666667
0	3	30	0.6	0	1	71.1666666667
0	3	30	0.6	0.3	0	71.1666666667
0	3	30	0.6	0.3	1	71.1666666667
0	3	30	0.6	0.6	0	71.1666666667
0	3	30	0.6	0.6	1	71.1666666667
0	3	30	0.6	0.9	0	67.9166666667
0	3	30	0.6	0.9	1	67.9166666667
0	3	30	0.9	0	0	64.5
0	3	30	0.9	0	1	64.5
0	3	30	0.9	0.3	0	64.5
0	3	30	0.9	0.3	1	64.5
0	3	30	0.9	0.6	0	64.5
0	3	30	0.9	0.6	1	64.5
0	3	30	0.9	0.9	0	64.5
0	3	30	0.9	0.9	1	64.5
0	4	5	0	0	0	63.1666666667
0	4	5	0	0	1	63.1666666667
0	4	5	0	0.3	0	63.1666666667
0	4	5	0	0.3	1	63.1666666667
0	4	5	0	0.6	0	63.1666666667
0	4	5	0	0.6	1	63.1666666667
0	4	5	0	0.9	0	63.1666666667
0	4	5	0	0.9	1	63.1666666667
0	4	5	0.3	0	0	63.1666666667
0	4	5	0.3	0	1	63.1666666667
0	4	5	0.3	0.3	0	63.1666666667
0	4	5	0.3	0.3	1	63.1666666667
0	4	5	0.3	0.6	0	63.1666666667
0	4	5	0.3	0.6	1	63.1666666667
0	4	5	0.3	0.9	0	63.1666666667
0	4	5	0.3	0.9	1	63.1666666667
0	4	5	0.6	0	0	63.1666666667
0	4	5	0.6	0	1	63.1666666667
0	4	5	0.6	0.3	0	63.1666666667
0	4	5	0.6	0.3	1	63.1666666667
0	4	5	0.6	0.6	0	63.1666666667
0	4	5	0.6	0.6	1	63.1666666667
0	4	5	0.6	0.9	0	63.1666666667
0	4	5	0.6	0.9	1	63.1666666667
0	4	5	0.9	0	0	63.1666666667
0	4	5	0.9	0	1	63.1666666667
0	4	5	0.9	0.3	0	63.1666666667
0	4	5	0.9	0.3	1	63.1666666667
0	4	5	0.9	0.6	0	63.1666666667
0	4	5	0.9	0.6	1	63.1666666667
0	4	5	0.9	0.9	0	63.1666666667
0	4	5	0.9	0.9	1	63.1666666667
0	4	10	0	0	0	66.1666666667
0	4	10	0	0	1	66.1666666667
0	4	10	0	0.3	0	66.1666666667
0	4	10	0	0.3	1	66.1666666667
0	4	10	0	0.6	0	66.1666666667
0	4	10	0	0.6	1	66.1666666667
0	4	10	0	0.9	0	65.5833333333
0	4	10	0	0.9	1	65.5833333333
0	4	10	0.3	0	0	66.1666666667
0	4	10	0.3	0	1	66.1666666667
0	4	10	0.3	0.3	0	66.1666666667
0	4	10	0.3	0.3	1	66.1666666667
0	4	10	0.3	0.6	0	66.1666666667
0	4	10	0.3	0.6	1	66.1666666667
0	4	10	0.3	0.9	0	65.5833333333
0	4	10	0.3	0.9	1	65.5833333333
0	4	10	0.6	0	0	66.1666666667
0	4	10	0.6	0	1	66.1666666667
0	4	10	0.6	0.3	0	66.1666666667
0	4	10	0.6	0.3	1	66.1666666667
0	4	10	0.6	0.6	0	66.1666666667
0	4	10	0.6	0.6	1	66.1666666667
0	4	10	0.6	0.9	0	65.5833333333
0	4	10	0.6	0.9	1	65.5833333333
0	4	10	0.9	0	0	63.8333333333
0	4	10	0.9	0	1	63.8333333333
0	4	10	0.9	0.3	0	63.8333333333
0	4	10	0.9	0.3	1	63.8333333333
0	4	10	0.9	0.6	0	63.8333333333
0	4	10	0.9	0.6	1	63.8333333333
0	4	10	0.9	0.9	0	63.8333333333
0	4	10	0.9	0.9	1	63.8333333333
0	4	15	0	0	0	66.1666666667
0	4	15	0	0	1	66.1666666667
0	4	15	0	0.3	0	66.1666666667
0	4	15	0	0.3	1	66.1666666667
0	4	15	0	0.6	0	66.1666666667
0	4	15	0	0.6	1	66.1666666667
0	4	15	0	0.9	0	66.1666666667
0	4	15	0	0.9	1	66.1666666667
0	4	15	0.3	0	0	66.1666666667
0	4	15	0.3	0	1	66.1666666667
0	4	15	0.3	0.3	0	66.1666666667
0	4	15	0.3	0.3	1	66.1666666667
0	4	15	0.3	0.6	0	66.1666666667
0	4	15	0.3	0.6	1	66.1666666667
0	4	15	0.3	0.9	0	66.1666666667
0	4	15	0.3	0.9	1	66.1666666667
0	4	15	0.6	0	0	66.1666666667
0	4	15	0.6	0	1	66.1666666667
0	4	15	0.6	0.3	0	66.1666666667
0	4	15	0.6	0.3	1	66.1666666667
0	4	15	0.6	0.6	0	66.1666666667
0	4	15	0.6	0.6	1	66.1666666667
0	4	15	0.6	0.9	0	66.1666666667
0	4	15	0.6	0.9	1	66.1666666667
0	4	15	0.9	0	0	64.5
0	4	15	0.9	0	1	64.5
0	4	15	0.9	0.3	0	64.5
0	4	15	0.9	0.3	1	64.5
0	4	15	0.9	0.6	0	64.5
0	4	15	0.9	0.6	1	64.5
0	4	15	0.9	0.9	0	64.5
0	4	15	0.9	0.9	1	64.5
0	4	20	0	0	0	66.1666666667
0	4	20	0	0	1	66.1666666667
0	4	20	0	0.3	0	66.1666666667
0	4	20	0	0.3	1	66.1666666667
0	4	20	0	0.6	0	66.1666666667
0	4	20	0	0.6	1	66.1666666667
0	4	20	0	0.9	0	66.1666666667
0	4	20	0	0.9	1	66.1666666667
0	4	20	0.3	0	0	66.1666666667
0	4	20	0.3	0	1	66.1666666667
0	4	20	0.3	0.3	0	66.1666666667
0	4	20	0.3	0.3	1	66.1666666667
0	4	20	0.3	0.6	0	66.1666666667
0	4	20	0.3	0.6	1	66.1666666667
0	4	20	0.3	0.9	0	66.1666666667
0	4	20	0.3	0.9	1	66.1666666667
0	4	20	0.6	0	0	66.1666666667
0	4	20	0.6	0	1	66.1666666667
0	4	20	0.6	0.3	0	66.1666666667
0	4	20	0.6	0.3	1	66.1666666667
0	4	20	0.6	0.6	0	66.1666666667
0	4	20	0.6	0.6	1	66.1666666667
0	4	20	0.6	0.9	0	66.1666666667
0	4	20	0.6	0.9	1	66.1666666667
0	4	20	0.9	0	0	64.5
0	4	20	0.9	0	1	64.5
0	4	20	0.9	0.3	0	64.5
0	4	20	0.9	0.3	1	64.5
0	4	20	0.9	0.6	0	64.5
0	4	20	0.9	0.6	1	64.5
0	4	20	0.9	0.9	0	64.5
0	4	20	0.9	0.9	1	64.5
0	4	25	0	0	0	66.1666666667
0	4	25	0	0	1	66.1666666667
0	4	25	0	0.3	0	66.1666666667
0	4	25	0	0.3	1	66.1666666667
0	4	25	0	0.6	0	66.1666666667
0	4	25	0	0.6	1	66.1666666667
0	4	25	0	0.9	0	66.1666666667
0	4	25	0	0.9	1	66.1666666667
0	4	25	0.3	0	0	66.1666666667
0	4	25	0.3	0	1	66.1666666667
0	4	25	0.3	0.3	0	66.1666666667
0	4	25	0.3	0.3	1	66.1666666667
0	4	25	0.3	0.6	0	66.1666666667
0	4	25	0.3	0.6	1	66.1666666667
0	4	25	0.3	0.9	0	66.1666666667
0	4	25	0.3	0.9	1	66.1666666667
0	4	25	0.6	0	0	66.1666666667
0	4	25	0.6	0	1	66.1666666667
0	4	25	0.6	0.3	0	66.1666666667
0	4	25	0.6	0.3	1	66.1666666667
0	4	25	0.6	0.6	0	66.1666666667
0	4	25	0.6	0.6	1	66.1666666667
0	4	25	0.6	0.9	0	66.1666666667
0	4	25	0.6	0.9	1	66.1666666667
0	4	25	0.9	0	0	64.5
0	4	25	0.9	0	1	64.5
0	4	25	0.9	0.3	0	64.5
0	4	25	0.9	0.3	1	64.5
0	4	25	0.9	0.6	0	64.5
0	4	25	0.9	0.6	1	64.5
0	4	25	0.9	0.9	0	64.5
0	4	25	0.9	0.9	1	64.5
0	4	30	0	0	0	138.416666667
0	4	30	0	0	1	138.416666667
0	4	30	0	0.3	0	123.416666667
0	4	30	0	0.3	1	123.416666667
0	4	30	0	0.6	0	85.9166666667
0	4	30	0	0.6	1	85.9166666667
0	4	30	0	0.9	0	73.4166666667
0	4	30	0	0.9	1	73.4166666667
0	4	30	0.3	0	0	108.166666667
0	4	30	0.3	0	1	108.166666667
0	4	30	0.3	0.3	0	108.166666667
0	4	30	0.3	0.3	1	108.166666667
0	4	30	0.3	0.6	0	85.9166666667
0	4	30	0.3	0.6	1	85.9166666667
0	4	30	0.3	0.9	0	73.4166666667
0	4	30	0.3	0.9	1	73.4166666667
0	4	30	0.6	0	0	78.1666666667
0	4	30	0.6	0	1	78.1666666667
0	4	30	0.6	0.3	0	78.1666666667
0	4	30	0.6	0.3	1	78.1666666667
0	4	30	0.6	0.6	0	78.1666666667
0	4	30	0.6	0.6	1	78.1666666667
0	4	30	0.6	0.9	0	73.4166666667
0	4	30	0.6	0.9	1	73.4166666667
0	4	30	0.9	0	0	66.1666666667
0	4	30	0.9	0	1	66.1666666667
0	4	30	0.9	0.3	0	66.1666666667
0	4	30	0.9	0.3	1	66.1666666667
0	4	30	0.9	0.6	0	66.1666666667
0	4	30	0.9	0.6	1	66.1666666667
0	4	30	0.9	0.9	0	66.1666666667
0	4	30	0.9	0.9	1	66.1666666667
0	5	5	0	0	0	66.1666666667
0	5	5	0	0	1	66.1666666667
0	5	5	0	0.3	0	66.1666666667
0	5	5	0	0.3	1	66.1666666667
0	5	5	0	0.6	0	66.1666666667
0	5	5	0	0.6	1	66.1666666667
0	5	5	0	0.9	0	65.5833333333
0	5	5	0	0.9	1	65.5833333333
0	5	5	0.3	0	0	66.1666666667
0	5	5	0.3	0	1	66.1666666667
0	5	5	0.3	0.3	0	66.1666666667
0	5	5	0.3	0.3	1	66.1666666667
0	5	5	0.3	0.6	0	66.1666666667
0	5	5	0.3	0.6	1	66.1666666667
0	5	5	0.3	0.9	0	65.5833333333
0	5	5	0.3	0.9	1	65.5833333333
0	5	5	0.6	0	0	66.1666666667
0	5	5	0.6	0	1	66.1666666667
0	5	5	0.6	0.3	0	66.1666666667
0	5	5	0.6	0.3	1	66.1666666667
0	5	5	0.6	0.6	0	66.1666666667
0	5	5	0.6	0.6	1	66.1666666667
0	5	5	0.6	0.9	0	65.5833333333
0	5	5	0.6	0.9	1	65.5833333333
0	5	5	0.9	0	0	63.8333333333
0	5	5	0.9	0	1	63.8333333333
0	5	5	0.9	0.3	0	63.8333333333
0	5	5	0.9	0.3	1	63.8333333333
0	5	5	0.9	0.6	0	63.8333333333
0	5	5	0.9	0.6	1	63.8333333333
0	5	5	0.9	0.9	0	63.8333333333
0	5	5	0.9	0.9	1	63.8333333333
0	5	10	0	0	0	66.1666666667
0	5	10	0	0	1	66.1666666667
0	5	10	0	0.3	0	66.1666666667
0	5	10	0	0.3	1	66.1666666667
0	5	10	0	0.6	0	66.1666666667
0	5	10	0	0.6	1	66.1666666667
0	5	10	0	0.9	0	66.1666666667
0	5	10	0	0.9	1	66.1666666667
0	5	10	0.3	0	0	66.1666666667
0	5	10	0.3	0	1	66.1666666667
0	5	10	0.3	0.3	0	66.1666666667
0	5	10	0.3	0.3	1	66.1666666667
0	5	10	0.3	0.6	0	66.1666666667
0	5	10	0.3	0.6	1	66.1666666667
0	5	10	0.3	0.9	0	66.1666666667
0	5	10	0.3	0.9	1	66.1666666667
0	5	10	0.6	0	0	66.1666666667
0	5	10	0.6	0	1	66.1666666667
0	5	10	0.6	0.3	0	66.1666666667
0	5	10	0.6	0.3	1	66.1666666667
0	5	10	0.6	0.6	0	66.1666666667
0	5	10	0.6	0.6	1	66.1666666667
0	5	10	0.6	0.9	0	66.1666666667
0	5	10	0.6	0.9	1	66.1666666667
0	5	10	0.9	0	0	64.5
0	5	10	0.9	0	1	64.5
0	5	10	0.9	0.3	0	64.5
0	5	10	0.9	0.3	1	64.5
0	5	10	0.9	0.6	0	64.5
0	5	10	0.9	0.6	1	64.5
0	5	10	0.9	0.9	0	64.5
0	5	10	0.9	0.9	1	64.5
0	5	15	0	0	0	66.1666666667
0	5	15	0	0	1	66.1666666667
0	5	15	0	0.3	0	66.1666666667
0	5	15	0	0.3	1	66.1666666667
0	5	15	0	0.6	0	66.1666666667
0	5	15	0	0.6	1	66.1666666667
0	5	15	0	0.9	0	66.1666666667
0	5	15	0	0.9	1	66.1666666667
0	5	15	0.3	0	0	66.1666666667
0	5	15	0.3	0	1	66.1666666667
0	5	15	0.3	0.3	0	66.1666666667
0	5	15	0.3	0.3	1	66.1666666667
0	5	15	0.3	0.6	0	66.1666666667
0	5	15	0.3	0.6	1	66.1666666667
0	5	15	0.3	0.9	0	66.1666666667
0	5	15	0.3	0.9	1	66.1666666667
0	5	15	0.6	0	0	66.1666666667
0	5	15	0.6	0	1	66.1666666667
0	5	15	0.6	0.3	0	66.1666666667
0	5	15	0.6	0.3	1	66.1666666667
0	5	15	0.6	0.6	0	66.1666666667
0	5	15	0.6	0.6	1	66.1666666667
0	5	15	0.6	0.9	0	66.1666666667
0	5	15	0.6	0.9	1	66.1666666667
0	5	15	0.9	0	0	64.5
0	5	15	0.9	0	1	64.5
0	5	15	0.9	0.3	0	64.5
0	5	15	0.9	0.3	1	64.5
0	5	15	0.9	0.6	0	64.5
0	5	15	0.9	0.6	1	64.5
0	5	15	0.9	0.9	0	64.5
0	5	15	0.9	0.9	1	64.5
0	5	20	0	0	0	90.3333333333
0	5	20	0	0	1	90.3333333333
0	5	20	0	0.3	0	85.3333333333
0	5	20	0	0.3	1	85.3333333333
0	5	20	0	0.6	0	72.8333333333
0	5	20	0	0.6	1	72.8333333333
0	5	20	0	0.9	0	67.9166666667
0	5	20	0	0.9	1	67.9166666667
0	5	20	0.3	0	0	80.1666666667
0	5	20	0.3	0	1	80.1666666667
0	5	20	0.3	0.3	0	80.1666666667
0	5	20	0.3	0.3	1	80.1666666667
0	5	20	0.3	0.6	0	72.8333333333
0	5	20	0.3	0.6	1	72.8333333333
0	5	20	0.3	0.9	0	67.9166666667
0	5	20	0.3	0.9	1	67.9166666667
0	5	20	0.6	0	0	70.1666666667
0	5	20	0.6	0	1	70.1666666667
0	5	20	0.6	0.3	0	70.1666666667
0	5	20	0.6	0.3	1	70.1666666667
0	5	20	0.6	0.6	0	70.1666666667
0	5	20	0.6	0.6	1	70.1666666667
0	5	20	0.6	0.9	0	67.9166666667
0	5	20	0.6	0.9	1	67.9166666667
0	5	20	0.9	0	0	64.5
0	5	20	0.9	0	1	64.5
0	5	20	0.9	0.3	0	64.5
0	5	20	0.9	0.3	1	64.5
0	5	20	0.9	0.6	0	64.5
0	5	20	0.9	0.6	1	64.5
0	5	20	0.9	0.9	0	64.5
0	5	20	0.9	0.9	1	64.5
0	5	25	0	0	0	138.166666667
0	5	25	0	0	1	138.166666667
0	5	25	0	0.3	0	123.25
0	5	25	0	0.3	1	123.25
0	5	25	0	0.6	0	85.75
0	5	25	0	0.6	1	85.75
0	5	25	0	0.9	0	71.4166666667
0	5	25	0	0.9	1	71.4166666667
0	5	25	0.3	0	0	108.166666667
0	5	25	0.3	0	1	108.166666667
0	5	25	0.3	0.3	0	108.166666667
0	5	25	0.3	0.3	1	108.166666667
0	5	25	0.3	0.6	0	85.75
0	5	25	0.3	0.6	1	85.75
0	5	25	0.3	0.9	0	71.4166666667
0	5	25	0.3	0.9	1	71.4166666667
0	5	25	0.6	0	0	77.1666666667
0	5	25	0.6	0	1	77.1666666667
0	5	25	0.6	0.3	0	77.1666666667
0	5	25	0.6	0.3	1	77.1666666667
0	5	25	0.6	0.6	0	77.1666666667
0	5	25	0.6	0.6	1	77.1666666667
0	5	25	0.6	0.9	0	71.4166666667
0	5	25	0.6	0.9	1	71.4166666667
0	5	25	0.9	0	0	65.5
0	5	25	0.9	0	1	65.5
0	5	25	0.9	0.3	0	65.5
0	5	25	0.9	0.3	1	65.5
0	5	25	0.9	0.6	0	65.5
0	5	25	0.9	0.6	1	65.5
0	5	25	0.9	0.9	0	65.5
0	5	25	0.9	0.9	1	65.5
0	5	30	0	0	0	138.166666667
0	5	30	0	0	1	138.166666667
0	5	30	0	0.3	0	123.25
0	5	30	0	0.3	1	123.25
0	5	30	0	0.6	0	85.75
0	5	30	0	0.6	1	85.75
0	5	30	0	0.9	0	71.4166666667
0	5	30	0	0.9	1	71.4166666667
0	5	30	0.3	0	0	108.166666667
0	5	30	0.3	0	1	108.166666667
0	5	30	0.3	0.3	0	108.166666667
0	5	30	0.3	0.3	1	108.166666667
0	5	30	0.3	0.6	0	85.75
0	5	30	0.3	0.6	1	85.75
0	5	30	0.3	0.9	0	71.4166666667
0	5	30	0.3	0.9	1	71.4166666667
0	5	30	0.6	0	0	77.1666666667
0	5	30	0.6	0	1	77.1666666667
0	5	30	0.6	0.3	0	77.1666666667
0	5	30	0.6	0.3	1	77.1666666667
0	5	30	0.6	0.6	0	77.1666666667
0	5	30	0.6	0.6	1	77.1666666667
0	5	30	0.6	0.9	0	71.4166666667
0	5	30	0.6	0.9	1	71.4166666667
0	5	30	0.9	0	0	65.5
0	5	30	0.9	0	1	65.5
0	5	30	0.9	0.3	0	65.5
0	5	30	0.9	0.3	1	65.5
0	5	30	0.9	0.6	0	65.5
0	5	30	0.9	0.6	1	65.5
0	5	30	0.9	0.9	0	65.5
0	5	30	0.9	0.9	1	65.5
0	6	5	0	0	0	63.1666666667
0	6	5	0	0	1	63.1666666667
0	6	5	0	0.3	0	63.1666666667
0	6	5	0	0.3	1	63.1666666667
0	6	5	0	0.6	0	63.1666666667
0	6	5	0	0.6	1	63.1666666667
0	6	5	0	0.9	0	63.1666666667
0	6	5	0	0.9	1	63.1666666667
0	6	5	0.3	0	0	63.1666666667
0	6	5	0.3	0	1	63.1666666667
0	6	5	0.3	0.3	0	63.1666666667
0	6	5	0.3	0.3	1	63.1666666667
0	6	5	0.3	0.6	0	63.1666666667
0	6	5	0.3	0.6	1	63.1666666667
0	6	5	0.3	0.9	0	63.1666666667
0	6	5	0.3	0.9	1	63.1666666667
0	6	5	0.6	0	0	63.1666666667
0	6	5	0.6	0	1	63.1666666667
0	6	5	0.6	0.3	0	63.1666666667
0	6	5	0.6	0.3	1	63.1666666667
0	6	5	0.6	0.6	0	63.1666666667
0	6	5	0.6	0.6	1	63.1666666667
0	6	5	0.6	0.9	0	63.1666666667
0	6	5	0.6	0.9	1	63.1666666667
0	6	5	0.9	0	0	63.1666666667
0	6	5	0.9	0	1	63.1666666667
0	6	5	0.9	0.3	0	63.1666666667
0	6	5	0.9	0.3	1	63.1666666667
0	6	5	0.9	0.6	0	63.1666666667
0	6	5	0.9	0.6	1	63.1666666667
0	6	5	0.9	0.9	0	63.1666666667
0	6	5	0.9	0.9	1	63.1666666667
0	6	10	0	0	0	66.1666666667
0	6	10	0	0	1	66.1666666667
0	6	10	0	0.3	0	66.1666666667
0	6	10	0	0.3	1	66.1666666667
0	6	10	0	0.6	0	66.1666666667
0	6	10	0	0.6	1	66.1666666667
0	6	10	0	0.9	0	65.5833333333
0	6	10	0	0.9	1	65.5833333333
0	6	10	0.3	0	0	66.1666666667
0	6	10	0.3	0	1	66.1666666667
0	6	10	0.3	0.3	0	66.1666666667
0	6	10	0.3	0.3	1	66.1666666667
0	6	10	0.3	0.6	0	66.1666666667
0	6	10	0.3	0.6	1	66.1666666667
0	6	10	0.3	0.9	0	65.5833333333
0	6	10	0.3	0.9	1	65.5833333333
0	6	10	0.6	0	0	66.1666666667
0	6	10	0.6	0	1	66.1666666667
0	6	10	0.6	0.3	0	66.1666666667
0	6	10	0.6	0.3	1	66.1666666667
0	6	10	0.6	0.6	0	66.1666666667
0	6	10	0.6	0.6	1	66.1666666667
0	6	10	0.6	0.9	0	65.5833333333
0	6	10	0.6	0.9	1	65.5833333333
0	6	10	0.9	0	0	63.8333333333
0	6	10	0.9	0	1	63.8333333333
0	6	10	0.9	0.3	0	63.8333333333
0	6	10	0.9	0.3	1	63.8333333333
0	6	10	0.9	0.6	0	63.8333333333
0	6	10	0.9	0.6	1	63.8333333333
0	6	10	0.9	0.9	0	63.8333333333
0	6	10	0.9	0.9	1	63.8333333333
0	6	15	0	0	0	78.1666666667
0	6	15	0	0	1	78.1666666667
0	6	15	0	0.3	0	78.1666666667
0	6	15	0	0.3	1	78.1666666667
0	6	15	0	0.6	0	76.25
0	6	15	0	0.6	1	76.25
0	6	15	0	0.9	0	67.9166666667
0	6	15	0	0.9	1	67.9166666667
0	6	15	0.3	0	0	78.1666666667
0	6	15	0.3	0	1	78.1666666667
0	6	15	0.3	0.3	0	78.1666666667
0	6	15	0.3	0.3	1	78.1666666667
0	6	15	0.3	0.6	0	76.25
0	6	15	0.3	0.6	1	76.25
0	6	15	0.3	0.9	0	67.9166666667
0	6	15	0.3	0.9	1	67.9166666667
0	6	15	0.6	0	0	71.1666666667
0	6	15	0.6	0	1	71.1666666667
0	6	15	0.6	0.3	0	71.1666666667
0	6	15	0.6	0.3	1	71.1666666667
0	6	15	0.6	0.6	0	71.1666666667
0	6	15	0.6	0.6	1	71.1666666667
0	6	15	0.6	0.9	0	67.9166666667
0	6	15	0.6	0.9	1	67.9166666667
0	6	15	0.9	0	0	64.5
0	6	15	0.9	0	1	64.5
0	6	15	0.9	0.3	0	64.5
0	6	15	0.9	0.3	1	64.5
0	6	15	0.9	0.6	0	64.5
0	6	15	0.9	0.6	1	64.5
0	6	15	0.9	0.9	0	64.5
0	6	15	0.9	0.9	1	64.5
0	6	20	0	0	0	114.166666667
0	6	20	0	0	1	114.166666667
0	6	20	0	0.3	0	103.25
0	6	20	0	0.3	1	103.25
0	6	20	0	0.6	0	79.25
0	6	20	0	0.6	1	79.25
0	6	20	0	0.9	0	70.9166666667
0	6	20	0	0.9	1	70.9166666667
0	6	20	0.3	0	0	92.1666666667
0	6	20	0.3	0	1	92.1666666667
0	6	20	0.3	0.3	0	92.1666666667
0	6	20	0.3	0.3	1	92.1666666667
0	6	20	0.3	0.6	0	79.25
0	6	20	0.3	0.6	1	79.25
0	6	20	0.3	0.9	0	70.9166666667
0	6	20	0.3	0.9	1	70.9166666667
0	6	20	0.6	0	0	74.1666666667
0	6	20	0.6	0	1	74.1666666667
0	6	20	0.6	0.3	0	74.1666666667
0	6	20	0.6	0.3	1	74.1666666667
0	6	20	0.6	0.6	0	74.1666666667
0	6	20	0.6	0.6	1	74.1666666667
0	6	20	0.6	0.9	0	70.9166666667
0	6	20	0.6	0.9	1	70.9166666667
0	6	20	0.9	0	0	65.5
0	6	20	0.9	0	1	65.5
0	6	20	0.9	0.3	0	65.5
0	6	20	0.9	0.3	1	65.5
0	6	20	0.9	0.6	0	65.5
0	6	20	0.9	0.6	1	65.5
0	6	20	0.9	0.9	0	65.5
0	6	20	0.9	0.9	1	65.5
0	6	25	0	0	0	138.166666667
0	6	25	0	0	1	138.166666667
0	6	25	0	0.3	0	123.25
0	6	25	0	0.3	1	123.25
0	6	25	0	0.6	0	85.75
0	6	25	0	0.6	1	85.75
0	6	25	0	0.9	0	71.4166666667
0	6	25	0	0.9	1	71.4166666667
0	6	25	0.3	0	0	108.166666667
0	6	25	0.3	0	1	108.166666667
0	6	25	0.3	0.3	0	108.166666667
0	6	25	0.3	0.3	1	108.166666667
0	6	25	0.3	0.6	0	85.75
0	6	25	0.3	0.6	1	85.75
0	6	25	0.3	0.9	0	71.4166666667
0	6	25	0.3	0.9	1	71.4166666667
0	6	25	0.6	0	0	77.1666666667
0	6	25	0.6	0	1	77.1666666667
0	6	25	0.6	0.3	0	77.1666666667
0	6	25	0.6	0.3	1	77.1666666667
0	6	25	0.6	0.6	0	77.1666666667
0	6	25	0.6	0.6	1	77.1666666667
0	6	25	0.6	0.9	0	71.4166666667
0	6	25	0.6	0.9	1	71.4166666667
0	6	25	0.9	0	0	65.5
0	6	25	0.9	0	1	65.5
0	6	25	0.9	0.3	0	65.5
0	6	25	0.9	0.3	1	65.5
0	6	25	0.9	0.6	0	65.5
0	6	25	0.9	0.6	1	65.5
0	6	25	0.9	0.9	0	65.5
0	6	25	0.9	0.9	1	65.5
0	6	30	0	0	0	162.166666667
0	6	30	0	0	1	162.166666667
0	6	30	0	0.3	0	142.25
0	6	30	0	0.3	1	142.25
0	6	30	0	0.6	0	92.25
0	6	30	0	0.6	1	92.25
0	6	30	0	0.9	0	75.1666666667
0	6	30	0	0.9	1	75.1666666667
0	6	30	0.3	0	0	122.166666667
0	6	30	0.3	0	1	122.166666667
0	6	30	0.3	0.3	0	122.166666667
0	6	30	0.3	0.3	1	122.166666667
0	6	30	0.3	0.6	0	92.25
0	6	30	0.3	0.6	1	92.25
0	6	30	0.3	0.9	0	75.1666666667
0	6	30	0.3	0.9	1	75.1666666667
0	6	30	0.6	0	0	81.1666666667
0	6	30	0.6	0	1	81.1666666667
0	6	30	0.6	0.3	0	81.1666666667
0	6	30	0.6	0.3	1	81.1666666667
0	6	30	0.6	0.6	0	81.1666666667
0	6	30	0.6	0.6	1	81.1666666667
0	6	30	0.6	0.9	0	75.1666666667
0	6	30	0.6	0.9	1	75.1666666667
0	6	30	0.9	0	0	66.1666666667
0	6	30	0.9	0	1	66.1666666667
0	6	30	0.9	0.3	0	66.1666666667
0	6	30	0.9	0.3	1	66.1666666667
0	6	30	0.9	0.6	0	66.1666666667
0	6	30	0.9	0.6	1	66.1666666667
0	6	30	0.9	0.9	0	66.1666666667
0	6	30	0.9	0.9	1	66.1666666667
0	7	5	0	0	0	63.1666666667
0	7	5	0	0	1	63.1666666667
0	7	5	0	0.3	0	63.1666666667
0	7	5	0	0.3	1	63.1666666667
0	7	5	0	0.6	0	63.1666666667
0	7	5	0	0.6	1	63.1666666667
0	7	5	0	0.9	0	63.1666666667
0	7	5	0	0.9	1	63.1666666667
0	7	5	0.3	0	0	63.1666666667
0	7	5	0.3	0	1	63.1666666667
0	7	5	0.3	0.3	0	63.1666666667
0	7	5	0.3	0.3	1	63.1666666667
0	7	5	0.3	0.6	0	63.1666666667
0	7	5	0.3	0.6	1	63.1666666667
0	7	5	0.3	0.9	0	63.1666666667
0	7	5	0.3	0.9	1	63.1666666667
0	7	5	0.6	0	0	63.1666666667
0	7	5	0.6	0	1	63.1666666667
0	7	5	0.6	0.3	0	63.1666666667
0	7	5	0.6	0.3	1	63.1666666667
0	7	5	0.6	0.6	0	63.1666666667
0	7	5	0.6	0.6	1	63.1666666667
0	7	5	0.6	0.9	0	63.1666666667
0	7	5	0.6	0.9	1	63.1666666667
0	7	5	0.9	0	0	63.1666666667
0	7	5	0.9	0	1	63.1666666667
0	7	5	0.9	0.3	0	63.1666666667
0	7	5	0.9	0.3	1	63.1666666667
0	7	5	0.9	0.6	0	63.1666666667
0	7	5	0.9	0.6	1	63.1666666667
0	7	5	0.9	0.9	0	63.1666666667
0	7	5	0.9	0.9	1	63.1666666667
0	7	10	0	0	0	63.1666666667
0	7	10	0	0	1	63.1666666667
0	7	10	0	0.3	0	63.1666666667
0	7	10	0	0.3	1	63.1666666667
0	7	10	0	0.6	0	63.1666666667
0	7	10	0	0.6	1	63.1666666667
0	7	10	0	0.9	0	63.1666666667
0	7	10	0	0.9	1	63.1666666667
0	7	10	0.3	0	0	63.1666666667
0	7	10	0.3	0	1	63.1666666667
0	7	10	0.3	0.3	0	63.1666666667
0	7	10	0.3	0.3	1	63.1666666667
0	7	10	0.3	0.6	0	63.1666666667
0	7	10	0.3	0.6	1	63.1666666667
0	7	10	0.3	0.9	0	63.1666666667
0	7	10	0.3	0.9	1	63.1666666667
0	7	10	0.6	0	0	63.1666666667
0	7	10	0.6	0	1	63.1666666667
0	7	10	0.6	0.3	0	63.1666666667
0	7	10	0.6	0.3	1	63.1666666667
0	7	10	0.6	0.6	0	63.1666666667
0	7	10	0.6	0.6	1	63.1666666667
0	7	10	0.6	0.9	0	63.1666666667
0	7	10	0.6	0.9	1	63.1666666667
0	7	10	0.9	0	0	63.1666666667
0	7	10	0.9	0	1	63.1666666667
0	7	10	0.9	0.3	0	63.1666666667
0	7	10	0.9	0.3	1	63.1666666667
0	7	10	0.9	0.6	0	63.1666666667
0	7	10	0.9	0.6	1	63.1666666667
0	7	10	0.9	0.9	0	63.1666666667
0	7	10	0.9	0.9	1	63.1666666667
0	7	15	0	0	0	63.1666666667
0	7	15	0	0	1	63.1666666667
0	7	15	0	0.3	0	63.1666666667
0	7	15	0	0.3	1	63.1666666667
0	7	15	0	0.6	0	63.1666666667
0	7	15	0	0.6	1	63.1666666667
0	7	15	0	0.9	0	63.1666666667
0	7	15	0	0.9	1	63.1666666667
0	7	15	0.3	0	0	63.1666666667
0	7	15	0.3	0	1	63.1666666667
0	7	15	0.3	0.3	0	63.1666666667
0	7	15	0.3	0.3	1	63.1666666667
0	7	15	0.3	0.6	0	63.1666666667
0	7	15	0.3	0.6	1	63.1666666667
0	7	15	0.3	0.9	0	63.1666666667
0	7	15	0.3	0.9	1	63.1666666667
0	7	15	0.6	0	0	63.1666666667
0	7	15	0.6	0	1	63.1666666667
0	7	15	0.6	0.3	0	63.1666666667
0	7	15	0.6	0.3	1	63.1666666667
0	7	15	0.6	0.6	0	63.1666666667
0	7	15	0.6	0.6	1	63.1666666667
0	7	15	0.6	0.9	0	63.1666666667
0	7	15	0.6	0.9	1	63.1666666667
0	7	15	0.9	0	0	63.1666666667
0	7	15	0.9	0	1	63.1666666667
0	7	15	0.9	0.3	0	63.1666666667
0	7	15	0.9	0.3	1	63.1666666667
0	7	15	0.9	0.6	0	63.1666666667
0	7	15	0.9	0.6	1	63.1666666667
0	7	15	0.9	0.9	0	63.1666666667
0	7	15	0.9	0.9	1	63.1666666667
0	7	20	0	0	0	75.1666666667
0	7	20	0	0	1	75.1666666667
0	7	20	0	0.3	0	75.1666666667
0	7	20	0	0.3	1	75.1666666667
0	7	20	0	0.6	0	69.75
0	7	20	0	0.6	1	69.75
0	7	20	0	0.9	0	65.5833333333
0	7	20	0	0.9	1	65.5833333333
0	7	20	0.3	0	0	75.1666666667
0	7	20	0.3	0	1	75.1666666667
0	7	20	0.3	0.3	0	75.1666666667
0	7	20	0.3	0.3	1	75.1666666667
0	7	20	0.3	0.6	0	69.75
0	7	20	0.3	0.6	1	69.75
0	7	20	0.3	0.9	0	65.5833333333
0	7	20	0.3	0.9	1	65.5833333333
0	7	20	0.6	0	0	67.1666666667
0	7	20	0.6	0	1	67.1666666667
0	7	20	0.6	0.3	0	67.1666666667
0	7	20	0.6	0.3	1	67.1666666667
0	7	20	0.6	0.6	0	67.1666666667
0	7	20	0.6	0.6	1	67.1666666667
0	7	20	0.6	0.9	0	65.5833333333
0	7	20	0.6	0.9	1	65.5833333333
0	7	20	0.9	0	0	63.8333333333
0	7	20	0.9	0	1	63.8333333333
0	7	20	0.9	0.3	0	63.8333333333
0	7	20	0.9	0.3	1	63.8333333333
0	7	20	0.9	0.6	0	63.8333333333
0	7	20	0.9	0.6	1	63.8333333333
0	7	20	0.9	0.9	0	63.8333333333
0	7	20	0.9	0.9	1	63.8333333333
0	7	25	0	0	0	78.1666666667
0	7	25	0	0	1	78.1666666667
0	7	25	0	0.3	0	78.1666666667
0	7	25	0	0.3	1	78.1666666667
0	7	25	0	0.6	0	78.1666666667
0	7	25	0	0.6	1	78.1666666667
0	7	25	0	0.9	0	70.9166666667
0	7	25	0	0.9	1	70.9166666667
0	7	25	0.3	0	0	78.1666666667
0	7	25	0.3	0	1	78.1666666667
0	7	25	0.3	0.3	0	78.1666666667
0	7	25	0.3	0.3	1	78.1666666667
0	7	25	0.3	0.6	0	78.1666666667
0	7	25	0.3	0.6	1	78.1666666667
0	7	25	0.3	0.9	0	70.9166666667
0	7	25	0.3	0.9	1	70.9166666667
0	7	25	0.6	0	0	74.1666666667
0	7	25	0.6	0	1	74.1666666667
0	7	25	0.6	0.3	0	74.1666666667
0	7	25	0.6	0.3	1	74.1666666667
0	7	25	0.6	0.6	0	74.1666666667
0	7	25	0.6	0.6	1	74.1666666667
0	7	25	0.6	0.9	0	70.9166666667
0	7	25	0.6	0.9	1	70.9166666667
0	7	25	0.9	0	0	65.5
0	7	25	0.9	0	1	65.5
0	7	25	0.9	0.3	0	65.5
0	7	25	0.9	0.3	1	65.5
0	7	25	0.9	0.6	0	65.5
0	7	25	0.9	0.6	1	65.5
0	7	25	0.9	0.9	0	65.5
0	7	25	0.9	0.9	1	65.5
0	7	30	0	0	0	174.25
0	7	30	0	0	1	174.25
0	7	30	0	0.3	0	125.166666667
0	7	30	0	0.3	1	125.166666667
0	7	30	0	0.6	0	93.8333333333
0	7	30	0	0.6	1	93.8333333333
0	7	30	0	0.9	0	75.1666666667
0	7	30	0	0.9	1	75.1666666667
0	7	30	0.3	0	0	106.166666667
0	7	30	0.3	0	1	106.166666667
0	7	30	0.3	0.3	0	106.166666667
0	7	30	0.3	0.3	1	106.166666667
0	7	30	0.3	0.6	0	93.8333333333
0	7	30	0.3	0.6	1	93.8333333333
0	7	30	0.3	0.9	0	75.1666666667
0	7	30	0.3	0.9	1	75.1666666667
0	7	30	0.6	0	0	81.1666666667
0	7	30	0.6	0	1	81.1666666667
0	7	30	0.6	0.3	0	81.1666666667
0	7	30	0.6	0.3	1	81.1666666667
0	7	30	0.6	0.6	0	81.1666666667
0	7	30	0.6	0.6	1	81.1666666667
0	7	30	0.6	0.9	0	75.1666666667
0	7	30	0.6	0.9	1	75.1666666667
0	7	30	0.9	0	0	66.1666666667
0	7	30	0.9	0	1	66.1666666667
0	7	30	0.9	0.3	0	66.1666666667
0	7	30	0.9	0.3	1	66.1666666667
0	7	30	0.9	0.6	0	66.1666666667
0	7	30	0.9	0.6	1	66.1666666667
0	7	30	0.9	0.9	0	66.1666666667
0	7	30	0.9	0.9	1	66.1666666667
0	8	5	0	0	0	63.1666666667
0	8	5	0	0	1	63.1666666667
0	8	5	0	0.3	0	63.1666666667
0	8	5	0	0.3	1	63.1666666667
0	8	5	0	0.6	0	63.1666666667
0	8	5	0	0.6	1	63.1666666667
0	8	5	0	0.9	0	63.1666666667
0	8	5	0	0.9	1	63.1666666667
0	8	5	0.3	0	0	63.1666666667
0	8	5	0.3	0	1	63.1666666667
0	8	5	0.3	0.3	0	63.1666666667
0	8	5	0.3	0.3	1	63.1666666667
0	8	5	0.3	0.6	0	63.1666666667
0	8	5	0.3	0.6	1	63.1666666667
0	8	5	0.3	0.9	0	63.1666666667
0	8	5	0.3	0.9	1	63.1666666667
0	8	5	0.6	0	0	63.1666666667
0	8	5	0.6	0	1	63.1666666667
0	8	5	0.6	0.3	0	63.1666666667
0	8	5	0.6	0.3	1	63.1666666667
0	8	5	0.6	0.6	0	63.1666666667
0	8	5	0.6	0.6	1	63.1666666667
0	8	5	0.6	0.9	0	63.1666666667
0	8	5	0.6	0.9	1	63.1666666667
0	8	5	0.9	0	0	63.1666666667
0	8	5	0.9	0	1	63.1666666667
0	8	5	0.9	0.3	0	63.1666666667
0	8	5	0.9	0.3	1	63.1666666667
0	8	5	0.9	0.6	0	63.1666666667
0	8	5	0.9	0.6	1	63.1666666667
0	8	5	0.9	0.9	0	63.1666666667
0	8	5	0.9	0.9	1	63.1666666667
0	8	10	0	0	0	66.1666666667
0	8	10	0	0	1	66.1666666667
0	8	10	0	0.3	0	66.1666666667
0	8	10	0	0.3	1	66.1666666667
0	8	10	0	0.6	0	66.1666666667
0	8	10	0	0.6	1	66.1666666667
0	8	10	0	0.9	0	65.6666666667
0	8	10	0	0.9	1	65.6666666667
0	8	10	0.3	0	0	66.1666666667
0	8	10	0.3	0	1	66.1666666667
0	8	10	0.3	0.3	0	66.1666666667
0	8	10	0.3	0.3	1	66.1666666667
0	8	10	0.3	0.6	0	66.1666666667
0	8	10	0.3	0.6	1	66.1666666667
0	8	10	0.3	0.9	0	65.6666666667
0	8	10	0.3	0.9	1	65.6666666667
0	8	10	0.6	0	0	66.1666666667
0	8	10	0.6	0	1	66.1666666667
0	8	10	0.6	0.3	0	66.1666666667
0	8	10	0.6	0.3	1	66.1666666667
0	8	10	0.6	0.6	0	66.1666666667
0	8	10	0.6	0.6	1	66.1666666667
0	8	10	0.6	0.9	0	65.6666666667
0	8	10	0.6	0.9	1	65.6666666667
0	8	10	0.9	0	0	63.8333333333
0	8	10	0.9	0	1	63.8333333333
0	8	10	0.9	0.3	0	63.8333333333
0	8	10	0.9	0.3	1	63.8333333333
0	8	10	0.9	0.6	0	63.8333333333
0	8	10	0.9	0.6	1	63.8333333333
0	8	10	0.9	0.9	0	63.8333333333
0	8	10	0.9	0.9	1	63.8333333333
0	8	15	0	0	0	66.1666666667
0	8	15	0	0	1	66.1666666667
0	8	15	0	0.3	0	66.1666666667
0	8	15	0	0.3	1	66.1666666667
0	8	15	0	0.6	0	66.1666666667
0	8	15	0	0.6	1	66.1666666667
0	8	15	0	0.9	0	66.1666666667
0	8	15	0	0.9	1	66.1666666667
0	8	15	0.3	0	0	66.1666666667
0	8	15	0.3	0	1	66.1666666667
0	8	15	0.3	0.3	0	66.1666666667
0	8	15	0.3	0.3	1	66.1666666667
0	8	15	0.3	0.6	0	66.1666666667
0	8	15	0.3	0.6	1	66.1666666667
0	8	15	0.3	0.9	0	66.1666666667
0	8	15	0.3	0.9	1	66.1666666667
0	8	15	0.6	0	0	66.1666666667
0	8	15	0.6	0	1	66.1666666667
0	8	15	0.6	0.3	0	66.1666666667
0	8	15	0.6	0.3	1	66.1666666667
0	8	15	0.6	0.6	0	66.1666666667
0	8	15	0.6	0.6	1	66.1666666667
0	8	15	0.6	0.9	0	66.1666666667
0	8	15	0.6	0.9	1	66.1666666667
0	8	15	0.9	0	0	64.5
0	8	15	0.9	0	1	64.5
0	8	15	0.9	0.3	0	64.5
0	8	15	0.9	0.3	1	64.5
0	8	15	0.9	0.6	0	64.5
0	8	15	0.9	0.6	1	64.5
0	8	15	0.9	0.9	0	64.5
0	8	15	0.9	0.9	1	64.5
0	8	20	0	0	0	66.1666666667
0	8	20	0	0	1	66.1666666667
0	8	20	0	0.3	0	66.1666666667
0	8	20	0	0.3	1	66.1666666667
0	8	20	0	0.6	0	66.1666666667
0	8	20	0	0.6	1	66.1666666667
0	8	20	0	0.9	0	66.1666666667
0	8	20	0	0.9	1	66.1666666667
0	8	20	0.3	0	0	66.1666666667
0	8	20	0.3	0	1	66.1666666667
0	8	20	0.3	0.3	0	66.1666666667
0	8	20	0.3	0.3	1	66.1666666667
0	8	20	0.3	0.6	0	66.1666666667
0	8	20	0.3	0.6	1	66.1666666667
0	8	20	0.3	0.9	0	66.1666666667
0	8	20	0.3	0.9	1	66.1666666667
0	8	20	0.6	0	0	66.1666666667
0	8	20	0.6	0	1	66.1666666667
0	8	20	0.6	0.3	0	66.1666666667
0	8	20	0.6	0.3	1	66.1666666667
0	8	20	0.6	0.6	0	66.1666666667
0	8	20	0.6	0.6	1	66.1666666667
0	8	20	0.6	0.9	0	66.1666666667
0	8	20	0.6	0.9	1	66.1666666667
0	8	20	0.9	0	0	64.5
0	8	20	0.9	0	1	64.5
0	8	20	0.9	0.3	0	64.5
0	8	20	0.9	0.3	1	64.5
0	8	20	0.9	0.6	0	64.5
0	8	20	0.9	0.6	1	64.5
0	8	20	0.9	0.9	0	64.5
0	8	20	0.9	0.9	1	64.5
0	8	25	0	0	0	66.1666666667
0	8	25	0	0	1	66.1666666667
0	8	25	0	0.3	0	66.1666666667
0	8	25	0	0.3	1	66.1666666667
0	8	25	0	0.6	0	66.1666666667
0	8	25	0	0.6	1	66.1666666667
0	8	25	0	0.9	0	66.1666666667
0	8	25	0	0.9	1	66.1666666667
0	8	25	0.3	0	0	66.1666666667
0	8	25	0.3	0	1	66.1666666667
0	8	25	0.3	0.3	0	66.1666666667
0	8	25	0.3	0.3	1	66.1666666667
0	8	25	0.3	0.6	0	66.1666666667
0	8	25	0.3	0.6	1	66.1666666667
0	8	25	0.3	0.9	0	66.1666666667
0	8	25	0.3	0.9	1	66.1666666667
0	8	25	0.6	0	0	66.1666666667
0	8	25	0.6	0	1	66.1666666667
0	8	25	0.6	0.3	0	66.1666666667
0	8	25	0.6	0.3	1	66.1666666667
0	8	25	0.6	0.6	0	66.1666666667
0	8	25	0.6	0.6	1	66.1666666667
0	8	25	0.6	0.9	0	66.1666666667
0	8	25	0.6	0.9	1	66.1666666667
0	8	25	0.9	0	0	65.5
0	8	25	0.9	0	1	65.5
0	8	25	0.9	0.3	0	65.5
0	8	25	0.9	0.3	1	65.5
0	8	25	0.9	0.6	0	65.5
0	8	25	0.9	0.6	1	65.5
0	8	25	0.9	0.9	0	65.5
0	8	25	0.9	0.9	1	65.5
0	8	30	0	0	0	90.3333333333
0	8	30	0	0	1	90.3333333333
0	8	30	0	0.3	0	85.3333333333
0	8	30	0	0.3	1	85.3333333333
0	8	30	0	0.6	0	72.8333333333
0	8	30	0	0.6	1	72.8333333333
0	8	30	0	0.9	0	68.6666666667
0	8	30	0	0.9	1	68.6666666667
0	8	30	0.3	0	0	80.1666666667
0	8	30	0.3	0	1	80.1666666667
0	8	30	0.3	0.3	0	80.1666666667
0	8	30	0.3	0.3	1	80.1666666667
0	8	30	0.3	0.6	0	72.8333333333
0	8	30	0.3	0.6	1	72.8333333333
0	8	30	0.3	0.9	0	68.6666666667
0	8	30	0.3	0.9	1	68.6666666667
0	8	30	0.6	0	0	70.1666666667
0	8	30	0.6	0	1	70.1666666667
0	8	30	0.6	0.3	0	70.1666666667
0	8	30	0.6	0.3	1	70.1666666667
0	8	30	0.6	0.6	0	70.1666666667
0	8	30	0.6	0.6	1	70.1666666667
0	8	30	0.6	0.9	0	68.6666666667
0	8	30	0.6	0.9	1	68.6666666667
0	8	30	0.9	0	0	66.1666666667
0	8	30	0.9	0	1	66.1666666667
0	8	30	0.9	0.3	0	66.1666666667
0	8	30	0.9	0.3	1	66.1666666667
0	8	30	0.9	0.6	0	66.1666666667
0	8	30	0.9	0.6	1	66.1666666667
0	8	30	0.9	0.9	0	66.1666666667
0	8	30	0.9	0.9	1	66.1666666667
0	9	5	0	0	0	66.1666666667
0	9	5	0	0	1	66.1666666667
0	9	5	0	0.3	0	66.1666666667
0	9	5	0	0.3	1	66.1666666667
0	9	5	0	0.6	0	66.1666666667
0	9	5	0	0.6	1	66.1666666667
0	9	5	0	0.9	0	65.6666666667
0	9	5	0	0.9	1	65.6666666667
0	9	5	0.3	0	0	66.1666666667
0	9	5	0.3	0	1	66.1666666667
0	9	5	0.3	0.3	0	66.1666666667
0	9	5	0.3	0.3	1	66.1666666667
0	9	5	0.3	0.6	0	66.1666666667
0	9	5	0.3	0.6	1	66.1666666667
0	9	5	0.3	0.9	0	65.6666666667
0	9	5	0.3	0.9	1	65.6666666667
0	9	5	0.6	0	0	66.1666666667
0	9	5	0.6	0	1	66.1666666667
0	9	5	0.6	0.3	0	66.1666666667
0	9	5	0.6	0.3	1	66.1666666667
0	9	5	0.6	0.6	0	66.1666666667
0	9	5	0.6	0.6	1	66.1666666667
0	9	5	0.6	0.9	0	65.6666666667
0	9	5	0.6	0.9	1	65.6666666667
0	9	5	0.9	0	0	63.8333333333
0	9	5	0.9	0	1	63.8333333333
0	9	5	0.9	0.3	0	63.8333333333
0	9	5	0.9	0.3	1	63.8333333333
0	9	5	0.9	0.6	0	63.8333333333
0	9	5	0.9	0.6	1	63.8333333333
0	9	5	0.9	0.9	0	63.8333333333
0	9	5	0.9	0.9	1	63.8333333333
0	9	10	0	0	0	66.1666666667
0	9	10	0	0	1	66.1666666667
0	9	10	0	0.3	0	66.1666666667
0	9	10	0	0.3	1	66.1666666667
0	9	10	0	0.6	0	66.1666666667
0	9	10	0	0.6	1	66.1666666667
0	9	10	0	0.9	0	66.1666666667
0	9	10	0	0.9	1	66.1666666667
0	9	10	0.3	0	0	66.1666666667
0	9	10	0.3	0	1	66.1666666667
0	9	10	0.3	0.3	0	66.1666666667
0	9	10	0.3	0.3	1	66.1666666667
0	9	10	0.3	0.6	0	66.1666666667
0	9	10	0.3	0.6	1	66.1666666667
0	9	10	0.3	0.9	0	66.1666666667
0	9	10	0.3	0.9	1	66.1666666667
0	9	10	0.6	0	0	66.1666666667
0	9	10	0.6	0	1	66.1666666667
0	9	10	0.6	0.3	0	66.1666666667
0	9	10	0.6	0.3	1	66.1666666667
0	9	10	0.6	0.6	0	66.1666666667
0	9	10	0.6	0.6	1	66.1666666667
0	9	10	0.6	0.9	0	66.1666666667
0	9	10	0.6	0.9	1	66.1666666667
0	9	10	0.9	0	0	64.5
0	9	10	0.9	0	1	64.5
0	9	10	0.9	0.3	0	64.5
0	9	10	0.9	0.3	1	64.5
0	9	10	0.9	0.6	0	64.5
0	9	10	0.9	0.6	1	64.5
0	9	10	0.9	0.9	0	64.5
0	9	10	0.9	0.9	1	64.5
0	9	15	0	0	0	66.1666666667
0	9	15	0	0	1	66.1666666667
0	9	15	0	0.3	0	66.1666666667
0	9	15	0	0.3	1	66.1666666667
0	9	15	0	0.6	0	66.1666666667
0	9	15	0	0.6	1	66.1666666667
0	9	15	0	0.9	0	66.1666666667
0	9	15	0	0.9	1	66.1666666667
0	9	15	0.3	0	0	66.1666666667
0	9	15	0.3	0	1	66.1666666667
0	9	15	0.3	0.3	0	66.1666666667
0	9	15	0.3	0.3	1	66.1666666667
0	9	15	0.3	0.6	0	66.1666666667
0	9	15	0.3	0.6	1	66.1666666667
0	9	15	0.3	0.9	0	66.1666666667
0	9	15	0.3	0.9	1	66.1666666667
0	9	15	0.6	0	0	66.1666666667
0	9	15	0.6	0	1	66.1666666667
0	9	15	0.6	0.3	0	66.1666666667
0	9	15	0.6	0.3	1	66.1666666667
0	9	15	0.6	0.6	0	66.1666666667
0	9	15	0.6	0.6	1	66.1666666667
0	9	15	0.6	0.9	0	66.1666666667
0	9	15	0.6	0.9	1	66.1666666667
0	9	15	0.9	0	0	65.5
0	9	15	0.9	0	1	65.5
0	9	15	0.9	0.3	0	65.5
0	9	15	0.9	0.3	1	65.5
0	9	15	0.9	0.6	0	65.5
0	9	15	0.9	0.6	1	65.5
0	9	15	0.9	0.9	0	65.5
0	9	15	0.9	0.9	1	65.5
0	9	20	0	0	0	90.3333333333
0	9	20	0	0	1	90.3333333333
0	9	20	0	0.3	0	85.3333333333
0	9	20	0	0.3	1	85.3333333333
0	9	20	0	0.6	0	72.8333333333
0	9	20	0	0.6	1	72.8333333333
0	9	20	0	0.9	0	68.6666666667
0	9	20	0	0.9	1	68.6666666667
0	9	20	0.3	0	0	80.1666666667
0	9	20	0.3	0	1	80.1666666667
0	9	20	0.3	0.3	0	80.1666666667
0	9	20	0.3	0.3	1	80.1666666667
0	9	20	0.3	0.6	0	72.8333333333
0	9	20	0.3	0.6	1	72.8333333333
0	9	20	0.3	0.9	0	68.6666666667
0	9	20	0.3	0.9	1	68.6666666667
0	9	20	0.6	0	0	70.1666666667
0	9	20	0.6	0	1	70.1666666667
0	9	20	0.6	0.3	0	70.1666666667
0	9	20	0.6	0.3	1	70.1666666667
0	9	20	0.6	0.6	0	70.1666666667
0	9	20	0.6	0.6	1	70.1666666667
0	9	20	0.6	0.9	0	68.6666666667
0	9	20	0.6	0.9	1	68.6666666667
0	9	20	0.9	0	0	65.5
0	9	20	0.9	0	1	65.5
0	9	20	0.9	0.3	0	65.5
0	9	20	0.9	0.3	1	65.5
0	9	20	0.9	0.6	0	65.5
0	9	20	0.9	0.6	1	65.5
0	9	20	0.9	0.9	0	65.5
0	9	20	0.9	0.9	1	65.5
0	9	25	0	0	0	114.333333333
0	9	25	0	0	1	114.333333333
0	9	25	0	0.3	0	104.333333333
0	9	25	0	0.3	1	104.333333333
0	9	25	0	0.6	0	79.3333333333
0	9	25	0	0.6	1	79.3333333333
0	9	25	0	0.9	0	71
0	9	25	0	0.9	1	71
0	9	25	0.3	0	0	94.1666666667
0	9	25	0.3	0	1	94.1666666667
0	9	25	0.3	0.3	0	94.1666666667
0	9	25	0.3	0.3	1	94.1666666667
0	9	25	0.3	0.6	0	79.3333333333
0	9	25	0.3	0.6	1	79.3333333333
0	9	25	0.3	0.9	0	71
0	9	25	0.3	0.9	1	71
0	9	25	0.6	0	0	74.1666666667
0	9	25	0.6	0	1	74.1666666667
0	9	25	0.6	0.3	0	74.1666666667
0	9	25	0.6	0.3	1	74.1666666667
0	9	25	0.6	0.6	0	74.1666666667
0	9	25	0.6	0.6	1	74.1666666667
0	9	25	0.6	0.9	0	71
0	9	25	0.6	0.9	1	71
0	9	25	0.9	0	0	66.1666666667
0	9	25	0.9	0	1	66.1666666667
0	9	25	0.9	0.3	0	66.1666666667
0	9	25	0.9	0.3	1	66.1666666667
0	9	25	0.9	0.6	0	66.1666666667
0	9	25	0.9	0.6	1	66.1666666667
0	9	25	0.9	0.9	0	66.1666666667
0	9	25	0.9	0.9	1	66.1666666667
0	9	30	0	0	0	195.083333333
0	9	30	0	0	1	195.083333333
0	9	30	0	0.3	0	167.666666667
0	9	30	0	0.3	1	167.666666667
0	9	30	0	0.6	0	98.9166666667
0	9	30	0	0.6	1	98.9166666667
0	9	30	0	0.9	0	76
0	9	30	0	0.9	1	76
0	9	30	0.3	0	0	140.166666667
0	9	30	0.3	0	1	140.166666667
0	9	30	0.3	0.3	0	140.166666667
0	9	30	0.3	0.3	1	140.166666667
0	9	30	0.3	0.6	0	98.9166666667
0	9	30	0.3	0.6	1	98.9166666667
0	9	30	0.3	0.9	0	76
0	9	30	0.3	0.9	1	76
0	9	30	0.6	0	0	85.1666666667
0	9	30	0.6	0	1	85.1666666667
0	9	30	0.6	0.3	0	85.1666666667
0	9	30	0.6	0.3	1	85.1666666667
0	9	30	0.6	0.6	0	85.1666666667
0	9	30	0.6	0.6	1	85.1666666667
0	9	30	0.6	0.9	0	76
0	9	30	0.6	0.9	1	76
0	9	30	0.9	0	0	66.8333333333
0	9	30	0.9	0	1	66.8333333333
0	9	30	0.9	0.3	0	66.8333333333
0	9	30	0.9	0.3	1	66.8333333333
0	9	30	0.9	0.6	0	66.8333333333
0	9	30	0.9	0.6	1	66.8333333333
0	9	30	0.9	0.9	0	66.8333333333
0	9	30	0.9	0.9	1	66.8333333333
0	10	5	0	0	0	63.1666666667
0	10	5	0	0	1	63.1666666667
0	10	5	0	0.3	0	63.1666666667
0	10	5	0	0.3	1	63.1666666667
0	10	5	0	0.6	0	63.1666666667
0	10	5	0	0.6	1	63.1666666667
0	10	5	0	0.9	0	63.1666666667
0	10	5	0	0.9	1	63.1666666667
0	10	5	0.3	0	0	63.1666666667
0	10	5	0.3	0	1	63.1666666667
0	10	5	0.3	0.3	0	63.1666666667
0	10	5	0.3	0.3	1	63.1666666667
0	10	5	0.3	0.6	0	63.1666666667
0	10	5	0.3	0.6	1	63.1666666667
0	10	5	0.3	0.9	0	63.1666666667
0	10	5	0.3	0.9	1	63.1666666667
0	10	5	0.6	0	0	63.1666666667
0	10	5	0.6	0	1	63.1666666667
0	10	5	0.6	0.3	0	63.1666666667
0	10	5	0.6	0.3	1	63.1666666667
0	10	5	0.6	0.6	0	63.1666666667
0	10	5	0.6	0.6	1	63.1666666667
0	10	5	0.6	0.9	0	63.1666666667
0	10	5	0.6	0.9	1	63.1666666667
0	10	5	0.9	0	0	63.1666666667
0	10	5	0.9	0	1	63.1666666667
0	10	5	0.9	0.3	0	63.1666666667
0	10	5	0.9	0.3	1	63.1666666667
0	10	5	0.9	0.6	0	63.1666666667
0	10	5	0.9	0.6	1	63.1666666667
0	10	5	0.9	0.9	0	63.1666666667
0	10	5	0.9	0.9	1	63.1666666667
0	10	10	0	0	0	63.1666666667
0	10	10	0	0	1	63.1666666667
0	10	10	0	0.3	0	63.1666666667
0	10	10	0	0.3	1	63.1666666667
0	10	10	0	0.6	0	63.1666666667
0	10	10	0	0.6	1	63.1666666667
0	10	10	0	0.9	0	63.1666666667
0	10	10	0	0.9	1	63.1666666667
0	10	10	0.3	0	0	63.1666666667
0	10	10	0.3	0	1	63.1666666667
0	10	10	0.3	0.3	0	63.1666666667
0	10	10	0.3	0.3	1	63.1666666667
0	10	10	0.3	0.6	0	63.1666666667
0	10	10	0.3	0.6	1	63.1666666667
0	10	10	0.3	0.9	0	63.1666666667
0	10	10	0.3	0.9	1	63.1666666667
0	10	10	0.6	0	0	63.1666666667
0	10	10	0.6	0	1	63.1666666667
0	10	10	0.6	0.3	0	63.1666666667
0	10	10	0.6	0.3	1	63.1666666667
0	10	10	0.6	0.6	0	63.1666666667
0	10	10	0.6	0.6	1	63.1666666667
0	10	10	0.6	0.9	0	63.1666666667
0	10	10	0.6	0.9	1	63.1666666667
0	10	10	0.9	0	0	63.1666666667
0	10	10	0.9	0	1	63.1666666667
0	10	10	0.9	0.3	0	63.1666666667
0	10	10	0.9	0.3	1	63.1666666667
0	10	10	0.9	0.6	0	63.1666666667
0	10	10	0.9	0.6	1	63.1666666667
0	10	10	0.9	0.9	0	63.1666666667
0	10	10	0.9	0.9	1	63.1666666667
0	10	15	0	0	0	66.1666666667
0	10	15	0	0	1	66.1666666667
0	10	15	0	0.3	0	66.1666666667
0	10	15	0	0.3	1	66.1666666667
0	10	15	0	0.6	0	66.1666666667
0	10	15	0	0.6	1	66.1666666667
0	10	15	0	0.9	0	66.1666666667
0	10	15	0	0.9	1	66.1666666667
0	10	15	0.3	0	0	66.1666666667
0	10	15	0.3	0	1	66.1666666667
0	10	15	0.3	0.3	0	66.1666666667
0	10	15	0.3	0.3	1	66.1666666667
0	10	15	0.3	0.6	0	66.1666666667
0	10	15	0.3	0.6	1	66.1666666667
0	10	15	0.3	0.9	0	66.1666666667
0	10	15	0.3	0.9	1	66.1666666667
0	10	15	0.6	0	0	66.1666666667
0	10	15	0.6	0	1	66.1666666667
0	10	15	0.6	0.3	0	66.1666666667
0	10	15	0.6	0.3	1	66.1666666667
0	10	15	0.6	0.6	0	66.1666666667
0	10	15	0.6	0.6	1	66.1666666667
0	10	15	0.6	0.9	0	66.1666666667
0	10	15	0.6	0.9	1	66.1666666667
0	10	15	0.9	0	0	64.1666666667
0	10	15	0.9	0	1	64.1666666667
0	10	15	0.9	0.3	0	64.1666666667
0	10	15	0.9	0.3	1	64.1666666667
0	10	15	0.9	0.6	0	64.1666666667
0	10	15	0.9	0.6	1	64.1666666667
0	10	15	0.9	0.9	0	64.1666666667
0	10	15	0.9	0.9	1	64.1666666667
0	10	20	0	0	0	126.25
0	10	20	0	0	1	126.25
0	10	20	0	0.3	0	98.75
0	10	20	0	0.3	1	98.75
0	10	20	0	0.6	0	80.9166666667
0	10	20	0	0.6	1	80.9166666667
0	10	20	0	0.9	0	72.5833333333
0	10	20	0	0.9	1	72.5833333333
0	10	20	0.3	0	0	92.1666666667
0	10	20	0.3	0	1	92.1666666667
0	10	20	0.3	0.3	0	92.1666666667
0	10	20	0.3	0.3	1	92.1666666667
0	10	20	0.3	0.6	0	80.9166666667
0	10	20	0.3	0.6	1	80.9166666667
0	10	20	0.3	0.9	0	72.5833333333
0	10	20	0.3	0.9	1	72.5833333333
0	10	20	0.6	0	0	74.1666666667
0	10	20	0.6	0	1	74.1666666667
0	10	20	0.6	0.3	0	74.1666666667
0	10	20	0.6	0.3	1	74.1666666667
0	10	20	0.6	0.6	0	74.1666666667
0	10	20	0.6	0.6	1	74.1666666667
0	10	20	0.6	0.9	0	72.5833333333
0	10	20	0.6	0.9	1	72.5833333333
0	10	20	0.9	0	0	65.5
0	10	20	0.9	0	1	65.5
0	10	20	0.9	0.3	0	65.5
0	10	20	0.9	0.3	1	65.5
0	10	20	0.9	0.6	0	65.5
0	10	20	0.9	0.6	1	65.5
0	10	20	0.9	0.9	0	65.5
0	10	20	0.9	0.9	1	65.5
0	10	25	0	0	0	126.25
0	10	25	0	0	1	126.25
0	10	25	0	0.3	0	116.25
0	10	25	0	0.3	1	116.25
0	10	25	0	0.6	0	91.25
0	10	25	0	0.6	1	91.25
0	10	25	0	0.9	0	76
0	10	25	0	0.9	1	76
0	10	25	0.3	0	0	106.166666667
0	10	25	0.3	0	1	106.166666667
0	10	25	0.3	0.3	0	106.166666667
0	10	25	0.3	0.3	1	106.166666667
0	10	25	0.3	0.6	0	91.25
0	10	25	0.3	0.6	1	91.25
0	10	25	0.3	0.9	0	76
0	10	25	0.3	0.9	1	76
0	10	25	0.6	0	0	85.1666666667
0	10	25	0.6	0	1	85.1666666667
0	10	25	0.6	0.3	0	85.1666666667
0	10	25	0.6	0.3	1	85.1666666667
0	10	25	0.6	0.6	0	85.1666666667
0	10	25	0.6	0.6	1	85.1666666667
0	10	25	0.6	0.9	0	76
0	10	25	0.6	0.9	1	76
0	10	25	0.9	0	0	66.8333333333
0	10	25	0.9	0	1	66.8333333333
0	10	25	0.9	0.3	0	66.8333333333
0	10	25	0.9	0.3	1	66.8333333333
0	10	25	0.9	0.6	0	66.8333333333
0	10	25	0.9	0.6	1	66.8333333333
0	10	25	0.9	0.9	0	66.8333333333
0	10	25	0.9	0.9	1	66.8333333333
0	10	30	0	0	0	Error: Iterative method did not converge within 10000 iterations.
Consider using a different numerical method or increasing the maximum number of iterations.
0	10	30	0	0	1	Error: Iterative method did not converge within 10000 iterations.
Consider using a different numerical method or increasing the maximum number of iterations.
0	10	30	0	0.3	0	Error: Iterative method did not converge within 10000 iterations.
Consider using a different numerical method or increasing the maximum number of iterations.
0	10	30	0	0.3	1	Error: Iterative method did not converge within 10000 iterations.
Consider using a different numerical method or increasing the maximum number of iterations.
0	10	30	0	0.6	0	Error: Iterative method did not converge within 10000 iterations.
Consider using a different numerical method or increasing the maximum number of iterations.
0	10	30	0	0.6	1	Error: Iterative method did not converge within 10000 iterations.
Consider using a different numerical method or increasing the maximum number of iterations.
0	10	30	0	0.9	0	Error: Iterative method did not converge within 10000 iterations.
Consider using a different numerical method or increasing the maximum number of iterations.
0	10	30	0	0.9	1	Error: Iterative method did not converge within 10000 iterations.
Consider using a different numerical method or increasing the maximum number of iterations.
0	10	30	0.3	0	0	Error: Iterative method did not converge within 10000 iterations.
Consider using a different numerical method or increasing the maximum number of iterations.
0	10	30	0.3	0	1	Error: Iterative method did not converge within 10000 iterations.
Consider using a different numerical method or increasing the maximum number of iterations.
0	10	30	0.3	0.3	0	134.166666667
0	10	30	0.3	0.3	1	134.166666667
0	10	30	0.3	0.6	0	98.9166666667
0	10	30	0.3	0.6	1	98.9166666667
0	10	30	0.3	0.9	0	76
0	10	30	0.3	0.9	1	76
0	10	30	0.6	0	0	Error: Iterative method did not converge within 10000 iterations.
Consider using a different numerical method or increasing the maximum number of iterations.
0	10	30	0.6	0	1	Error: Iterative method did not converge within 10000 iterations.
Consider using a different numerical method or increasing the maximum number of iterations.
0	10	30	0.6	0.3	0	85.1666666667
0	10	30	0.6	0.3	1	85.1666666667
0	10	30	0.6	0.6	0	85.1666666667
0	10	30	0.6	0.6	1	85.1666666667
0	10	30	0.6	0.9	0	76
0	10	30	0.6	0.9	1	76
0	10	30	0.9	0	0	Error: Iterative method did not converge within 10000 iterations.
Consider using a different numerical method or increasing the maximum number of iterations.
0	10	30	0.9	0	1	Error: Iterative method did not converge within 10000 iterations.
Consider using a different numerical method or increasing the maximum number of iterations.
0	10	30	0.9	0.3	0	66.8333333333
0	10	30	0.9	0.3	1	66.8333333333
0	10	30	0.9	0.6	0	66.8333333333
0	10	30	0.9	0.6	1	66.8333333333
0	10	30	0.9	0.9	0	66.8333333333
0	10	30	0.9	0.9	1	66.8333333333
0	11	5	0	0	0	63.1666666667
0	11	5	0	0	1	63.1666666667
0	11	5	0	0.3	0	63.1666666667
0	11	5	0	0.3	1	63.1666666667
0	11	5	0	0.6	0	63.1666666667
0	11	5	0	0.6	1	63.1666666667
0	11	5	0	0.9	0	63.1666666667
0	11	5	0	0.9	1	63.1666666667
0	11	5	0.3	0	0	63.1666666667
0	11	5	0.3	0	1	63.1666666667
0	11	5	0.3	0.3	0	63.1666666667
0	11	5	0.3	0.3	1	63.1666666667
0	11	5	0.3	0.6	0	63.1666666667
0	11	5	0.3	0.6	1	63.1666666667
0	11	5	0.3	0.9	0	63.1666666667
0	11	5	0.3	0.9	1	63.1666666667
0	11	5	0.6	0	0	63.1666666667
0	11	5	0.6	0	1	63.1666666667
0	11	5	0.6	0.3	0	63.1666666667
0	11	5	0.6	0.3	1	63.1666666667
0	11	5	0.6	0.6	0	63.1666666667
0	11	5	0.6	0.6	1	63.1666666667
0	11	5	0.6	0.9	0	63.1666666667
0	11	5	0.6	0.9	1	63.1666666667
0	11	5	0.9	0	0	63.1666666667
0	11	5	0.9	0	1	63.1666666667
0	11	5	0.9	0.3	0	63.1666666667
0	11	5	0.9	0.3	1	63.1666666667
0	11	5	0.9	0.6	0	63.1666666667
0	11	5	0.9	0.6	1	63.1666666667
0	11	5	0.9	0.9	0	63.1666666667
0	11	5	0.9	0.9	1	63.1666666667
0	11	10	0	0	0	63.1666666667
0	11	10	0	0	1	63.1666666667
0	11	10	0	0.3	0	63.1666666667
0	11	10	0	0.3	1	63.1666666667
0	11	10	0	0.6	0	63.1666666667
0	11	10	0	0.6	1	63.1666666667
0	11	10	0	0.9	0	63.1666666667
0	11	10	0	0.9	1	63.1666666667
0	11	10	0.3	0	0	63.1666666667
0	11	10	0.3	0	1	63.1666666667
0	11	10	0.3	0.3	0	63.1666666667
0	11	10	0.3	0.3	1	63.1666666667
0	11	10	0.3	0.6	0	63.1666666667
0	11	10	0.3	0.6	1	63.1666666667
0	11	10	0.3	0.9	0	63.1666666667
0	11	10	0.3	0.9	1	63.1666666667
0	11	10	0.6	0	0	63.1666666667
0	11	10	0.6	0	1	63.1666666667
0	11	10	0.6	0.3	0	63.1666666667
0	11	10	0.6	0.3	1	63.1666666667
0	11	10	0.6	0.6	0	63.1666666667
0	11	10	0.6	0.6	1	63.1666666667
0	11	10	0.6	0.9	0	63.1666666667
0	11	10	0.6	0.9	1	63.1666666667
0	11	10	0.9	0	0	63.1666666667
0	11	10	0.9	0	1	63.1666666667
0	11	10	0.9	0.3	0	63.1666666667
0	11	10	0.9	0.3	1	63.1666666667
0	11	10	0.9	0.6	0	63.1666666667
0	11	10	0.9	0.6	1	63.1666666667
0	11	10	0.9	0.9	0	63.1666666667
0	11	10	0.9	0.9	1	63.1666666667
0	11	15	0	0	0	66.1666666667
0	11	15	0	0	1	66.1666666667
0	11	15	0	0.3	0	66.1666666667
0	11	15	0	0.3	1	66.1666666667
0	11	15	0	0.6	0	66.1666666667
0	11	15	0	0.6	1	66.1666666667
0	11	15	0	0.9	0	65.6666666667
0	11	15	0	0.9	1	65.6666666667
0	11	15	0.3	0	0	66.1666666667
0	11	15	0.3	0	1	66.1666666667
0	11	15	0.3	0.3	0	66.1666666667
0	11	15	0.3	0.3	1	66.1666666667
0	11	15	0.3	0.6	0	66.1666666667
0	11	15	0.3	0.6	1	66.1666666667
0	11	15	0.3	0.9	0	65.6666666667
0	11	15	0.3	0.9	1	65.6666666667
0	11	15	0.6	0	0	66.1666666667
0	11	15	0.6	0	1	66.1666666667
0	11	15	0.6	0.3	0	66.1666666667
0	11	15	0.6	0.3	1	66.1666666667
0	11	15	0.6	0.6	0	66.1666666667
0	11	15	0.6	0.6	1	66.1666666667
0	11	15	0.6	0.9	0	65.6666666667
0	11	15	0.6	0.9	1	65.6666666667
0	11	15	0.9	0	0	63.8333333333
0	11	15	0.9	0	1	63.8333333333
0	11	15	0.9	0.3	0	63.8333333333
0	11	15	0.9	0.3	1	63.8333333333
0	11	15	0.9	0.6	0	63.8333333333
0	11	15	0.9	0.6	1	63.8333333333
0	11	15	0.9	0.9	0	63.8333333333
0	11	15	0.9	0.9	1	63.8333333333
0	11	20	0	0	0	66.1666666667
0	11	20	0	0	1	66.1666666667
0	11	20	0	0.3	0	66.1666666667
0	11	20	0	0.3	1	66.1666666667
0	11	20	0	0.6	0	66.1666666667
0	11	20	0	0.6	1	66.1666666667
0	11	20	0	0.9	0	66.1666666667
0	11	20	0	0.9	1	66.1666666667
0	11	20	0.3	0	0	66.1666666667
0	11	20	0.3	0	1	66.1666666667
0	11	20	0.3	0.3	0	66.1666666667
0	11	20	0.3	0.3	1	66.1666666667
0	11	20	0.3	0.6	0	66.1666666667
0	11	20	0.3	0.6	1	66.1666666667
0	11	20	0.3	0.9	0	66.1666666667
0	11	20	0.3	0.9	1	66.1666666667
0	11	20	0.6	0	0	66.1666666667
0	11	20	0.6	0	1	66.1666666667
0	11	20	0.6	0.3	0	66.1666666667
0	11	20	0.6	0.3	1	66.1666666667
0	11	20	0.6	0.6	0	66.1666666667
0	11	20	0.6	0.6	1	66.1666666667
0	11	20	0.6	0.9	0	66.1666666667
0	11	20	0.6	0.9	1	66.1666666667
0	11	20	0.9	0	0	64.8333333333
0	11	20	0.9	0	1	64.8333333333
0	11	20	0.9	0.3	0	64.8333333333
0	11	20	0.9	0.3	1	64.8333333333
0	11	20	0.9	0.6	0	64.8333333333
0	11	20	0.9	0.6	1	64.8333333333
0	11	20	0.9	0.9	0	64.8333333333
0	11	20	0.9	0.9	1	64.8333333333
0	11	25	0	0	0	66.1666666667
0	11	25	0	0	1	66.1666666667
0	11	25	0	0.3	0	66.1666666667
0	11	25	0	0.3	1	66.1666666667
0	11	25	0	0.6	0	66.1666666667
0	11	25	0	0.6	1	66.1666666667
0	11	25	0	0.9	0	66.1666666667
0	11	25	0	0.9	1	66.1666666667
0	11	25	0.3	0	0	66.1666666667
0	11	25	0.3	0	1	66.1666666667
0	11	25	0.3	0.3	0	66.1666666667
0	11	25	0.3	0.3	1	66.1666666667
0	11	25	0.3	0.6	0	66.1666666667
0	11	25	0.3	0.6	1	66.1666666667
0	11	25	0.3	0.9	0	66.1666666667
0	11	25	0.3	0.9	1	66.1666666667
0	11	25	0.6	0	0	66.1666666667
0	11	25	0.6	0	1	66.1666666667
0	11	25	0.6	0.3	0	66.1666666667
0	11	25	0.6	0.3	1	66.1666666667
0	11	25	0.6	0.6	0	66.1666666667
0	11	25	0.6	0.6	1	66.1666666667
0	11	25	0.6	0.9	0	66.1666666667
0	11	25	0.6	0.9	1	66.1666666667
0	11	25	0.9	0	0	66.1666666667
0	11	25	0.9	0	1	66.1666666667
0	11	25	0.9	0.3	0	66.1666666667
0	11	25	0.9	0.3	1	66.1666666667
0	11	25	0.9	0.6	0	66.1666666667
0	11	25	0.9	0.6	1	66.1666666667
0	11	25	0.9	0.9	0	66.1666666667
0	11	25	0.9	0.9	1	66.1666666667
0	11	30	0	0	0	66.1666666667
0	11	30	0	0	1	66.1666666667
0	11	30	0	0.3	0	66.1666666667
0	11	30	0	0.3	1	66.1666666667
0	11	30	0	0.6	0	66.1666666667
0	11	30	0	0.6	1	66.1666666667
0	11	30	0	0.9	0	66.1666666667
0	11	30	0	0.9	1	66.1666666667
0	11	30	0.3	0	0	66.1666666667
0	11	30	0.3	0	1	66.1666666667
0	11	30	0.3	0.3	0	66.1666666667
0	11	30	0.3	0.3	1	66.1666666667
0	11	30	0.3	0.6	0	66.1666666667
0	11	30	0.3	0.6	1	66.1666666667
0	11	30	0.3	0.9	0	66.1666666667
0	11	30	0.3	0.9	1	66.1666666667
0	11	30	0.6	0	0	66.1666666667
0	11	30	0.6	0	1	66.1666666667
0	11	30	0.6	0.3	0	66.1666666667
0	11	30	0.6	0.3	1	66.1666666667
0	11	30	0.6	0.6	0	66.1666666667
0	11	30	0.6	0.6	1	66.1666666667
0	11	30	0.6	0.9	0	66.1666666667
0	11	30	0.6	0.9	1	66.1666666667
0	11	30	0.9	0	0	66.1666666667
0	11	30	0.9	0	1	66.1666666667
0	11	30	0.9	0.3	0	66.1666666667
0	11	30	0.9	0.3	1	66.1666666667
0	11	30	0.9	0.6	0	66.1666666667
0	11	30	0.9	0.6	1	66.1666666667
0	11	30	0.9	0.9	0	66.1666666667
0	11	30	0.9	0.9	1	66.1666666667
0	12	5	0	0	0	63.1666666667
0	12	5	0	0	1	63.1666666667
0	12	5	0	0.3	0	63.1666666667
0	12	5	0	0.3	1	63.1666666667
0	12	5	0	0.6	0	63.1666666667
0	12	5	0	0.6	1	63.1666666667
0	12	5	0	0.9	0	63.1666666667
0	12	5	0	0.9	1	63.1666666667
0	12	5	0.3	0	0	63.1666666667
0	12	5	0.3	0	1	63.1666666667
0	12	5	0.3	0.3	0	63.1666666667
0	12	5	0.3	0.3	1	63.1666666667
0	12	5	0.3	0.6	0	63.1666666667
0	12	5	0.3	0.6	1	63.1666666667
0	12	5	0.3	0.9	0	63.1666666667
0	12	5	0.3	0.9	1	63.1666666667
0	12	5	0.6	0	0	63.1666666667
0	12	5	0.6	0	1	63.1666666667
0	12	5	0.6	0.3	0	63.1666666667
0	12	5	0.6	0.3	1	63.1666666667
0	12	5	0.6	0.6	0	63.1666666667
0	12	5	0.6	0.6	1	63.1666666667
0	12	5	0.6	0.9	0	63.1666666667
0	12	5	0.6	0.9	1	63.1666666667
0	12	5	0.9	0	0	63.1666666667
0	12	5	0.9	0	1	63.1666666667
0	12	5	0.9	0.3	0	63.1666666667
0	12	5	0.9	0.3	1	63.1666666667
0	12	5	0.9	0.6	0	63.1666666667
0	12	5	0.9	0.6	1	63.1666666667
0	12	5	0.9	0.9	0	63.1666666667
0	12	5	0.9	0.9	1	63.1666666667
0	12	10	0	0	0	66.1666666667
0	12	10	0	0	1	66.1666666667
0	12	10	0	0.3	0	66.1666666667
0	12	10	0	0.3	1	66.1666666667
0	12	10	0	0.6	0	66.1666666667
0	12	10	0	0.6	1	66.1666666667
0	12	10	0	0.9	0	66.1666666667
0	12	10	0	0.9	1	66.1666666667
0	12	10	0.3	0	0	66.1666666667
0	12	10	0.3	0	1	66.1666666667
0	12	10	0.3	0.3	0	66.1666666667
0	12	10	0.3	0.3	1	66.1666666667
0	12	10	0.3	0.6	0	66.1666666667
0	12	10	0.3	0.6	1	66.1666666667
0	12	10	0.3	0.9	0	66.1666666667
0	12	10	0.3	0.9	1	66.1666666667
0	12	10	0.6	0	0	66.1666666667
0	12	10	0.6	0	1	66.1666666667
0	12	10	0.6	0.3	0	66.1666666667
0	12	10	0.6	0.3	1	66.1666666667
0	12	10	0.6	0.6	0	66.1666666667
0	12	10	0.6	0.6	1	66.1666666667
0	12	10	0.6	0.9	0	66.1666666667
0	12	10	0.6	0.9	1	66.1666666667
0	12	10	0.9	0	0	64.8333333333
0	12	10	0.9	0	1	64.8333333333
0	12	10	0.9	0.3	0	64.8333333333
0	12	10	0.9	0.3	1	64.8333333333
0	12	10	0.9	0.6	0	64.8333333333
0	12	10	0.9	0.6	1	64.8333333333
0	12	10	0.9	0.9	0	64.8333333333
0	12	10	0.9	0.9	1	64.8333333333
0	12	15	0	0	0	66.1666666667
0	12	15	0	0	1	66.1666666667
0	12	15	0	0.3	0	66.1666666667
0	12	15	0	0.3	1	66.1666666667
0	12	15	0	0.6	0	66.1666666667
0	12	15	0	0.6	1	66.1666666667
0	12	15	0	0.9	0	66.1666666667
0	12	15	0	0.9	1	66.1666666667
0	12	15	0.3	0	0	66.1666666667
0	12	15	0.3	0	1	66.1666666667
0	12	15	0.3	0.3	0	66.1666666667
0	12	15	0.3	0.3	1	66.1666666667
0	12	15	0.3	0.6	0	66.1666666667
0	12	15	0.3	0.6	1	66.1666666667
0	12	15	0.3	0.9	0	66.1666666667
0	12	15	0.3	0.9	1	66.1666666667
0	12	15	0.6	0	0	66.1666666667
0	12	15	0.6	0	1	66.1666666667
0	12	15	0.6	0.3	0	66.1666666667
0	12	15	0.6	0.3	1	66.1666666667
0	12	15	0.6	0.6	0	66.1666666667
0	12	15	0.6	0.6	1	66.1666666667
0	12	15	0.6	0.9	0	66.1666666667
0	12	15	0.6	0.9	1	66.1666666667
0	12	15	0.9	0	0	65.5
0	12	15	0.9	0	1	65.5
0	12	15	0.9	0.3	0	65.5
0	12	15	0.9	0.3	1	65.5
0	12	15	0.9	0.6	0	65.5
0	12	15	0.9	0.6	1	65.5
0	12	15	0.9	0.9	0	65.5
0	12	15	0.9	0.9	1	65.5
0	12	20	0	0	0	66.1666666667
0	12	20	0	0	1	66.1666666667
0	12	20	0	0.3	0	66.1666666667
0	12	20	0	0.3	1	66.1666666667
0	12	20	0	0.6	0	66.1666666667
0	12	20	0	0.6	1	66.1666666667
0	12	20	0	0.9	0	66.1666666667
0	12	20	0	0.9	1	66.1666666667
0	12	20	0.3	0	0	66.1666666667
0	12	20	0.3	0	1	66.1666666667
0	12	20	0.3	0.3	0	66.1666666667
0	12	20	0.3	0.3	1	66.1666666667
0	12	20	0.3	0.6	0	66.1666666667
0	12	20	0.3	0.6	1	66.1666666667
0	12	20	0.3	0.9	0	66.1666666667
0	12	20	0.3	0.9	1	66.1666666667
0	12	20	0.6	0	0	66.1666666667
0	12	20	0.6	0	1	66.1666666667
0	12	20	0.6	0.3	0	66.1666666667
0	12	20	0.6	0.3	1	66.1666666667
0	12	20	0.6	0.6	0	66.1666666667
0	12	20	0.6	0.6	1	66.1666666667
0	12	20	0.6	0.9	0	66.1666666667
0	12	20	0.6	0.9	1	66.1666666667
0	12	20	0.9	0	0	66.1666666667
0	12	20	0.9	0	1	66.1666666667
0	12	20	0.9	0.3	0	66.1666666667
0	12	20	0.9	0.3	1	66.1666666667
0	12	20	0.9	0.6	0	66.1666666667
0	12	20	0.9	0.6	1	66.1666666667
0	12	20	0.9	0.9	0	66.1666666667
0	12	20	0.9	0.9	1	66.1666666667
0	12	25	0	0	0	138.25
0	12	25	0	0	1	138.25
0	12	25	0	0.3	0	123.25
0	12	25	0	0.3	1	123.25
0	12	25	0	0.6	0	85.75
0	12	25	0	0.6	1	85.75
0	12	25	0	0.9	0	73.25
0	12	25	0	0.9	1	73.25
0	12	25	0.3	0	0	108.166666667
0	12	25	0.3	0	1	108.166666667
0	12	25	0.3	0.3	0	108.166666667
0	12	25	0.3	0.3	1	108.166666667
0	12	25	0.3	0.6	0	85.75
0	12	25	0.3	0.6	1	85.75
0	12	25	0.3	0.9	0	73.25
0	12	25	0.3	0.9	1	73.25
0	12	25	0.6	0	0	78.1666666667
0	12	25	0.6	0	1	78.1666666667
0	12	25	0.6	0.3	0	78.1666666667
0	12	25	0.6	0.3	1	78.1666666667
0	12	25	0.6	0.6	0	78.1666666667
0	12	25	0.6	0.6	1	78.1666666667
0	12	25	0.6	0.9	0	73.25
0	12	25	0.6	0.9	1	73.25
0	12	25	0.9	0	0	66.8333333333
0	12	25	0.9	0	1	66.8333333333
0	12	25	0.9	0.3	0	66.8333333333
0	12	25	0.9	0.3	1	66.8333333333
0	12	25	0.9	0.6	0	66.8333333333
0	12	25	0.9	0.6	1	66.8333333333
0	12	25	0.9	0.9	0	66.8333333333
0	12	25	0.9	0.9	1	66.8333333333
0	12	30	0	0	0	162.25
0	12	30	0	0	1	162.25
0	12	30	0	0.3	0	142.25
0	12	30	0	0.3	1	142.25
0	12	30	0	0.6	0	92.25
0	12	30	0	0.6	1	92.25
0	12	30	0	0.9	0	75.5833333333
0	12	30	0	0.9	1	75.5833333333
0	12	30	0.3	0	0	122.166666667
0	12	30	0.3	0	1	122.166666667
0	12	30	0.3	0.3	0	122.166666667
0	12	30	0.3	0.3	1	122.166666667
0	12	30	0.3	0.6	0	92.25
0	12	30	0.3	0.6	1	92.25
0	12	30	0.3	0.9	0	75.5833333333
0	12	30	0.3	0.9	1	75.5833333333
0	12	30	0.6	0	0	82.1666666667
0	12	30	0.6	0	1	82.1666666667
0	12	30	0.6	0.3	0	82.1666666667
0	12	30	0.6	0.3	1	82.1666666667
0	12	30	0.6	0.6	0	82.1666666667
0	12	30	0.6	0.6	1	82.1666666667
0	12	30	0.6	0.9	0	75.5833333333
0	12	30	0.6	0.9	1	75.5833333333
0	12	30	0.9	0	0	66.8333333333
0	12	30	0.9	0	1	66.8333333333
0	12	30	0.9	0.3	0	66.8333333333
0	12	30	0.9	0.3	1	66.8333333333
0	12	30	0.9	0.6	0	66.8333333333
0	12	30	0.9	0.6	1	66.8333333333
0	12	30	0.9	0.9	0	66.8333333333
0	12	30	0.9	0.9	1	66.8333333333
0	13	5	0	0	0	66.1666666667
0	13	5	0	0	1	66.1666666667
0	13	5	0	0.3	0	66.1666666667
0	13	5	0	0.3	1	66.1666666667
0	13	5	0	0.6	0	66.1666666667
0	13	5	0	0.6	1	66.1666666667
0	13	5	0	0.9	0	66.1666666667
0	13	5	0	0.9	1	66.1666666667
0	13	5	0.3	0	0	66.1666666667
0	13	5	0.3	0	1	66.1666666667
0	13	5	0.3	0.3	0	66.1666666667
0	13	5	0.3	0.3	1	66.1666666667
0	13	5	0.3	0.6	0	66.1666666667
0	13	5	0.3	0.6	1	66.1666666667
0	13	5	0.3	0.9	0	66.1666666667
0	13	5	0.3	0.9	1	66.1666666667
0	13	5	0.6	0	0	66.1666666667
0	13	5	0.6	0	1	66.1666666667
0	13	5	0.6	0.3	0	66.1666666667
0	13	5	0.6	0.3	1	66.1666666667
0	13	5	0.6	0.6	0	66.1666666667
0	13	5	0.6	0.6	1	66.1666666667
0	13	5	0.6	0.9	0	66.1666666667
0	13	5	0.6	0.9	1	66.1666666667
0	13	5	0.9	0	0	64.1666666667
0	13	5	0.9	0	1	64.1666666667
0	13	5	0.9	0.3	0	64.1666666667
0	13	5	0.9	0.3	1	64.1666666667
0	13	5	0.9	0.6	0	64.1666666667
0	13	5	0.9	0.6	1	64.1666666667
0	13	5	0.9	0.9	0	64.1666666667
0	13	5	0.9	0.9	1	64.1666666667
0	13	10	0	0	0	66.1666666667
0	13	10	0	0	1	66.1666666667
0	13	10	0	0.3	0	66.1666666667
0	13	10	0	0.3	1	66.1666666667
0	13	10	0	0.6	0	66.1666666667
0	13	10	0	0.6	1	66.1666666667
0	13	10	0	0.9	0	66.1666666667
0	13	10	0	0.9	1	66.1666666667
0	13	10	0.3	0	0	66.1666666667
0	13	10	0.3	0	1	66.1666666667
0	13	10	0.3	0.3	0	66.1666666667
0	13	10	0.3	0.3	1	66.1666666667
0	13	10	0.3	0.6	0	66.1666666667
0	13	10	0.3	0.6	1	66.1666666667
0	13	10	0.3	0.9	0	66.1666666667
0	13	10	0.3	0.9	1	66.1666666667
0	13	10	0.6	0	0	66.1666666667
0	13	10	0.6	0	1	66.1666666667
0	13	10	0.6	0.3	0	66.1666666667
0	13	10	0.6	0.3	1	66.1666666667
0	13	10	0.6	0.6	0	66.1666666667
0	13	10	0.6	0.6	1	66.1666666667
0	13	10	0.6	0.9	0	66.1666666667
0	13	10	0.6	0.9	1	66.1666666667
0	13	10	0.9	0	0	64.8333333333
0	13	10	0.9	0	1	64.8333333333
0	13	10	0.9	0.3	0	64.8333333333
0	13	10	0.9	0.3	1	64.8333333333
0	13	10	0.9	0.6	0	64.8333333333
0	13	10	0.9	0.6	1	64.8333333333
0	13	10	0.9	0.9	0	64.8333333333
0	13	10	0.9	0.9	1	64.8333333333
0	13	15	0	0	0	138.25
0	13	15	0	0	1	138.25
0	13	15	0	0.3	0	123.25
0	13	15	0	0.3	1	123.25
0	13	15	0	0.6	0	85.75
0	13	15	0	0.6	1	85.75
0	13	15	0	0.9	0	73.25
0	13	15	0	0.9	1	73.25
0	13	15	0.3	0	0	108.166666667
0	13	15	0.3	0	1	108.166666667
0	13	15	0.3	0.3	0	108.166666667
0	13	15	0.3	0.3	1	108.166666667
0	13	15	0.3	0.6	0	85.75
0	13	15	0.3	0.6	1	85.75
0	13	15	0.3	0.9	0	73.25
0	13	15	0.3	0.9	1	73.25
0	13	15	0.6	0	0	78.1666666667
0	13	15	0.6	0	1	78.1666666667
0	13	15	0.6	0.3	0	78.1666666667
0	13	15	0.6	0.3	1	78.1666666667
0	13	15	0.6	0.6	0	78.1666666667
0	13	15	0.6	0.6	1	78.1666666667
0	13	15	0.6	0.9	0	73.25
0	13	15	0.6	0.9	1	73.25
0	13	15	0.9	0	0	66.1666666667
0	13	15	0.9	0	1	66.1666666667
0	13	15	0.9	0.3	0	66.1666666667
0	13	15	0.9	0.3	1	66.1666666667
0	13	15	0.9	0.6	0	66.1666666667
0	13	15	0.9	0.6	1	66.1666666667
0	13	15	0.9	0.9	0	66.1666666667
0	13	15	0.9	0.9	1	66.1666666667
0	13	20	0	0	0	138.25
0	13	20	0	0	1	138.25
0	13	20	0	0.3	0	123.25
0	13	20	0	0.3	1	123.25
0	13	20	0	0.6	0	85.75
0	13	20	0	0.6	1	85.75
0	13	20	0	0.9	0	73.25
0	13	20	0	0.9	1	73.25
0	13	20	0.3	0	0	108.166666667
0	13	20	0.3	0	1	108.166666667
0	13	20	0.3	0.3	0	108.166666667
0	13	20	0.3	0.3	1	108.166666667
0	13	20	0.3	0.6	0	85.75
0	13	20	0.3	0.6	1	85.75
0	13	20	0.3	0.9	0	73.25
0	13	20	0.3	0.9	1	73.25
0	13	20	0.6	0	0	78.1666666667
0	13	20	0.6	0	1	78.1666666667
0	13	20	0.6	0.3	0	78.1666666667
0	13	20	0.6	0.3	1	78.1666666667
0	13	20	0.6	0.6	0	78.1666666667
0	13	20	0.6	0.6	1	78.1666666667
0	13	20	0.6	0.9	0	73.25
0	13	20	0.6	0.9	1	73.25
0	13	20	0.9	0	0	66.1666666667
0	13	20	0.9	0	1	66.1666666667
0	13	20	0.9	0.3	0	66.1666666667
0	13	20	0.9	0.3	1	66.1666666667
0	13	20	0.9	0.6	0	66.1666666667
0	13	20	0.9	0.6	1	66.1666666667
0	13	20	0.9	0.9	0	66.1666666667
0	13	20	0.9	0.9	1	66.1666666667
0	13	25	0	0	0	162.25
0	13	25	0	0	1	162.25
0	13	25	0	0.3	0	142.25
0	13	25	0	0.3	1	142.25
0	13	25	0	0.6	0	92.25
0	13	25	0	0.6	1	92.25
0	13	25	0	0.9	0	75.5833333333
0	13	25	0	0.9	1	75.5833333333
0	13	25	0.3	0	0	122.166666667
0	13	25	0.3	0	1	122.166666667
0	13	25	0.3	0.3	0	122.166666667
0	13	25	0.3	0.3	1	122.166666667
0	13	25	0.3	0.6	0	92.25
0	13	25	0.3	0.6	1	92.25
0	13	25	0.3	0.9	0	75.5833333333
0	13	25	0.3	0.9	1	75.5833333333
0	13	25	0.6	0	0	82.1666666667
0	13	25	0.6	0	1	82.1666666667
0	13	25	0.6	0.3	0	82.1666666667
0	13	25	0.6	0.3	1	82.1666666667
0	13	25	0.6	0.6	0	82.1666666667
0	13	25	0.6	0.6	1	82.1666666667
0	13	25	0.6	0.9	0	75.5833333333
0	13	25	0.6	0.9	1	75.5833333333
0	13	25	0.9	0	0	66.8333333333
0	13	25	0.9	0	1	66.8333333333
0	13	25	0.9	0.3	0	66.8333333333
0	13	25	0.9	0.3	1	66.8333333333
0	13	25	0.9	0.6	0	66.8333333333
0	13	25	0.9	0.6	1	66.8333333333
0	13	25	0.9	0.9	0	66.8333333333
0	13	25	0.9	0.9	1	66.8333333333
0	13	30	0	0	0	162.25
0	13	30	0	0	1	162.25
0	13	30	0	0.3	0	142.25
0	13	30	0	0.3	1	142.25
0	13	30	0	0.6	0	92.25
0	13	30	0	0.6	1	92.25
0	13	30	0	0.9	0	75.5833333333
0	13	30	0	0.9	1	75.5833333333
0	13	30	0.3	0	0	122.166666667
0	13	30	0.3	0	1	122.166666667
0	13	30	0.3	0.3	0	122.166666667
0	13	30	0.3	0.3	1	122.166666667
0	13	30	0.3	0.6	0	92.25
0	13	30	0.3	0.6	1	92.25
0	13	30	0.3	0.9	0	75.5833333333
0	13	30	0.3	0.9	1	75.5833333333
0	13	30	0.6	0	0	82.1666666667
0	13	30	0.6	0	1	82.1666666667
0	13	30	0.6	0.3	0	82.1666666667
0	13	30	0.6	0.3	1	82.1666666667
0	13	30	0.6	0.6	0	82.1666666667
0	13	30	0.6	0.6	1	82.1666666667
0	13	30	0.6	0.9	0	75.5833333333
0	13	30	0.6	0.9	1	75.5833333333
0	13	30	0.9	0	0	66.8333333333
0	13	30	0.9	0	1	66.8333333333
0	13	30	0.9	0.3	0	66.8333333333
0	13	30	0.9	0.3	1	66.8333333333
0	13	30	0.9	0.6	0	66.8333333333
0	13	30	0.9	0.6	1	66.8333333333
0	13	30	0.9	0.9	0	66.8333333333
0	13	30	0.9	0.9	1	66.8333333333
0	14	5	0	0	0	63.1666666667
0	14	5	0	0	1	63.1666666667
0	14	5	0	0.3	0	63.1666666667
0	14	5	0	0.3	1	63.1666666667
0	14	5	0	0.6	0	63.1666666667
0	14	5	0	0.6	1	63.1666666667
0	14	5	0	0.9	0	63.1666666667
0	14	5	0	0.9	1	63.1666666667
0	14	5	0.3	0	0	63.1666666667
0	14	5	0.3	0	1	63.1666666667
0	14	5	0.3	0.3	0	63.1666666667
0	14	5	0.3	0.3	1	63.1666666667
0	14	5	0.3	0.6	0	63.1666666667
0	14	5	0.3	0.6	1	63.1666666667
0	14	5	0.3	0.9	0	63.1666666667
0	14	5	0.3	0.9	1	63.1666666667
0	14	5	0.6	0	0	63.1666666667
0	14	5	0.6	0	1	63.1666666667
0	14	5	0.6	0.3	0	63.1666666667
0	14	5	0.6	0.3	1	63.1666666667
0	14	5	0.6	0.6	0	63.1666666667
0	14	5	0.6	0.6	1	63.1666666667
0	14	5	0.6	0.9	0	63.1666666667
0	14	5	0.6	0.9	1	63.1666666667
0	14	5	0.9	0	0	63.1666666667
0	14	5	0.9	0	1	63.1666666667
0	14	5	0.9	0.3	0	63.1666666667
0	14	5	0.9	0.3	1	63.1666666667
0	14	5	0.9	0.6	0	63.1666666667
0	14	5	0.9	0.6	1	63.1666666667
0	14	5	0.9	0.9	0	63.1666666667
0	14	5	0.9	0.9	1	63.1666666667
0	14	10	0	0	0	63.1666666667
0	14	10	0	0	1	63.1666666667
0	14	10	0	0.3	0	63.1666666667
0	14	10	0	0.3	1	63.1666666667
0	14	10	0	0.6	0	63.1666666667
0	14	10	0	0.6	1	63.1666666667
0	14	10	0	0.9	0	63.1666666667
0	14	10	0	0.9	1	63.1666666667
0	14	10	0.3	0	0	63.1666666667
0	14	10	0.3	0	1	63.1666666667
0	14	10	0.3	0.3	0	63.1666666667
0	14	10	0.3	0.3	1	63.1666666667
0	14	10	0.3	0.6	0	63.1666666667
0	14	10	0.3	0.6	1	63.1666666667
0	14	10	0.3	0.9	0	63.1666666667
0	14	10	0.3	0.9	1	63.1666666667
0	14	10	0.6	0	0	63.1666666667
0	14	10	0.6	0	1	63.1666666667
0	14	10	0.6	0.3	0	63.1666666667
0	14	10	0.6	0.3	1	63.1666666667
0	14	10	0.6	0.6	0	63.1666666667
0	14	10	0.6	0.6	1	63.1666666667
0	14	10	0.6	0.9	0	63.1666666667
0	14	10	0.6	0.9	1	63.1666666667
0	14	10	0.9	0	0	63.1666666667
0	14	10	0.9	0	1	63.1666666667
0	14	10	0.9	0.3	0	63.1666666667
0	14	10	0.9	0.3	1	63.1666666667
0	14	10	0.9	0.6	0	63.1666666667
0	14	10	0.9	0.6	1	63.1666666667
0	14	10	0.9	0.9	0	63.1666666667
0	14	10	0.9	0.9	1	63.1666666667
0	14	15	0	0	0	63.1666666667
0	14	15	0	0	1	63.1666666667
0	14	15	0	0.3	0	63.1666666667
0	14	15	0	0.3	1	63.1666666667
0	14	15	0	0.6	0	63.1666666667
0	14	15	0	0.6	1	63.1666666667
0	14	15	0	0.9	0	63.1666666667
0	14	15	0	0.9	1	63.1666666667
0	14	15	0.3	0	0	63.1666666667
0	14	15	0.3	0	1	63.1666666667
0	14	15	0.3	0.3	0	63.1666666667
0	14	15	0.3	0.3	1	63.1666666667
0	14	15	0.3	0.6	0	63.1666666667
0	14	15	0.3	0.6	1	63.1666666667
0	14	15	0.3	0.9	0	63.1666666667
0	14	15	0.3	0.9	1	63.1666666667
0	14	15	0.6	0	0	63.1666666667
0	14	15	0.6	0	1	63.1666666667
0	14	15	0.6	0.3	0	63.1666666667
0	14	15	0.6	0.3	1	63.1666666667
0	14	15	0.6	0.6	0	63.1666666667
0	14	15	0.6	0.6	1	63.1666666667
0	14	15	0.6	0.9	0	63.1666666667
0	14	15	0.6	0.9	1	63.1666666667
0	14	15	0.9	0	0	63.1666666667
0	14	15	0.9	0	1	63.1666666667
0	14	15	0.9	0.3	0	63.1666666667
0	14	15	0.9	0.3	1	63.1666666667
0	14	15	0.9	0.6	0	63.1666666667
0	14	15	0.9	0.6	1	63.1666666667
0	14	15	0.9	0.9	0	63.1666666667
0	14	15	0.9	0.9	1	63.1666666667
0	14	20	0	0	0	66.1666666667
0	14	20	0	0	1	66.1666666667
0	14	20	0	0.3	0	66.1666666667
0	14	20	0	0.3	1	66.1666666667
0	14	20	0	0.6	0	66.1666666667
0	14	20	0	0.6	1	66.1666666667
0	14	20	0	0.9	0	66.1666666667
0	14	20	0	0.9	1	66.1666666667
0	14	20	0.3	0	0	66.1666666667
0	14	20	0.3	0	1	66.1666666667
0	14	20	0.3	0.3	0	66.1666666667
0	14	20	0.3	0.3	1	66.1666666667
0	14	20	0.3	0.6	0	66.1666666667
0	14	20	0.3	0.6	1	66.1666666667
0	14	20	0.3	0.9	0	66.1666666667
0	14	20	0.3	0.9	1	66.1666666667
0	14	20	0.6	0	0	66.1666666667
0	14	20	0.6	0	1	66.1666666667
0	14	20	0.6	0.3	0	66.1666666667
0	14	20	0.6	0.3	1	66.1666666667
0	14	20	0.6	0.6	0	66.1666666667
0	14	20	0.6	0.6	1	66.1666666667
0	14	20	0.6	0.9	0	66.1666666667
0	14	20	0.6	0.9	1	66.1666666667
0	14	20	0.9	0	0	63.8333333333
0	14	20	0.9	0	1	63.8333333333
0	14	20	0.9	0.3	0	63.8333333333
0	14	20	0.9	0.3	1	63.8333333333
0	14	20	0.9	0.6	0	63.8333333333
0	14	20	0.9	0.6	1	63.8333333333
0	14	20	0.9	0.9	0	63.8333333333
0	14	20	0.9	0.9	1	63.8333333333
0	14	25	0	0	0	66.1666666667
0	14	25	0	0	1	66.1666666667
0	14	25	0	0.3	0	66.1666666667
0	14	25	0	0.3	1	66.1666666667
0	14	25	0	0.6	0	66.1666666667
0	14	25	0	0.6	1	66.1666666667
0	14	25	0	0.9	0	66.1666666667
0	14	25	0	0.9	1	66.1666666667
0	14	25	0.3	0	0	66.1666666667
0	14	25	0.3	0	1	66.1666666667
0	14	25	0.3	0.3	0	66.1666666667
0	14	25	0.3	0.3	1	66.1666666667
0	14	25	0.3	0.6	0	66.1666666667
0	14	25	0.3	0.6	1	66.1666666667
0	14	25	0.3	0.9	0	66.1666666667
0	14	25	0.3	0.9	1	66.1666666667
0	14	25	0.6	0	0	66.1666666667
0	14	25	0.6	0	1	66.1666666667
0	14	25	0.6	0.3	0	66.1666666667
0	14	25	0.6	0.3	1	66.1666666667
0	14	25	0.6	0.6	0	66.1666666667
0	14	25	0.6	0.6	1	66.1666666667
0	14	25	0.6	0.9	0	66.1666666667
0	14	25	0.6	0.9	1	66.1666666667
0	14	25	0.9	0	0	65.5
0	14	25	0.9	0	1	65.5
0	14	25	0.9	0.3	0	65.5
0	14	25	0.9	0.3	1	65.5
0	14	25	0.9	0.6	0	65.5
0	14	25	0.9	0.6	1	65.5
0	14	25	0.9	0.9	0	65.5
0	14	25	0.9	0.9	1	65.5
0	14	30	0	0	0	114.25
0	14	30	0	0	1	114.25
0	14	30	0	0.3	0	104.25
0	14	30	0	0.3	1	104.25
0	14	30	0	0.6	0	79.25
0	14	30	0	0.6	1	79.25
0	14	30	0	0.9	0	70.9166666667
0	14	30	0	0.9	1	70.9166666667
0	14	30	0.3	0	0	94.1666666667
0	14	30	0.3	0	1	94.1666666667
0	14	30	0.3	0.3	0	94.1666666667
0	14	30	0.3	0.3	1	94.1666666667
0	14	30	0.3	0.6	0	79.25
0	14	30	0.3	0.6	1	79.25
0	14	30	0.3	0.9	0	70.9166666667
0	14	30	0.3	0.9	1	70.9166666667
0	14	30	0.6	0	0	74.1666666667
0	14	30	0.6	0	1	74.1666666667
0	14	30	0.6	0.3	0	74.1666666667
0	14	30	0.6	0.3	1	74.1666666667
0	14	30	0.6	0.6	0	74.1666666667
0	14	30	0.6	0.6	1	74.1666666667
0	14	30	0.6	0.9	0	70.9166666667
0	14	30	0.6	0.9	1	70.9166666667
0	14	30	0.9	0	0	66.1666666667
0	14	30	0.9	0	1	66.1666666667
0	14	30	0.9	0.3	0	66.1666666667
0	14	30	0.9	0.3	1	66.1666666667
0	14	30	0.9	0.6	0	66.1666666667
0	14	30	0.9	0.6	1	66.1666666667
0	14	30	0.9	0.9	0	66.1666666667
0	14	30	0.9	0.9	1	66.1666666667
0	15	5	0	0	0	63.1666666667
0	15	5	0	0	1	63.1666666667
0	15	5	0	0.3	0	63.1666666667
0	15	5	0	0.3	1	63.1666666667
0	15	5	0	0.6	0	63.1666666667
0	15	5	0	0.6	1	63.1666666667
0	15	5	0	0.9	0	63.1666666667
0	15	5	0	0.9	1	63.1666666667
0	15	5	0.3	0	0	63.1666666667
0	15	5	0.3	0	1	63.1666666667
0	15	5	0.3	0.3	0	63.1666666667
0	15	5	0.3	0.3	1	63.1666666667
0	15	5	0.3	0.6	0	63.1666666667
0	15	5	0.3	0.6	1	63.1666666667
0	15	5	0.3	0.9	0	63.1666666667
0	15	5	0.3	0.9	1	63.1666666667
0	15	5	0.6	0	0	63.1666666667
0	15	5	0.6	0	1	63.1666666667
0	15	5	0.6	0.3	0	63.1666666667
0	15	5	0.6	0.3	1	63.1666666667
0	15	5	0.6	0.6	0	63.1666666667
0	15	5	0.6	0.6	1	63.1666666667
0	15	5	0.6	0.9	0	63.1666666667
0	15	5	0.6	0.9	1	63.1666666667
0	15	5	0.9	0	0	63.1666666667
0	15	5	0.9	0	1	63.1666666667
0	15	5	0.9	0.3	0	63.1666666667
0	15	5	0.9	0.3	1	63.1666666667
0	15	5	0.9	0.6	0	63.1666666667
0	15	5	0.9	0.6	1	63.1666666667
0	15	5	0.9	0.9	0	63.1666666667
0	15	5	0.9	0.9	1	63.1666666667
0	15	10	0	0	0	66.1666666667
0	15	10	0	0	1	66.1666666667
0	15	10	0	0.3	0	66.1666666667
0	15	10	0	0.3	1	66.1666666667
0	15	10	0	0.6	0	66.1666666667
0	15	10	0	0.6	1	66.1666666667
0	15	10	0	0.9	0	66.1666666667
0	15	10	0	0.9	1	66.1666666667
0	15	10	0.3	0	0	66.1666666667
0	15	10	0.3	0	1	66.1666666667
0	15	10	0.3	0.3	0	66.1666666667
0	15	10	0.3	0.3	1	66.1666666667
0	15	10	0.3	0.6	0	66.1666666667
0	15	10	0.3	0.6	1	66.1666666667
0	15	10	0.3	0.9	0	66.1666666667
0	15	10	0.3	0.9	1	66.1666666667
0	15	10	0.6	0	0	66.1666666667
0	15	10	0.6	0	1	66.1666666667
0	15	10	0.6	0.3	0	66.1666666667
0	15	10	0.6	0.3	1	66.1666666667
0	15	10	0.6	0.6	0	66.1666666667
0	15	10	0.6	0.6	1	66.1666666667
0	15	10	0.6	0.9	0	66.1666666667
0	15	10	0.6	0.9	1	66.1666666667
0	15	10	0.9	0	0	63.8333333333
0	15	10	0.9	0	1	63.8333333333
0	15	10	0.9	0.3	0	63.8333333333
0	15	10	0.9	0.3	1	63.8333333333
0	15	10	0.9	0.6	0	63.8333333333
0	15	10	0.9	0.6	1	63.8333333333
0	15	10	0.9	0.9	0	63.8333333333
0	15	10	0.9	0.9	1	63.8333333333
0	15	15	0	0	0	66.1666666667
0	15	15	0	0	1	66.1666666667
0	15	15	0	0.3	0	66.1666666667
0	15	15	0	0.3	1	66.1666666667
0	15	15	0	0.6	0	66.1666666667
0	15	15	0	0.6	1	66.1666666667
0	15	15	0	0.9	0	66.1666666667
0	15	15	0	0.9	1	66.1666666667
0	15	15	0.3	0	0	66.1666666667
0	15	15	0.3	0	1	66.1666666667
0	15	15	0.3	0.3	0	66.1666666667
0	15	15	0.3	0.3	1	66.1666666667
0	15	15	0.3	0.6	0	66.1666666667
0	15	15	0.3	0.6	1	66.1666666667
0	15	15	0.3	0.9	0	66.1666666667
0	15	15	0.3	0.9	1	66.1666666667
0	15	15	0.6	0	0	66.1666666667
0	15	15	0.6	0	1	66.1666666667
0	15	15	0.6	0.3	0	66.1666666667
0	15	15	0.6	0.3	1	66.1666666667
0	15	15	0.6	0.6	0	66.1666666667
0	15	15	0.6	0.6	1	66.1666666667
0	15	15	0.6	0.9	0	66.1666666667
0	15	15	0.6	0.9	1	66.1666666667
0	15	15	0.9	0	0	64.8333333333
0	15	15	0.9	0	1	64.8333333333
0	15	15	0.9	0.3	0	64.8333333333
0	15	15	0.9	0.3	1	64.8333333333
0	15	15	0.9	0.6	0	64.8333333333
0	15	15	0.9	0.6	1	64.8333333333
0	15	15	0.9	0.9	0	64.8333333333
0	15	15	0.9	0.9	1	64.8333333333
0	15	20	0	0	0	114.25
0	15	20	0	0	1	114.25
0	15	20	0	0.3	0	104.25
0	15	20	0	0.3	1	104.25
0	15	20	0	0.6	0	79.25
0	15	20	0	0.6	1	79.25
0	15	20	0	0.9	0	70.9166666667
0	15	20	0	0.9	1	70.9166666667
0	15	20	0.3	0	0	94.1666666667
0	15	20	0.3	0	1	94.1666666667
0	15	20	0.3	0.3	0	94.1666666667
0	15	20	0.3	0.3	1	94.1666666667
0	15	20	0.3	0.6	0	79.25
0	15	20	0.3	0.6	1	79.25
0	15	20	0.3	0.9	0	70.9166666667
0	15	20	0.3	0.9	1	70.9166666667
0	15	20	0.6	0	0	74.1666666667
0	15	20	0.6	0	1	74.1666666667
0	15	20	0.6	0.3	0	74.1666666667
0	15	20	0.6	0.3	1	74.1666666667
0	15	20	0.6	0.6	0	74.1666666667
0	15	20	0.6	0.6	1	74.1666666667
0	15	20	0.6	0.9	0	70.9166666667
0	15	20	0.6	0.9	1	70.9166666667
0	15	20	0.9	0	0	66.1666666667
0	15	20	0.9	0	1	66.1666666667
0	15	20	0.9	0.3	0	66.1666666667
0	15	20	0.9	0.3	1	66.1666666667
0	15	20	0.9	0.6	0	66.1666666667
0	15	20	0.9	0.6	1	66.1666666667
0	15	20	0.9	0.9	0	66.1666666667
0	15	20	0.9	0.9	1	66.1666666667
0	15	25	0	0	0	114.25
0	15	25	0	0	1	114.25
0	15	25	0	0.3	0	104.25
0	15	25	0	0.3	1	104.25
0	15	25	0	0.6	0	79.25
0	15	25	0	0.6	1	79.25
0	15	25	0	0.9	0	70.9166666667
0	15	25	0	0.9	1	70.9166666667
0	15	25	0.3	0	0	94.1666666667
0	15	25	0.3	0	1	94.1666666667
0	15	25	0.3	0.3	0	94.1666666667
0	15	25	0.3	0.3	1	94.1666666667
0	15	25	0.3	0.6	0	79.25
0	15	25	0.3	0.6	1	79.25
0	15	25	0.3	0.9	0	70.9166666667
0	15	25	0.3	0.9	1	70.9166666667
0	15	25	0.6	0	0	74.1666666667
0	15	25	0.6	0	1	74.1666666667
0	15	25	0.6	0.3	0	74.1666666667
0	15	25	0.6	0.3	1	74.1666666667
0	15	25	0.6	0.6	0	74.1666666667
0	15	25	0.6	0.6	1	74.1666666667
0	15	25	0.6	0.9	0	70.9166666667
0	15	25	0.6	0.9	1	70.9166666667
0	15	25	0.9	0	0	66.1666666667
0	15	25	0.9	0	1	66.1666666667
0	15	25	0.9	0.3	0	66.1666666667
0	15	25	0.9	0.3	1	66.1666666667
0	15	25	0.9	0.6	0	66.1666666667
0	15	25	0.9	0.6	1	66.1666666667
0	15	25	0.9	0.9	0	66.1666666667
0	15	25	0.9	0.9	1	66.1666666667
0	15	30	0	0	0	138.25
0	15	30	0	0	1	138.25
0	15	30	0	0.3	0	123.25
0	15	30	0	0.3	1	123.25
0	15	30	0	0.6	0	85.75
0	15	30	0	0.6	1	85.75
0	15	30	0	0.9	0	73.25
0	15	30	0	0.9	1	73.25
0	15	30	0.3	0	0	108.166666667
0	15	30	0.3	0	1	108.166666667
0	15	30	0.3	0.3	0	108.166666667
0	15	30	0.3	0.3	1	108.166666667
0	15	30	0.3	0.6	0	85.75
0	15	30	0.3	0.6	1	85.75
0	15	30	0.3	0.9	0	73.25
0	15	30	0.3	0.9	1	73.25
0	15	30	0.6	0	0	78.1666666667
0	15	30	0.6	0	1	78.1666666667
0	15	30	0.6	0.3	0	78.1666666667
0	15	30	0.6	0.3	1	78.1666666667
0	15	30	0.6	0.6	0	78.1666666667
0	15	30	0.6	0.6	1	78.1666666667
0	15	30	0.6	0.9	0	73.25
0	15	30	0.6	0.9	1	73.25
0	15	30	0.9	0	0	66.8333333333
0	15	30	0.9	0	1	66.8333333333
0	15	30	0.9	0.3	0	66.8333333333
0	15	30	0.9	0.3	1	66.8333333333
0	15	30	0.9	0.6	0	66.8333333333
0	15	30	0.9	0.6	1	66.8333333333
0	15	30	0.9	0.9	0	66.8333333333
0	15	30	0.9	0.9	1	66.8333333333
0	16	5	0	0	0	66.1666666667
0	16	5	0	0	1	66.1666666667
0	16	5	0	0.3	0	66.1666666667
0	16	5	0	0.3	1	66.1666666667
0	16	5	0	0.6	0	66.1666666667
0	16	5	0	0.6	1	66.1666666667
0	16	5	0	0.9	0	66.1666666667
0	16	5	0	0.9	1	66.1666666667
0	16	5	0.3	0	0	66.1666666667
0	16	5	0.3	0	1	66.1666666667
0	16	5	0.3	0.3	0	66.1666666667
0	16	5	0.3	0.3	1	66.1666666667
0	16	5	0.3	0.6	0	66.1666666667
0	16	5	0.3	0.6	1	66.1666666667
0	16	5	0.3	0.9	0	66.1666666667
0	16	5	0.3	0.9	1	66.1666666667
0	16	5	0.6	0	0	66.1666666667
0	16	5	0.6	0	1	66.1666666667
0	16	5	0.6	0.3	0	66.1666666667
0	16	5	0.6	0.3	1	66.1666666667
0	16	5	0.6	0.6	0	66.1666666667
0	16	5	0.6	0.6	1	66.1666666667
0	16	5	0.6	0.9	0	66.1666666667
0	16	5	0.6	0.9	1	66.1666666667
0	16	5	0.9	0	0	63.8333333333
0	16	5	0.9	0	1	63.8333333333
0	16	5	0.9	0.3	0	63.8333333333
0	16	5	0.9	0.3	1	63.8333333333
0	16	5	0.9	0.6	0	63.8333333333
0	16	5	0.9	0.6	1	63.8333333333
0	16	5	0.9	0.9	0	63.8333333333
0	16	5	0.9	0.9	1	63.8333333333
0	16	10	0	0	0	114.25
0	16	10	0	0	1	114.25
0	16	10	0	0.3	0	104.25
0	16	10	0	0.3	1	104.25
0	16	10	0	0.6	0	79.25
0	16	10	0	0.6	1	79.25
0	16	10	0	0.9	0	70.9166666667
0	16	10	0	0.9	1	70.9166666667
0	16	10	0.3	0	0	94.1666666667
0	16	10	0.3	0	1	94.1666666667
0	16	10	0.3	0.3	0	94.1666666667
0	16	10	0.3	0.3	1	94.1666666667
0	16	10	0.3	0.6	0	79.25
0	16	10	0.3	0.6	1	79.25
0	16	10	0.3	0.9	0	70.9166666667
0	16	10	0.3	0.9	1	70.9166666667
0	16	10	0.6	0	0	74.1666666667
0	16	10	0.6	0	1	74.1666666667
0	16	10	0.6	0.3	0	74.1666666667
0	16	10	0.6	0.3	1	74.1666666667
0	16	10	0.6	0.6	0	74.1666666667
0	16	10	0.6	0.6	1	74.1666666667
0	16	10	0.6	0.9	0	70.9166666667
0	16	10	0.6	0.9	1	70.9166666667
0	16	10	0.9	0	0	65.5
0	16	10	0.9	0	1	65.5
0	16	10	0.9	0.3	0	65.5
0	16	10	0.9	0.3	1	65.5
0	16	10	0.9	0.6	0	65.5
0	16	10	0.9	0.6	1	65.5
0	16	10	0.9	0.9	0	65.5
0	16	10	0.9	0.9	1	65.5
0	16	15	0	0	0	114.25
0	16	15	0	0	1	114.25
0	16	15	0	0.3	0	104.25
0	16	15	0	0.3	1	104.25
0	16	15	0	0.6	0	79.25
0	16	15	0	0.6	1	79.25
0	16	15	0	0.9	0	70.9166666667
0	16	15	0	0.9	1	70.9166666667
0	16	15	0.3	0	0	94.1666666667
0	16	15	0.3	0	1	94.1666666667
0	16	15	0.3	0.3	0	94.1666666667
0	16	15	0.3	0.3	1	94.1666666667
0	16	15	0.3	0.6	0	79.25
0	16	15	0.3	0.6	1	79.25
0	16	15	0.3	0.9	0	70.9166666667
0	16	15	0.3	0.9	1	70.9166666667
0	16	15	0.6	0	0	74.1666666667
0	16	15	0.6	0	1	74.1666666667
0	16	15	0.6	0.3	0	74.1666666667
0	16	15	0.6	0.3	1	74.1666666667
0	16	15	0.6	0.6	0	74.1666666667
0	16	15	0.6	0.6	1	74.1666666667
0	16	15	0.6	0.9	0	70.9166666667
0	16	15	0.6	0.9	1	70.9166666667
0	16	15	0.9	0	0	65.5
0	16	15	0.9	0	1	65.5
0	16	15	0.9	0.3	0	65.5
0	16	15	0.9	0.3	1	65.5
0	16	15	0.9	0.6	0	65.5
0	16	15	0.9	0.6	1	65.5
0	16	15	0.9	0.9	0	65.5
0	16	15	0.9	0.9	1	65.5
0	16	20	0	0	0	114.25
0	16	20	0	0	1	114.25
0	16	20	0	0.3	0	104.25
0	16	20	0	0.3	1	104.25
0	16	20	0	0.6	0	79.25
0	16	20	0	0.6	1	79.25
0	16	20	0	0.9	0	70.9166666667
0	16	20	0	0.9	1	70.9166666667
0	16	20	0.3	0	0	94.1666666667
0	16	20	0.3	0	1	94.1666666667
0	16	20	0.3	0.3	0	94.1666666667
0	16	20	0.3	0.3	1	94.1666666667
0	16	20	0.3	0.6	0	79.25
0	16	20	0.3	0.6	1	79.25
0	16	20	0.3	0.9	0	70.9166666667
0	16	20	0.3	0.9	1	70.9166666667
0	16	20	0.6	0	0	74.1666666667
0	16	20	0.6	0	1	74.1666666667
0	16	20	0.6	0.3	0	74.1666666667
0	16	20	0.6	0.3	1	74.1666666667
0	16	20	0.6	0.6	0	74.1666666667
0	16	20	0.6	0.6	1	74.1666666667
0	16	20	0.6	0.9	0	70.9166666667
0	16	20	0.6	0.9	1	70.9166666667
0	16	20	0.9	0	0	65.5
0	16	20	0.9	0	1	65.5
0	16	20	0.9	0.3	0	65.5
0	16	20	0.9	0.3	1	65.5
0	16	20	0.9	0.6	0	65.5
0	16	20	0.9	0.6	1	65.5
0	16	20	0.9	0.9	0	65.5
0	16	20	0.9	0.9	1	65.5
0	16	25	0	0	0	138.25
0	16	25	0	0	1	138.25
0	16	25	0	0.3	0	123.25
0	16	25	0	0.3	1	123.25
0	16	25	0	0.6	0	85.75
0	16	25	0	0.6	1	85.75
0	16	25	0	0.9	0	73.25
0	16	25	0	0.9	1	73.25
0	16	25	0.3	0	0	108.166666667
0	16	25	0.3	0	1	108.166666667
0	16	25	0.3	0.3	0	108.166666667
0	16	25	0.3	0.3	1	108.166666667
0	16	25	0.3	0.6	0	85.75
0	16	25	0.3	0.6	1	85.75
0	16	25	0.3	0.9	0	73.25
0	16	25	0.3	0.9	1	73.25
0	16	25	0.6	0	0	78.1666666667
0	16	25	0.6	0	1	78.1666666667
0	16	25	0.6	0.3	0	78.1666666667
0	16	25	0.6	0.3	1	78.1666666667
0	16	25	0.6	0.6	0	78.1666666667
0	16	25	0.6	0.6	1	78.1666666667
0	16	25	0.6	0.9	0	73.25
0	16	25	0.6	0.9	1	73.25
0	16	25	0.9	0	0	66.1666666667
0	16	25	0.9	0	1	66.1666666667
0	16	25	0.9	0.3	0	66.1666666667
0	16	25	0.9	0.3	1	66.1666666667
0	16	25	0.9	0.6	0	66.1666666667
0	16	25	0.9	0.6	1	66.1666666667
0	16	25	0.9	0.9	0	66.1666666667
0	16	25	0.9	0.9	1	66.1666666667
0	16	30	0	0	0	138.25
0	16	30	0	0	1	138.25
0	16	30	0	0.3	0	123.25
0	16	30	0	0.3	1	123.25
0	16	30	0	0.6	0	85.75
0	16	30	0	0.6	1	85.75
0	16	30	0	0.9	0	73.25
0	16	30	0	0.9	1	73.25
0	16	30	0.3	0	0	108.166666667
0	16	30	0.3	0	1	108.166666667
0	16	30	0.3	0.3	0	108.166666667
0	16	30	0.3	0.3	1	108.166666667
0	16	30	0.3	0.6	0	85.75
0	16	30	0.3	0.6	1	85.75
0	16	30	0.3	0.9	0	73.25
0	16	30	0.3	0.9	1	73.25
0	16	30	0.6	0	0	78.1666666667
0	16	30	0.6	0	1	78.1666666667
0	16	30	0.6	0.3	0	78.1666666667
0	16	30	0.6	0.3	1	78.1666666667
0	16	30	0.6	0.6	0	78.1666666667
0	16	30	0.6	0.6	1	78.1666666667
0	16	30	0.6	0.9	0	73.25
0	16	30	0.6	0.9	1	73.25
0	16	30	0.9	0	0	66.1666666667
0	16	30	0.9	0	1	66.1666666667
0	16	30	0.9	0.3	0	66.1666666667
0	16	30	0.9	0.3	1	66.1666666667
0	16	30	0.9	0.6	0	66.1666666667
0	16	30	0.9	0.6	1	66.1666666667
0	16	30	0.9	0.9	0	66.1666666667
0	16	30	0.9	0.9	1	66.1666666667
0	17	5	0	0	0	111.25
0	17	5	0	0	1	111.25
0	17	5	0	0.3	0	83.75
0	17	5	0	0.3	1	83.75
0	17	5	0	0.6	0	71.25
0	17	5	0	0.6	1	71.25
0	17	5	0	0.9	0	67.0833333333
0	17	5	0	0.9	1	67.0833333333
0	17	5	0.3	0	0	77.1666666667
0	17	5	0.3	0	1	77.1666666667
0	17	5	0.3	0.3	0	77.1666666667
0	17	5	0.3	0.3	1	77.1666666667
0	17	5	0.3	0.6	0	71.25
0	17	5	0.3	0.6	1	71.25
0	17	5	0.3	0.9	0	67.0833333333
0	17	5	0.3	0.9	1	67.0833333333
0	17	5	0.6	0	0	67.1666666667
0	17	5	0.6	0	1	67.1666666667
0	17	5	0.6	0.3	0	67.1666666667
0	17	5	0.6	0.3	1	67.1666666667
0	17	5	0.6	0.6	0	67.1666666667
0	17	5	0.6	0.6	1	67.1666666667
0	17	5	0.6	0.9	0	67.0833333333
0	17	5	0.6	0.9	1	67.0833333333
0	17	5	0.9	0	0	63.8333333333
0	17	5	0.9	0	1	63.8333333333
0	17	5	0.9	0.3	0	63.8333333333
0	17	5	0.9	0.3	1	63.8333333333
0	17	5	0.9	0.6	0	63.8333333333
0	17	5	0.9	0.6	1	63.8333333333
0	17	5	0.9	0.9	0	63.8333333333
0	17	5	0.9	0.9	1	63.8333333333
0	17	10	0	0	0	111.25
0	17	10	0	0	1	111.25
0	17	10	0	0.3	0	101.25
0	17	10	0	0.3	1	101.25
0	17	10	0	0.6	0	76.25
0	17	10	0	0.6	1	76.25
0	17	10	0	0.9	0	67.9166666667
0	17	10	0	0.9	1	67.9166666667
0	17	10	0.3	0	0	91.1666666667
0	17	10	0.3	0	1	91.1666666667
0	17	10	0.3	0.3	0	91.1666666667
0	17	10	0.3	0.3	1	91.1666666667
0	17	10	0.3	0.6	0	76.25
0	17	10	0.3	0.6	1	76.25
0	17	10	0.3	0.9	0	67.9166666667
0	17	10	0.3	0.9	1	67.9166666667
0	17	10	0.6	0	0	71.1666666667
0	17	10	0.6	0	1	71.1666666667
0	17	10	0.6	0.3	0	71.1666666667
0	17	10	0.6	0.3	1	71.1666666667
0	17	10	0.6	0.6	0	71.1666666667
0	17	10	0.6	0.6	1	71.1666666667
0	17	10	0.6	0.9	0	67.9166666667
0	17	10	0.6	0.9	1	67.9166666667
0	17	10	0.9	0	0	64.5
0	17	10	0.9	0	1	64.5
0	17	10	0.9	0.3	0	64.5
0	17	10	0.9	0.3	1	64.5
0	17	10	0.9	0.6	0	64.5
0	17	10	0.9	0.6	1	64.5
0	17	10	0.9	0.9	0	64.5
0	17	10	0.9	0.9	1	64.5
0	17	15	0	0	0	114.25
0	17	15	0	0	1	114.25
0	17	15	0	0.3	0	104.25
0	17	15	0	0.3	1	104.25
0	17	15	0	0.6	0	79.25
0	17	15	0	0.6	1	79.25
0	17	15	0	0.9	0	70.9166666667
0	17	15	0	0.9	1	70.9166666667
0	17	15	0.3	0	0	94.1666666667
0	17	15	0.3	0	1	94.1666666667
0	17	15	0.3	0.3	0	94.1666666667
0	17	15	0.3	0.3	1	94.1666666667
0	17	15	0.3	0.6	0	79.25
0	17	15	0.3	0.6	1	79.25
0	17	15	0.3	0.9	0	70.9166666667
0	17	15	0.3	0.9	1	70.9166666667
0	17	15	0.6	0	0	74.1666666667
0	17	15	0.6	0	1	74.1666666667
0	17	15	0.6	0.3	0	74.1666666667
0	17	15	0.6	0.3	1	74.1666666667
0	17	15	0.6	0.6	0	74.1666666667
0	17	15	0.6	0.6	1	74.1666666667
0	17	15	0.6	0.9	0	70.9166666667
0	17	15	0.6	0.9	1	70.9166666667
0	17	15	0.9	0	0	65.5
0	17	15	0.9	0	1	65.5
0	17	15	0.9	0.3	0	65.5
0	17	15	0.9	0.3	1	65.5
0	17	15	0.9	0.6	0	65.5
0	17	15	0.9	0.6	1	65.5
0	17	15	0.9	0.9	0	65.5
0	17	15	0.9	0.9	1	65.5
0	17	20	0	0	0	138.25
0	17	20	0	0	1	138.25
0	17	20	0	0.3	0	123.25
0	17	20	0	0.3	1	123.25
0	17	20	0	0.6	0	85.75
0	17	20	0	0.6	1	85.75
0	17	20	0	0.9	0	71.4166666667
0	17	20	0	0.9	1	71.4166666667
0	17	20	0.3	0	0	108.166666667
0	17	20	0.3	0	1	108.166666667
0	17	20	0.3	0.3	0	108.166666667
0	17	20	0.3	0.3	1	108.166666667
0	17	20	0.3	0.6	0	85.75
0	17	20	0.3	0.6	1	85.75
0	17	20	0.3	0.9	0	71.4166666667
0	17	20	0.3	0.9	1	71.4166666667
0	17	20	0.6	0	0	77.1666666667
0	17	20	0.6	0	1	77.1666666667
0	17	20	0.6	0.3	0	77.1666666667
0	17	20	0.6	0.3	1	77.1666666667
0	17	20	0.6	0.6	0	77.1666666667
0	17	20	0.6	0.6	1	77.1666666667
0	17	20	0.6	0.9	0	71.4166666667
0	17	20	0.6	0.9	1	71.4166666667
0	17	20	0.9	0	0	65.5
0	17	20	0.9	0	1	65.5
0	17	20	0.9	0.3	0	65.5
0	17	20	0.9	0.3	1	65.5
0	17	20	0.9	0.6	0	65.5
0	17	20	0.9	0.6	1	65.5
0	17	20	0.9	0.9	0	65.5
0	17	20	0.9	0.9	1	65.5
0	17	25	0	0	0	138.25
0	17	25	0	0	1	138.25
0	17	25	0	0.3	0	123.25
0	17	25	0	0.3	1	123.25
0	17	25	0	0.6	0	85.75
0	17	25	0	0.6	1	85.75
0	17	25	0	0.9	0	71.4166666667
0	17	25	0	0.9	1	71.4166666667
0	17	25	0.3	0	0	108.166666667
0	17	25	0.3	0	1	108.166666667
0	17	25	0.3	0.3	0	108.166666667
0	17	25	0.3	0.3	1	108.166666667
0	17	25	0.3	0.6	0	85.75
0	17	25	0.3	0.6	1	85.75
0	17	25	0.3	0.9	0	71.4166666667
0	17	25	0.3	0.9	1	71.4166666667
0	17	25	0.6	0	0	77.1666666667
0	17	25	0.6	0	1	77.1666666667
0	17	25	0.6	0.3	0	77.1666666667
0	17	25	0.6	0.3	1	77.1666666667
0	17	25	0.6	0.6	0	77.1666666667
0	17	25	0.6	0.6	1	77.1666666667
0	17	25	0.6	0.9	0	71.4166666667
0	17	25	0.6	0.9	1	71.4166666667
0	17	25	0.9	0	0	65.5
0	17	25	0.9	0	1	65.5
0	17	25	0.9	0.3	0	65.5
0	17	25	0.9	0.3	1	65.5
0	17	25	0.9	0.6	0	65.5
0	17	25	0.9	0.6	1	65.5
0	17	25	0.9	0.9	0	65.5
0	17	25	0.9	0.9	1	65.5
0	17	30	0	0	0	162.25
0	17	30	0	0	1	162.25
0	17	30	0	0.3	0	142.25
0	17	30	0	0.3	1	142.25
0	17	30	0	0.6	0	92.25
0	17	30	0	0.6	1	92.25
0	17	30	0	0.9	0	73.75
0	17	30	0	0.9	1	73.75
0	17	30	0.3	0	0	122.166666667
0	17	30	0.3	0	1	122.166666667
0	17	30	0.3	0.3	0	122.166666667
0	17	30	0.3	0.3	1	122.166666667
0	17	30	0.3	0.6	0	92.25
0	17	30	0.3	0.6	1	92.25
0	17	30	0.3	0.9	0	73.75
0	17	30	0.3	0.9	1	73.75
0	17	30	0.6	0	0	81.1666666667
0	17	30	0.6	0	1	81.1666666667
0	17	30	0.6	0.3	0	81.1666666667
0	17	30	0.6	0.3	1	81.1666666667
0	17	30	0.6	0.6	0	81.1666666667
0	17	30	0.6	0.6	1	81.1666666667
0	17	30	0.6	0.9	0	73.75
0	17	30	0.6	0.9	1	73.75
0	17	30	0.9	0	0	66.1666666667
0	17	30	0.9	0	1	66.1666666667
0	17	30	0.9	0.3	0	66.1666666667
0	17	30	0.9	0.3	1	66.1666666667
0	17	30	0.9	0.6	0	66.1666666667
0	17	30	0.9	0.6	1	66.1666666667
0	17	30	0.9	0.9	0	66.1666666667
0	17	30	0.9	0.9	1	66.1666666667
0.3	1	5	0	0	0	77.3095238095
0.3	1	5	0	0	1	71.4166666667
0.3	1	5	0	0.3	0	77.3095238095
0.3	1	5	0	0.3	1	71.4166666667
0.3	1	5	0	0.6	0	77.3095238095
0.3	1	5	0	0.6	1	71.4166666667
0.3	1	5	0	0.9	0	77.3095238095
0.3	1	5	0	0.9	1	71.4166666667
0.3	1	5	0.3	0	0	77.3095238095
0.3	1	5	0.3	0	1	71.4166666667
0.3	1	5	0.3	0.3	0	77.3095238095
0.3	1	5	0.3	0.3	1	71.4166666667
0.3	1	5	0.3	0.6	0	77.3095238095
0.3	1	5	0.3	0.6	1	71.4166666667
0.3	1	5	0.3	0.9	0	77.3095238095
0.3	1	5	0.3	0.9	1	71.4166666667
0.3	1	5	0.6	0	0	77.3095238095
0.3	1	5	0.6	0	1	71.4166666667
0.3	1	5	0.6	0.3	0	77.3095238095
0.3	1	5	0.6	0.3	1	71.4166666667
0.3	1	5	0.6	0.6	0	77.3095238095
0.3	1	5	0.6	0.6	1	71.4166666667
0.3	1	5	0.6	0.9	0	77.3095238095
0.3	1	5	0.6	0.9	1	71.4166666667
0.3	1	5	0.9	0	0	77.3095238095
0.3	1	5	0.9	0	1	71.4166666667
0.3	1	5	0.9	0.3	0	77.3095238095
0.3	1	5	0.9	0.3	1	71.4166666667
0.3	1	5	0.9	0.6	0	77.3095238095
0.3	1	5	0.9	0.6	1	71.4166666667
0.3	1	5	0.9	0.9	0	77.3095238095
0.3	1	5	0.9	0.9	1	71.4166666667
0.3	1	10	0	0	0	77.3095238095
0.3	1	10	0	0	1	71.4166666667
0.3	1	10	0	0.3	0	77.3095238095
0.3	1	10	0	0.3	1	71.4166666667
0.3	1	10	0	0.6	0	77.3095238095
0.3	1	10	0	0.6	1	71.4166666667
0.3	1	10	0	0.9	0	77.3095238095
0.3	1	10	0	0.9	1	71.4166666667
0.3	1	10	0.3	0	0	77.3095238095
0.3	1	10	0.3	0	1	71.4166666667
0.3	1	10	0.3	0.3	0	77.3095238095
0.3	1	10	0.3	0.3	1	71.4166666667
0.3	1	10	0.3	0.6	0	77.3095238095
0.3	1	10	0.3	0.6	1	71.4166666667
0.3	1	10	0.3	0.9	0	77.3095238095
0.3	1	10	0.3	0.9	1	71.4166666667
0.3	1	10	0.6	0	0	77.3095238095
0.3	1	10	0.6	0	1	71.4166666667
0.3	1	10	0.6	0.3	0	77.3095238095
0.3	1	10	0.6	0.3	1	71.4166666667
0.3	1	10	0.6	0.6	0	77.3095238095
0.3	1	10	0.6	0.6	1	71.4166666667
0.3	1	10	0.6	0.9	0	77.3095238095
0.3	1	10	0.6	0.9	1	71.4166666667
0.3	1	10	0.9	0	0	77.3095238095
0.3	1	10	0.9	0	1	71.4166666667
0.3	1	10	0.9	0.3	0	77.3095238095
0.3	1	10	0.9	0.3	1	71.4166666667
0.3	1	10	0.9	0.6	0	77.3095238095
0.3	1	10	0.9	0.6	1	71.4166666667
0.3	1	10	0.9	0.9	0	77.3095238095
0.3	1	10	0.9	0.9	1	71.4166666667
0.3	1	15	0	0	0	81.5952380952
0.3	1	15	0	0	1	75.1666666667
0.3	1	15	0	0.3	0	81.5952380952
0.3	1	15	0	0.3	1	75.1666666667
0.3	1	15	0	0.6	0	81.5952380952
0.3	1	15	0	0.6	1	75.1666666667
0.3	1	15	0	0.9	0	80.7261904762
0.3	1	15	0	0.9	1	72.25
0.3	1	15	0.3	0	0	81.5952380952
0.3	1	15	0.3	0	1	75.1666666667
0.3	1	15	0.3	0.3	0	81.5952380952
0.3	1	15	0.3	0.3	1	75.1666666667
0.3	1	15	0.3	0.6	0	81.5952380952
0.3	1	15	0.3	0.6	1	75.1666666667
0.3	1	15	0.3	0.9	0	80.7261904762
0.3	1	15	0.3	0.9	1	72.25
0.3	1	15	0.6	0	0	81.5952380952
0.3	1	15	0.6	0	1	75.1666666667
0.3	1	15	0.6	0.3	0	81.5952380952
0.3	1	15	0.6	0.3	1	75.1666666667
0.3	1	15	0.6	0.6	0	81.5952380952
0.3	1	15	0.6	0.6	1	75.1666666667
0.3	1	15	0.6	0.9	0	80.7261904762
0.3	1	15	0.6	0.9	1	72.25
0.3	1	15	0.9	0	0	78.2619047619
0.3	1	15	0.9	0	1	73.5238095238
0.3	1	15	0.9	0.3	0	78.2619047619
0.3	1	15	0.9	0.3	1	73.5238095238
0.3	1	15	0.9	0.6	0	78.2619047619
0.3	1	15	0.9	0.6	1	73.5238095238
0.3	1	15	0.9	0.9	0	78.2619047619
0.3	1	15	0.9	0.9	1	72.25
0.3	1	20	0	0	0	81.5952380952
0.3	1	20	0	0	1	75.1666666667
0.3	1	20	0	0.3	0	81.5952380952
0.3	1	20	0	0.3	1	75.1666666667
0.3	1	20	0	0.6	0	81.5952380952
0.3	1	20	0	0.6	1	75.1666666667
0.3	1	20	0	0.9	0	80.7261904762
0.3	1	20	0	0.9	1	72.25
0.3	1	20	0.3	0	0	81.5952380952
0.3	1	20	0.3	0	1	75.1666666667
0.3	1	20	0.3	0.3	0	81.5952380952
0.3	1	20	0.3	0.3	1	75.1666666667
0.3	1	20	0.3	0.6	0	81.5952380952
0.3	1	20	0.3	0.6	1	75.1666666667
0.3	1	20	0.3	0.9	0	80.7261904762
0.3	1	20	0.3	0.9	1	72.25
0.3	1	20	0.6	0	0	81.5952380952
0.3	1	20	0.6	0	1	75.1666666667
0.3	1	20	0.6	0.3	0	81.5952380952
0.3	1	20	0.6	0.3	1	75.1666666667
0.3	1	20	0.6	0.6	0	81.5952380952
0.3	1	20	0.6	0.6	1	75.1666666667
0.3	1	20	0.6	0.9	0	80.7261904762
0.3	1	20	0.6	0.9	1	72.25
0.3	1	20	0.9	0	0	78.2619047619
0.3	1	20	0.9	0	1	73.5238095238
0.3	1	20	0.9	0.3	0	78.2619047619
0.3	1	20	0.9	0.3	1	73.5238095238
0.3	1	20	0.9	0.6	0	78.2619047619
0.3	1	20	0.9	0.6	1	73.5238095238
0.3	1	20	0.9	0.9	0	78.2619047619
0.3	1	20	0.9	0.9	1	72.25
0.3	1	25	0	0	0	81.5952380952
0.3	1	25	0	0	1	75.1666666667
0.3	1	25	0	0.3	0	81.5952380952
0.3	1	25	0	0.3	1	75.1666666667
0.3	1	25	0	0.6	0	81.5952380952
0.3	1	25	0	0.6	1	75.1666666667
0.3	1	25	0	0.9	0	81.5952380952
0.3	1	25	0	0.9	1	73.0833333333
0.3	1	25	0.3	0	0	81.5952380952
0.3	1	25	0.3	0	1	75.1666666667
0.3	1	25	0.3	0.3	0	81.5952380952
0.3	1	25	0.3	0.3	1	75.1666666667
0.3	1	25	0.3	0.6	0	81.5952380952
0.3	1	25	0.3	0.6	1	75.1666666667
0.3	1	25	0.3	0.9	0	81.5952380952
0.3	1	25	0.3	0.9	1	73.0833333333
0.3	1	25	0.6	0	0	81.5952380952
0.3	1	25	0.6	0	1	75.1666666667
0.3	1	25	0.6	0.3	0	81.5952380952
0.3	1	25	0.6	0.3	1	75.1666666667
0.3	1	25	0.6	0.6	0	81.5952380952
0.3	1	25	0.6	0.6	1	75.1666666667
0.3	1	25	0.6	0.9	0	81.5952380952
0.3	1	25	0.6	0.9	1	73.0833333333
0.3	1	25	0.9	0	0	79.2142857143
0.3	1	25	0.9	0	1	75.1666666667
0.3	1	25	0.9	0.3	0	79.2142857143
0.3	1	25	0.9	0.3	1	75.1666666667
0.3	1	25	0.9	0.6	0	79.2142857143
0.3	1	25	0.9	0.6	1	75.1666666667
0.3	1	25	0.9	0.9	0	79.2142857143
0.3	1	25	0.9	0.9	1	73.0833333333
0.3	1	30	0	0	0	120.166666667
0.3	1	30	0	0	1	116.416666667
0.3	1	30	0	0.3	0	120.166666667
0.3	1	30	0	0.3	1	106.416666667
0.3	1	30	0	0.6	0	95.9642857143
0.3	1	30	0	0.6	1	81.4166666667
0.3	1	30	0	0.9	0	84.0595238095
0.3	1	30	0	0.9	1	73.0833333333
0.3	1	30	0.3	0	0	117.30952381
0.3	1	30	0.3	0	1	113.642857143
0.3	1	30	0.3	0.3	0	117.30952381
0.3	1	30	0.3	0.3	1	106.416666667
0.3	1	30	0.3	0.6	0	95.9642857143
0.3	1	30	0.3	0.6	1	81.4166666667
0.3	1	30	0.3	0.9	0	84.0595238095
0.3	1	30	0.3	0.9	1	73.0833333333
0.3	1	30	0.6	0	0	88.7380952381
0.3	1	30	0.6	0	1	85.0714285714
0.3	1	30	0.6	0.3	0	88.7380952381
0.3	1	30	0.6	0.3	1	85.0714285714
0.3	1	30	0.6	0.6	0	88.7380952381
0.3	1	30	0.6	0.6	1	81.4166666667
0.3	1	30	0.6	0.9	0	84.0595238095
0.3	1	30	0.6	0.9	1	73.0833333333
0.3	1	30	0.9	0	0	79.2142857143
0.3	1	30	0.9	0	1	75.5476190476
0.3	1	30	0.9	0.3	0	79.2142857143
0.3	1	30	0.9	0.3	1	75.5476190476
0.3	1	30	0.9	0.6	0	79.2142857143
0.3	1	30	0.9	0.6	1	75.5476190476
0.3	1	30	0.9	0.9	0	79.2142857143
0.3	1	30	0.9	0.9	1	73.0833333333
0.3	2	5	0	0	0	77.3095238095
0.3	2	5	0	0	1	71.4166666667
0.3	2	5	0	0.3	0	77.3095238095
0.3	2	5	0	0.3	1	71.4166666667
0.3	2	5	0	0.6	0	77.3095238095
0.3	2	5	0	0.6	1	71.4166666667
0.3	2	5	0	0.9	0	77.3095238095
0.3	2	5	0	0.9	1	71.4166666667
0.3	2	5	0.3	0	0	77.3095238095
0.3	2	5	0.3	0	1	71.4166666667
0.3	2	5	0.3	0.3	0	77.3095238095
0.3	2	5	0.3	0.3	1	71.4166666667
0.3	2	5	0.3	0.6	0	77.3095238095
0.3	2	5	0.3	0.6	1	71.4166666667
0.3	2	5	0.3	0.9	0	77.3095238095
0.3	2	5	0.3	0.9	1	71.4166666667
0.3	2	5	0.6	0	0	77.3095238095
0.3	2	5	0.6	0	1	71.4166666667
0.3	2	5	0.6	0.3	0	77.3095238095
0.3	2	5	0.6	0.3	1	71.4166666667
0.3	2	5	0.6	0.6	0	77.3095238095
0.3	2	5	0.6	0.6	1	71.4166666667
0.3	2	5	0.6	0.9	0	77.3095238095
0.3	2	5	0.6	0.9	1	71.4166666667
0.3	2	5	0.9	0	0	77.3095238095
0.3	2	5	0.9	0	1	71.4166666667
0.3	2	5	0.9	0.3	0	77.3095238095
0.3	2	5	0.9	0.3	1	71.4166666667
0.3	2	5	0.9	0.6	0	77.3095238095
0.3	2	5	0.9	0.6	1	71.4166666667
0.3	2	5	0.9	0.9	0	77.3095238095
0.3	2	5	0.9	0.9	1	71.4166666667
0.3	2	10	0	0	0	81.5952380952
0.3	2	10	0	0	1	75.1666666667
0.3	2	10	0	0.3	0	81.5952380952
0.3	2	10	0	0.3	1	75.1666666667
0.3	2	10	0	0.6	0	81.5952380952
0.3	2	10	0	0.6	1	75.1666666667
0.3	2	10	0	0.9	0	80.7261904762
0.3	2	10	0	0.9	1	72.25
0.3	2	10	0.3	0	0	81.5952380952
0.3	2	10	0.3	0	1	75.1666666667
0.3	2	10	0.3	0.3	0	81.5952380952
0.3	2	10	0.3	0.3	1	75.1666666667
0.3	2	10	0.3	0.6	0	81.5952380952
0.3	2	10	0.3	0.6	1	75.1666666667
0.3	2	10	0.3	0.9	0	80.7261904762
0.3	2	10	0.3	0.9	1	72.25
0.3	2	10	0.6	0	0	81.5952380952
0.3	2	10	0.6	0	1	75.1666666667
0.3	2	10	0.6	0.3	0	81.5952380952
0.3	2	10	0.6	0.3	1	75.1666666667
0.3	2	10	0.6	0.6	0	81.5952380952
0.3	2	10	0.6	0.6	1	75.1666666667
0.3	2	10	0.6	0.9	0	80.7261904762
0.3	2	10	0.6	0.9	1	72.25
0.3	2	10	0.9	0	0	78.2619047619
0.3	2	10	0.9	0	1	73.5238095238
0.3	2	10	0.9	0.3	0	78.2619047619
0.3	2	10	0.9	0.3	1	73.5238095238
0.3	2	10	0.9	0.6	0	78.2619047619
0.3	2	10	0.9	0.6	1	73.5238095238
0.3	2	10	0.9	0.9	0	78.2619047619
0.3	2	10	0.9	0.9	1	72.25
0.3	2	15	0	0	0	81.5952380952
0.3	2	15	0	0	1	75.1666666667
0.3	2	15	0	0.3	0	81.5952380952
0.3	2	15	0	0.3	1	75.1666666667
0.3	2	15	0	0.6	0	81.5952380952
0.3	2	15	0	0.6	1	75.1666666667
0.3	2	15	0	0.9	0	80.7261904762
0.3	2	15	0	0.9	1	72.25
0.3	2	15	0.3	0	0	81.5952380952
0.3	2	15	0.3	0	1	75.1666666667
0.3	2	15	0.3	0.3	0	81.5952380952
0.3	2	15	0.3	0.3	1	75.1666666667
0.3	2	15	0.3	0.6	0	81.5952380952
0.3	2	15	0.3	0.6	1	75.1666666667
0.3	2	15	0.3	0.9	0	80.7261904762
0.3	2	15	0.3	0.9	1	72.25
0.3	2	15	0.6	0	0	81.5952380952
0.3	2	15	0.6	0	1	75.1666666667
0.3	2	15	0.6	0.3	0	81.5952380952
0.3	2	15	0.6	0.3	1	75.1666666667
0.3	2	15	0.6	0.6	0	81.5952380952
0.3	2	15	0.6	0.6	1	75.1666666667
0.3	2	15	0.6	0.9	0	80.7261904762
0.3	2	15	0.6	0.9	1	72.25
0.3	2	15	0.9	0	0	78.2619047619
0.3	2	15	0.9	0	1	73.5238095238
0.3	2	15	0.9	0.3	0	78.2619047619
0.3	2	15	0.9	0.3	1	73.5238095238
0.3	2	15	0.9	0.6	0	78.2619047619
0.3	2	15	0.9	0.6	1	73.5238095238
0.3	2	15	0.9	0.9	0	78.2619047619
0.3	2	15	0.9	0.9	1	72.25
0.3	2	20	0	0	0	120.166666667
0.3	2	20	0	0	1	116.416666667
0.3	2	20	0	0.3	0	120.166666667
0.3	2	20	0	0.3	1	106.416666667
0.3	2	20	0	0.6	0	95.9642857143
0.3	2	20	0	0.6	1	81.4166666667
0.3	2	20	0	0.9	0	84.0595238095
0.3	2	20	0	0.9	1	73.0833333333
0.3	2	20	0.3	0	0	117.30952381
0.3	2	20	0.3	0	1	113.642857143
0.3	2	20	0.3	0.3	0	117.30952381
0.3	2	20	0.3	0.3	1	106.416666667
0.3	2	20	0.3	0.6	0	95.9642857143
0.3	2	20	0.3	0.6	1	81.4166666667
0.3	2	20	0.3	0.9	0	84.0595238095
0.3	2	20	0.3	0.9	1	73.0833333333
0.3	2	20	0.6	0	0	88.7380952381
0.3	2	20	0.6	0	1	85.0714285714
0.3	2	20	0.6	0.3	0	88.7380952381
0.3	2	20	0.6	0.3	1	85.0714285714
0.3	2	20	0.6	0.6	0	88.7380952381
0.3	2	20	0.6	0.6	1	81.4166666667
0.3	2	20	0.6	0.9	0	84.0595238095
0.3	2	20	0.6	0.9	1	73.0833333333
0.3	2	20	0.9	0	0	79.2142857143
0.3	2	20	0.9	0	1	75.5476190476
0.3	2	20	0.9	0.3	0	79.2142857143
0.3	2	20	0.9	0.3	1	75.5476190476
0.3	2	20	0.9	0.6	0	79.2142857143
0.3	2	20	0.9	0.6	1	75.5476190476
0.3	2	20	0.9	0.9	0	79.2142857143
0.3	2	20	0.9	0.9	1	73.0833333333
0.3	2	25	0	0	0	120.166666667
0.3	2	25	0	0	1	116.416666667
0.3	2	25	0	0.3	0	120.166666667
0.3	2	25	0	0.3	1	106.416666667
0.3	2	25	0	0.6	0	95.9642857143
0.3	2	25	0	0.6	1	81.4166666667
0.3	2	25	0	0.9	0	84.0595238095
0.3	2	25	0	0.9	1	73.0833333333
0.3	2	25	0.3	0	0	117.30952381
0.3	2	25	0.3	0	1	113.642857143
0.3	2	25	0.3	0.3	0	117.30952381
0.3	2	25	0.3	0.3	1	106.416666667
0.3	2	25	0.3	0.6	0	95.9642857143
0.3	2	25	0.3	0.6	1	81.4166666667
0.3	2	25	0.3	0.9	0	84.0595238095
0.3	2	25	0.3	0.9	1	73.0833333333
0.3	2	25	0.6	0	0	88.7380952381
0.3	2	25	0.6	0	1	85.0714285714
0.3	2	25	0.6	0.3	0	88.7380952381
0.3	2	25	0.6	0.3	1	85.0714285714
0.3	2	25	0.6	0.6	0	88.7380952381
0.3	2	25	0.6	0.6	1	81.4166666667
0.3	2	25	0.6	0.9	0	84.0595238095
0.3	2	25	0.6	0.9	1	73.0833333333
0.3	2	25	0.9	0	0	79.2142857143
0.3	2	25	0.9	0	1	75.5476190476
0.3	2	25	0.9	0.3	0	79.2142857143
0.3	2	25	0.9	0.3	1	75.5476190476
0.3	2	25	0.9	0.6	0	79.2142857143
0.3	2	25	0.9	0.6	1	75.5476190476
0.3	2	25	0.9	0.9	0	79.2142857143
0.3	2	25	0.9	0.9	1	73.0833333333
0.3	2	30	0	0	0	120.166666667
0.3	2	30	0	0	1	116.416666667
0.3	2	30	0	0.3	0	120.166666667
0.3	2	30	0	0.3	1	106.416666667
0.3	2	30	0	0.6	0	95.9642857143
0.3	2	30	0	0.6	1	81.4166666667
0.3	2	30	0	0.9	0	84.0595238095
0.3	2	30	0	0.9	1	73.0833333333
0.3	2	30	0.3	0	0	117.30952381
0.3	2	30	0.3	0	1	113.642857143
0.3	2	30	0.3	0.3	0	117.30952381
0.3	2	30	0.3	0.3	1	106.416666667
0.3	2	30	0.3	0.6	0	95.9642857143
0.3	2	30	0.3	0.6	1	81.4166666667
0.3	2	30	0.3	0.9	0	84.0595238095
0.3	2	30	0.3	0.9	1	73.0833333333
0.3	2	30	0.6	0	0	88.7380952381
0.3	2	30	0.6	0	1	85.0714285714
0.3	2	30	0.6	0.3	0	88.7380952381
0.3	2	30	0.6	0.3	1	85.0714285714
0.3	2	30	0.6	0.6	0	88.7380952381
0.3	2	30	0.6	0.6	1	81.4166666667
0.3	2	30	0.6	0.9	0	84.0595238095
0.3	2	30	0.6	0.9	1	73.0833333333
0.3	2	30	0.9	0	0	79.2142857143
0.3	2	30	0.9	0	1	75.5476190476
0.3	2	30	0.9	0.3	0	79.2142857143
0.3	2	30	0.9	0.3	1	75.5476190476
0.3	2	30	0.9	0.6	0	79.2142857143
0.3	2	30	0.9	0.6	1	75.5476190476
0.3	2	30	0.9	0.9	0	79.2142857143
0.3	2	30	0.9	0.9	1	73.0833333333
0.3	3	5	0	0	0	77.3095238095
0.3	3	5	0	0	1	71.4166666667
0.3	3	5	0	0.3	0	77.3095238095
0.3	3	5	0	0.3	1	71.4166666667
0.3	3	5	0	0.6	0	77.3095238095
0.3	3	5	0	0.6	1	71.4166666667
0.3	3	5	0	0.9	0	77.3095238095
0.3	3	5	0	0.9	1	71.4166666667
0.3	3	5	0.3	0	0	77.3095238095
0.3	3	5	0.3	0	1	71.4166666667
0.3	3	5	0.3	0.3	0	77.3095238095
0.3	3	5	0.3	0.3	1	71.4166666667
0.3	3	5	0.3	0.6	0	77.3095238095
0.3	3	5	0.3	0.6	1	71.4166666667
0.3	3	5	0.3	0.9	0	77.3095238095
0.3	3	5	0.3	0.9	1	71.4166666667
0.3	3	5	0.6	0	0	77.3095238095
0.3	3	5	0.6	0	1	71.4166666667
0.3	3	5	0.6	0.3	0	77.3095238095
0.3	3	5	0.6	0.3	1	71.4166666667
0.3	3	5	0.6	0.6	0	77.3095238095
0.3	3	5	0.6	0.6	1	71.4166666667
0.3	3	5	0.6	0.9	0	77.3095238095
0.3	3	5	0.6	0.9	1	71.4166666667
0.3	3	5	0.9	0	0	77.3095238095
0.3	3	5	0.9	0	1	71.4166666667
0.3	3	5	0.9	0.3	0	77.3095238095
0.3	3	5	0.9	0.3	1	71.4166666667
0.3	3	5	0.9	0.6	0	77.3095238095
0.3	3	5	0.9	0.6	1	71.4166666667
0.3	3	5	0.9	0.9	0	77.3095238095
0.3	3	5	0.9	0.9	1	71.4166666667
0.3	3	10	0	0	0	77.3095238095
0.3	3	10	0	0	1	71.4166666667
0.3	3	10	0	0.3	0	77.3095238095
0.3	3	10	0	0.3	1	71.4166666667
0.3	3	10	0	0.6	0	77.3095238095
0.3	3	10	0	0.6	1	71.4166666667
0.3	3	10	0	0.9	0	77.3095238095
0.3	3	10	0	0.9	1	71.4166666667
0.3	3	10	0.3	0	0	77.3095238095
0.3	3	10	0.3	0	1	71.4166666667
0.3	3	10	0.3	0.3	0	77.3095238095
0.3	3	10	0.3	0.3	1	71.4166666667
0.3	3	10	0.3	0.6	0	77.3095238095
0.3	3	10	0.3	0.6	1	71.4166666667
0.3	3	10	0.3	0.9	0	77.3095238095
0.3	3	10	0.3	0.9	1	71.4166666667
0.3	3	10	0.6	0	0	77.3095238095
0.3	3	10	0.6	0	1	71.4166666667
0.3	3	10	0.6	0.3	0	77.3095238095
0.3	3	10	0.6	0.3	1	71.4166666667
0.3	3	10	0.6	0.6	0	77.3095238095
0.3	3	10	0.6	0.6	1	71.4166666667
0.3	3	10	0.6	0.9	0	77.3095238095
0.3	3	10	0.6	0.9	1	71.4166666667
0.3	3	10	0.9	0	0	77.3095238095
0.3	3	10	0.9	0	1	71.4166666667
0.3	3	10	0.9	0.3	0	77.3095238095
0.3	3	10	0.9	0.3	1	71.4166666667
0.3	3	10	0.9	0.6	0	77.3095238095
0.3	3	10	0.9	0.6	1	71.4166666667
0.3	3	10	0.9	0.9	0	77.3095238095
0.3	3	10	0.9	0.9	1	71.4166666667
0.3	3	15	0	0	0	77.3095238095
0.3	3	15	0	0	1	71.4166666667
0.3	3	15	0	0.3	0	77.3095238095
0.3	3	15	0	0.3	1	71.4166666667
0.3	3	15	0	0.6	0	77.3095238095
0.3	3	15	0	0.6	1	71.4166666667
0.3	3	15	0	0.9	0	77.3095238095
0.3	3	15	0	0.9	1	71.4166666667
0.3	3	15	0.3	0	0	77.3095238095
0.3	3	15	0.3	0	1	71.4166666667
0.3	3	15	0.3	0.3	0	77.3095238095
0.3	3	15	0.3	0.3	1	71.4166666667
0.3	3	15	0.3	0.6	0	77.3095238095
0.3	3	15	0.3	0.6	1	71.4166666667
0.3	3	15	0.3	0.9	0	77.3095238095
0.3	3	15	0.3	0.9	1	71.4166666667
0.3	3	15	0.6	0	0	77.3095238095
0.3	3	15	0.6	0	1	71.4166666667
0.3	3	15	0.6	0.3	0	77.3095238095
0.3	3	15	0.6	0.3	1	71.4166666667
0.3	3	15	0.6	0.6	0	77.3095238095
0.3	3	15	0.6	0.6	1	71.4166666667
0.3	3	15	0.6	0.9	0	77.3095238095
0.3	3	15	0.6	0.9	1	71.4166666667
0.3	3	15	0.9	0	0	77.3095238095
0.3	3	15	0.9	0	1	71.4166666667
0.3	3	15	0.9	0.3	0	77.3095238095
0.3	3	15	0.9	0.3	1	71.4166666667
0.3	3	15	0.9	0.6	0	77.3095238095
0.3	3	15	0.9	0.6	1	71.4166666667
0.3	3	15	0.9	0.9	0	77.3095238095
0.3	3	15	0.9	0.9	1	71.4166666667
0.3	3	20	0	0	0	77.3095238095
0.3	3	20	0	0	1	71.4166666667
0.3	3	20	0	0.3	0	77.3095238095
0.3	3	20	0	0.3	1	71.4166666667
0.3	3	20	0	0.6	0	77.3095238095
0.3	3	20	0	0.6	1	71.4166666667
0.3	3	20	0	0.9	0	77.3095238095
0.3	3	20	0	0.9	1	71.4166666667
0.3	3	20	0.3	0	0	77.3095238095
0.3	3	20	0.3	0	1	71.4166666667
0.3	3	20	0.3	0.3	0	77.3095238095
0.3	3	20	0.3	0.3	1	71.4166666667
0.3	3	20	0.3	0.6	0	77.3095238095
0.3	3	20	0.3	0.6	1	71.4166666667
0.3	3	20	0.3	0.9	0	77.3095238095
0.3	3	20	0.3	0.9	1	71.4166666667
0.3	3	20	0.6	0	0	77.3095238095
0.3	3	20	0.6	0	1	71.4166666667
0.3	3	20	0.6	0.3	0	77.3095238095
0.3	3	20	0.6	0.3	1	71.4166666667
0.3	3	20	0.6	0.6	0	77.3095238095
0.3	3	20	0.6	0.6	1	71.4166666667
0.3	3	20	0.6	0.9	0	77.3095238095
0.3	3	20	0.6	0.9	1	71.4166666667
0.3	3	20	0.9	0	0	77.3095238095
0.3	3	20	0.9	0	1	71.4166666667
0.3	3	20	0.9	0.3	0	77.3095238095
0.3	3	20	0.9	0.3	1	71.4166666667
0.3	3	20	0.9	0.6	0	77.3095238095
0.3	3	20	0.9	0.6	1	71.4166666667
0.3	3	20	0.9	0.9	0	77.3095238095
0.3	3	20	0.9	0.9	1	71.4166666667
0.3	3	25	0	0	0	94.4523809524
0.3	3	25	0	0	1	86.4166666667
0.3	3	25	0	0.3	0	94.4523809524
0.3	3	25	0	0.3	1	86.4166666667
0.3	3	25	0	0.6	0	86.6785714286
0.3	3	25	0	0.6	1	76.4166666667
0.3	3	25	0	0.9	0	80.7261904762
0.3	3	25	0	0.9	1	72.25
0.3	3	25	0.3	0	0	94.4523809524
0.3	3	25	0.3	0	1	86.4166666667
0.3	3	25	0.3	0.3	0	94.4523809524
0.3	3	25	0.3	0.3	1	86.4166666667
0.3	3	25	0.3	0.6	0	86.6785714286
0.3	3	25	0.3	0.6	1	76.4166666667
0.3	3	25	0.3	0.9	0	80.7261904762
0.3	3	25	0.3	0.9	1	72.25
0.3	3	25	0.6	0	0	83.0238095238
0.3	3	25	0.6	0	1	78.2857142857
0.3	3	25	0.6	0.3	0	83.0238095238
0.3	3	25	0.6	0.3	1	78.2857142857
0.3	3	25	0.6	0.6	0	83.0238095238
0.3	3	25	0.6	0.6	1	76.4166666667
0.3	3	25	0.6	0.9	0	80.7261904762
0.3	3	25	0.6	0.9	1	72.25
0.3	3	25	0.9	0	0	78.2619047619
0.3	3	25	0.9	0	1	73.5238095238
0.3	3	25	0.9	0.3	0	78.2619047619
0.3	3	25	0.9	0.3	1	73.5238095238
0.3	3	25	0.9	0.6	0	78.2619047619
0.3	3	25	0.9	0.6	1	73.5238095238
0.3	3	25	0.9	0.9	0	78.2619047619
0.3	3	25	0.9	0.9	1	72.25
0.3	3	30	0	0	0	120.166666667
0.3	3	30	0	0	1	112.666666667
0.3	3	30	0	0.3	0	120.166666667
0.3	3	30	0	0.3	1	106.416666667
0.3	3	30	0	0.6	0	95.9642857143
0.3	3	30	0	0.6	1	81.4166666667
0.3	3	30	0	0.9	0	84.0595238095
0.3	3	30	0	0.9	1	73.0833333333
0.3	3	30	0.3	0	0	117.30952381
0.3	3	30	0.3	0	1	111.321428571
0.3	3	30	0.3	0.3	0	117.30952381
0.3	3	30	0.3	0.3	1	106.416666667
0.3	3	30	0.3	0.6	0	95.9642857143
0.3	3	30	0.3	0.6	1	81.4166666667
0.3	3	30	0.3	0.9	0	84.0595238095
0.3	3	30	0.3	0.9	1	73.0833333333
0.3	3	30	0.6	0	0	88.7380952381
0.3	3	30	0.6	0	1	85.0714285714
0.3	3	30	0.6	0.3	0	88.7380952381
0.3	3	30	0.6	0.3	1	85.0714285714
0.3	3	30	0.6	0.6	0	88.7380952381
0.3	3	30	0.6	0.6	1	81.4166666667
0.3	3	30	0.6	0.9	0	84.0595238095
0.3	3	30	0.6	0.9	1	73.0833333333
0.3	3	30	0.9	0	0	79.2142857143
0.3	3	30	0.9	0	1	75.5476190476
0.3	3	30	0.9	0.3	0	79.2142857143
0.3	3	30	0.9	0.3	1	75.5476190476
0.3	3	30	0.9	0.6	0	79.2142857143
0.3	3	30	0.9	0.6	1	75.5476190476
0.3	3	30	0.9	0.9	0	79.2142857143
0.3	3	30	0.9	0.9	1	73.0833333333
0.3	4	5	0	0	0	77.3095238095
0.3	4	5	0	0	1	71.4166666667
0.3	4	5	0	0.3	0	77.3095238095
0.3	4	5	0	0.3	1	71.4166666667
0.3	4	5	0	0.6	0	77.3095238095
0.3	4	5	0	0.6	1	71.4166666667
0.3	4	5	0	0.9	0	77.3095238095
0.3	4	5	0	0.9	1	71.4166666667
0.3	4	5	0.3	0	0	77.3095238095
0.3	4	5	0.3	0	1	71.4166666667
0.3	4	5	0.3	0.3	0	77.3095238095
0.3	4	5	0.3	0.3	1	71.4166666667
0.3	4	5	0.3	0.6	0	77.3095238095
0.3	4	5	0.3	0.6	1	71.4166666667
0.3	4	5	0.3	0.9	0	77.3095238095
0.3	4	5	0.3	0.9	1	71.4166666667
0.3	4	5	0.6	0	0	77.3095238095
0.3	4	5	0.6	0	1	71.4166666667
0.3	4	5	0.6	0.3	0	77.3095238095
0.3	4	5	0.6	0.3	1	71.4166666667
0.3	4	5	0.6	0.6	0	77.3095238095
0.3	4	5	0.6	0.6	1	71.4166666667
0.3	4	5	0.6	0.9	0	77.3095238095
0.3	4	5	0.6	0.9	1	71.4166666667
0.3	4	5	0.9	0	0	77.3095238095
0.3	4	5	0.9	0	1	71.4166666667
0.3	4	5	0.9	0.3	0	77.3095238095
0.3	4	5	0.9	0.3	1	71.4166666667
0.3	4	5	0.9	0.6	0	77.3095238095
0.3	4	5	0.9	0.6	1	71.4166666667
0.3	4	5	0.9	0.9	0	77.3095238095
0.3	4	5	0.9	0.9	1	71.4166666667
0.3	4	10	0	0	0	81.5952380952
0.3	4	10	0	0	1	75.1666666667
0.3	4	10	0	0.3	0	81.5952380952
0.3	4	10	0	0.3	1	75.1666666667
0.3	4	10	0	0.6	0	81.5952380952
0.3	4	10	0	0.6	1	75.1666666667
0.3	4	10	0	0.9	0	80.7261904762
0.3	4	10	0	0.9	1	72.25
0.3	4	10	0.3	0	0	81.5952380952
0.3	4	10	0.3	0	1	75.1666666667
0.3	4	10	0.3	0.3	0	81.5952380952
0.3	4	10	0.3	0.3	1	75.1666666667
0.3	4	10	0.3	0.6	0	81.5952380952
0.3	4	10	0.3	0.6	1	75.1666666667
0.3	4	10	0.3	0.9	0	80.7261904762
0.3	4	10	0.3	0.9	1	72.25
0.3	4	10	0.6	0	0	81.5952380952
0.3	4	10	0.6	0	1	75.1666666667
0.3	4	10	0.6	0.3	0	81.5952380952
0.3	4	10	0.6	0.3	1	75.1666666667
0.3	4	10	0.6	0.6	0	81.5952380952
0.3	4	10	0.6	0.6	1	75.1666666667
0.3	4	10	0.6	0.9	0	80.7261904762
0.3	4	10	0.6	0.9	1	72.25
0.3	4	10	0.9	0	0	78.2619047619
0.3	4	10	0.9	0	1	73.5238095238
0.3	4	10	0.9	0.3	0	78.2619047619
0.3	4	10	0.9	0.3	1	73.5238095238
0.3	4	10	0.9	0.6	0	78.2619047619
0.3	4	10	0.9	0.6	1	73.5238095238
0.3	4	10	0.9	0.9	0	78.2619047619
0.3	4	10	0.9	0.9	1	72.25
0.3	4	15	0	0	0	81.5952380952
0.3	4	15	0	0	1	75.1666666667
0.3	4	15	0	0.3	0	81.5952380952
0.3	4	15	0	0.3	1	75.1666666667
0.3	4	15	0	0.6	0	81.5952380952
0.3	4	15	0	0.6	1	75.1666666667
0.3	4	15	0	0.9	0	81.5952380952
0.3	4	15	0	0.9	1	73.0833333333
0.3	4	15	0.3	0	0	81.5952380952
0.3	4	15	0.3	0	1	75.1666666667
0.3	4	15	0.3	0.3	0	81.5952380952
0.3	4	15	0.3	0.3	1	75.1666666667
0.3	4	15	0.3	0.6	0	81.5952380952
0.3	4	15	0.3	0.6	1	75.1666666667
0.3	4	15	0.3	0.9	0	81.5952380952
0.3	4	15	0.3	0.9	1	73.0833333333
0.3	4	15	0.6	0	0	81.5952380952
0.3	4	15	0.6	0	1	75.1666666667
0.3	4	15	0.6	0.3	0	81.5952380952
0.3	4	15	0.6	0.3	1	75.1666666667
0.3	4	15	0.6	0.6	0	81.5952380952
0.3	4	15	0.6	0.6	1	75.1666666667
0.3	4	15	0.6	0.9	0	81.5952380952
0.3	4	15	0.6	0.9	1	73.0833333333
0.3	4	15	0.9	0	0	79.2142857143
0.3	4	15	0.9	0	1	75.1666666667
0.3	4	15	0.9	0.3	0	79.2142857143
0.3	4	15	0.9	0.3	1	75.1666666667
0.3	4	15	0.9	0.6	0	79.2142857143
0.3	4	15	0.9	0.6	1	75.1666666667
0.3	4	15	0.9	0.9	0	79.2142857143
0.3	4	15	0.9	0.9	1	73.0833333333
0.3	4	20	0	0	0	81.5952380952
0.3	4	20	0	0	1	75.1666666667
0.3	4	20	0	0.3	0	81.5952380952
0.3	4	20	0	0.3	1	75.1666666667
0.3	4	20	0	0.6	0	81.5952380952
0.3	4	20	0	0.6	1	75.1666666667
0.3	4	20	0	0.9	0	81.5952380952
0.3	4	20	0	0.9	1	73.0833333333
0.3	4	20	0.3	0	0	81.5952380952
0.3	4	20	0.3	0	1	75.1666666667
0.3	4	20	0.3	0.3	0	81.5952380952
0.3	4	20	0.3	0.3	1	75.1666666667
0.3	4	20	0.3	0.6	0	81.5952380952
0.3	4	20	0.3	0.6	1	75.1666666667
0.3	4	20	0.3	0.9	0	81.5952380952
0.3	4	20	0.3	0.9	1	73.0833333333
0.3	4	20	0.6	0	0	81.5952380952
0.3	4	20	0.6	0	1	75.1666666667
0.3	4	20	0.6	0.3	0	81.5952380952
0.3	4	20	0.6	0.3	1	75.1666666667
0.3	4	20	0.6	0.6	0	81.5952380952
0.3	4	20	0.6	0.6	1	75.1666666667
0.3	4	20	0.6	0.9	0	81.5952380952
0.3	4	20	0.6	0.9	1	73.0833333333
0.3	4	20	0.9	0	0	79.2142857143
0.3	4	20	0.9	0	1	75.1666666667
0.3	4	20	0.9	0.3	0	79.2142857143
0.3	4	20	0.9	0.3	1	75.1666666667
0.3	4	20	0.9	0.6	0	79.2142857143
0.3	4	20	0.9	0.6	1	75.1666666667
0.3	4	20	0.9	0.9	0	79.2142857143
0.3	4	20	0.9	0.9	1	73.0833333333
0.3	4	25	0	0	0	81.5952380952
0.3	4	25	0	0	1	75.1666666667
0.3	4	25	0	0.3	0	81.5952380952
0.3	4	25	0	0.3	1	75.1666666667
0.3	4	25	0	0.6	0	81.5952380952
0.3	4	25	0	0.6	1	75.1666666667
0.3	4	25	0	0.9	0	81.5952380952
0.3	4	25	0	0.9	1	73.0833333333
0.3	4	25	0.3	0	0	81.5952380952
0.3	4	25	0.3	0	1	75.1666666667
0.3	4	25	0.3	0.3	0	81.5952380952
0.3	4	25	0.3	0.3	1	75.1666666667
0.3	4	25	0.3	0.6	0	81.5952380952
0.3	4	25	0.3	0.6	1	75.1666666667
0.3	4	25	0.3	0.9	0	81.5952380952
0.3	4	25	0.3	0.9	1	73.0833333333
0.3	4	25	0.6	0	0	81.5952380952
0.3	4	25	0.6	0	1	75.1666666667
0.3	4	25	0.6	0.3	0	81.5952380952
0.3	4	25	0.6	0.3	1	75.1666666667
0.3	4	25	0.6	0.6	0	81.5952380952
0.3	4	25	0.6	0.6	1	75.1666666667
0.3	4	25	0.6	0.9	0	81.5952380952
0.3	4	25	0.6	0.9	1	73.0833333333
0.3	4	25	0.9	0	0	79.2142857143
0.3	4	25	0.9	0	1	75.1666666667
0.3	4	25	0.9	0.3	0	79.2142857143
0.3	4	25	0.9	0.3	1	75.1666666667
0.3	4	25	0.9	0.6	0	79.2142857143
0.3	4	25	0.9	0.6	1	75.1666666667
0.3	4	25	0.9	0.9	0	79.2142857143
0.3	4	25	0.9	0.9	1	73.0833333333
0.3	4	30	0	0	0	146.130952381
0.3	4	30	0	0	1	142.916666667
0.3	4	30	0	0.3	0	146.130952381
0.3	4	30	0	0.3	1	127.666666667
0.3	4	30	0	0.6	0	109.702380952
0.3	4	30	0	0.6	1	90.1666666667
0.3	4	30	0	0.9	0	91.8452380952
0.3	4	30	0	0.9	1	75.1666666667
0.3	4	30	0.3	0	0	141.595238095
0.3	4	30	0.3	0	1	138.630952381
0.3	4	30	0.3	0.3	0	141.595238095
0.3	4	30	0.3	0.3	1	127.666666667
0.3	4	30	0.3	0.6	0	109.702380952
0.3	4	30	0.3	0.6	1	90.1666666667
0.3	4	30	0.3	0.9	0	91.8452380952
0.3	4	30	0.3	0.9	1	75.1666666667
0.3	4	30	0.6	0	0	98.7380952381
0.3	4	30	0.6	0	1	95.7738095238
0.3	4	30	0.6	0.3	0	98.7380952381
0.3	4	30	0.6	0.3	1	95.7738095238
0.3	4	30	0.6	0.6	0	98.7380952381
0.3	4	30	0.6	0.6	1	90.1666666667
0.3	4	30	0.6	0.9	0	91.8452380952
0.3	4	30	0.6	0.9	1	75.1666666667
0.3	4	30	0.9	0	0	81.5952380952
0.3	4	30	0.9	0	1	81.4880952381
0.3	4	30	0.9	0.3	0	81.5952380952
0.3	4	30	0.9	0.3	1	81.4880952381
0.3	4	30	0.9	0.6	0	81.5952380952
0.3	4	30	0.9	0.6	1	81.4880952381
0.3	4	30	0.9	0.9	0	81.5952380952
0.3	4	30	0.9	0.9	1	75.1666666667
0.3	5	5	0	0	0	81.5952380952
0.3	5	5	0	0	1	75.1666666667
0.3	5	5	0	0.3	0	81.5952380952
0.3	5	5	0	0.3	1	75.1666666667
0.3	5	5	0	0.6	0	81.5952380952
0.3	5	5	0	0.6	1	75.1666666667
0.3	5	5	0	0.9	0	80.7261904762
0.3	5	5	0	0.9	1	72.25
0.3	5	5	0.3	0	0	81.5952380952
0.3	5	5	0.3	0	1	75.1666666667
0.3	5	5	0.3	0.3	0	81.5952380952
0.3	5	5	0.3	0.3	1	75.1666666667
0.3	5	5	0.3	0.6	0	81.5952380952
0.3	5	5	0.3	0.6	1	75.1666666667
0.3	5	5	0.3	0.9	0	80.7261904762
0.3	5	5	0.3	0.9	1	72.25
0.3	5	5	0.6	0	0	81.5952380952
0.3	5	5	0.6	0	1	75.1666666667
0.3	5	5	0.6	0.3	0	81.5952380952
0.3	5	5	0.6	0.3	1	75.1666666667
0.3	5	5	0.6	0.6	0	81.5952380952
0.3	5	5	0.6	0.6	1	75.1666666667
0.3	5	5	0.6	0.9	0	80.7261904762
0.3	5	5	0.6	0.9	1	72.25
0.3	5	5	0.9	0	0	78.2619047619
0.3	5	5	0.9	0	1	73.5238095238
0.3	5	5	0.9	0.3	0	78.2619047619
0.3	5	5	0.9	0.3	1	73.5238095238
0.3	5	5	0.9	0.6	0	78.2619047619
0.3	5	5	0.9	0.6	1	73.5238095238
0.3	5	5	0.9	0.9	0	78.2619047619
0.3	5	5	0.9	0.9	1	72.25
0.3	5	10	0	0	0	81.5952380952
0.3	5	10	0	0	1	75.1666666667
0.3	5	10	0	0.3	0	81.5952380952
0.3	5	10	0	0.3	1	75.1666666667
0.3	5	10	0	0.6	0	81.5952380952
0.3	5	10	0	0.6	1	75.1666666667
0.3	5	10	0	0.9	0	81.5952380952
0.3	5	10	0	0.9	1	73.0833333333
0.3	5	10	0.3	0	0	81.5952380952
0.3	5	10	0.3	0	1	75.1666666667
0.3	5	10	0.3	0.3	0	81.5952380952
0.3	5	10	0.3	0.3	1	75.1666666667
0.3	5	10	0.3	0.6	0	81.5952380952
0.3	5	10	0.3	0.6	1	75.1666666667
0.3	5	10	0.3	0.9	0	81.5952380952
0.3	5	10	0.3	0.9	1	73.0833333333
0.3	5	10	0.6	0	0	81.5952380952
0.3	5	10	0.6	0	1	75.1666666667
0.3	5	10	0.6	0.3	0	81.5952380952
0.3	5	10	0.6	0.3	1	75.1666666667
0.3	5	10	0.6	0.6	0	81.5952380952
0.3	5	10	0.6	0.6	1	75.1666666667
0.3	5	10	0.6	0.9	0	81.5952380952
0.3	5	10	0.6	0.9	1	73.0833333333
0.3	5	10	0.9	0	0	79.2142857143
0.3	5	10	0.9	0	1	75.1666666667
0.3	5	10	0.9	0.3	0	79.2142857143
0.3	5	10	0.9	0.3	1	75.1666666667
0.3	5	10	0.9	0.6	0	79.2142857143
0.3	5	10	0.9	0.6	1	75.1666666667
0.3	5	10	0.9	0.9	0	79.2142857143
0.3	5	10	0.9	0.9	1	73.0833333333
0.3	5	15	0	0	0	81.5952380952
0.3	5	15	0	0	1	75.1666666667
0.3	5	15	0	0.3	0	81.5952380952
0.3	5	15	0	0.3	1	75.1666666667
0.3	5	15	0	0.6	0	81.5952380952
0.3	5	15	0	0.6	1	75.1666666667
0.3	5	15	0	0.9	0	81.5952380952
0.3	5	15	0	0.9	1	73.0833333333
0.3	5	15	0.3	0	0	81.5952380952
0.3	5	15	0.3	0	1	75.1666666667
0.3	5	15	0.3	0.3	0	81.5952380952
0.3	5	15	0.3	0.3	1	75.1666666667
0.3	5	15	0.3	0.6	0	81.5952380952
0.3	5	15	0.3	0.6	1	75.1666666667
0.3	5	15	0.3	0.9	0	81.5952380952
0.3	5	15	0.3	0.9	1	73.0833333333
0.3	5	15	0.6	0	0	81.5952380952
0.3	5	15	0.6	0	1	75.1666666667
0.3	5	15	0.6	0.3	0	81.5952380952
0.3	5	15	0.6	0.3	1	75.1666666667
0.3	5	15	0.6	0.6	0	81.5952380952
0.3	5	15	0.6	0.6	1	75.1666666667
0.3	5	15	0.6	0.9	0	81.5952380952
0.3	5	15	0.6	0.9	1	73.0833333333
0.3	5	15	0.9	0	0	79.2142857143
0.3	5	15	0.9	0	1	75.1666666667
0.3	5	15	0.9	0.3	0	79.2142857143
0.3	5	15	0.9	0.3	1	75.1666666667
0.3	5	15	0.9	0.6	0	79.2142857143
0.3	5	15	0.9	0.6	1	75.1666666667
0.3	5	15	0.9	0.9	0	79.2142857143
0.3	5	15	0.9	0.9	1	73.0833333333
0.3	5	20	0	0	0	103.19047619
0.3	5	20	0	0	1	97.8333333333
0.3	5	20	0	0.3	0	103.19047619
0.3	5	20	0	0.3	1	92.6666666667
0.3	5	20	0	0.6	0	91.0476190476
0.3	5	20	0	0.6	1	80.1666666667
0.3	5	20	0	0.9	0	84.0595238095
0.3	5	20	0	0.9	1	73.0833333333
0.3	5	20	0.3	0	0	101.595238095
0.3	5	20	0.3	0	1	96.4047619048
0.3	5	20	0.3	0.3	0	101.595238095
0.3	5	20	0.3	0.3	1	92.6666666667
0.3	5	20	0.3	0.6	0	91.0476190476
0.3	5	20	0.3	0.6	1	80.1666666667
0.3	5	20	0.3	0.9	0	84.0595238095
0.3	5	20	0.3	0.9	1	73.0833333333
0.3	5	20	0.6	0	0	87.3095238095
0.3	5	20	0.6	0	1	82.119047619
0.3	5	20	0.6	0.3	0	87.3095238095
0.3	5	20	0.6	0.3	1	82.119047619
0.3	5	20	0.6	0.6	0	87.3095238095
0.3	5	20	0.6	0.6	1	80.1666666667
0.3	5	20	0.6	0.9	0	84.0595238095
0.3	5	20	0.6	0.9	1	73.0833333333
0.3	5	20	0.9	0	0	79.2142857143
0.3	5	20	0.9	0	1	75.5476190476
0.3	5	20	0.9	0.3	0	79.2142857143
0.3	5	20	0.9	0.3	1	75.5476190476
0.3	5	20	0.9	0.6	0	79.2142857143
0.3	5	20	0.9	0.6	1	75.5476190476
0.3	5	20	0.9	0.9	0	79.2142857143
0.3	5	20	0.9	0.9	1	73.0833333333
0.3	5	25	0	0	0	145.880952381
0.3	5	25	0	0	1	142.666666667
0.3	5	25	0	0.3	0	145.880952381
0.3	5	25	0	0.3	1	127.666666667
0.3	5	25	0	0.6	0	109.535714286
0.3	5	25	0	0.6	1	88.9166666667
0.3	5	25	0	0.9	0	89.0595238095
0.3	5	25	0	0.9	1	74.3333333333
0.3	5	25	0.3	0	0	141.595238095
0.3	5	25	0.3	0	1	138.464285714
0.3	5	25	0.3	0.3	0	141.595238095
0.3	5	25	0.3	0.3	1	127.666666667
0.3	5	25	0.3	0.6	0	109.535714286
0.3	5	25	0.3	0.6	1	88.9166666667
0.3	5	25	0.3	0.9	0	89.0595238095
0.3	5	25	0.3	0.9	1	74.3333333333
0.3	5	25	0.6	0	0	97.3095238095
0.3	5	25	0.6	0	1	95.25
0.3	5	25	0.6	0.3	0	97.3095238095
0.3	5	25	0.6	0.3	1	95.25
0.3	5	25	0.6	0.6	0	97.3095238095
0.3	5	25	0.6	0.6	1	88.9166666667
0.3	5	25	0.6	0.9	0	89.0595238095
0.3	5	25	0.6	0.9	1	74.3333333333
0.3	5	25	0.9	0	0	80.6428571429
0.3	5	25	0.9	0	1	78.5833333333
0.3	5	25	0.9	0.3	0	80.6428571429
0.3	5	25	0.9	0.3	1	78.5833333333
0.3	5	25	0.9	0.6	0	80.6428571429
0.3	5	25	0.9	0.6	1	78.5833333333
0.3	5	25	0.9	0.9	0	80.6428571429
0.3	5	25	0.9	0.9	1	74.3333333333
0.3	5	30	0	0	0	145.880952381
0.3	5	30	0	0	1	142.666666667
0.3	5	30	0	0.3	0	145.880952381
0.3	5	30	0	0.3	1	127.666666667
0.3	5	30	0	0.6	0	109.535714286
0.3	5	30	0	0.6	1	88.9166666667
0.3	5	30	0	0.9	0	89.0595238095
0.3	5	30	0	0.9	1	74.3333333333
0.3	5	30	0.3	0	0	141.595238095
0.3	5	30	0.3	0	1	138.464285714
0.3	5	30	0.3	0.3	0	141.595238095
0.3	5	30	0.3	0.3	1	127.666666667
0.3	5	30	0.3	0.6	0	109.535714286
0.3	5	30	0.3	0.6	1	88.9166666667
0.3	5	30	0.3	0.9	0	89.0595238095
0.3	5	30	0.3	0.9	1	74.3333333333
0.3	5	30	0.6	0	0	97.3095238095
0.3	5	30	0.6	0	1	95.25
0.3	5	30	0.6	0.3	0	97.3095238095
0.3	5	30	0.6	0.3	1	95.25
0.3	5	30	0.6	0.6	0	97.3095238095
0.3	5	30	0.6	0.6	1	88.9166666667
0.3	5	30	0.6	0.9	0	89.0595238095
0.3	5	30	0.6	0.9	1	74.3333333333
0.3	5	30	0.9	0	0	80.6428571429
0.3	5	30	0.9	0	1	78.5833333333
0.3	5	30	0.9	0.3	0	80.6428571429
0.3	5	30	0.9	0.3	1	78.5833333333
0.3	5	30	0.9	0.6	0	80.6428571429
0.3	5	30	0.9	0.6	1	78.5833333333
0.3	5	30	0.9	0.9	0	80.6428571429
0.3	5	30	0.9	0.9	1	74.3333333333
0.3	6	5	0	0	0	77.3095238095
0.3	6	5	0	0	1	71.4166666667
0.3	6	5	0	0.3	0	77.3095238095
0.3	6	5	0	0.3	1	71.4166666667
0.3	6	5	0	0.6	0	77.3095238095
0.3	6	5	0	0.6	1	71.4166666667
0.3	6	5	0	0.9	0	77.3095238095
0.3	6	5	0	0.9	1	71.4166666667
0.3	6	5	0.3	0	0	77.3095238095
0.3	6	5	0.3	0	1	71.4166666667
0.3	6	5	0.3	0.3	0	77.3095238095
0.3	6	5	0.3	0.3	1	71.4166666667
0.3	6	5	0.3	0.6	0	77.3095238095
0.3	6	5	0.3	0.6	1	71.4166666667
0.3	6	5	0.3	0.9	0	77.3095238095
0.3	6	5	0.3	0.9	1	71.4166666667
0.3	6	5	0.6	0	0	77.3095238095
0.3	6	5	0.6	0	1	71.4166666667
0.3	6	5	0.6	0.3	0	77.3095238095
0.3	6	5	0.6	0.3	1	71.4166666667
0.3	6	5	0.6	0.6	0	77.3095238095
0.3	6	5	0.6	0.6	1	71.4166666667
0.3	6	5	0.6	0.9	0	77.3095238095
0.3	6	5	0.6	0.9	1	71.4166666667
0.3	6	5	0.9	0	0	77.3095238095
0.3	6	5	0.9	0	1	71.4166666667
0.3	6	5	0.9	0.3	0	77.3095238095
0.3	6	5	0.9	0.3	1	71.4166666667
0.3	6	5	0.9	0.6	0	77.3095238095
0.3	6	5	0.9	0.6	1	71.4166666667
0.3	6	5	0.9	0.9	0	77.3095238095
0.3	6	5	0.9	0.9	1	71.4166666667
0.3	6	10	0	0	0	81.5952380952
0.3	6	10	0	0	1	75.1666666667
0.3	6	10	0	0.3	0	81.5952380952
0.3	6	10	0	0.3	1	75.1666666667
0.3	6	10	0	0.6	0	81.5952380952
0.3	6	10	0	0.6	1	75.1666666667
0.3	6	10	0	0.9	0	80.7261904762
0.3	6	10	0	0.9	1	72.25
0.3	6	10	0.3	0	0	81.5952380952
0.3	6	10	0.3	0	1	75.1666666667
0.3	6	10	0.3	0.3	0	81.5952380952
0.3	6	10	0.3	0.3	1	75.1666666667
0.3	6	10	0.3	0.6	0	81.5952380952
0.3	6	10	0.3	0.6	1	75.1666666667
0.3	6	10	0.3	0.9	0	80.7261904762
0.3	6	10	0.3	0.9	1	72.25
0.3	6	10	0.6	0	0	81.5952380952
0.3	6	10	0.6	0	1	75.1666666667
0.3	6	10	0.6	0.3	0	81.5952380952
0.3	6	10	0.6	0.3	1	75.1666666667
0.3	6	10	0.6	0.6	0	81.5952380952
0.3	6	10	0.6	0.6	1	75.1666666667
0.3	6	10	0.6	0.9	0	80.7261904762
0.3	6	10	0.6	0.9	1	72.25
0.3	6	10	0.9	0	0	78.2619047619
0.3	6	10	0.9	0	1	73.5238095238
0.3	6	10	0.9	0.3	0	78.2619047619
0.3	6	10	0.9	0.3	1	73.5238095238
0.3	6	10	0.9	0.6	0	78.2619047619
0.3	6	10	0.9	0.6	1	73.5238095238
0.3	6	10	0.9	0.9	0	78.2619047619
0.3	6	10	0.9	0.9	1	72.25
0.3	6	15	0	0	0	98.7380952381
0.3	6	15	0	0	1	90.1666666667
0.3	6	15	0	0.3	0	98.7380952381
0.3	6	15	0	0.3	1	90.1666666667
0.3	6	15	0	0.6	0	95.9642857143
0.3	6	15	0	0.6	1	81.4166666667
0.3	6	15	0	0.9	0	84.0595238095
0.3	6	15	0	0.9	1	73.0833333333
0.3	6	15	0.3	0	0	98.7380952381
0.3	6	15	0.3	0	1	90.1666666667
0.3	6	15	0.3	0.3	0	98.7380952381
0.3	6	15	0.3	0.3	1	90.1666666667
0.3	6	15	0.3	0.6	0	95.9642857143
0.3	6	15	0.3	0.6	1	81.4166666667
0.3	6	15	0.3	0.9	0	84.0595238095
0.3	6	15	0.3	0.9	1	73.0833333333
0.3	6	15	0.6	0	0	88.7380952381
0.3	6	15	0.6	0	1	85.0714285714
0.3	6	15	0.6	0.3	0	88.7380952381
0.3	6	15	0.6	0.3	1	85.0714285714
0.3	6	15	0.6	0.6	0	88.7380952381
0.3	6	15	0.6	0.6	1	81.4166666667
0.3	6	15	0.6	0.9	0	84.0595238095
0.3	6	15	0.6	0.9	1	73.0833333333
0.3	6	15	0.9	0	0	79.2142857143
0.3	6	15	0.9	0	1	75.5476190476
0.3	6	15	0.9	0.3	0	79.2142857143
0.3	6	15	0.9	0.3	1	75.5476190476
0.3	6	15	0.9	0.6	0	79.2142857143
0.3	6	15	0.9	0.6	1	75.5476190476
0.3	6	15	0.9	0.9	0	79.2142857143
0.3	6	15	0.9	0.9	1	73.0833333333
0.3	6	20	0	0	0	124.452380952
0.3	6	20	0	0	1	120.166666667
0.3	6	20	0	0.3	0	124.452380952
0.3	6	20	0	0.3	1	107.666666667
0.3	6	20	0	0.6	0	100.25
0.3	6	20	0	0.6	1	85.1666666667
0.3	6	20	0	0.9	0	88.3452380952
0.3	6	20	0	0.9	1	74.3333333333
0.3	6	20	0.3	0	0	118.738095238
0.3	6	20	0.3	0	1	115.607142857
0.3	6	20	0.3	0.3	0	118.738095238
0.3	6	20	0.3	0.3	1	107.666666667
0.3	6	20	0.3	0.6	0	100.25
0.3	6	20	0.3	0.6	1	85.1666666667
0.3	6	20	0.3	0.9	0	88.3452380952
0.3	6	20	0.3	0.9	1	74.3333333333
0.3	6	20	0.6	0	0	93.0238095238
0.3	6	20	0.6	0	1	88.8214285714
0.3	6	20	0.6	0.3	0	93.0238095238
0.3	6	20	0.6	0.3	1	88.8214285714
0.3	6	20	0.6	0.6	0	93.0238095238
0.3	6	20	0.6	0.6	1	85.1666666667
0.3	6	20	0.6	0.9	0	88.3452380952
0.3	6	20	0.6	0.9	1	74.3333333333
0.3	6	20	0.9	0	0	80.6428571429
0.3	6	20	0.9	0	1	78.5833333333
0.3	6	20	0.9	0.3	0	80.6428571429
0.3	6	20	0.9	0.3	1	78.5833333333
0.3	6	20	0.9	0.6	0	80.6428571429
0.3	6	20	0.9	0.6	1	78.5833333333
0.3	6	20	0.9	0.9	0	80.6428571429
0.3	6	20	0.9	0.9	1	74.3333333333
0.3	6	25	0	0	0	145.880952381
0.3	6	25	0	0	1	142.666666667
0.3	6	25	0	0.3	0	145.880952381
0.3	6	25	0	0.3	1	127.666666667
0.3	6	25	0	0.6	0	109.535714286
0.3	6	25	0	0.6	1	88.9166666667
0.3	6	25	0	0.9	0	89.0595238095
0.3	6	25	0	0.9	1	74.3333333333
0.3	6	25	0.3	0	0	141.595238095
0.3	6	25	0.3	0	1	138.464285714
0.3	6	25	0.3	0.3	0	141.595238095
0.3	6	25	0.3	0.3	1	127.666666667
0.3	6	25	0.3	0.6	0	109.535714286
0.3	6	25	0.3	0.6	1	88.9166666667
0.3	6	25	0.3	0.9	0	89.0595238095
0.3	6	25	0.3	0.9	1	74.3333333333
0.3	6	25	0.6	0	0	97.3095238095
0.3	6	25	0.6	0	1	95.25
0.3	6	25	0.6	0.3	0	97.3095238095
0.3	6	25	0.6	0.3	1	95.25
0.3	6	25	0.6	0.6	0	97.3095238095
0.3	6	25	0.6	0.6	1	88.9166666667
0.3	6	25	0.6	0.9	0	89.0595238095
0.3	6	25	0.6	0.9	1	74.3333333333
0.3	6	25	0.9	0	0	80.6428571429
0.3	6	25	0.9	0	1	78.5833333333
0.3	6	25	0.9	0.3	0	80.6428571429
0.3	6	25	0.9	0.3	1	78.5833333333
0.3	6	25	0.9	0.6	0	80.6428571429
0.3	6	25	0.9	0.6	1	78.5833333333
0.3	6	25	0.9	0.9	0	80.6428571429
0.3	6	25	0.9	0.9	1	74.3333333333
0.3	6	30	0	0	0	167.30952381
0.3	6	30	0	0	1	165.166666667
0.3	6	30	0	0.3	0	167.30952381
0.3	6	30	0	0.3	1	145.166666667
0.3	6	30	0	0.6	0	118.821428571
0.3	6	30	0	0.6	1	93.9166666667
0.3	6	30	0	0.9	0	94.4523809524
0.3	6	30	0	0.9	1	75.1666666667
0.3	6	30	0.3	0	0	161.595238095
0.3	6	30	0.3	0	1	159.535714286
0.3	6	30	0.3	0.3	0	161.595238095
0.3	6	30	0.3	0.3	1	145.166666667
0.3	6	30	0.3	0.6	0	118.821428571
0.3	6	30	0.3	0.6	1	93.9166666667
0.3	6	30	0.3	0.9	0	94.4523809524
0.3	6	30	0.3	0.9	1	75.1666666667
0.3	6	30	0.6	0	0	103.023809524
0.3	6	30	0.6	0	1	102.392857143
0.3	6	30	0.6	0.3	0	103.023809524
0.3	6	30	0.6	0.3	1	102.392857143
0.3	6	30	0.6	0.6	0	103.023809524
0.3	6	30	0.6	0.6	1	93.9166666667
0.3	6	30	0.6	0.9	0	94.4523809524
0.3	6	30	0.6	0.9	1	75.1666666667
0.3	6	30	0.9	0	0	81.5952380952
0.3	6	30	0.9	0	1	81.5952380952
0.3	6	30	0.9	0.3	0	81.5952380952
0.3	6	30	0.9	0.3	1	81.5952380952
0.3	6	30	0.9	0.6	0	81.5952380952
0.3	6	30	0.9	0.6	1	81.5952380952
0.3	6	30	0.9	0.9	0	81.5952380952
0.3	6	30	0.9	0.9	1	75.1666666667
0.3	7	5	0	0	0	77.3095238095
0.3	7	5	0	0	1	71.4166666667
0.3	7	5	0	0.3	0	77.3095238095
0.3	7	5	0	0.3	1	71.4166666667
0.3	7	5	0	0.6	0	77.3095238095
0.3	7	5	0	0.6	1	71.4166666667
0.3	7	5	0	0.9	0	77.3095238095
0.3	7	5	0	0.9	1	71.4166666667
0.3	7	5	0.3	0	0	77.3095238095
0.3	7	5	0.3	0	1	71.4166666667
0.3	7	5	0.3	0.3	0	77.3095238095
0.3	7	5	0.3	0.3	1	71.4166666667
0.3	7	5	0.3	0.6	0	77.3095238095
0.3	7	5	0.3	0.6	1	71.4166666667
0.3	7	5	0.3	0.9	0	77.3095238095
0.3	7	5	0.3	0.9	1	71.4166666667
0.3	7	5	0.6	0	0	77.3095238095
0.3	7	5	0.6	0	1	71.4166666667
0.3	7	5	0.6	0.3	0	77.3095238095
0.3	7	5	0.6	0.3	1	71.4166666667
0.3	7	5	0.6	0.6	0	77.3095238095
0.3	7	5	0.6	0.6	1	71.4166666667
0.3	7	5	0.6	0.9	0	77.3095238095
0.3	7	5	0.6	0.9	1	71.4166666667
0.3	7	5	0.9	0	0	77.3095238095
0.3	7	5	0.9	0	1	71.4166666667
0.3	7	5	0.9	0.3	0	77.3095238095
0.3	7	5	0.9	0.3	1	71.4166666667
0.3	7	5	0.9	0.6	0	77.3095238095
0.3	7	5	0.9	0.6	1	71.4166666667
0.3	7	5	0.9	0.9	0	77.3095238095
0.3	7	5	0.9	0.9	1	71.4166666667
0.3	7	10	0	0	0	77.3095238095
0.3	7	10	0	0	1	71.4166666667
0.3	7	10	0	0.3	0	77.3095238095
0.3	7	10	0	0.3	1	71.4166666667
0.3	7	10	0	0.6	0	77.3095238095
0.3	7	10	0	0.6	1	71.4166666667
0.3	7	10	0	0.9	0	77.3095238095
0.3	7	10	0	0.9	1	71.4166666667
0.3	7	10	0.3	0	0	77.3095238095
0.3	7	10	0.3	0	1	71.4166666667
0.3	7	10	0.3	0.3	0	77.3095238095
0.3	7	10	0.3	0.3	1	71.4166666667
0.3	7	10	0.3	0.6	0	77.3095238095
0.3	7	10	0.3	0.6	1	71.4166666667
0.3	7	10	0.3	0.9	0	77.3095238095
0.3	7	10	0.3	0.9	1	71.4166666667
0.3	7	10	0.6	0	0	77.3095238095
0.3	7	10	0.6	0	1	71.4166666667
0.3	7	10	0.6	0.3	0	77.3095238095
0.3	7	10	0.6	0.3	1	71.4166666667
0.3	7	10	0.6	0.6	0	77.3095238095
0.3	7	10	0.6	0.6	1	71.4166666667
0.3	7	10	0.6	0.9	0	77.3095238095
0.3	7	10	0.6	0.9	1	71.4166666667
0.3	7	10	0.9	0	0	77.3095238095
0.3	7	10	0.9	0	1	71.4166666667
0.3	7	10	0.9	0.3	0	77.3095238095
0.3	7	10	0.9	0.3	1	71.4166666667
0.3	7	10	0.9	0.6	0	77.3095238095
0.3	7	10	0.9	0.6	1	71.4166666667
0.3	7	10	0.9	0.9	0	77.3095238095
0.3	7	10	0.9	0.9	1	71.4166666667
0.3	7	15	0	0	0	77.3095238095
0.3	7	15	0	0	1	71.4166666667
0.3	7	15	0	0.3	0	77.3095238095
0.3	7	15	0	0.3	1	71.4166666667
0.3	7	15	0	0.6	0	77.3095238095
0.3	7	15	0	0.6	1	71.4166666667
0.3	7	15	0	0.9	0	77.3095238095
0.3	7	15	0	0.9	1	71.4166666667
0.3	7	15	0.3	0	0	77.3095238095
0.3	7	15	0.3	0	1	71.4166666667
0.3	7	15	0.3	0.3	0	77.3095238095
0.3	7	15	0.3	0.3	1	71.4166666667
0.3	7	15	0.3	0.6	0	77.3095238095
0.3	7	15	0.3	0.6	1	71.4166666667
0.3	7	15	0.3	0.9	0	77.3095238095
0.3	7	15	0.3	0.9	1	71.4166666667
0.3	7	15	0.6	0	0	77.3095238095
0.3	7	15	0.6	0	1	71.4166666667
0.3	7	15	0.6	0.3	0	77.3095238095
0.3	7	15	0.6	0.3	1	71.4166666667
0.3	7	15	0.6	0.6	0	77.3095238095
0.3	7	15	0.6	0.6	1	71.4166666667
0.3	7	15	0.6	0.9	0	77.3095238095
0.3	7	15	0.6	0.9	1	71.4166666667
0.3	7	15	0.9	0	0	77.3095238095
0.3	7	15	0.9	0	1	71.4166666667
0.3	7	15	0.9	0.3	0	77.3095238095
0.3	7	15	0.9	0.3	1	71.4166666667
0.3	7	15	0.9	0.6	0	77.3095238095
0.3	7	15	0.9	0.6	1	71.4166666667
0.3	7	15	0.9	0.9	0	77.3095238095
0.3	7	15	0.9	0.9	1	71.4166666667
0.3	7	20	0	0	0	94.4523809524
0.3	7	20	0	0	1	86.4166666667
0.3	7	20	0	0.3	0	94.4523809524
0.3	7	20	0	0.3	1	86.4166666667
0.3	7	20	0	0.6	0	86.6785714286
0.3	7	20	0	0.6	1	76.4166666667
0.3	7	20	0	0.9	0	80.7261904762
0.3	7	20	0	0.9	1	72.25
0.3	7	20	0.3	0	0	94.4523809524
0.3	7	20	0.3	0	1	86.4166666667
0.3	7	20	0.3	0.3	0	94.4523809524
0.3	7	20	0.3	0.3	1	86.4166666667
0.3	7	20	0.3	0.6	0	86.6785714286
0.3	7	20	0.3	0.6	1	76.4166666667
0.3	7	20	0.3	0.9	0	80.7261904762
0.3	7	20	0.3	0.9	1	72.25
0.3	7	20	0.6	0	0	83.0238095238
0.3	7	20	0.6	0	1	78.2857142857
0.3	7	20	0.6	0.3	0	83.0238095238
0.3	7	20	0.6	0.3	1	78.2857142857
0.3	7	20	0.6	0.6	0	83.0238095238
0.3	7	20	0.6	0.6	1	76.4166666667
0.3	7	20	0.6	0.9	0	80.7261904762
0.3	7	20	0.6	0.9	1	72.25
0.3	7	20	0.9	0	0	78.2619047619
0.3	7	20	0.9	0	1	73.5238095238
0.3	7	20	0.9	0.3	0	78.2619047619
0.3	7	20	0.9	0.3	1	73.5238095238
0.3	7	20	0.9	0.6	0	78.2619047619
0.3	7	20	0.9	0.6	1	73.5238095238
0.3	7	20	0.9	0.9	0	78.2619047619
0.3	7	20	0.9	0.9	1	72.25
0.3	7	25	0	0	0	98.7380952381
0.3	7	25	0	0	1	90.1666666667
0.3	7	25	0	0.3	0	98.7380952381
0.3	7	25	0	0.3	1	90.1666666667
0.3	7	25	0	0.6	0	98.7380952381
0.3	7	25	0	0.6	1	85.1666666667
0.3	7	25	0	0.9	0	88.3452380952
0.3	7	25	0	0.9	1	74.3333333333
0.3	7	25	0.3	0	0	98.7380952381
0.3	7	25	0.3	0	1	90.1666666667
0.3	7	25	0.3	0.3	0	98.7380952381
0.3	7	25	0.3	0.3	1	90.1666666667
0.3	7	25	0.3	0.6	0	98.7380952381
0.3	7	25	0.3	0.6	1	85.1666666667
0.3	7	25	0.3	0.9	0	88.3452380952
0.3	7	25	0.3	0.9	1	74.3333333333
0.3	7	25	0.6	0	0	93.0238095238
0.3	7	25	0.6	0	1	88.8214285714
0.3	7	25	0.6	0.3	0	93.0238095238
0.3	7	25	0.6	0.3	1	88.8214285714
0.3	7	25	0.6	0.6	0	93.0238095238
0.3	7	25	0.6	0.6	1	85.1666666667
0.3	7	25	0.6	0.9	0	88.3452380952
0.3	7	25	0.6	0.9	1	74.3333333333
0.3	7	25	0.9	0	0	80.6428571429
0.3	7	25	0.9	0	1	78.5833333333
0.3	7	25	0.9	0.3	0	80.6428571429
0.3	7	25	0.9	0.3	1	78.5833333333
0.3	7	25	0.9	0.6	0	80.6428571429
0.3	7	25	0.9	0.6	1	78.5833333333
0.3	7	25	0.9	0.9	0	80.6428571429
0.3	7	25	0.9	0.9	1	74.3333333333
0.3	7	30	0	0	0	184.535714286
0.3	7	30	0	0	1	180.25
0.3	7	30	0	0.3	0	165.880952381
0.3	7	30	0	0.3	1	125.166666667
0.3	7	30	0	0.6	0	121.047619048
0.3	7	30	0	0.6	1	93.9166666667
0.3	7	30	0	0.9	0	94.4523809524
0.3	7	30	0	0.9	1	75.1666666667
0.3	7	30	0.3	0	0	138.738095238
0.3	7	30	0.3	0	1	138.738095238
0.3	7	30	0.3	0.3	0	138.738095238
0.3	7	30	0.3	0.3	1	125.166666667
0.3	7	30	0.3	0.6	0	121.047619048
0.3	7	30	0.3	0.6	1	93.9166666667
0.3	7	30	0.3	0.9	0	94.4523809524
0.3	7	30	0.3	0.9	1	75.1666666667
0.3	7	30	0.6	0	0	103.023809524
0.3	7	30	0.6	0	1	103.023809524
0.3	7	30	0.6	0.3	0	103.023809524
0.3	7	30	0.6	0.3	1	103.023809524
0.3	7	30	0.6	0.6	0	103.023809524
0.3	7	30	0.6	0.6	1	93.9166666667
0.3	7	30	0.6	0.9	0	94.4523809524
0.3	7	30	0.6	0.9	1	75.1666666667
0.3	7	30	0.9	0	0	81.5952380952
0.3	7	30	0.9	0	1	81.5952380952
0.3	7	30	0.9	0.3	0	81.5952380952
0.3	7	30	0.9	0.3	1	81.5952380952
0.3	7	30	0.9	0.6	0	81.5952380952
0.3	7	30	0.9	0.6	1	81.5952380952
0.3	7	30	0.9	0.9	0	81.5952380952
0.3	7	30	0.9	0.9	1	75.1666666667
0.3	8	5	0	0	0	77.3095238095
0.3	8	5	0	0	1	71.4166666667
0.3	8	5	0	0.3	0	77.3095238095
0.3	8	5	0	0.3	1	71.4166666667
0.3	8	5	0	0.6	0	77.3095238095
0.3	8	5	0	0.6	1	71.4166666667
0.3	8	5	0	0.9	0	77.3095238095
0.3	8	5	0	0.9	1	71.4166666667
0.3	8	5	0.3	0	0	77.3095238095
0.3	8	5	0.3	0	1	71.4166666667
0.3	8	5	0.3	0.3	0	77.3095238095
0.3	8	5	0.3	0.3	1	71.4166666667
0.3	8	5	0.3	0.6	0	77.3095238095
0.3	8	5	0.3	0.6	1	71.4166666667
0.3	8	5	0.3	0.9	0	77.3095238095
0.3	8	5	0.3	0.9	1	71.4166666667
0.3	8	5	0.6	0	0	77.3095238095
0.3	8	5	0.6	0	1	71.4166666667
0.3	8	5	0.6	0.3	0	77.3095238095
0.3	8	5	0.6	0.3	1	71.4166666667
0.3	8	5	0.6	0.6	0	77.3095238095
0.3	8	5	0.6	0.6	1	71.4166666667
0.3	8	5	0.6	0.9	0	77.3095238095
0.3	8	5	0.6	0.9	1	71.4166666667
0.3	8	5	0.9	0	0	77.3095238095
0.3	8	5	0.9	0	1	71.4166666667
0.3	8	5	0.9	0.3	0	77.3095238095
0.3	8	5	0.9	0.3	1	71.4166666667
0.3	8	5	0.9	0.6	0	77.3095238095
0.3	8	5	0.9	0.6	1	71.4166666667
0.3	8	5	0.9	0.9	0	77.3095238095
0.3	8	5	0.9	0.9	1	71.4166666667
0.3	8	10	0	0	0	81.5952380952
0.3	8	10	0	0	1	75.1666666667
0.3	8	10	0	0.3	0	81.5952380952
0.3	8	10	0	0.3	1	75.1666666667
0.3	8	10	0	0.6	0	81.5952380952
0.3	8	10	0	0.6	1	75.1666666667
0.3	8	10	0	0.9	0	80.8095238095
0.3	8	10	0	0.9	1	72.25
0.3	8	10	0.3	0	0	81.5952380952
0.3	8	10	0.3	0	1	75.1666666667
0.3	8	10	0.3	0.3	0	81.5952380952
0.3	8	10	0.3	0.3	1	75.1666666667
0.3	8	10	0.3	0.6	0	81.5952380952
0.3	8	10	0.3	0.6	1	75.1666666667
0.3	8	10	0.3	0.9	0	80.8095238095
0.3	8	10	0.3	0.9	1	72.25
0.3	8	10	0.6	0	0	81.5952380952
0.3	8	10	0.6	0	1	75.1666666667
0.3	8	10	0.6	0.3	0	81.5952380952
0.3	8	10	0.6	0.3	1	75.1666666667
0.3	8	10	0.6	0.6	0	81.5952380952
0.3	8	10	0.6	0.6	1	75.1666666667
0.3	8	10	0.6	0.9	0	80.8095238095
0.3	8	10	0.6	0.9	1	72.25
0.3	8	10	0.9	0	0	78.2619047619
0.3	8	10	0.9	0	1	73.6071428571
0.3	8	10	0.9	0.3	0	78.2619047619
0.3	8	10	0.9	0.3	1	73.6071428571
0.3	8	10	0.9	0.6	0	78.2619047619
0.3	8	10	0.9	0.6	1	73.6071428571
0.3	8	10	0.9	0.9	0	78.2619047619
0.3	8	10	0.9	0.9	1	72.25
0.3	8	15	0	0	0	81.5952380952
0.3	8	15	0	0	1	75.1666666667
0.3	8	15	0	0.3	0	81.5952380952
0.3	8	15	0	0.3	1	75.1666666667
0.3	8	15	0	0.6	0	81.5952380952
0.3	8	15	0	0.6	1	75.1666666667
0.3	8	15	0	0.9	0	81.5952380952
0.3	8	15	0	0.9	1	73.0833333333
0.3	8	15	0.3	0	0	81.5952380952
0.3	8	15	0.3	0	1	75.1666666667
0.3	8	15	0.3	0.3	0	81.5952380952
0.3	8	15	0.3	0.3	1	75.1666666667
0.3	8	15	0.3	0.6	0	81.5952380952
0.3	8	15	0.3	0.6	1	75.1666666667
0.3	8	15	0.3	0.9	0	81.5952380952
0.3	8	15	0.3	0.9	1	73.0833333333
0.3	8	15	0.6	0	0	81.5952380952
0.3	8	15	0.6	0	1	75.1666666667
0.3	8	15	0.6	0.3	0	81.5952380952
0.3	8	15	0.6	0.3	1	75.1666666667
0.3	8	15	0.6	0.6	0	81.5952380952
0.3	8	15	0.6	0.6	1	75.1666666667
0.3	8	15	0.6	0.9	0	81.5952380952
0.3	8	15	0.6	0.9	1	73.0833333333
0.3	8	15	0.9	0	0	79.2142857143
0.3	8	15	0.9	0	1	75.1666666667
0.3	8	15	0.9	0.3	0	79.2142857143
0.3	8	15	0.9	0.3	1	75.1666666667
0.3	8	15	0.9	0.6	0	79.2142857143
0.3	8	15	0.9	0.6	1	75.1666666667
0.3	8	15	0.9	0.9	0	79.2142857143
0.3	8	15	0.9	0.9	1	73.0833333333
0.3	8	20	0	0	0	81.5952380952
0.3	8	20	0	0	1	75.1666666667
0.3	8	20	0	0.3	0	81.5952380952
0.3	8	20	0	0.3	1	75.1666666667
0.3	8	20	0	0.6	0	81.5952380952
0.3	8	20	0	0.6	1	75.1666666667
0.3	8	20	0	0.9	0	81.5952380952
0.3	8	20	0	0.9	1	73.0833333333
0.3	8	20	0.3	0	0	81.5952380952
0.3	8	20	0.3	0	1	75.1666666667
0.3	8	20	0.3	0.3	0	81.5952380952
0.3	8	20	0.3	0.3	1	75.1666666667
0.3	8	20	0.3	0.6	0	81.5952380952
0.3	8	20	0.3	0.6	1	75.1666666667
0.3	8	20	0.3	0.9	0	81.5952380952
0.3	8	20	0.3	0.9	1	73.0833333333
0.3	8	20	0.6	0	0	81.5952380952
0.3	8	20	0.6	0	1	75.1666666667
0.3	8	20	0.6	0.3	0	81.5952380952
0.3	8	20	0.6	0.3	1	75.1666666667
0.3	8	20	0.6	0.6	0	81.5952380952
0.3	8	20	0.6	0.6	1	75.1666666667
0.3	8	20	0.6	0.9	0	81.5952380952
0.3	8	20	0.6	0.9	1	73.0833333333
0.3	8	20	0.9	0	0	79.2142857143
0.3	8	20	0.9	0	1	75.1666666667
0.3	8	20	0.9	0.3	0	79.2142857143
0.3	8	20	0.9	0.3	1	75.1666666667
0.3	8	20	0.9	0.6	0	79.2142857143
0.3	8	20	0.9	0.6	1	75.1666666667
0.3	8	20	0.9	0.9	0	79.2142857143
0.3	8	20	0.9	0.9	1	73.0833333333
0.3	8	25	0	0	0	81.5952380952
0.3	8	25	0	0	1	75.1666666667
0.3	8	25	0	0.3	0	81.5952380952
0.3	8	25	0	0.3	1	75.1666666667
0.3	8	25	0	0.6	0	81.5952380952
0.3	8	25	0	0.6	1	75.1666666667
0.3	8	25	0	0.9	0	81.5952380952
0.3	8	25	0	0.9	1	74.3333333333
0.3	8	25	0.3	0	0	81.5952380952
0.3	8	25	0.3	0	1	75.1666666667
0.3	8	25	0.3	0.3	0	81.5952380952
0.3	8	25	0.3	0.3	1	75.1666666667
0.3	8	25	0.3	0.6	0	81.5952380952
0.3	8	25	0.3	0.6	1	75.1666666667
0.3	8	25	0.3	0.9	0	81.5952380952
0.3	8	25	0.3	0.9	1	74.3333333333
0.3	8	25	0.6	0	0	81.5952380952
0.3	8	25	0.6	0	1	75.1666666667
0.3	8	25	0.6	0.3	0	81.5952380952
0.3	8	25	0.6	0.3	1	75.1666666667
0.3	8	25	0.6	0.6	0	81.5952380952
0.3	8	25	0.6	0.6	1	75.1666666667
0.3	8	25	0.6	0.9	0	81.5952380952
0.3	8	25	0.6	0.9	1	74.3333333333
0.3	8	25	0.9	0	0	80.6428571429
0.3	8	25	0.9	0	1	75.1666666667
0.3	8	25	0.9	0.3	0	80.6428571429
0.3	8	25	0.9	0.3	1	75.1666666667
0.3	8	25	0.9	0.6	0	80.6428571429
0.3	8	25	0.9	0.6	1	75.1666666667
0.3	8	25	0.9	0.9	0	80.6428571429
0.3	8	25	0.9	0.9	1	74.3333333333
0.3	8	30	0	0	0	103.19047619
0.3	8	30	0	0	1	97.8333333333
0.3	8	30	0	0.3	0	103.19047619
0.3	8	30	0	0.3	1	92.6666666667
0.3	8	30	0	0.6	0	91.0476190476
0.3	8	30	0	0.6	1	80.1666666667
0.3	8	30	0	0.9	0	85.0952380952
0.3	8	30	0	0.9	1	75.1666666667
0.3	8	30	0.3	0	0	101.595238095
0.3	8	30	0.3	0	1	96.4047619048
0.3	8	30	0.3	0.3	0	101.595238095
0.3	8	30	0.3	0.3	1	92.6666666667
0.3	8	30	0.3	0.6	0	91.0476190476
0.3	8	30	0.3	0.6	1	80.1666666667
0.3	8	30	0.3	0.9	0	85.0952380952
0.3	8	30	0.3	0.9	1	75.1666666667
0.3	8	30	0.6	0	0	87.3095238095
0.3	8	30	0.6	0	1	82.119047619
0.3	8	30	0.6	0.3	0	87.3095238095
0.3	8	30	0.6	0.3	1	82.119047619
0.3	8	30	0.6	0.6	0	87.3095238095
0.3	8	30	0.6	0.6	1	80.1666666667
0.3	8	30	0.6	0.9	0	85.0952380952
0.3	8	30	0.6	0.9	1	75.1666666667
0.3	8	30	0.9	0	0	81.5952380952
0.3	8	30	0.9	0	1	77.3571428571
0.3	8	30	0.9	0.3	0	81.5952380952
0.3	8	30	0.9	0.3	1	77.3571428571
0.3	8	30	0.9	0.6	0	81.5952380952
0.3	8	30	0.9	0.6	1	77.3571428571
0.3	8	30	0.9	0.9	0	81.5952380952
0.3	8	30	0.9	0.9	1	75.1666666667
0.3	9	5	0	0	0	81.5952380952
0.3	9	5	0	0	1	75.1666666667
0.3	9	5	0	0.3	0	81.5952380952
0.3	9	5	0	0.3	1	75.1666666667
0.3	9	5	0	0.6	0	81.5952380952
0.3	9	5	0	0.6	1	75.1666666667
0.3	9	5	0	0.9	0	80.8095238095
0.3	9	5	0	0.9	1	72.25
0.3	9	5	0.3	0	0	81.5952380952
0.3	9	5	0.3	0	1	75.1666666667
0.3	9	5	0.3	0.3	0	81.5952380952
0.3	9	5	0.3	0.3	1	75.1666666667
0.3	9	5	0.3	0.6	0	81.5952380952
0.3	9	5	0.3	0.6	1	75.1666666667
0.3	9	5	0.3	0.9	0	80.8095238095
0.3	9	5	0.3	0.9	1	72.25
0.3	9	5	0.6	0	0	81.5952380952
0.3	9	5	0.6	0	1	75.1666666667
0.3	9	5	0.6	0.3	0	81.5952380952
0.3	9	5	0.6	0.3	1	75.1666666667
0.3	9	5	0.6	0.6	0	81.5952380952
0.3	9	5	0.6	0.6	1	75.1666666667
0.3	9	5	0.6	0.9	0	80.8095238095
0.3	9	5	0.6	0.9	1	72.25
0.3	9	5	0.9	0	0	78.2619047619
0.3	9	5	0.9	0	1	73.6071428571
0.3	9	5	0.9	0.3	0	78.2619047619
0.3	9	5	0.9	0.3	1	73.6071428571
0.3	9	5	0.9	0.6	0	78.2619047619
0.3	9	5	0.9	0.6	1	73.6071428571
0.3	9	5	0.9	0.9	0	78.2619047619
0.3	9	5	0.9	0.9	1	72.25
0.3	9	10	0	0	0	81.5952380952
0.3	9	10	0	0	1	75.1666666667
0.3	9	10	0	0.3	0	81.5952380952
0.3	9	10	0	0.3	1	75.1666666667
0.3	9	10	0	0.6	0	81.5952380952
0.3	9	10	0	0.6	1	75.1666666667
0.3	9	10	0	0.9	0	81.5952380952
0.3	9	10	0	0.9	1	73.0833333333
0.3	9	10	0.3	0	0	81.5952380952
0.3	9	10	0.3	0	1	75.1666666667
0.3	9	10	0.3	0.3	0	81.5952380952
0.3	9	10	0.3	0.3	1	75.1666666667
0.3	9	10	0.3	0.6	0	81.5952380952
0.3	9	10	0.3	0.6	1	75.1666666667
0.3	9	10	0.3	0.9	0	81.5952380952
0.3	9	10	0.3	0.9	1	73.0833333333
0.3	9	10	0.6	0	0	81.5952380952
0.3	9	10	0.6	0	1	75.1666666667
0.3	9	10	0.6	0.3	0	81.5952380952
0.3	9	10	0.6	0.3	1	75.1666666667
0.3	9	10	0.6	0.6	0	81.5952380952
0.3	9	10	0.6	0.6	1	75.1666666667
0.3	9	10	0.6	0.9	0	81.5952380952
0.3	9	10	0.6	0.9	1	73.0833333333
0.3	9	10	0.9	0	0	79.2142857143
0.3	9	10	0.9	0	1	75.1666666667
0.3	9	10	0.9	0.3	0	79.2142857143
0.3	9	10	0.9	0.3	1	75.1666666667
0.3	9	10	0.9	0.6	0	79.2142857143
0.3	9	10	0.9	0.6	1	75.1666666667
0.3	9	10	0.9	0.9	0	79.2142857143
0.3	9	10	0.9	0.9	1	73.0833333333
0.3	9	15	0	0	0	81.5952380952
0.3	9	15	0	0	1	75.1666666667
0.3	9	15	0	0.3	0	81.5952380952
0.3	9	15	0	0.3	1	75.1666666667
0.3	9	15	0	0.6	0	81.5952380952
0.3	9	15	0	0.6	1	75.1666666667
0.3	9	15	0	0.9	0	81.5952380952
0.3	9	15	0	0.9	1	74.3333333333
0.3	9	15	0.3	0	0	81.5952380952
0.3	9	15	0.3	0	1	75.1666666667
0.3	9	15	0.3	0.3	0	81.5952380952
0.3	9	15	0.3	0.3	1	75.1666666667
0.3	9	15	0.3	0.6	0	81.5952380952
0.3	9	15	0.3	0.6	1	75.1666666667
0.3	9	15	0.3	0.9	0	81.5952380952
0.3	9	15	0.3	0.9	1	74.3333333333
0.3	9	15	0.6	0	0	81.5952380952
0.3	9	15	0.6	0	1	75.1666666667
0.3	9	15	0.6	0.3	0	81.5952380952
0.3	9	15	0.6	0.3	1	75.1666666667
0.3	9	15	0.6	0.6	0	81.5952380952
0.3	9	15	0.6	0.6	1	75.1666666667
0.3	9	15	0.6	0.9	0	81.5952380952
0.3	9	15	0.6	0.9	1	74.3333333333
0.3	9	15	0.9	0	0	80.6428571429
0.3	9	15	0.9	0	1	75.1666666667
0.3	9	15	0.9	0.3	0	80.6428571429
0.3	9	15	0.9	0.3	1	75.1666666667
0.3	9	15	0.9	0.6	0	80.6428571429
0.3	9	15	0.9	0.6	1	75.1666666667
0.3	9	15	0.9	0.9	0	80.6428571429
0.3	9	15	0.9	0.9	1	74.3333333333
0.3	9	20	0	0	0	103.19047619
0.3	9	20	0	0	1	97.8333333333
0.3	9	20	0	0.3	0	103.19047619
0.3	9	20	0	0.3	1	92.6666666667
0.3	9	20	0	0.6	0	91.0476190476
0.3	9	20	0	0.6	1	80.1666666667
0.3	9	20	0	0.9	0	85.0952380952
0.3	9	20	0	0.9	1	74.3333333333
0.3	9	20	0.3	0	0	101.595238095
0.3	9	20	0.3	0	1	96.4047619048
0.3	9	20	0.3	0.3	0	101.595238095
0.3	9	20	0.3	0.3	1	92.6666666667
0.3	9	20	0.3	0.6	0	91.0476190476
0.3	9	20	0.3	0.6	1	80.1666666667
0.3	9	20	0.3	0.9	0	85.0952380952
0.3	9	20	0.3	0.9	1	74.3333333333
0.3	9	20	0.6	0	0	87.3095238095
0.3	9	20	0.6	0	1	82.119047619
0.3	9	20	0.6	0.3	0	87.3095238095
0.3	9	20	0.6	0.3	1	82.119047619
0.3	9	20	0.6	0.6	0	87.3095238095
0.3	9	20	0.6	0.6	1	80.1666666667
0.3	9	20	0.6	0.9	0	85.0952380952
0.3	9	20	0.6	0.9	1	74.3333333333
0.3	9	20	0.9	0	0	80.6428571429
0.3	9	20	0.9	0	1	77.3571428571
0.3	9	20	0.9	0.3	0	80.6428571429
0.3	9	20	0.9	0.3	1	77.3571428571
0.3	9	20	0.9	0.6	0	80.6428571429
0.3	9	20	0.9	0.6	1	77.3571428571
0.3	9	20	0.9	0.9	0	80.6428571429
0.3	9	20	0.9	0.9	1	74.3333333333
0.3	9	25	0	0	0	124.619047619
0.3	9	25	0	0	1	120.333333333
0.3	9	25	0	0.3	0	124.619047619
0.3	9	25	0	0.3	1	110.166666667
0.3	9	25	0	0.6	0	100.333333333
0.3	9	25	0	0.6	1	85.1666666667
0.3	9	25	0	0.9	0	88.4285714286
0.3	9	25	0	0.9	1	75.1666666667
0.3	9	25	0.3	0	0	121.595238095
0.3	9	25	0.3	0	1	117.476190476
0.3	9	25	0.3	0.3	0	121.595238095
0.3	9	25	0.3	0.3	1	110.166666667
0.3	9	25	0.3	0.6	0	100.333333333
0.3	9	25	0.3	0.6	1	85.1666666667
0.3	9	25	0.3	0.9	0	88.4285714286
0.3	9	25	0.3	0.9	1	75.1666666667
0.3	9	25	0.6	0	0	93.0238095238
0.3	9	25	0.6	0	1	88.9047619048
0.3	9	25	0.6	0.3	0	93.0238095238
0.3	9	25	0.6	0.3	1	88.9047619048
0.3	9	25	0.6	0.6	0	93.0238095238
0.3	9	25	0.6	0.6	1	85.1666666667
0.3	9	25	0.6	0.9	0	88.4285714286
0.3	9	25	0.6	0.9	1	75.1666666667
0.3	9	25	0.9	0	0	81.5952380952
0.3	9	25	0.9	0	1	79.380952381
0.3	9	25	0.9	0.3	0	81.5952380952
0.3	9	25	0.9	0.3	1	79.380952381
0.3	9	25	0.9	0.6	0	81.5952380952
0.3	9	25	0.9	0.6	1	79.380952381
0.3	9	25	0.9	0.9	0	81.5952380952
0.3	9	25	0.9	0.9	1	75.1666666667
0.3	9	30	0	0	0	195.083333333
0.3	9	30	0	0	1	195.083333333
0.3	9	30	0	0.3	0	195.083333333
0.3	9	30	0	0.3	1	167.666666667
0.3	9	30	0	0.6	0	128.380952381
0.3	9	30	0	0.6	1	98.9166666667
0.3	9	30	0	0.9	0	95.6428571429
0.3	9	30	0	0.9	1	76
0.3	9	30	0.3	0	0	187.30952381
0.3	9	30	0.3	0	1	187.30952381
0.3	9	30	0.3	0.3	0	187.30952381
0.3	9	30	0.3	0.3	1	167.666666667
0.3	9	30	0.3	0.6	0	128.380952381
0.3	9	30	0.3	0.6	1	98.9166666667
0.3	9	30	0.3	0.9	0	95.6428571429
0.3	9	30	0.3	0.9	1	76
0.3	9	30	0.6	0	0	108.738095238
0.3	9	30	0.6	0	1	108.738095238
0.3	9	30	0.6	0.3	0	108.738095238
0.3	9	30	0.6	0.3	1	108.738095238
0.3	9	30	0.6	0.6	0	108.738095238
0.3	9	30	0.6	0.6	1	98.9166666667
0.3	9	30	0.6	0.9	0	95.6428571429
0.3	9	30	0.6	0.9	1	76
0.3	9	30	0.9	0	0	82.5476190476
0.3	9	30	0.9	0	1	82.5476190476
0.3	9	30	0.9	0.3	0	82.5476190476
0.3	9	30	0.9	0.3	1	82.5476190476
0.3	9	30	0.9	0.6	0	82.5476190476
0.3	9	30	0.9	0.6	1	82.5476190476
0.3	9	30	0.9	0.9	0	82.5476190476
0.3	9	30	0.9	0.9	1	76
0.3	10	5	0	0	0	77.3095238095
0.3	10	5	0	0	1	71.4166666667
0.3	10	5	0	0.3	0	77.3095238095
0.3	10	5	0	0.3	1	71.4166666667
0.3	10	5	0	0.6	0	77.3095238095
0.3	10	5	0	0.6	1	71.4166666667
0.3	10	5	0	0.9	0	77.3095238095
0.3	10	5	0	0.9	1	71.4166666667
0.3	10	5	0.3	0	0	77.3095238095
0.3	10	5	0.3	0	1	71.4166666667
0.3	10	5	0.3	0.3	0	77.3095238095
0.3	10	5	0.3	0.3	1	71.4166666667
0.3	10	5	0.3	0.6	0	77.3095238095
0.3	10	5	0.3	0.6	1	71.4166666667
0.3	10	5	0.3	0.9	0	77.3095238095
0.3	10	5	0.3	0.9	1	71.4166666667
0.3	10	5	0.6	0	0	77.3095238095
0.3	10	5	0.6	0	1	71.4166666667
0.3	10	5	0.6	0.3	0	77.3095238095
0.3	10	5	0.6	0.3	1	71.4166666667
0.3	10	5	0.6	0.6	0	77.3095238095
0.3	10	5	0.6	0.6	1	71.4166666667
0.3	10	5	0.6	0.9	0	77.3095238095
0.3	10	5	0.6	0.9	1	71.4166666667
0.3	10	5	0.9	0	0	77.3095238095
0.3	10	5	0.9	0	1	71.4166666667
0.3	10	5	0.9	0.3	0	77.3095238095
0.3	10	5	0.9	0.3	1	71.4166666667
0.3	10	5	0.9	0.6	0	77.3095238095
0.3	10	5	0.9	0.6	1	71.4166666667
0.3	10	5	0.9	0.9	0	77.3095238095
0.3	10	5	0.9	0.9	1	71.4166666667
0.3	10	10	0	0	0	77.3095238095
0.3	10	10	0	0	1	71.4166666667
0.3	10	10	0	0.3	0	77.3095238095
0.3	10	10	0	0.3	1	71.4166666667
0.3	10	10	0	0.6	0	77.3095238095
0.3	10	10	0	0.6	1	71.4166666667
0.3	10	10	0	0.9	0	77.3095238095
0.3	10	10	0	0.9	1	71.4166666667
0.3	10	10	0.3	0	0	77.3095238095
0.3	10	10	0.3	0	1	71.4166666667
0.3	10	10	0.3	0.3	0	77.3095238095
0.3	10	10	0.3	0.3	1	71.4166666667
0.3	10	10	0.3	0.6	0	77.3095238095
0.3	10	10	0.3	0.6	1	71.4166666667
0.3	10	10	0.3	0.9	0	77.3095238095
0.3	10	10	0.3	0.9	1	71.4166666667
0.3	10	10	0.6	0	0	77.3095238095
0.3	10	10	0.6	0	1	71.4166666667
0.3	10	10	0.6	0.3	0	77.3095238095
0.3	10	10	0.6	0.3	1	71.4166666667
0.3	10	10	0.6	0.6	0	77.3095238095
0.3	10	10	0.6	0.6	1	71.4166666667
0.3	10	10	0.6	0.9	0	77.3095238095
0.3	10	10	0.6	0.9	1	71.4166666667
0.3	10	10	0.9	0	0	77.3095238095
0.3	10	10	0.9	0	1	71.4166666667
0.3	10	10	0.9	0.3	0	77.3095238095
0.3	10	10	0.9	0.3	1	71.4166666667
0.3	10	10	0.9	0.6	0	77.3095238095
0.3	10	10	0.9	0.6	1	71.4166666667
0.3	10	10	0.9	0.9	0	77.3095238095
0.3	10	10	0.9	0.9	1	71.4166666667
0.3	10	15	0	0	0	81.5952380952
0.3	10	15	0	0	1	75.1666666667
0.3	10	15	0	0.3	0	81.5952380952
0.3	10	15	0	0.3	1	75.1666666667
0.3	10	15	0	0.6	0	81.5952380952
0.3	10	15	0	0.6	1	75.1666666667
0.3	10	15	0	0.9	0	81.5952380952
0.3	10	15	0	0.9	1	72.6666666667
0.3	10	15	0.3	0	0	81.5952380952
0.3	10	15	0.3	0	1	75.1666666667
0.3	10	15	0.3	0.3	0	81.5952380952
0.3	10	15	0.3	0.3	1	75.1666666667
0.3	10	15	0.3	0.6	0	81.5952380952
0.3	10	15	0.3	0.6	1	75.1666666667
0.3	10	15	0.3	0.9	0	81.5952380952
0.3	10	15	0.3	0.9	1	72.6666666667
0.3	10	15	0.6	0	0	81.5952380952
0.3	10	15	0.6	0	1	75.1666666667
0.3	10	15	0.6	0.3	0	81.5952380952
0.3	10	15	0.6	0.3	1	75.1666666667
0.3	10	15	0.6	0.6	0	81.5952380952
0.3	10	15	0.6	0.6	1	75.1666666667
0.3	10	15	0.6	0.9	0	81.5952380952
0.3	10	15	0.6	0.9	1	72.6666666667
0.3	10	15	0.9	0	0	78.7380952381
0.3	10	15	0.9	0	1	74.619047619
0.3	10	15	0.9	0.3	0	78.7380952381
0.3	10	15	0.9	0.3	1	74.619047619
0.3	10	15	0.9	0.6	0	78.7380952381
0.3	10	15	0.9	0.6	1	74.619047619
0.3	10	15	0.9	0.9	0	78.7380952381
0.3	10	15	0.9	0.9	1	72.6666666667
0.3	10	20	0	0	0	141.678571429
0.3	10	20	0	0	1	135.25
0.3	10	20	0	0.3	0	128.107142857
0.3	10	20	0	0.3	1	107.666666667
0.3	10	20	0	0.6	0	102.55952381
0.3	10	20	0	0.6	1	85.1666666667
0.3	10	20	0	0.9	0	90.6547619048
0.3	10	20	0	0.9	1	74.3333333333
0.3	10	20	0.3	0	0	118.738095238
0.3	10	20	0.3	0	1	112.392857143
0.3	10	20	0.3	0.3	0	118.738095238
0.3	10	20	0.3	0.3	1	107.666666667
0.3	10	20	0.3	0.6	0	102.55952381
0.3	10	20	0.3	0.6	1	85.1666666667
0.3	10	20	0.3	0.9	0	90.6547619048
0.3	10	20	0.3	0.9	1	74.3333333333
0.3	10	20	0.6	0	0	93.0238095238
0.3	10	20	0.6	0	1	90.0595238095
0.3	10	20	0.6	0.3	0	93.0238095238
0.3	10	20	0.6	0.3	1	90.0595238095
0.3	10	20	0.6	0.6	0	93.0238095238
0.3	10	20	0.6	0.6	1	85.1666666667
0.3	10	20	0.6	0.9	0	90.6547619048
0.3	10	20	0.6	0.9	1	74.3333333333
0.3	10	20	0.9	0	0	80.6428571429
0.3	10	20	0.9	0	1	79.6547619048
0.3	10	20	0.9	0.3	0	80.6428571429
0.3	10	20	0.9	0.3	1	79.6547619048
0.3	10	20	0.9	0.6	0	80.6428571429
0.3	10	20	0.9	0.6	1	79.6547619048
0.3	10	20	0.9	0.9	0	80.6428571429
0.3	10	20	0.9	0.9	1	74.3333333333
0.3	10	25	0	0	0	141.678571429
0.3	10	25	0	0	1	135.25
0.3	10	25	0	0.3	0	141.678571429
0.3	10	25	0	0.3	1	125.166666667
0.3	10	25	0	0.6	0	117.392857143
0.3	10	25	0	0.6	1	98.9166666667
0.3	10	25	0	0.9	0	95.6428571429
0.3	10	25	0	0.9	1	76
0.3	10	25	0.3	0	0	138.738095238
0.3	10	25	0.3	0	1	132.392857143
0.3	10	25	0.3	0.3	0	138.738095238
0.3	10	25	0.3	0.3	1	125.166666667
0.3	10	25	0.3	0.6	0	117.392857143
0.3	10	25	0.3	0.6	1	98.9166666667
0.3	10	25	0.3	0.9	0	95.6428571429
0.3	10	25	0.3	0.9	1	76
0.3	10	25	0.6	0	0	108.738095238
0.3	10	25	0.6	0	1	103.821428571
0.3	10	25	0.6	0.3	0	108.738095238
0.3	10	25	0.6	0.3	1	103.821428571
0.3	10	25	0.6	0.6	0	108.738095238
0.3	10	25	0.6	0.6	1	98.9166666667
0.3	10	25	0.6	0.9	0	95.6428571429
0.3	10	25	0.6	0.9	1	76
0.3	10	25	0.9	0	0	82.5476190476
0.3	10	25	0.9	0	1	82.5476190476
0.3	10	25	0.9	0.3	0	82.5476190476
0.3	10	25	0.9	0.3	1	82.5476190476
0.3	10	25	0.9	0.6	0	82.5476190476
0.3	10	25	0.9	0.6	1	82.5476190476
0.3	10	25	0.9	0.9	0	82.5476190476
0.3	10	25	0.9	0.9	1	76
0.3	10	30	0	0	0	Error: Iterative method did not converge within 10000 iterations.
Consider using a different numerical method or increasing the maximum number of iterations.
0.3	10	30	0	0	1	Error: Iterative method did not converge within 10000 iterations.
Consider using a different numerical method or increasing the maximum number of iterations.
0.3	10	30	0	0.3	0	Error: Iterative method did not converge within 10000 iterations.
Consider using a different numerical method or increasing the maximum number of iterations.
0.3	10	30	0	0.3	1	Error: Iterative method did not converge within 10000 iterations.
Consider using a different numerical method or increasing the maximum number of iterations.
0.3	10	30	0	0.6	0	Error: Iterative method did not converge within 10000 iterations.
Consider using a different numerical method or increasing the maximum number of iterations.
0.3	10	30	0	0.6	1	Error: Iterative method did not converge within 10000 iterations.
Consider using a different numerical method or increasing the maximum number of iterations.
0.3	10	30	0	0.9	0	Error: Iterative method did not converge within 10000 iterations.
Consider using a different numerical method or increasing the maximum number of iterations.
0.3	10	30	0	0.9	1	Error: Iterative method did not converge within 10000 iterations.
Consider using a different numerical method or increasing the maximum number of iterations.
0.3	10	30	0.3	0	0	Error: Iterative method did not converge within 10000 iterations.
Consider using a different numerical method or increasing the maximum number of iterations.
0.3	10	30	0.3	0	1	Error: Iterative method did not converge within 10000 iterations.
Consider using a different numerical method or increasing the maximum number of iterations.
0.3	10	30	0.3	0.3	0	178.738095238
0.3	10	30	0.3	0.3	1	160.166666667
0.3	10	30	0.3	0.6	0	128.380952381
0.3	10	30	0.3	0.6	1	98.9166666667
0.3	10	30	0.3	0.9	0	95.6428571429
0.3	10	30	0.3	0.9	1	76
0.3	10	30	0.6	0	0	Error: Iterative method did not converge within 10000 iterations.
Consider using a different numerical method or increasing the maximum number of iterations.
0.3	10	30	0.6	0	1	Error: Iterative method did not converge within 10000 iterations.
Consider using a different numerical method or increasing the maximum number of iterations.
0.3	10	30	0.6	0.3	0	108.738095238
0.3	10	30	0.6	0.3	1	108.738095238
0.3	10	30	0.6	0.6	0	108.738095238
0.3	10	30	0.6	0.6	1	98.9166666667
0.3	10	30	0.6	0.9	0	95.6428571429
0.3	10	30	0.6	0.9	1	76
0.3	10	30	0.9	0	0	Error: Iterative method did not converge within 10000 iterations.
Consider using a different numerical method or increasing the maximum number of iterations.
0.3	10	30	0.9	0	1	Error: Iterative method did not converge within 10000 iterations.
Consider using a different numerical method or increasing the maximum number of iterations.
0.3	10	30	0.9	0.3	0	82.5476190476
0.3	10	30	0.9	0.3	1	82.5476190476
0.3	10	30	0.9	0.6	0	82.5476190476
0.3	10	30	0.9	0.6	1	82.5476190476
0.3	10	30	0.9	0.9	0	82.5476190476
0.3	10	30	0.9	0.9	1	76
0.3	11	5	0	0	0	77.3095238095
0.3	11	5	0	0	1	71.4166666667
0.3	11	5	0	0.3	0	77.3095238095
0.3	11	5	0	0.3	1	71.4166666667
0.3	11	5	0	0.6	0	77.3095238095
0.3	11	5	0	0.6	1	71.4166666667
0.3	11	5	0	0.9	0	77.3095238095
0.3	11	5	0	0.9	1	71.4166666667
0.3	11	5	0.3	0	0	77.3095238095
0.3	11	5	0.3	0	1	71.4166666667
0.3	11	5	0.3	0.3	0	77.3095238095
0.3	11	5	0.3	0.3	1	71.4166666667
0.3	11	5	0.3	0.6	0	77.3095238095
0.3	11	5	0.3	0.6	1	71.4166666667
0.3	11	5	0.3	0.9	0	77.3095238095
0.3	11	5	0.3	0.9	1	71.4166666667
0.3	11	5	0.6	0	0	77.3095238095
0.3	11	5	0.6	0	1	71.4166666667
0.3	11	5	0.6	0.3	0	77.3095238095
0.3	11	5	0.6	0.3	1	71.4166666667
0.3	11	5	0.6	0.6	0	77.3095238095
0.3	11	5	0.6	0.6	1	71.4166666667
0.3	11	5	0.6	0.9	0	77.3095238095
0.3	11	5	0.6	0.9	1	71.4166666667
0.3	11	5	0.9	0	0	77.3095238095
0.3	11	5	0.9	0	1	71.4166666667
0.3	11	5	0.9	0.3	0	77.3095238095
0.3	11	5	0.9	0.3	1	71.4166666667
0.3	11	5	0.9	0.6	0	77.3095238095
0.3	11	5	0.9	0.6	1	71.4166666667
0.3	11	5	0.9	0.9	0	77.3095238095
0.3	11	5	0.9	0.9	1	71.4166666667
0.3	11	10	0	0	0	77.3095238095
0.3	11	10	0	0	1	71.4166666667
0.3	11	10	0	0.3	0	77.3095238095
0.3	11	10	0	0.3	1	71.4166666667
0.3	11	10	0	0.6	0	77.3095238095
0.3	11	10	0	0.6	1	71.4166666667
0.3	11	10	0	0.9	0	77.3095238095
0.3	11	10	0	0.9	1	71.4166666667
0.3	11	10	0.3	0	0	77.3095238095
0.3	11	10	0.3	0	1	71.4166666667
0.3	11	10	0.3	0.3	0	77.3095238095
0.3	11	10	0.3	0.3	1	71.4166666667
0.3	11	10	0.3	0.6	0	77.3095238095
0.3	11	10	0.3	0.6	1	71.4166666667
0.3	11	10	0.3	0.9	0	77.3095238095
0.3	11	10	0.3	0.9	1	71.4166666667
0.3	11	10	0.6	0	0	77.3095238095
0.3	11	10	0.6	0	1	71.4166666667
0.3	11	10	0.6	0.3	0	77.3095238095
0.3	11	10	0.6	0.3	1	71.4166666667
0.3	11	10	0.6	0.6	0	77.3095238095
0.3	11	10	0.6	0.6	1	71.4166666667
0.3	11	10	0.6	0.9	0	77.3095238095
0.3	11	10	0.6	0.9	1	71.4166666667
0.3	11	10	0.9	0	0	77.3095238095
0.3	11	10	0.9	0	1	71.4166666667
0.3	11	10	0.9	0.3	0	77.3095238095
0.3	11	10	0.9	0.3	1	71.4166666667
0.3	11	10	0.9	0.6	0	77.3095238095
0.3	11	10	0.9	0.6	1	71.4166666667
0.3	11	10	0.9	0.9	0	77.3095238095
0.3	11	10	0.9	0.9	1	71.4166666667
0.3	11	15	0	0	0	81.5952380952
0.3	11	15	0	0	1	75.1666666667
0.3	11	15	0	0.3	0	81.5952380952
0.3	11	15	0	0.3	1	75.1666666667
0.3	11	15	0	0.6	0	81.5952380952
0.3	11	15	0	0.6	1	75.1666666667
0.3	11	15	0	0.9	0	80.8095238095
0.3	11	15	0	0.9	1	72.25
0.3	11	15	0.3	0	0	81.5952380952
0.3	11	15	0.3	0	1	75.1666666667
0.3	11	15	0.3	0.3	0	81.5952380952
0.3	11	15	0.3	0.3	1	75.1666666667
0.3	11	15	0.3	0.6	0	81.5952380952
0.3	11	15	0.3	0.6	1	75.1666666667
0.3	11	15	0.3	0.9	0	80.8095238095
0.3	11	15	0.3	0.9	1	72.25
0.3	11	15	0.6	0	0	81.5952380952
0.3	11	15	0.6	0	1	75.1666666667
0.3	11	15	0.6	0.3	0	81.5952380952
0.3	11	15	0.6	0.3	1	75.1666666667
0.3	11	15	0.6	0.6	0	81.5952380952
0.3	11	15	0.6	0.6	1	75.1666666667
0.3	11	15	0.6	0.9	0	80.8095238095
0.3	11	15	0.6	0.9	1	72.25
0.3	11	15	0.9	0	0	78.2619047619
0.3	11	15	0.9	0	1	73.6071428571
0.3	11	15	0.9	0.3	0	78.2619047619
0.3	11	15	0.9	0.3	1	73.6071428571
0.3	11	15	0.9	0.6	0	78.2619047619
0.3	11	15	0.9	0.6	1	73.6071428571
0.3	11	15	0.9	0.9	0	78.2619047619
0.3	11	15	0.9	0.9	1	72.25
0.3	11	20	0	0	0	81.5952380952
0.3	11	20	0	0	1	75.1666666667
0.3	11	20	0	0.3	0	81.5952380952
0.3	11	20	0	0.3	1	75.1666666667
0.3	11	20	0	0.6	0	81.5952380952
0.3	11	20	0	0.6	1	75.1666666667
0.3	11	20	0	0.9	0	81.5952380952
0.3	11	20	0	0.9	1	73.5
0.3	11	20	0.3	0	0	81.5952380952
0.3	11	20	0.3	0	1	75.1666666667
0.3	11	20	0.3	0.3	0	81.5952380952
0.3	11	20	0.3	0.3	1	75.1666666667
0.3	11	20	0.3	0.6	0	81.5952380952
0.3	11	20	0.3	0.6	1	75.1666666667
0.3	11	20	0.3	0.9	0	81.5952380952
0.3	11	20	0.3	0.9	1	73.5
0.3	11	20	0.6	0	0	81.5952380952
0.3	11	20	0.6	0	1	75.1666666667
0.3	11	20	0.6	0.3	0	81.5952380952
0.3	11	20	0.6	0.3	1	75.1666666667
0.3	11	20	0.6	0.6	0	81.5952380952
0.3	11	20	0.6	0.6	1	75.1666666667
0.3	11	20	0.6	0.9	0	81.5952380952
0.3	11	20	0.6	0.9	1	73.5
0.3	11	20	0.9	0	0	79.6904761905
0.3	11	20	0.9	0	1	75.1666666667
0.3	11	20	0.9	0.3	0	79.6904761905
0.3	11	20	0.9	0.3	1	75.1666666667
0.3	11	20	0.9	0.6	0	79.6904761905
0.3	11	20	0.9	0.6	1	75.1666666667
0.3	11	20	0.9	0.9	0	79.6904761905
0.3	11	20	0.9	0.9	1	73.5
0.3	11	25	0	0	0	81.5952380952
0.3	11	25	0	0	1	75.1666666667
0.3	11	25	0	0.3	0	81.5952380952
0.3	11	25	0	0.3	1	75.1666666667
0.3	11	25	0	0.6	0	81.5952380952
0.3	11	25	0	0.6	1	75.1666666667
0.3	11	25	0	0.9	0	81.5952380952
0.3	11	25	0	0.9	1	75.1666666667
0.3	11	25	0.3	0	0	81.5952380952
0.3	11	25	0.3	0	1	75.1666666667
0.3	11	25	0.3	0.3	0	81.5952380952
0.3	11	25	0.3	0.3	1	75.1666666667
0.3	11	25	0.3	0.6	0	81.5952380952
0.3	11	25	0.3	0.6	1	75.1666666667
0.3	11	25	0.3	0.9	0	81.5952380952
0.3	11	25	0.3	0.9	1	75.1666666667
0.3	11	25	0.6	0	0	81.5952380952
0.3	11	25	0.6	0	1	75.1666666667
0.3	11	25	0.6	0.3	0	81.5952380952
0.3	11	25	0.6	0.3	1	75.1666666667
0.3	11	25	0.6	0.6	0	81.5952380952
0.3	11	25	0.6	0.6	1	75.1666666667
0.3	11	25	0.6	0.9	0	81.5952380952
0.3	11	25	0.6	0.9	1	75.1666666667
0.3	11	25	0.9	0	0	81.5952380952
0.3	11	25	0.9	0	1	75.1666666667
0.3	11	25	0.9	0.3	0	81.5952380952
0.3	11	25	0.9	0.3	1	75.1666666667
0.3	11	25	0.9	0.6	0	81.5952380952
0.3	11	25	0.9	0.6	1	75.1666666667
0.3	11	25	0.9	0.9	0	81.5952380952
0.3	11	25	0.9	0.9	1	75.1666666667
0.3	11	30	0	0	0	81.5952380952
0.3	11	30	0	0	1	75.1666666667
0.3	11	30	0	0.3	0	81.5952380952
0.3	11	30	0	0.3	1	75.1666666667
0.3	11	30	0	0.6	0	81.5952380952
0.3	11	30	0	0.6	1	75.1666666667
0.3	11	30	0	0.9	0	81.5952380952
0.3	11	30	0	0.9	1	75.1666666667
0.3	11	30	0.3	0	0	81.5952380952
0.3	11	30	0.3	0	1	75.1666666667
0.3	11	30	0.3	0.3	0	81.5952380952
0.3	11	30	0.3	0.3	1	75.1666666667
0.3	11	30	0.3	0.6	0	81.5952380952
0.3	11	30	0.3	0.6	1	75.1666666667
0.3	11	30	0.3	0.9	0	81.5952380952
0.3	11	30	0.3	0.9	1	75.1666666667
0.3	11	30	0.6	0	0	81.5952380952
0.3	11	30	0.6	0	1	75.1666666667
0.3	11	30	0.6	0.3	0	81.5952380952
0.3	11	30	0.6	0.3	1	75.1666666667
0.3	11	30	0.6	0.6	0	81.5952380952
0.3	11	30	0.6	0.6	1	75.1666666667
0.3	11	30	0.6	0.9	0	81.5952380952
0.3	11	30	0.6	0.9	1	75.1666666667
0.3	11	30	0.9	0	0	81.5952380952
0.3	11	30	0.9	0	1	75.1666666667
0.3	11	30	0.9	0.3	0	81.5952380952
0.3	11	30	0.9	0.3	1	75.1666666667
0.3	11	30	0.9	0.6	0	81.5952380952
0.3	11	30	0.9	0.6	1	75.1666666667
0.3	11	30	0.9	0.9	0	81.5952380952
0.3	11	30	0.9	0.9	1	75.1666666667
0.3	12	5	0	0	0	77.3095238095
0.3	12	5	0	0	1	71.4166666667
0.3	12	5	0	0.3	0	77.3095238095
0.3	12	5	0	0.3	1	71.4166666667
0.3	12	5	0	0.6	0	77.3095238095
0.3	12	5	0	0.6	1	71.4166666667
0.3	12	5	0	0.9	0	77.3095238095
0.3	12	5	0	0.9	1	71.4166666667
0.3	12	5	0.3	0	0	77.3095238095
0.3	12	5	0.3	0	1	71.4166666667
0.3	12	5	0.3	0.3	0	77.3095238095
0.3	12	5	0.3	0.3	1	71.4166666667
0.3	12	5	0.3	0.6	0	77.3095238095
0.3	12	5	0.3	0.6	1	71.4166666667
0.3	12	5	0.3	0.9	0	77.3095238095
0.3	12	5	0.3	0.9	1	71.4166666667
0.3	12	5	0.6	0	0	77.3095238095
0.3	12	5	0.6	0	1	71.4166666667
0.3	12	5	0.6	0.3	0	77.3095238095
0.3	12	5	0.6	0.3	1	71.4166666667
0.3	12	5	0.6	0.6	0	77.3095238095
0.3	12	5	0.6	0.6	1	71.4166666667
0.3	12	5	0.6	0.9	0	77.3095238095
0.3	12	5	0.6	0.9	1	71.4166666667
0.3	12	5	0.9	0	0	77.3095238095
0.3	12	5	0.9	0	1	71.4166666667
0.3	12	5	0.9	0.3	0	77.3095238095
0.3	12	5	0.9	0.3	1	71.4166666667
0.3	12	5	0.9	0.6	0	77.3095238095
0.3	12	5	0.9	0.6	1	71.4166666667
0.3	12	5	0.9	0.9	0	77.3095238095
0.3	12	5	0.9	0.9	1	71.4166666667
0.3	12	10	0	0	0	81.5952380952
0.3	12	10	0	0	1	75.1666666667
0.3	12	10	0	0.3	0	81.5952380952
0.3	12	10	0	0.3	1	75.1666666667
0.3	12	10	0	0.6	0	81.5952380952
0.3	12	10	0	0.6	1	75.1666666667
0.3	12	10	0	0.9	0	81.5952380952
0.3	12	10	0	0.9	1	73.5
0.3	12	10	0.3	0	0	81.5952380952
0.3	12	10	0.3	0	1	75.1666666667
0.3	12	10	0.3	0.3	0	81.5952380952
0.3	12	10	0.3	0.3	1	75.1666666667
0.3	12	10	0.3	0.6	0	81.5952380952
0.3	12	10	0.3	0.6	1	75.1666666667
0.3	12	10	0.3	0.9	0	81.5952380952
0.3	12	10	0.3	0.9	1	73.5
0.3	12	10	0.6	0	0	81.5952380952
0.3	12	10	0.6	0	1	75.1666666667
0.3	12	10	0.6	0.3	0	81.5952380952
0.3	12	10	0.6	0.3	1	75.1666666667
0.3	12	10	0.6	0.6	0	81.5952380952
0.3	12	10	0.6	0.6	1	75.1666666667
0.3	12	10	0.6	0.9	0	81.5952380952
0.3	12	10	0.6	0.9	1	73.5
0.3	12	10	0.9	0	0	79.6904761905
0.3	12	10	0.9	0	1	75.1666666667
0.3	12	10	0.9	0.3	0	79.6904761905
0.3	12	10	0.9	0.3	1	75.1666666667
0.3	12	10	0.9	0.6	0	79.6904761905
0.3	12	10	0.9	0.6	1	75.1666666667
0.3	12	10	0.9	0.9	0	79.6904761905
0.3	12	10	0.9	0.9	1	73.5
0.3	12	15	0	0	0	81.5952380952
0.3	12	15	0	0	1	75.1666666667
0.3	12	15	0	0.3	0	81.5952380952
0.3	12	15	0	0.3	1	75.1666666667
0.3	12	15	0	0.6	0	81.5952380952
0.3	12	15	0	0.6	1	75.1666666667
0.3	12	15	0	0.9	0	81.5952380952
0.3	12	15	0	0.9	1	74.3333333333
0.3	12	15	0.3	0	0	81.5952380952
0.3	12	15	0.3	0	1	75.1666666667
0.3	12	15	0.3	0.3	0	81.5952380952
0.3	12	15	0.3	0.3	1	75.1666666667
0.3	12	15	0.3	0.6	0	81.5952380952
0.3	12	15	0.3	0.6	1	75.1666666667
0.3	12	15	0.3	0.9	0	81.5952380952
0.3	12	15	0.3	0.9	1	74.3333333333
0.3	12	15	0.6	0	0	81.5952380952
0.3	12	15	0.6	0	1	75.1666666667
0.3	12	15	0.6	0.3	0	81.5952380952
0.3	12	15	0.6	0.3	1	75.1666666667
0.3	12	15	0.6	0.6	0	81.5952380952
0.3	12	15	0.6	0.6	1	75.1666666667
0.3	12	15	0.6	0.9	0	81.5952380952
0.3	12	15	0.6	0.9	1	74.3333333333
0.3	12	15	0.9	0	0	80.6428571429
0.3	12	15	0.9	0	1	75.1666666667
0.3	12	15	0.9	0.3	0	80.6428571429
0.3	12	15	0.9	0.3	1	75.1666666667
0.3	12	15	0.9	0.6	0	80.6428571429
0.3	12	15	0.9	0.6	1	75.1666666667
0.3	12	15	0.9	0.9	0	80.6428571429
0.3	12	15	0.9	0.9	1	74.3333333333
0.3	12	20	0	0	0	81.5952380952
0.3	12	20	0	0	1	75.1666666667
0.3	12	20	0	0.3	0	81.5952380952
0.3	12	20	0	0.3	1	75.1666666667
0.3	12	20	0	0.6	0	81.5952380952
0.3	12	20	0	0.6	1	75.1666666667
0.3	12	20	0	0.9	0	81.5952380952
0.3	12	20	0	0.9	1	75.1666666667
0.3	12	20	0.3	0	0	81.5952380952
0.3	12	20	0.3	0	1	75.1666666667
0.3	12	20	0.3	0.3	0	81.5952380952
0.3	12	20	0.3	0.3	1	75.1666666667
0.3	12	20	0.3	0.6	0	81.5952380952
0.3	12	20	0.3	0.6	1	75.1666666667
0.3	12	20	0.3	0.9	0	81.5952380952
0.3	12	20	0.3	0.9	1	75.1666666667
0.3	12	20	0.6	0	0	81.5952380952
0.3	12	20	0.6	0	1	75.1666666667
0.3	12	20	0.6	0.3	0	81.5952380952
0.3	12	20	0.6	0.3	1	75.1666666667
0.3	12	20	0.6	0.6	0	81.5952380952
0.3	12	20	0.6	0.6	1	75.1666666667
0.3	12	20	0.6	0.9	0	81.5952380952
0.3	12	20	0.6	0.9	1	75.1666666667
0.3	12	20	0.9	0	0	81.5952380952
0.3	12	20	0.9	0	1	75.1666666667
0.3	12	20	0.9	0.3	0	81.5952380952
0.3	12	20	0.9	0.3	1	75.1666666667
0.3	12	20	0.9	0.6	0	81.5952380952
0.3	12	20	0.9	0.6	1	75.1666666667
0.3	12	20	0.9	0.9	0	81.5952380952
0.3	12	20	0.9	0.9	1	75.1666666667
0.3	12	25	0	0	0	145.964285714
0.3	12	25	0	0	1	142.75
0.3	12	25	0	0.3	0	145.964285714
0.3	12	25	0	0.3	1	127.666666667
0.3	12	25	0	0.6	0	109.535714286
0.3	12	25	0	0.6	1	90.1666666667
0.3	12	25	0	0.9	0	91.6785714286
0.3	12	25	0	0.9	1	76
0.3	12	25	0.3	0	0	141.595238095
0.3	12	25	0.3	0	1	138.464285714
0.3	12	25	0.3	0.3	0	141.595238095
0.3	12	25	0.3	0.3	1	127.666666667
0.3	12	25	0.3	0.6	0	109.535714286
0.3	12	25	0.3	0.6	1	90.1666666667
0.3	12	25	0.3	0.9	0	91.6785714286
0.3	12	25	0.3	0.9	1	76
0.3	12	25	0.6	0	0	98.7380952381
0.3	12	25	0.6	0	1	95.6071428571
0.3	12	25	0.6	0.3	0	98.7380952381
0.3	12	25	0.6	0.3	1	95.6071428571
0.3	12	25	0.6	0.6	0	98.7380952381
0.3	12	25	0.6	0.6	1	90.1666666667
0.3	12	25	0.6	0.9	0	91.6785714286
0.3	12	25	0.6	0.9	1	76
0.3	12	25	0.9	0	0	82.5476190476
0.3	12	25	0.9	0	1	81.3214285714
0.3	12	25	0.9	0.3	0	82.5476190476
0.3	12	25	0.9	0.3	1	81.3214285714
0.3	12	25	0.9	0.6	0	82.5476190476
0.3	12	25	0.9	0.6	1	81.3214285714
0.3	12	25	0.9	0.9	0	82.5476190476
0.3	12	25	0.9	0.9	1	76
0.3	12	30	0	0	0	167.392857143
0.3	12	30	0	0	1	165.25
0.3	12	30	0	0.3	0	167.392857143
0.3	12	30	0	0.3	1	145.166666667
0.3	12	30	0	0.6	0	118.821428571
0.3	12	30	0	0.6	1	95.1666666667
0.3	12	30	0	0.9	0	95.0119047619
0.3	12	30	0	0.9	1	76
0.3	12	30	0.3	0	0	161.595238095
0.3	12	30	0.3	0	1	159.535714286
0.3	12	30	0.3	0.3	0	161.595238095
0.3	12	30	0.3	0.3	1	145.166666667
0.3	12	30	0.3	0.6	0	118.821428571
0.3	12	30	0.3	0.6	1	95.1666666667
0.3	12	30	0.3	0.9	0	95.0119047619
0.3	12	30	0.3	0.9	1	76
0.3	12	30	0.6	0	0	104.452380952
0.3	12	30	0.6	0	1	102.392857143
0.3	12	30	0.6	0.3	0	104.452380952
0.3	12	30	0.6	0.3	1	102.392857143
0.3	12	30	0.6	0.6	0	104.452380952
0.3	12	30	0.6	0.6	1	95.1666666667
0.3	12	30	0.6	0.9	0	95.0119047619
0.3	12	30	0.6	0.9	1	76
0.3	12	30	0.9	0	0	82.5476190476
0.3	12	30	0.9	0	1	82.5476190476
0.3	12	30	0.9	0.3	0	82.5476190476
0.3	12	30	0.9	0.3	1	82.5476190476
0.3	12	30	0.9	0.6	0	82.5476190476
0.3	12	30	0.9	0.6	1	82.5476190476
0.3	12	30	0.9	0.9	0	82.5476190476
0.3	12	30	0.9	0.9	1	76
0.3	13	5	0	0	0	81.5952380952
0.3	13	5	0	0	1	75.1666666667
0.3	13	5	0	0.3	0	81.5952380952
0.3	13	5	0	0.3	1	75.1666666667
0.3	13	5	0	0.6	0	81.5952380952
0.3	13	5	0	0.6	1	75.1666666667
0.3	13	5	0	0.9	0	81.5952380952
0.3	13	5	0	0.9	1	72.6666666667
0.3	13	5	0.3	0	0	81.5952380952
0.3	13	5	0.3	0	1	75.1666666667
0.3	13	5	0.3	0.3	0	81.5952380952
0.3	13	5	0.3	0.3	1	75.1666666667
0.3	13	5	0.3	0.6	0	81.5952380952
0.3	13	5	0.3	0.6	1	75.1666666667
0.3	13	5	0.3	0.9	0	81.5952380952
0.3	13	5	0.3	0.9	1	72.6666666667
0.3	13	5	0.6	0	0	81.5952380952
0.3	13	5	0.6	0	1	75.1666666667
0.3	13	5	0.6	0.3	0	81.5952380952
0.3	13	5	0.6	0.3	1	75.1666666667
0.3	13	5	0.6	0.6	0	81.5952380952
0.3	13	5	0.6	0.6	1	75.1666666667
0.3	13	5	0.6	0.9	0	81.5952380952
0.3	13	5	0.6	0.9	1	72.6666666667
0.3	13	5	0.9	0	0	78.7380952381
0.3	13	5	0.9	0	1	74.619047619
0.3	13	5	0.9	0.3	0	78.7380952381
0.3	13	5	0.9	0.3	1	74.619047619
0.3	13	5	0.9	0.6	0	78.7380952381
0.3	13	5	0.9	0.6	1	74.619047619
0.3	13	5	0.9	0.9	0	78.7380952381
0.3	13	5	0.9	0.9	1	72.6666666667
0.3	13	10	0	0	0	81.5952380952
0.3	13	10	0	0	1	75.1666666667
0.3	13	10	0	0.3	0	81.5952380952
0.3	13	10	0	0.3	1	75.1666666667
0.3	13	10	0	0.6	0	81.5952380952
0.3	13	10	0	0.6	1	75.1666666667
0.3	13	10	0	0.9	0	81.5952380952
0.3	13	10	0	0.9	1	73.5
0.3	13	10	0.3	0	0	81.5952380952
0.3	13	10	0.3	0	1	75.1666666667
0.3	13	10	0.3	0.3	0	81.5952380952
0.3	13	10	0.3	0.3	1	75.1666666667
0.3	13	10	0.3	0.6	0	81.5952380952
0.3	13	10	0.3	0.6	1	75.1666666667
0.3	13	10	0.3	0.9	0	81.5952380952
0.3	13	10	0.3	0.9	1	73.5
0.3	13	10	0.6	0	0	81.5952380952
0.3	13	10	0.6	0	1	75.1666666667
0.3	13	10	0.6	0.3	0	81.5952380952
0.3	13	10	0.6	0.3	1	75.1666666667
0.3	13	10	0.6	0.6	0	81.5952380952
0.3	13	10	0.6	0.6	1	75.1666666667
0.3	13	10	0.6	0.9	0	81.5952380952
0.3	13	10	0.6	0.9	1	73.5
0.3	13	10	0.9	0	0	79.6904761905
0.3	13	10	0.9	0	1	75.1666666667
0.3	13	10	0.9	0.3	0	79.6904761905
0.3	13	10	0.9	0.3	1	75.1666666667
0.3	13	10	0.9	0.6	0	79.6904761905
0.3	13	10	0.9	0.6	1	75.1666666667
0.3	13	10	0.9	0.9	0	79.6904761905
0.3	13	10	0.9	0.9	1	73.5
0.3	13	15	0	0	0	145.964285714
0.3	13	15	0	0	1	142.75
0.3	13	15	0	0.3	0	145.964285714
0.3	13	15	0	0.3	1	127.666666667
0.3	13	15	0	0.6	0	109.535714286
0.3	13	15	0	0.6	1	90.1666666667
0.3	13	15	0	0.9	0	91.6785714286
0.3	13	15	0	0.9	1	75.1666666667
0.3	13	15	0.3	0	0	141.595238095
0.3	13	15	0.3	0	1	138.464285714
0.3	13	15	0.3	0.3	0	141.595238095
0.3	13	15	0.3	0.3	1	127.666666667
0.3	13	15	0.3	0.6	0	109.535714286
0.3	13	15	0.3	0.6	1	90.1666666667
0.3	13	15	0.3	0.9	0	91.6785714286
0.3	13	15	0.3	0.9	1	75.1666666667
0.3	13	15	0.6	0	0	98.7380952381
0.3	13	15	0.6	0	1	95.6071428571
0.3	13	15	0.6	0.3	0	98.7380952381
0.3	13	15	0.6	0.3	1	95.6071428571
0.3	13	15	0.6	0.6	0	98.7380952381
0.3	13	15	0.6	0.6	1	90.1666666667
0.3	13	15	0.6	0.9	0	91.6785714286
0.3	13	15	0.6	0.9	1	75.1666666667
0.3	13	15	0.9	0	0	81.5952380952
0.3	13	15	0.9	0	1	80.6071428571
0.3	13	15	0.9	0.3	0	81.5952380952
0.3	13	15	0.9	0.3	1	80.6071428571
0.3	13	15	0.9	0.6	0	81.5952380952
0.3	13	15	0.9	0.6	1	80.6071428571
0.3	13	15	0.9	0.9	0	81.5952380952
0.3	13	15	0.9	0.9	1	75.1666666667
0.3	13	20	0	0	0	145.964285714
0.3	13	20	0	0	1	142.75
0.3	13	20	0	0.3	0	145.964285714
0.3	13	20	0	0.3	1	127.666666667
0.3	13	20	0	0.6	0	109.535714286
0.3	13	20	0	0.6	1	90.1666666667
0.3	13	20	0	0.9	0	91.6785714286
0.3	13	20	0	0.9	1	75.1666666667
0.3	13	20	0.3	0	0	141.595238095
0.3	13	20	0.3	0	1	138.464285714
0.3	13	20	0.3	0.3	0	141.595238095
0.3	13	20	0.3	0.3	1	127.666666667
0.3	13	20	0.3	0.6	0	109.535714286
0.3	13	20	0.3	0.6	1	90.1666666667
0.3	13	20	0.3	0.9	0	91.6785714286
0.3	13	20	0.3	0.9	1	75.1666666667
0.3	13	20	0.6	0	0	98.7380952381
0.3	13	20	0.6	0	1	95.6071428571
0.3	13	20	0.6	0.3	0	98.7380952381
0.3	13	20	0.6	0.3	1	95.6071428571
0.3	13	20	0.6	0.6	0	98.7380952381
0.3	13	20	0.6	0.6	1	90.1666666667
0.3	13	20	0.6	0.9	0	91.6785714286
0.3	13	20	0.6	0.9	1	75.1666666667
0.3	13	20	0.9	0	0	81.5952380952
0.3	13	20	0.9	0	1	80.6071428571
0.3	13	20	0.9	0.3	0	81.5952380952
0.3	13	20	0.9	0.3	1	80.6071428571
0.3	13	20	0.9	0.6	0	81.5952380952
0.3	13	20	0.9	0.6	1	80.6071428571
0.3	13	20	0.9	0.9	0	81.5952380952
0.3	13	20	0.9	0.9	1	75.1666666667
0.3	13	25	0	0	0	167.392857143
0.3	13	25	0	0	1	165.25
0.3	13	25	0	0.3	0	167.392857143
0.3	13	25	0	0.3	1	145.166666667
0.3	13	25	0	0.6	0	118.821428571
0.3	13	25	0	0.6	1	95.1666666667
0.3	13	25	0	0.9	0	95.0119047619
0.3	13	25	0	0.9	1	76
0.3	13	25	0.3	0	0	161.595238095
0.3	13	25	0.3	0	1	159.535714286
0.3	13	25	0.3	0.3	0	161.595238095
0.3	13	25	0.3	0.3	1	145.166666667
0.3	13	25	0.3	0.6	0	118.821428571
0.3	13	25	0.3	0.6	1	95.1666666667
0.3	13	25	0.3	0.9	0	95.0119047619
0.3	13	25	0.3	0.9	1	76
0.3	13	25	0.6	0	0	104.452380952
0.3	13	25	0.6	0	1	102.392857143
0.3	13	25	0.6	0.3	0	104.452380952
0.3	13	25	0.6	0.3	1	102.392857143
0.3	13	25	0.6	0.6	0	104.452380952
0.3	13	25	0.6	0.6	1	95.1666666667
0.3	13	25	0.6	0.9	0	95.0119047619
0.3	13	25	0.6	0.9	1	76
0.3	13	25	0.9	0	0	82.5476190476
0.3	13	25	0.9	0	1	82.5476190476
0.3	13	25	0.9	0.3	0	82.5476190476
0.3	13	25	0.9	0.3	1	82.5476190476
0.3	13	25	0.9	0.6	0	82.5476190476
0.3	13	25	0.9	0.6	1	82.5476190476
0.3	13	25	0.9	0.9	0	82.5476190476
0.3	13	25	0.9	0.9	1	76
0.3	13	30	0	0	0	167.392857143
0.3	13	30	0	0	1	165.25
0.3	13	30	0	0.3	0	167.392857143
0.3	13	30	0	0.3	1	145.166666667
0.3	13	30	0	0.6	0	118.821428571
0.3	13	30	0	0.6	1	95.1666666667
0.3	13	30	0	0.9	0	95.0119047619
0.3	13	30	0	0.9	1	76
0.3	13	30	0.3	0	0	161.595238095
0.3	13	30	0.3	0	1	159.535714286
0.3	13	30	0.3	0.3	0	161.595238095
0.3	13	30	0.3	0.3	1	145.166666667
0.3	13	30	0.3	0.6	0	118.821428571
0.3	13	30	0.3	0.6	1	95.1666666667
0.3	13	30	0.3	0.9	0	95.0119047619
0.3	13	30	0.3	0.9	1	76
0.3	13	30	0.6	0	0	104.452380952
0.3	13	30	0.6	0	1	102.392857143
0.3	13	30	0.6	0.3	0	104.452380952
0.3	13	30	0.6	0.3	1	102.392857143
0.3	13	30	0.6	0.6	0	104.452380952
0.3	13	30	0.6	0.6	1	95.1666666667
0.3	13	30	0.6	0.9	0	95.0119047619
0.3	13	30	0.6	0.9	1	76
0.3	13	30	0.9	0	0	82.5476190476
0.3	13	30	0.9	0	1	82.5476190476
0.3	13	30	0.9	0.3	0	82.5476190476
0.3	13	30	0.9	0.3	1	82.5476190476
0.3	13	30	0.9	0.6	0	82.5476190476
0.3	13	30	0.9	0.6	1	82.5476190476
0.3	13	30	0.9	0.9	0	82.5476190476
0.3	13	30	0.9	0.9	1	76
0.3	14	5	0	0	0	77.3095238095
0.3	14	5	0	0	1	71.4166666667
0.3	14	5	0	0.3	0	77.3095238095
0.3	14	5	0	0.3	1	71.4166666667
0.3	14	5	0	0.6	0	77.3095238095
0.3	14	5	0	0.6	1	71.4166666667
0.3	14	5	0	0.9	0	77.3095238095
0.3	14	5	0	0.9	1	71.4166666667
0.3	14	5	0.3	0	0	77.3095238095
0.3	14	5	0.3	0	1	71.4166666667
0.3	14	5	0.3	0.3	0	77.3095238095
0.3	14	5	0.3	0.3	1	71.4166666667
0.3	14	5	0.3	0.6	0	77.3095238095
0.3	14	5	0.3	0.6	1	71.4166666667
0.3	14	5	0.3	0.9	0	77.3095238095
0.3	14	5	0.3	0.9	1	71.4166666667
0.3	14	5	0.6	0	0	77.3095238095
0.3	14	5	0.6	0	1	71.4166666667
0.3	14	5	0.6	0.3	0	77.3095238095
0.3	14	5	0.6	0.3	1	71.4166666667
0.3	14	5	0.6	0.6	0	77.3095238095
0.3	14	5	0.6	0.6	1	71.4166666667
0.3	14	5	0.6	0.9	0	77.3095238095
0.3	14	5	0.6	0.9	1	71.4166666667
0.3	14	5	0.9	0	0	77.3095238095
0.3	14	5	0.9	0	1	71.4166666667
0.3	14	5	0.9	0.3	0	77.3095238095
0.3	14	5	0.9	0.3	1	71.4166666667
0.3	14	5	0.9	0.6	0	77.3095238095
0.3	14	5	0.9	0.6	1	71.4166666667
0.3	14	5	0.9	0.9	0	77.3095238095
0.3	14	5	0.9	0.9	1	71.4166666667
0.3	14	10	0	0	0	77.3095238095
0.3	14	10	0	0	1	71.4166666667
0.3	14	10	0	0.3	0	77.3095238095
0.3	14	10	0	0.3	1	71.4166666667
0.3	14	10	0	0.6	0	77.3095238095
0.3	14	10	0	0.6	1	71.4166666667
0.3	14	10	0	0.9	0	77.3095238095
0.3	14	10	0	0.9	1	71.4166666667
0.3	14	10	0.3	0	0	77.3095238095
0.3	14	10	0.3	0	1	71.4166666667
0.3	14	10	0.3	0.3	0	77.3095238095
0.3	14	10	0.3	0.3	1	71.4166666667
0.3	14	10	0.3	0.6	0	77.3095238095
0.3	14	10	0.3	0.6	1	71.4166666667
0.3	14	10	0.3	0.9	0	77.3095238095
0.3	14	10	0.3	0.9	1	71.4166666667
0.3	14	10	0.6	0	0	77.3095238095
0.3	14	10	0.6	0	1	71.4166666667
0.3	14	10	0.6	0.3	0	77.3095238095
0.3	14	10	0.6	0.3	1	71.4166666667
0.3	14	10	0.6	0.6	0	77.3095238095
0.3	14	10	0.6	0.6	1	71.4166666667
0.3	14	10	0.6	0.9	0	77.3095238095
0.3	14	10	0.6	0.9	1	71.4166666667
0.3	14	10	0.9	0	0	77.3095238095
0.3	14	10	0.9	0	1	71.4166666667
0.3	14	10	0.9	0.3	0	77.3095238095
0.3	14	10	0.9	0.3	1	71.4166666667
0.3	14	10	0.9	0.6	0	77.3095238095
0.3	14	10	0.9	0.6	1	71.4166666667
0.3	14	10	0.9	0.9	0	77.3095238095
0.3	14	10	0.9	0.9	1	71.4166666667
0.3	14	15	0	0	0	77.3095238095
0.3	14	15	0	0	1	71.4166666667
0.3	14	15	0	0.3	0	77.3095238095
0.3	14	15	0	0.3	1	71.4166666667
0.3	14	15	0	0.6	0	77.3095238095
0.3	14	15	0	0.6	1	71.4166666667
0.3	14	15	0	0.9	0	77.3095238095
0.3	14	15	0	0.9	1	71.4166666667
0.3	14	15	0.3	0	0	77.3095238095
0.3	14	15	0.3	0	1	71.4166666667
0.3	14	15	0.3	0.3	0	77.3095238095
0.3	14	15	0.3	0.3	1	71.4166666667
0.3	14	15	0.3	0.6	0	77.3095238095
0.3	14	15	0.3	0.6	1	71.4166666667
0.3	14	15	0.3	0.9	0	77.3095238095
0.3	14	15	0.3	0.9	1	71.4166666667
0.3	14	15	0.6	0	0	77.3095238095
0.3	14	15	0.6	0	1	71.4166666667
0.3	14	15	0.6	0.3	0	77.3095238095
0.3	14	15	0.6	0.3	1	71.4166666667
0.3	14	15	0.6	0.6	0	77.3095238095
0.3	14	15	0.6	0.6	1	71.4166666667
0.3	14	15	0.6	0.9	0	77.3095238095
0.3	14	15	0.6	0.9	1	71.4166666667
0.3	14	15	0.9	0	0	77.3095238095
0.3	14	15	0.9	0	1	71.4166666667
0.3	14	15	0.9	0.3	0	77.3095238095
0.3	14	15	0.9	0.3	1	71.4166666667
0.3	14	15	0.9	0.6	0	77.3095238095
0.3	14	15	0.9	0.6	1	71.4166666667
0.3	14	15	0.9	0.9	0	77.3095238095
0.3	14	15	0.9	0.9	1	71.4166666667
0.3	14	20	0	0	0	81.5952380952
0.3	14	20	0	0	1	75.1666666667
0.3	14	20	0	0.3	0	81.5952380952
0.3	14	20	0	0.3	1	75.1666666667
0.3	14	20	0	0.6	0	81.5952380952
0.3	14	20	0	0.6	1	75.1666666667
0.3	14	20	0	0.9	0	81.5952380952
0.3	14	20	0	0.9	1	72.25
0.3	14	20	0.3	0	0	81.5952380952
0.3	14	20	0.3	0	1	75.1666666667
0.3	14	20	0.3	0.3	0	81.5952380952
0.3	14	20	0.3	0.3	1	75.1666666667
0.3	14	20	0.3	0.6	0	81.5952380952
0.3	14	20	0.3	0.6	1	75.1666666667
0.3	14	20	0.3	0.9	0	81.5952380952
0.3	14	20	0.3	0.9	1	72.25
0.3	14	20	0.6	0	0	81.5952380952
0.3	14	20	0.6	0	1	75.1666666667
0.3	14	20	0.6	0.3	0	81.5952380952
0.3	14	20	0.6	0.3	1	75.1666666667
0.3	14	20	0.6	0.6	0	81.5952380952
0.3	14	20	0.6	0.6	1	75.1666666667
0.3	14	20	0.6	0.9	0	81.5952380952
0.3	14	20	0.6	0.9	1	72.25
0.3	14	20	0.9	0	0	78.2619047619
0.3	14	20	0.9	0	1	74.5952380952
0.3	14	20	0.9	0.3	0	78.2619047619
0.3	14	20	0.9	0.3	1	74.5952380952
0.3	14	20	0.9	0.6	0	78.2619047619
0.3	14	20	0.9	0.6	1	74.5952380952
0.3	14	20	0.9	0.9	0	78.2619047619
0.3	14	20	0.9	0.9	1	72.25
0.3	14	25	0	0	0	81.5952380952
0.3	14	25	0	0	1	75.1666666667
0.3	14	25	0	0.3	0	81.5952380952
0.3	14	25	0	0.3	1	75.1666666667
0.3	14	25	0	0.6	0	81.5952380952
0.3	14	25	0	0.6	1	75.1666666667
0.3	14	25	0	0.9	0	81.5952380952
0.3	14	25	0	0.9	1	74.3333333333
0.3	14	25	0.3	0	0	81.5952380952
0.3	14	25	0.3	0	1	75.1666666667
0.3	14	25	0.3	0.3	0	81.5952380952
0.3	14	25	0.3	0.3	1	75.1666666667
0.3	14	25	0.3	0.6	0	81.5952380952
0.3	14	25	0.3	0.6	1	75.1666666667
0.3	14	25	0.3	0.9	0	81.5952380952
0.3	14	25	0.3	0.9	1	74.3333333333
0.3	14	25	0.6	0	0	81.5952380952
0.3	14	25	0.6	0	1	75.1666666667
0.3	14	25	0.6	0.3	0	81.5952380952
0.3	14	25	0.6	0.3	1	75.1666666667
0.3	14	25	0.6	0.6	0	81.5952380952
0.3	14	25	0.6	0.6	1	75.1666666667
0.3	14	25	0.6	0.9	0	81.5952380952
0.3	14	25	0.6	0.9	1	74.3333333333
0.3	14	25	0.9	0	0	80.6428571429
0.3	14	25	0.9	0	1	75.1666666667
0.3	14	25	0.9	0.3	0	80.6428571429
0.3	14	25	0.9	0.3	1	75.1666666667
0.3	14	25	0.9	0.6	0	80.6428571429
0.3	14	25	0.9	0.6	1	75.1666666667
0.3	14	25	0.9	0.9	0	80.6428571429
0.3	14	25	0.9	0.9	1	74.3333333333
0.3	14	30	0	0	0	124.535714286
0.3	14	30	0	0	1	120.25
0.3	14	30	0	0.3	0	124.535714286
0.3	14	30	0	0.3	1	110.166666667
0.3	14	30	0	0.6	0	100.25
0.3	14	30	0	0.6	1	85.1666666667
0.3	14	30	0	0.9	0	88.3452380952
0.3	14	30	0	0.9	1	75.1666666667
0.3	14	30	0.3	0	0	121.595238095
0.3	14	30	0.3	0	1	117.392857143
0.3	14	30	0.3	0.3	0	121.595238095
0.3	14	30	0.3	0.3	1	110.166666667
0.3	14	30	0.3	0.6	0	100.25
0.3	14	30	0.3	0.6	1	85.1666666667
0.3	14	30	0.3	0.9	0	88.3452380952
0.3	14	30	0.3	0.9	1	75.1666666667
0.3	14	30	0.6	0	0	93.0238095238
0.3	14	30	0.6	0	1	88.8214285714
0.3	14	30	0.6	0.3	0	93.0238095238
0.3	14	30	0.6	0.3	1	88.8214285714
0.3	14	30	0.6	0.6	0	93.0238095238
0.3	14	30	0.6	0.6	1	85.1666666667
0.3	14	30	0.6	0.9	0	88.3452380952
0.3	14	30	0.6	0.9	1	75.1666666667
0.3	14	30	0.9	0	0	81.5952380952
0.3	14	30	0.9	0	1	79.2976190476
0.3	14	30	0.9	0.3	0	81.5952380952
0.3	14	30	0.9	0.3	1	79.2976190476
0.3	14	30	0.9	0.6	0	81.5952380952
0.3	14	30	0.9	0.6	1	79.2976190476
0.3	14	30	0.9	0.9	0	81.5952380952
0.3	14	30	0.9	0.9	1	75.1666666667
0.3	15	5	0	0	0	77.3095238095
0.3	15	5	0	0	1	71.4166666667
0.3	15	5	0	0.3	0	77.3095238095
0.3	15	5	0	0.3	1	71.4166666667
0.3	15	5	0	0.6	0	77.3095238095
0.3	15	5	0	0.6	1	71.4166666667
0.3	15	5	0	0.9	0	77.3095238095
0.3	15	5	0	0.9	1	71.4166666667
0.3	15	5	0.3	0	0	77.3095238095
0.3	15	5	0.3	0	1	71.4166666667
0.3	15	5	0.3	0.3	0	77.3095238095
0.3	15	5	0.3	0.3	1	71.4166666667
0.3	15	5	0.3	0.6	0	77.3095238095
0.3	15	5	0.3	0.6	1	71.4166666667
0.3	15	5	0.3	0.9	0	77.3095238095
0.3	15	5	0.3	0.9	1	71.4166666667
0.3	15	5	0.6	0	0	77.3095238095
0.3	15	5	0.6	0	1	71.4166666667
0.3	15	5	0.6	0.3	0	77.3095238095
0.3	15	5	0.6	0.3	1	71.4166666667
0.3	15	5	0.6	0.6	0	77.3095238095
0.3	15	5	0.6	0.6	1	71.4166666667
0.3	15	5	0.6	0.9	0	77.3095238095
0.3	15	5	0.6	0.9	1	71.4166666667
0.3	15	5	0.9	0	0	77.3095238095
0.3	15	5	0.9	0	1	71.4166666667
0.3	15	5	0.9	0.3	0	77.3095238095
0.3	15	5	0.9	0.3	1	71.4166666667
0.3	15	5	0.9	0.6	0	77.3095238095
0.3	15	5	0.9	0.6	1	71.4166666667
0.3	15	5	0.9	0.9	0	77.3095238095
0.3	15	5	0.9	0.9	1	71.4166666667
0.3	15	10	0	0	0	81.5952380952
0.3	15	10	0	0	1	75.1666666667
0.3	15	10	0	0.3	0	81.5952380952
0.3	15	10	0	0.3	1	75.1666666667
0.3	15	10	0	0.6	0	81.5952380952
0.3	15	10	0	0.6	1	75.1666666667
0.3	15	10	0	0.9	0	81.5952380952
0.3	15	10	0	0.9	1	72.25
0.3	15	10	0.3	0	0	81.5952380952
0.3	15	10	0.3	0	1	75.1666666667
0.3	15	10	0.3	0.3	0	81.5952380952
0.3	15	10	0.3	0.3	1	75.1666666667
0.3	15	10	0.3	0.6	0	81.5952380952
0.3	15	10	0.3	0.6	1	75.1666666667
0.3	15	10	0.3	0.9	0	81.5952380952
0.3	15	10	0.3	0.9	1	72.25
0.3	15	10	0.6	0	0	81.5952380952
0.3	15	10	0.6	0	1	75.1666666667
0.3	15	10	0.6	0.3	0	81.5952380952
0.3	15	10	0.6	0.3	1	75.1666666667
0.3	15	10	0.6	0.6	0	81.5952380952
0.3	15	10	0.6	0.6	1	75.1666666667
0.3	15	10	0.6	0.9	0	81.5952380952
0.3	15	10	0.6	0.9	1	72.25
0.3	15	10	0.9	0	0	78.2619047619
0.3	15	10	0.9	0	1	74.5952380952
0.3	15	10	0.9	0.3	0	78.2619047619
0.3	15	10	0.9	0.3	1	74.5952380952
0.3	15	10	0.9	0.6	0	78.2619047619
0.3	15	10	0.9	0.6	1	74.5952380952
0.3	15	10	0.9	0.9	0	78.2619047619
0.3	15	10	0.9	0.9	1	72.25
0.3	15	15	0	0	0	81.5952380952
0.3	15	15	0	0	1	75.1666666667
0.3	15	15	0	0.3	0	81.5952380952
0.3	15	15	0	0.3	1	75.1666666667
0.3	15	15	0	0.6	0	81.5952380952
0.3	15	15	0	0.6	1	75.1666666667
0.3	15	15	0	0.9	0	81.5952380952
0.3	15	15	0	0.9	1	73.5
0.3	15	15	0.3	0	0	81.5952380952
0.3	15	15	0.3	0	1	75.1666666667
0.3	15	15	0.3	0.3	0	81.5952380952
0.3	15	15	0.3	0.3	1	75.1666666667
0.3	15	15	0.3	0.6	0	81.5952380952
0.3	15	15	0.3	0.6	1	75.1666666667
0.3	15	15	0.3	0.9	0	81.5952380952
0.3	15	15	0.3	0.9	1	73.5
0.3	15	15	0.6	0	0	81.5952380952
0.3	15	15	0.6	0	1	75.1666666667
0.3	15	15	0.6	0.3	0	81.5952380952
0.3	15	15	0.6	0.3	1	75.1666666667
0.3	15	15	0.6	0.6	0	81.5952380952
0.3	15	15	0.6	0.6	1	75.1666666667
0.3	15	15	0.6	0.9	0	81.5952380952
0.3	15	15	0.6	0.9	1	73.5
0.3	15	15	0.9	0	0	79.6904761905
0.3	15	15	0.9	0	1	75.1666666667
0.3	15	15	0.9	0.3	0	79.6904761905
0.3	15	15	0.9	0.3	1	75.1666666667
0.3	15	15	0.9	0.6	0	79.6904761905
0.3	15	15	0.9	0.6	1	75.1666666667
0.3	15	15	0.9	0.9	0	79.6904761905
0.3	15	15	0.9	0.9	1	73.5
0.3	15	20	0	0	0	124.535714286
0.3	15	20	0	0	1	120.25
0.3	15	20	0	0.3	0	124.535714286
0.3	15	20	0	0.3	1	110.166666667
0.3	15	20	0	0.6	0	100.25
0.3	15	20	0	0.6	1	85.1666666667
0.3	15	20	0	0.9	0	88.3452380952
0.3	15	20	0	0.9	1	75.1666666667
0.3	15	20	0.3	0	0	121.595238095
0.3	15	20	0.3	0	1	117.392857143
0.3	15	20	0.3	0.3	0	121.595238095
0.3	15	20	0.3	0.3	1	110.166666667
0.3	15	20	0.3	0.6	0	100.25
0.3	15	20	0.3	0.6	1	85.1666666667
0.3	15	20	0.3	0.9	0	88.3452380952
0.3	15	20	0.3	0.9	1	75.1666666667
0.3	15	20	0.6	0	0	93.0238095238
0.3	15	20	0.6	0	1	88.8214285714
0.3	15	20	0.6	0.3	0	93.0238095238
0.3	15	20	0.6	0.3	1	88.8214285714
0.3	15	20	0.6	0.6	0	93.0238095238
0.3	15	20	0.6	0.6	1	85.1666666667
0.3	15	20	0.6	0.9	0	88.3452380952
0.3	15	20	0.6	0.9	1	75.1666666667
0.3	15	20	0.9	0	0	81.5952380952
0.3	15	20	0.9	0	1	79.2976190476
0.3	15	20	0.9	0.3	0	81.5952380952
0.3	15	20	0.9	0.3	1	79.2976190476
0.3	15	20	0.9	0.6	0	81.5952380952
0.3	15	20	0.9	0.6	1	79.2976190476
0.3	15	20	0.9	0.9	0	81.5952380952
0.3	15	20	0.9	0.9	1	75.1666666667
0.3	15	25	0	0	0	124.535714286
0.3	15	25	0	0	1	120.25
0.3	15	25	0	0.3	0	124.535714286
0.3	15	25	0	0.3	1	110.166666667
0.3	15	25	0	0.6	0	100.25
0.3	15	25	0	0.6	1	85.1666666667
0.3	15	25	0	0.9	0	88.3452380952
0.3	15	25	0	0.9	1	75.1666666667
0.3	15	25	0.3	0	0	121.595238095
0.3	15	25	0.3	0	1	117.392857143
0.3	15	25	0.3	0.3	0	121.595238095
0.3	15	25	0.3	0.3	1	110.166666667
0.3	15	25	0.3	0.6	0	100.25
0.3	15	25	0.3	0.6	1	85.1666666667
0.3	15	25	0.3	0.9	0	88.3452380952
0.3	15	25	0.3	0.9	1	75.1666666667
0.3	15	25	0.6	0	0	93.0238095238
0.3	15	25	0.6	0	1	88.8214285714
0.3	15	25	0.6	0.3	0	93.0238095238
0.3	15	25	0.6	0.3	1	88.8214285714
0.3	15	25	0.6	0.6	0	93.0238095238
0.3	15	25	0.6	0.6	1	85.1666666667
0.3	15	25	0.6	0.9	0	88.3452380952
0.3	15	25	0.6	0.9	1	75.1666666667
0.3	15	25	0.9	0	0	81.5952380952
0.3	15	25	0.9	0	1	79.2976190476
0.3	15	25	0.9	0.3	0	81.5952380952
0.3	15	25	0.9	0.3	1	79.2976190476
0.3	15	25	0.9	0.6	0	81.5952380952
0.3	15	25	0.9	0.6	1	79.2976190476
0.3	15	25	0.9	0.9	0	81.5952380952
0.3	15	25	0.9	0.9	1	75.1666666667
0.3	15	30	0	0	0	145.964285714
0.3	15	30	0	0	1	142.75
0.3	15	30	0	0.3	0	145.964285714
0.3	15	30	0	0.3	1	127.666666667
0.3	15	30	0	0.6	0	109.535714286
0.3	15	30	0	0.6	1	90.1666666667
0.3	15	30	0	0.9	0	91.6785714286
0.3	15	30	0	0.9	1	76
0.3	15	30	0.3	0	0	141.595238095
0.3	15	30	0.3	0	1	138.464285714
0.3	15	30	0.3	0.3	0	141.595238095
0.3	15	30	0.3	0.3	1	127.666666667
0.3	15	30	0.3	0.6	0	109.535714286
0.3	15	30	0.3	0.6	1	90.1666666667
0.3	15	30	0.3	0.9	0	91.6785714286
0.3	15	30	0.3	0.9	1	76
0.3	15	30	0.6	0	0	98.7380952381
0.3	15	30	0.6	0	1	95.6071428571
0.3	15	30	0.6	0.3	0	98.7380952381
0.3	15	30	0.6	0.3	1	95.6071428571
0.3	15	30	0.6	0.6	0	98.7380952381
0.3	15	30	0.6	0.6	1	90.1666666667
0.3	15	30	0.6	0.9	0	91.6785714286
0.3	15	30	0.6	0.9	1	76
0.3	15	30	0.9	0	0	82.5476190476
0.3	15	30	0.9	0	1	81.3214285714
0.3	15	30	0.9	0.3	0	82.5476190476
0.3	15	30	0.9	0.3	1	81.3214285714
0.3	15	30	0.9	0.6	0	82.5476190476
0.3	15	30	0.9	0.6	1	81.3214285714
0.3	15	30	0.9	0.9	0	82.5476190476
0.3	15	30	0.9	0.9	1	76
0.3	16	5	0	0	0	81.5952380952
0.3	16	5	0	0	1	75.1666666667
0.3	16	5	0	0.3	0	81.5952380952
0.3	16	5	0	0.3	1	75.1666666667
0.3	16	5	0	0.6	0	81.5952380952
0.3	16	5	0	0.6	1	75.1666666667
0.3	16	5	0	0.9	0	81.5952380952
0.3	16	5	0	0.9	1	72.25
0.3	16	5	0.3	0	0	81.5952380952
0.3	16	5	0.3	0	1	75.1666666667
0.3	16	5	0.3	0.3	0	81.5952380952
0.3	16	5	0.3	0.3	1	75.1666666667
0.3	16	5	0.3	0.6	0	81.5952380952
0.3	16	5	0.3	0.6	1	75.1666666667
0.3	16	5	0.3	0.9	0	81.5952380952
0.3	16	5	0.3	0.9	1	72.25
0.3	16	5	0.6	0	0	81.5952380952
0.3	16	5	0.6	0	1	75.1666666667
0.3	16	5	0.6	0.3	0	81.5952380952
0.3	16	5	0.6	0.3	1	75.1666666667
0.3	16	5	0.6	0.6	0	81.5952380952
0.3	16	5	0.6	0.6	1	75.1666666667
0.3	16	5	0.6	0.9	0	81.5952380952
0.3	16	5	0.6	0.9	1	72.25
0.3	16	5	0.9	0	0	78.2619047619
0.3	16	5	0.9	0	1	74.5952380952
0.3	16	5	0.9	0.3	0	78.2619047619
0.3	16	5	0.9	0.3	1	74.5952380952
0.3	16	5	0.9	0.6	0	78.2619047619
0.3	16	5	0.9	0.6	1	74.5952380952
0.3	16	5	0.9	0.9	0	78.2619047619
0.3	16	5	0.9	0.9	1	72.25
0.3	16	10	0	0	0	124.535714286
0.3	16	10	0	0	1	120.25
0.3	16	10	0	0.3	0	124.535714286
0.3	16	10	0	0.3	1	110.166666667
0.3	16	10	0	0.6	0	100.25
0.3	16	10	0	0.6	1	85.1666666667
0.3	16	10	0	0.9	0	88.3452380952
0.3	16	10	0	0.9	1	74.3333333333
0.3	16	10	0.3	0	0	121.595238095
0.3	16	10	0.3	0	1	117.392857143
0.3	16	10	0.3	0.3	0	121.595238095
0.3	16	10	0.3	0.3	1	110.166666667
0.3	16	10	0.3	0.6	0	100.25
0.3	16	10	0.3	0.6	1	85.1666666667
0.3	16	10	0.3	0.9	0	88.3452380952
0.3	16	10	0.3	0.9	1	74.3333333333
0.3	16	10	0.6	0	0	93.0238095238
0.3	16	10	0.6	0	1	88.8214285714
0.3	16	10	0.6	0.3	0	93.0238095238
0.3	16	10	0.6	0.3	1	88.8214285714
0.3	16	10	0.6	0.6	0	93.0238095238
0.3	16	10	0.6	0.6	1	85.1666666667
0.3	16	10	0.6	0.9	0	88.3452380952
0.3	16	10	0.6	0.9	1	74.3333333333
0.3	16	10	0.9	0	0	80.6428571429
0.3	16	10	0.9	0	1	78.5833333333
0.3	16	10	0.9	0.3	0	80.6428571429
0.3	16	10	0.9	0.3	1	78.5833333333
0.3	16	10	0.9	0.6	0	80.6428571429
0.3	16	10	0.9	0.6	1	78.5833333333
0.3	16	10	0.9	0.9	0	80.6428571429
0.3	16	10	0.9	0.9	1	74.3333333333
0.3	16	15	0	0	0	124.535714286
0.3	16	15	0	0	1	120.25
0.3	16	15	0	0.3	0	124.535714286
0.3	16	15	0	0.3	1	110.166666667
0.3	16	15	0	0.6	0	100.25
0.3	16	15	0	0.6	1	85.1666666667
0.3	16	15	0	0.9	0	88.3452380952
0.3	16	15	0	0.9	1	74.3333333333
0.3	16	15	0.3	0	0	121.595238095
0.3	16	15	0.3	0	1	117.392857143
0.3	16	15	0.3	0.3	0	121.595238095
0.3	16	15	0.3	0.3	1	110.166666667
0.3	16	15	0.3	0.6	0	100.25
0.3	16	15	0.3	0.6	1	85.1666666667
0.3	16	15	0.3	0.9	0	88.3452380952
0.3	16	15	0.3	0.9	1	74.3333333333
0.3	16	15	0.6	0	0	93.0238095238
0.3	16	15	0.6	0	1	88.8214285714
0.3	16	15	0.6	0.3	0	93.0238095238
0.3	16	15	0.6	0.3	1	88.8214285714
0.3	16	15	0.6	0.6	0	93.0238095238
0.3	16	15	0.6	0.6	1	85.1666666667
0.3	16	15	0.6	0.9	0	88.3452380952
0.3	16	15	0.6	0.9	1	74.3333333333
0.3	16	15	0.9	0	0	80.6428571429
0.3	16	15	0.9	0	1	78.5833333333
0.3	16	15	0.9	0.3	0	80.6428571429
0.3	16	15	0.9	0.3	1	78.5833333333
0.3	16	15	0.9	0.6	0	80.6428571429
0.3	16	15	0.9	0.6	1	78.5833333333
0.3	16	15	0.9	0.9	0	80.6428571429
0.3	16	15	0.9	0.9	1	74.3333333333
0.3	16	20	0	0	0	124.535714286
0.3	16	20	0	0	1	120.25
0.3	16	20	0	0.3	0	124.535714286
0.3	16	20	0	0.3	1	110.166666667
0.3	16	20	0	0.6	0	100.25
0.3	16	20	0	0.6	1	85.1666666667
0.3	16	20	0	0.9	0	88.3452380952
0.3	16	20	0	0.9	1	74.3333333333
0.3	16	20	0.3	0	0	121.595238095
0.3	16	20	0.3	0	1	117.392857143
0.3	16	20	0.3	0.3	0	121.595238095
0.3	16	20	0.3	0.3	1	110.166666667
0.3	16	20	0.3	0.6	0	100.25
0.3	16	20	0.3	0.6	1	85.1666666667
0.3	16	20	0.3	0.9	0	88.3452380952
0.3	16	20	0.3	0.9	1	74.3333333333
0.3	16	20	0.6	0	0	93.0238095238
0.3	16	20	0.6	0	1	88.8214285714
0.3	16	20	0.6	0.3	0	93.0238095238
0.3	16	20	0.6	0.3	1	88.8214285714
0.3	16	20	0.6	0.6	0	93.0238095238
0.3	16	20	0.6	0.6	1	85.1666666667
0.3	16	20	0.6	0.9	0	88.3452380952
0.3	16	20	0.6	0.9	1	74.3333333333
0.3	16	20	0.9	0	0	80.6428571429
0.3	16	20	0.9	0	1	78.5833333333
0.3	16	20	0.9	0.3	0	80.6428571429
0.3	16	20	0.9	0.3	1	78.5833333333
0.3	16	20	0.9	0.6	0	80.6428571429
0.3	16	20	0.9	0.6	1	78.5833333333
0.3	16	20	0.9	0.9	0	80.6428571429
0.3	16	20	0.9	0.9	1	74.3333333333
0.3	16	25	0	0	0	145.964285714
0.3	16	25	0	0	1	142.75
0.3	16	25	0	0.3	0	145.964285714
0.3	16	25	0	0.3	1	127.666666667
0.3	16	25	0	0.6	0	109.535714286
0.3	16	25	0	0.6	1	90.1666666667
0.3	16	25	0	0.9	0	91.6785714286
0.3	16	25	0	0.9	1	75.1666666667
0.3	16	25	0.3	0	0	141.595238095
0.3	16	25	0.3	0	1	138.464285714
0.3	16	25	0.3	0.3	0	141.595238095
0.3	16	25	0.3	0.3	1	127.666666667
0.3	16	25	0.3	0.6	0	109.535714286
0.3	16	25	0.3	0.6	1	90.1666666667
0.3	16	25	0.3	0.9	0	91.6785714286
0.3	16	25	0.3	0.9	1	75.1666666667
0.3	16	25	0.6	0	0	98.7380952381
0.3	16	25	0.6	0	1	95.6071428571
0.3	16	25	0.6	0.3	0	98.7380952381
0.3	16	25	0.6	0.3	1	95.6071428571
0.3	16	25	0.6	0.6	0	98.7380952381
0.3	16	25	0.6	0.6	1	90.1666666667
0.3	16	25	0.6	0.9	0	91.6785714286
0.3	16	25	0.6	0.9	1	75.1666666667
0.3	16	25	0.9	0	0	81.5952380952
0.3	16	25	0.9	0	1	80.6071428571
0.3	16	25	0.9	0.3	0	81.5952380952
0.3	16	25	0.9	0.3	1	80.6071428571
0.3	16	25	0.9	0.6	0	81.5952380952
0.3	16	25	0.9	0.6	1	80.6071428571
0.3	16	25	0.9	0.9	0	81.5952380952
0.3	16	25	0.9	0.9	1	75.1666666667
0.3	16	30	0	0	0	145.964285714
0.3	16	30	0	0	1	142.75
0.3	16	30	0	0.3	0	145.964285714
0.3	16	30	0	0.3	1	127.666666667
0.3	16	30	0	0.6	0	109.535714286
0.3	16	30	0	0.6	1	90.1666666667
0.3	16	30	0	0.9	0	91.6785714286
0.3	16	30	0	0.9	1	75.1666666667
0.3	16	30	0.3	0	0	141.595238095
0.3	16	30	0.3	0	1	138.464285714
0.3	16	30	0.3	0.3	0	141.595238095
0.3	16	30	0.3	0.3	1	127.666666667
0.3	16	30	0.3	0.6	0	109.535714286
0.3	16	30	0.3	0.6	1	90.1666666667
0.3	16	30	0.3	0.9	0	91.6785714286
0.3	16	30	0.3	0.9	1	75.1666666667
0.3	16	30	0.6	0	0	98.7380952381
0.3	16	30	0.6	0	1	95.6071428571
0.3	16	30	0.6	0.3	0	98.7380952381
0.3	16	30	0.6	0.3	1	95.6071428571
0.3	16	30	0.6	0.6	0	98.7380952381
0.3	16	30	0.6	0.6	1	90.1666666667
0.3	16	30	0.6	0.9	0	91.6785714286
0.3	16	30	0.6	0.9	1	75.1666666667
0.3	16	30	0.9	0	0	81.5952380952
0.3	16	30	0.9	0	1	80.6071428571
0.3	16	30	0.9	0.3	0	81.5952380952
0.3	16	30	0.9	0.3	1	80.6071428571
0.3	16	30	0.9	0.6	0	81.5952380952
0.3	16	30	0.9	0.6	1	80.6071428571
0.3	16	30	0.9	0.9	0	81.5952380952
0.3	16	30	0.9	0.9	1	75.1666666667
0.3	17	5	0	0	0	120.25
0.3	17	5	0	0	1	116.5
0.3	17	5	0	0.3	0	106.678571429
0.3	17	5	0	0.3	1	88.9166666667
0.3	17	5	0	0.6	0	88.8214285714
0.3	17	5	0	0.6	1	76.4166666667
0.3	17	5	0	0.9	0	82.869047619
0.3	17	5	0	0.9	1	72.25
0.3	17	5	0.3	0	0	97.3095238095
0.3	17	5	0.3	0	1	93.6428571429
0.3	17	5	0.3	0.3	0	97.3095238095
0.3	17	5	0.3	0.3	1	88.9166666667
0.3	17	5	0.3	0.6	0	88.8214285714
0.3	17	5	0.3	0.6	1	76.4166666667
0.3	17	5	0.3	0.9	0	82.869047619
0.3	17	5	0.3	0.9	1	72.25
0.3	17	5	0.6	0	0	83.0238095238
0.3	17	5	0.6	0	1	79.3571428571
0.3	17	5	0.6	0.3	0	83.0238095238
0.3	17	5	0.6	0.3	1	79.3571428571
0.3	17	5	0.6	0.6	0	83.0238095238
0.3	17	5	0.6	0.6	1	76.4166666667
0.3	17	5	0.6	0.9	0	82.869047619
0.3	17	5	0.6	0.9	1	72.25
0.3	17	5	0.9	0	0	78.2619047619
0.3	17	5	0.9	0	1	74.5952380952
0.3	17	5	0.9	0.3	0	78.2619047619
0.3	17	5	0.9	0.3	1	74.5952380952
0.3	17	5	0.9	0.6	0	78.2619047619
0.3	17	5	0.9	0.6	1	74.5952380952
0.3	17	5	0.9	0.9	0	78.2619047619
0.3	17	5	0.9	0.9	1	72.25
0.3	17	10	0	0	0	120.25
0.3	17	10	0	0	1	116.5
0.3	17	10	0	0.3	0	120.25
0.3	17	10	0	0.3	1	106.416666667
0.3	17	10	0	0.6	0	95.9642857143
0.3	17	10	0	0.6	1	81.4166666667
0.3	17	10	0	0.9	0	84.0595238095
0.3	17	10	0	0.9	1	73.0833333333
0.3	17	10	0.3	0	0	117.30952381
0.3	17	10	0.3	0	1	113.642857143
0.3	17	10	0.3	0.3	0	117.30952381
0.3	17	10	0.3	0.3	1	106.416666667
0.3	17	10	0.3	0.6	0	95.9642857143
0.3	17	10	0.3	0.6	1	81.4166666667
0.3	17	10	0.3	0.9	0	84.0595238095
0.3	17	10	0.3	0.9	1	73.0833333333
0.3	17	10	0.6	0	0	88.7380952381
0.3	17	10	0.6	0	1	85.0714285714
0.3	17	10	0.6	0.3	0	88.7380952381
0.3	17	10	0.6	0.3	1	85.0714285714
0.3	17	10	0.6	0.6	0	88.7380952381
0.3	17	10	0.6	0.6	1	81.4166666667
0.3	17	10	0.6	0.9	0	84.0595238095
0.3	17	10	0.6	0.9	1	73.0833333333
0.3	17	10	0.9	0	0	79.2142857143
0.3	17	10	0.9	0	1	75.5476190476
0.3	17	10	0.9	0.3	0	79.2142857143
0.3	17	10	0.9	0.3	1	75.5476190476
0.3	17	10	0.9	0.6	0	79.2142857143
0.3	17	10	0.9	0.6	1	75.5476190476
0.3	17	10	0.9	0.9	0	79.2142857143
0.3	17	10	0.9	0.9	1	73.0833333333
0.3	17	15	0	0	0	124.535714286
0.3	17	15	0	0	1	120.25
0.3	17	15	0	0.3	0	124.535714286
0.3	17	15	0	0.3	1	110.166666667
0.3	17	15	0	0.6	0	100.25
0.3	17	15	0	0.6	1	85.1666666667
0.3	17	15	0	0.9	0	88.3452380952
0.3	17	15	0	0.9	1	74.3333333333
0.3	17	15	0.3	0	0	121.595238095
0.3	17	15	0.3	0	1	117.392857143
0.3	17	15	0.3	0.3	0	121.595238095
0.3	17	15	0.3	0.3	1	110.166666667
0.3	17	15	0.3	0.6	0	100.25
0.3	17	15	0.3	0.6	1	85.1666666667
0.3	17	15	0.3	0.9	0	88.3452380952
0.3	17	15	0.3	0.9	1	74.3333333333
0.3	17	15	0.6	0	0	93.0238095238
0.3	17	15	0.6	0	1	88.8214285714
0.3	17	15	0.6	0.3	0	93.0238095238
0.3	17	15	0.6	0.3	1	88.8214285714
0.3	17	15	0.6	0.6	0	93.0238095238
0.3	17	15	0.6	0.6	1	85.1666666667
0.3	17	15	0.6	0.9	0	88.3452380952
0.3	17	15	0.6	0.9	1	74.3333333333
0.3	17	15	0.9	0	0	80.6428571429
0.3	17	15	0.9	0	1	78.5833333333
0.3	17	15	0.9	0.3	0	80.6428571429
0.3	17	15	0.9	0.3	1	78.5833333333
0.3	17	15	0.9	0.6	0	80.6428571429
0.3	17	15	0.9	0.6	1	78.5833333333
0.3	17	15	0.9	0.9	0	80.6428571429
0.3	17	15	0.9	0.9	1	74.3333333333
0.3	17	20	0	0	0	145.964285714
0.3	17	20	0	0	1	142.75
0.3	17	20	0	0.3	0	145.964285714
0.3	17	20	0	0.3	1	127.666666667
0.3	17	20	0	0.6	0	109.535714286
0.3	17	20	0	0.6	1	88.9166666667
0.3	17	20	0	0.9	0	89.0595238095
0.3	17	20	0	0.9	1	74.3333333333
0.3	17	20	0.3	0	0	141.595238095
0.3	17	20	0.3	0	1	138.464285714
0.3	17	20	0.3	0.3	0	141.595238095
0.3	17	20	0.3	0.3	1	127.666666667
0.3	17	20	0.3	0.6	0	109.535714286
0.3	17	20	0.3	0.6	1	88.9166666667
0.3	17	20	0.3	0.9	0	89.0595238095
0.3	17	20	0.3	0.9	1	74.3333333333
0.3	17	20	0.6	0	0	97.3095238095
0.3	17	20	0.6	0	1	95.25
0.3	17	20	0.6	0.3	0	97.3095238095
0.3	17	20	0.6	0.3	1	95.25
0.3	17	20	0.6	0.6	0	97.3095238095
0.3	17	20	0.6	0.6	1	88.9166666667
0.3	17	20	0.6	0.9	0	89.0595238095
0.3	17	20	0.6	0.9	1	74.3333333333
0.3	17	20	0.9	0	0	80.6428571429
0.3	17	20	0.9	0	1	78.5833333333
0.3	17	20	0.9	0.3	0	80.6428571429
0.3	17	20	0.9	0.3	1	78.5833333333
0.3	17	20	0.9	0.6	0	80.6428571429
0.3	17	20	0.9	0.6	1	78.5833333333
0.3	17	20	0.9	0.9	0	80.6428571429
0.3	17	20	0.9	0.9	1	74.3333333333
0.3	17	25	0	0	0	145.964285714
0.3	17	25	0	0	1	142.75
0.3	17	25	0	0.3	0	145.964285714
0.3	17	25	0	0.3	1	127.666666667
0.3	17	25	0	0.6	0	109.535714286
0.3	17	25	0	0.6	1	88.9166666667
0.3	17	25	0	0.9	0	89.0595238095
0.3	17	25	0	0.9	1	74.3333333333
0.3	17	25	0.3	0	0	141.595238095
0.3	17	25	0.3	0	1	138.464285714
0.3	17	25	0.3	0.3	0	141.595238095
0.3	17	25	0.3	0.3	1	127.666666667
0.3	17	25	0.3	0.6	0	109.535714286
0.3	17	25	0.3	0.6	1	88.9166666667
0.3	17	25	0.3	0.9	0	89.0595238095
0.3	17	25	0.3	0.9	1	74.3333333333
0.3	17	25	0.6	0	0	97.3095238095
0.3	17	25	0.6	0	1	95.25
0.3	17	25	0.6	0.3	0	97.3095238095
0.3	17	25	0.6	0.3	1	95.25
0.3	17	25	0.6	0.6	0	97.3095238095
0.3	17	25	0.6	0.6	1	88.9166666667
0.3	17	25	0.6	0.9	0	89.0595238095
0.3	17	25	0.6	0.9	1	74.3333333333
0.3	17	25	0.9	0	0	80.6428571429
0.3	17	25	0.9	0	1	78.5833333333
0.3	17	25	0.9	0.3	0	80.6428571429
0.3	17	25	0.9	0.3	1	78.5833333333
0.3	17	25	0.9	0.6	0	80.6428571429
0.3	17	25	0.9	0.6	1	78.5833333333
0.3	17	25	0.9	0.9	0	80.6428571429
0.3	17	25	0.9	0.9	1	74.3333333333
0.3	17	30	0	0	0	167.392857143
0.3	17	30	0	0	1	165.25
0.3	17	30	0	0.3	0	167.392857143
0.3	17	30	0	0.3	1	145.166666667
0.3	17	30	0	0.6	0	118.821428571
0.3	17	30	0	0.6	1	93.9166666667
0.3	17	30	0	0.9	0	92.3928571429
0.3	17	30	0	0.9	1	75.1666666667
0.3	17	30	0.3	0	0	161.595238095
0.3	17	30	0.3	0	1	159.535714286
0.3	17	30	0.3	0.3	0	161.595238095
0.3	17	30	0.3	0.3	1	145.166666667
0.3	17	30	0.3	0.6	0	118.821428571
0.3	17	30	0.3	0.6	1	93.9166666667
0.3	17	30	0.3	0.9	0	92.3928571429
0.3	17	30	0.3	0.9	1	75.1666666667
0.3	17	30	0.6	0	0	103.023809524
0.3	17	30	0.6	0	1	102.035714286
0.3	17	30	0.6	0.3	0	103.023809524
0.3	17	30	0.6	0.3	1	102.035714286
0.3	17	30	0.6	0.6	0	103.023809524
0.3	17	30	0.6	0.6	1	93.9166666667
0.3	17	30	0.6	0.9	0	92.3928571429
0.3	17	30	0.6	0.9	1	75.1666666667
0.3	17	30	0.9	0	0	81.5952380952
0.3	17	30	0.9	0	1	80.6071428571
0.3	17	30	0.9	0.3	0	81.5952380952
0.3	17	30	0.9	0.3	1	80.6071428571
0.3	17	30	0.9	0.6	0	81.5952380952
0.3	17	30	0.9	0.6	1	80.6071428571
0.3	17	30	0.9	0.9	0	81.5952380952
0.3	17	30	0.9	0.9	1	75.1666666667
0.6	1	5	0	0	0	112.666666667
0.6	1	5	0	0	1	71.4166666667
0.6	1	5	0	0.3	0	112.666666667
0.6	1	5	0	0.3	1	71.4166666667
0.6	1	5	0	0.6	0	112.666666667
0.6	1	5	0	0.6	1	71.4166666667
0.6	1	5	0	0.9	0	112.666666667
0.6	1	5	0	0.9	1	71.4166666667
0.6	1	5	0.3	0	0	112.666666667
0.6	1	5	0.3	0	1	71.4166666667
0.6	1	5	0.3	0.3	0	112.666666667
0.6	1	5	0.3	0.3	1	71.4166666667
0.6	1	5	0.3	0.6	0	112.666666667
0.6	1	5	0.3	0.6	1	71.4166666667
0.6	1	5	0.3	0.9	0	112.666666667
0.6	1	5	0.3	0.9	1	71.4166666667
0.6	1	5	0.6	0	0	112.666666667
0.6	1	5	0.6	0	1	71.4166666667
0.6	1	5	0.6	0.3	0	112.666666667
0.6	1	5	0.6	0.3	1	71.4166666667
0.6	1	5	0.6	0.6	0	112.666666667
0.6	1	5	0.6	0.6	1	71.4166666667
0.6	1	5	0.6	0.9	0	112.666666667
0.6	1	5	0.6	0.9	1	71.4166666667
0.6	1	5	0.9	0	0	112.666666667
0.6	1	5	0.9	0	1	71.4166666667
0.6	1	5	0.9	0.3	0	112.666666667
0.6	1	5	0.9	0.3	1	71.4166666667
0.6	1	5	0.9	0.6	0	112.666666667
0.6	1	5	0.9	0.6	1	71.4166666667
0.6	1	5	0.9	0.9	0	112.666666667
0.6	1	5	0.9	0.9	1	71.4166666667
0.6	1	10	0	0	0	112.666666667
0.6	1	10	0	0	1	71.4166666667
0.6	1	10	0	0.3	0	112.666666667
0.6	1	10	0	0.3	1	71.4166666667
0.6	1	10	0	0.6	0	112.666666667
0.6	1	10	0	0.6	1	71.4166666667
0.6	1	10	0	0.9	0	112.666666667
0.6	1	10	0	0.9	1	71.4166666667
0.6	1	10	0.3	0	0	112.666666667
0.6	1	10	0.3	0	1	71.4166666667
0.6	1	10	0.3	0.3	0	112.666666667
0.6	1	10	0.3	0.3	1	71.4166666667
0.6	1	10	0.3	0.6	0	112.666666667
0.6	1	10	0.3	0.6	1	71.4166666667
0.6	1	10	0.3	0.9	0	112.666666667
0.6	1	10	0.3	0.9	1	71.4166666667
0.6	1	10	0.6	0	0	112.666666667
0.6	1	10	0.6	0	1	71.4166666667
0.6	1	10	0.6	0.3	0	112.666666667
0.6	1	10	0.6	0.3	1	71.4166666667
0.6	1	10	0.6	0.6	0	112.666666667
0.6	1	10	0.6	0.6	1	71.4166666667
0.6	1	10	0.6	0.9	0	112.666666667
0.6	1	10	0.6	0.9	1	71.4166666667
0.6	1	10	0.9	0	0	112.666666667
0.6	1	10	0.9	0	1	71.4166666667
0.6	1	10	0.9	0.3	0	112.666666667
0.6	1	10	0.9	0.3	1	71.4166666667
0.6	1	10	0.9	0.6	0	112.666666667
0.6	1	10	0.9	0.6	1	71.4166666667
0.6	1	10	0.9	0.9	0	112.666666667
0.6	1	10	0.9	0.9	1	71.4166666667
0.6	1	15	0	0	0	120.166666667
0.6	1	15	0	0	1	75.1666666667
0.6	1	15	0	0.3	0	120.166666667
0.6	1	15	0	0.3	1	75.1666666667
0.6	1	15	0	0.6	0	120.166666667
0.6	1	15	0	0.6	1	75.1666666667
0.6	1	15	0	0.9	0	118.583333333
0.6	1	15	0	0.9	1	72.25
0.6	1	15	0.3	0	0	120.166666667
0.6	1	15	0.3	0	1	75.1666666667
0.6	1	15	0.3	0.3	0	120.166666667
0.6	1	15	0.3	0.3	1	75.1666666667
0.6	1	15	0.3	0.6	0	120.166666667
0.6	1	15	0.3	0.6	1	75.1666666667
0.6	1	15	0.3	0.9	0	118.583333333
0.6	1	15	0.3	0.9	1	72.25
0.6	1	15	0.6	0	0	120.166666667
0.6	1	15	0.6	0	1	75.1666666667
0.6	1	15	0.6	0.3	0	120.166666667
0.6	1	15	0.6	0.3	1	75.1666666667
0.6	1	15	0.6	0.6	0	120.166666667
0.6	1	15	0.6	0.6	1	75.1666666667
0.6	1	15	0.6	0.9	0	118.583333333
0.6	1	15	0.6	0.9	1	72.25
0.6	1	15	0.9	0	0	114.333333333
0.6	1	15	0.9	0	1	75.1666666667
0.6	1	15	0.9	0.3	0	114.333333333
0.6	1	15	0.9	0.3	1	75.1666666667
0.6	1	15	0.9	0.6	0	114.333333333
0.6	1	15	0.9	0.6	1	75.1666666667
0.6	1	15	0.9	0.9	0	114.333333333
0.6	1	15	0.9	0.9	1	72.25
0.6	1	20	0	0	0	120.166666667
0.6	1	20	0	0	1	75.1666666667
0.6	1	20	0	0.3	0	120.166666667
0.6	1	20	0	0.3	1	75.1666666667
0.6	1	20	0	0.6	0	120.166666667
0.6	1	20	0	0.6	1	75.1666666667
0.6	1	20	0	0.9	0	118.583333333
0.6	1	20	0	0.9	1	72.25
0.6	1	20	0.3	0	0	120.166666667
0.6	1	20	0.3	0	1	75.1666666667
0.6	1	20	0.3	0.3	0	120.166666667
0.6	1	20	0.3	0.3	1	75.1666666667
0.6	1	20	0.3	0.6	0	120.166666667
0.6	1	20	0.3	0.6	1	75.1666666667
0.6	1	20	0.3	0.9	0	118.583333333
0.6	1	20	0.3	0.9	1	72.25
0.6	1	20	0.6	0	0	120.166666667
0.6	1	20	0.6	0	1	75.1666666667
0.6	1	20	0.6	0.3	0	120.166666667
0.6	1	20	0.6	0.3	1	75.1666666667
0.6	1	20	0.6	0.6	0	120.166666667
0.6	1	20	0.6	0.6	1	75.1666666667
0.6	1	20	0.6	0.9	0	118.583333333
0.6	1	20	0.6	0.9	1	72.25
0.6	1	20	0.9	0	0	114.333333333
0.6	1	20	0.9	0	1	75.1666666667
0.6	1	20	0.9	0.3	0	114.333333333
0.6	1	20	0.9	0.3	1	75.1666666667
0.6	1	20	0.9	0.6	0	114.333333333
0.6	1	20	0.9	0.6	1	75.1666666667
0.6	1	20	0.9	0.9	0	114.333333333
0.6	1	20	0.9	0.9	1	72.25
0.6	1	25	0	0	0	120.166666667
0.6	1	25	0	0	1	75.1666666667
0.6	1	25	0	0.3	0	120.166666667
0.6	1	25	0	0.3	1	75.1666666667
0.6	1	25	0	0.6	0	120.166666667
0.6	1	25	0	0.6	1	75.1666666667
0.6	1	25	0	0.9	0	120.166666667
0.6	1	25	0	0.9	1	73.0833333333
0.6	1	25	0.3	0	0	120.166666667
0.6	1	25	0.3	0	1	75.1666666667
0.6	1	25	0.3	0.3	0	120.166666667
0.6	1	25	0.3	0.3	1	75.1666666667
0.6	1	25	0.3	0.6	0	120.166666667
0.6	1	25	0.3	0.6	1	75.1666666667
0.6	1	25	0.3	0.9	0	120.166666667
0.6	1	25	0.3	0.9	1	73.0833333333
0.6	1	25	0.6	0	0	120.166666667
0.6	1	25	0.6	0	1	75.1666666667
0.6	1	25	0.6	0.3	0	120.166666667
0.6	1	25	0.6	0.3	1	75.1666666667
0.6	1	25	0.6	0.6	0	120.166666667
0.6	1	25	0.6	0.6	1	75.1666666667
0.6	1	25	0.6	0.9	0	120.166666667
0.6	1	25	0.6	0.9	1	73.0833333333
0.6	1	25	0.9	0	0	116
0.6	1	25	0.9	0	1	75.1666666667
0.6	1	25	0.9	0.3	0	116
0.6	1	25	0.9	0.3	1	75.1666666667
0.6	1	25	0.9	0.6	0	116
0.6	1	25	0.9	0.6	1	75.1666666667
0.6	1	25	0.9	0.9	0	116
0.6	1	25	0.9	0.9	1	73.0833333333
0.6	1	30	0	0	0	142.666666667
0.6	1	30	0	0	1	116.416666667
0.6	1	30	0	0.3	0	142.666666667
0.6	1	30	0	0.3	1	106.416666667
0.6	1	30	0	0.6	0	142.666666667
0.6	1	30	0	0.6	1	81.4166666667
0.6	1	30	0	0.9	0	124.416666667
0.6	1	30	0	0.9	1	73.0833333333
0.6	1	30	0.3	0	0	142.666666667
0.6	1	30	0.3	0	1	116.416666667
0.6	1	30	0.3	0.3	0	142.666666667
0.6	1	30	0.3	0.3	1	106.416666667
0.6	1	30	0.3	0.6	0	142.666666667
0.6	1	30	0.3	0.6	1	81.4166666667
0.6	1	30	0.3	0.9	0	124.416666667
0.6	1	30	0.3	0.9	1	73.0833333333
0.6	1	30	0.6	0	0	132.666666667
0.6	1	30	0.6	0	1	106.5
0.6	1	30	0.6	0.3	0	132.666666667
0.6	1	30	0.6	0.3	1	106.416666667
0.6	1	30	0.6	0.6	0	132.666666667
0.6	1	30	0.6	0.6	1	81.4166666667
0.6	1	30	0.6	0.9	0	124.416666667
0.6	1	30	0.6	0.9	1	73.0833333333
0.6	1	30	0.9	0	0	116
0.6	1	30	0.9	0	1	89.8333333333
0.6	1	30	0.9	0.3	0	116
0.6	1	30	0.9	0.3	1	89.8333333333
0.6	1	30	0.9	0.6	0	116
0.6	1	30	0.9	0.6	1	81.4166666667
0.6	1	30	0.9	0.9	0	116
0.6	1	30	0.9	0.9	1	73.0833333333
0.6	2	5	0	0	0	112.666666667
0.6	2	5	0	0	1	71.4166666667
0.6	2	5	0	0.3	0	112.666666667
0.6	2	5	0	0.3	1	71.4166666667
0.6	2	5	0	0.6	0	112.666666667
0.6	2	5	0	0.6	1	71.4166666667
0.6	2	5	0	0.9	0	112.666666667
0.6	2	5	0	0.9	1	71.4166666667
0.6	2	5	0.3	0	0	112.666666667
0.6	2	5	0.3	0	1	71.4166666667
0.6	2	5	0.3	0.3	0	112.666666667
0.6	2	5	0.3	0.3	1	71.4166666667
0.6	2	5	0.3	0.6	0	112.666666667
0.6	2	5	0.3	0.6	1	71.4166666667
0.6	2	5	0.3	0.9	0	112.666666667
0.6	2	5	0.3	0.9	1	71.4166666667
0.6	2	5	0.6	0	0	112.666666667
0.6	2	5	0.6	0	1	71.4166666667
0.6	2	5	0.6	0.3	0	112.666666667
0.6	2	5	0.6	0.3	1	71.4166666667
0.6	2	5	0.6	0.6	0	112.666666667
0.6	2	5	0.6	0.6	1	71.4166666667
0.6	2	5	0.6	0.9	0	112.666666667
0.6	2	5	0.6	0.9	1	71.4166666667
0.6	2	5	0.9	0	0	112.666666667
0.6	2	5	0.9	0	1	71.4166666667
0.6	2	5	0.9	0.3	0	112.666666667
0.6	2	5	0.9	0.3	1	71.4166666667
0.6	2	5	0.9	0.6	0	112.666666667
0.6	2	5	0.9	0.6	1	71.4166666667
0.6	2	5	0.9	0.9	0	112.666666667
0.6	2	5	0.9	0.9	1	71.4166666667
0.6	2	10	0	0	0	120.166666667
0.6	2	10	0	0	1	75.1666666667
0.6	2	10	0	0.3	0	120.166666667
0.6	2	10	0	0.3	1	75.1666666667
0.6	2	10	0	0.6	0	120.166666667
0.6	2	10	0	0.6	1	75.1666666667
0.6	2	10	0	0.9	0	118.583333333
0.6	2	10	0	0.9	1	72.25
0.6	2	10	0.3	0	0	120.166666667
0.6	2	10	0.3	0	1	75.1666666667
0.6	2	10	0.3	0.3	0	120.166666667
0.6	2	10	0.3	0.3	1	75.1666666667
0.6	2	10	0.3	0.6	0	120.166666667
0.6	2	10	0.3	0.6	1	75.1666666667
0.6	2	10	0.3	0.9	0	118.583333333
0.6	2	10	0.3	0.9	1	72.25
0.6	2	10	0.6	0	0	120.166666667
0.6	2	10	0.6	0	1	75.1666666667
0.6	2	10	0.6	0.3	0	120.166666667
0.6	2	10	0.6	0.3	1	75.1666666667
0.6	2	10	0.6	0.6	0	120.166666667
0.6	2	10	0.6	0.6	1	75.1666666667
0.6	2	10	0.6	0.9	0	118.583333333
0.6	2	10	0.6	0.9	1	72.25
0.6	2	10	0.9	0	0	114.333333333
0.6	2	10	0.9	0	1	75.1666666667
0.6	2	10	0.9	0.3	0	114.333333333
0.6	2	10	0.9	0.3	1	75.1666666667
0.6	2	10	0.9	0.6	0	114.333333333
0.6	2	10	0.9	0.6	1	75.1666666667
0.6	2	10	0.9	0.9	0	114.333333333
0.6	2	10	0.9	0.9	1	72.25
0.6	2	15	0	0	0	120.166666667
0.6	2	15	0	0	1	75.1666666667
0.6	2	15	0	0.3	0	120.166666667
0.6	2	15	0	0.3	1	75.1666666667
0.6	2	15	0	0.6	0	120.166666667
0.6	2	15	0	0.6	1	75.1666666667
0.6	2	15	0	0.9	0	118.583333333
0.6	2	15	0	0.9	1	72.25
0.6	2	15	0.3	0	0	120.166666667
0.6	2	15	0.3	0	1	75.1666666667
0.6	2	15	0.3	0.3	0	120.166666667
0.6	2	15	0.3	0.3	1	75.1666666667
0.6	2	15	0.3	0.6	0	120.166666667
0.6	2	15	0.3	0.6	1	75.1666666667
0.6	2	15	0.3	0.9	0	118.583333333
0.6	2	15	0.3	0.9	1	72.25
0.6	2	15	0.6	0	0	120.166666667
0.6	2	15	0.6	0	1	75.1666666667
0.6	2	15	0.6	0.3	0	120.166666667
0.6	2	15	0.6	0.3	1	75.1666666667
0.6	2	15	0.6	0.6	0	120.166666667
0.6	2	15	0.6	0.6	1	75.1666666667
0.6	2	15	0.6	0.9	0	118.583333333
0.6	2	15	0.6	0.9	1	72.25
0.6	2	15	0.9	0	0	114.333333333
0.6	2	15	0.9	0	1	75.1666666667
0.6	2	15	0.9	0.3	0	114.333333333
0.6	2	15	0.9	0.3	1	75.1666666667
0.6	2	15	0.9	0.6	0	114.333333333
0.6	2	15	0.9	0.6	1	75.1666666667
0.6	2	15	0.9	0.9	0	114.333333333
0.6	2	15	0.9	0.9	1	72.25
0.6	2	20	0	0	0	142.666666667
0.6	2	20	0	0	1	116.416666667
0.6	2	20	0	0.3	0	142.666666667
0.6	2	20	0	0.3	1	106.416666667
0.6	2	20	0	0.6	0	142.666666667
0.6	2	20	0	0.6	1	81.4166666667
0.6	2	20	0	0.9	0	124.416666667
0.6	2	20	0	0.9	1	73.0833333333
0.6	2	20	0.3	0	0	142.666666667
0.6	2	20	0.3	0	1	116.416666667
0.6	2	20	0.3	0.3	0	142.666666667
0.6	2	20	0.3	0.3	1	106.416666667
0.6	2	20	0.3	0.6	0	142.666666667
0.6	2	20	0.3	0.6	1	81.4166666667
0.6	2	20	0.3	0.9	0	124.416666667
0.6	2	20	0.3	0.9	1	73.0833333333
0.6	2	20	0.6	0	0	132.666666667
0.6	2	20	0.6	0	1	106.5
0.6	2	20	0.6	0.3	0	132.666666667
0.6	2	20	0.6	0.3	1	106.416666667
0.6	2	20	0.6	0.6	0	132.666666667
0.6	2	20	0.6	0.6	1	81.4166666667
0.6	2	20	0.6	0.9	0	124.416666667
0.6	2	20	0.6	0.9	1	73.0833333333
0.6	2	20	0.9	0	0	116
0.6	2	20	0.9	0	1	89.8333333333
0.6	2	20	0.9	0.3	0	116
0.6	2	20	0.9	0.3	1	89.8333333333
0.6	2	20	0.9	0.6	0	116
0.6	2	20	0.9	0.6	1	81.4166666667
0.6	2	20	0.9	0.9	0	116
0.6	2	20	0.9	0.9	1	73.0833333333
0.6	2	25	0	0	0	142.666666667
0.6	2	25	0	0	1	116.416666667
0.6	2	25	0	0.3	0	142.666666667
0.6	2	25	0	0.3	1	106.416666667
0.6	2	25	0	0.6	0	142.666666667
0.6	2	25	0	0.6	1	81.4166666667
0.6	2	25	0	0.9	0	124.416666667
0.6	2	25	0	0.9	1	73.0833333333
0.6	2	25	0.3	0	0	142.666666667
0.6	2	25	0.3	0	1	116.416666667
0.6	2	25	0.3	0.3	0	142.666666667
0.6	2	25	0.3	0.3	1	106.416666667
0.6	2	25	0.3	0.6	0	142.666666667
0.6	2	25	0.3	0.6	1	81.4166666667
0.6	2	25	0.3	0.9	0	124.416666667
0.6	2	25	0.3	0.9	1	73.0833333333
0.6	2	25	0.6	0	0	132.666666667
0.6	2	25	0.6	0	1	106.5
0.6	2	25	0.6	0.3	0	132.666666667
0.6	2	25	0.6	0.3	1	106.416666667
0.6	2	25	0.6	0.6	0	132.666666667
0.6	2	25	0.6	0.6	1	81.4166666667
0.6	2	25	0.6	0.9	0	124.416666667
0.6	2	25	0.6	0.9	1	73.0833333333
0.6	2	25	0.9	0	0	116
0.6	2	25	0.9	0	1	89.8333333333
0.6	2	25	0.9	0.3	0	116
0.6	2	25	0.9	0.3	1	89.8333333333
0.6	2	25	0.9	0.6	0	116
0.6	2	25	0.9	0.6	1	81.4166666667
0.6	2	25	0.9	0.9	0	116
0.6	2	25	0.9	0.9	1	73.0833333333
0.6	2	30	0	0	0	142.666666667
0.6	2	30	0	0	1	116.416666667
0.6	2	30	0	0.3	0	142.666666667
0.6	2	30	0	0.3	1	106.416666667
0.6	2	30	0	0.6	0	142.666666667
0.6	2	30	0	0.6	1	81.4166666667
0.6	2	30	0	0.9	0	124.416666667
0.6	2	30	0	0.9	1	73.0833333333
0.6	2	30	0.3	0	0	142.666666667
0.6	2	30	0.3	0	1	116.416666667
0.6	2	30	0.3	0.3	0	142.666666667
0.6	2	30	0.3	0.3	1	106.416666667
0.6	2	30	0.3	0.6	0	142.666666667
0.6	2	30	0.3	0.6	1	81.4166666667
0.6	2	30	0.3	0.9	0	124.416666667
0.6	2	30	0.3	0.9	1	73.0833333333
0.6	2	30	0.6	0	0	132.666666667
0.6	2	30	0.6	0	1	106.5
0.6	2	30	0.6	0.3	0	132.666666667
0.6	2	30	0.6	0.3	1	106.416666667
0.6	2	30	0.6	0.6	0	132.666666667
0.6	2	30	0.6	0.6	1	81.4166666667
0.6	2	30	0.6	0.9	0	124.416666667
0.6	2	30	0.6	0.9	1	73.0833333333
0.6	2	30	0.9	0	0	116
0.6	2	30	0.9	0	1	89.8333333333
0.6	2	30	0.9	0.3	0	116
0.6	2	30	0.9	0.3	1	89.8333333333
0.6	2	30	0.9	0.6	0	116
0.6	2	30	0.9	0.6	1	81.4166666667
0.6	2	30	0.9	0.9	0	116
0.6	2	30	0.9	0.9	1	73.0833333333
0.6	3	5	0	0	0	112.666666667
0.6	3	5	0	0	1	71.4166666667
0.6	3	5	0	0.3	0	112.666666667
0.6	3	5	0	0.3	1	71.4166666667
0.6	3	5	0	0.6	0	112.666666667
0.6	3	5	0	0.6	1	71.4166666667
0.6	3	5	0	0.9	0	112.666666667
0.6	3	5	0	0.9	1	71.4166666667
0.6	3	5	0.3	0	0	112.666666667
0.6	3	5	0.3	0	1	71.4166666667
0.6	3	5	0.3	0.3	0	112.666666667
0.6	3	5	0.3	0.3	1	71.4166666667
0.6	3	5	0.3	0.6	0	112.666666667
0.6	3	5	0.3	0.6	1	71.4166666667
0.6	3	5	0.3	0.9	0	112.666666667
0.6	3	5	0.3	0.9	1	71.4166666667
0.6	3	5	0.6	0	0	112.666666667
0.6	3	5	0.6	0	1	71.4166666667
0.6	3	5	0.6	0.3	0	112.666666667
0.6	3	5	0.6	0.3	1	71.4166666667
0.6	3	5	0.6	0.6	0	112.666666667
0.6	3	5	0.6	0.6	1	71.4166666667
0.6	3	5	0.6	0.9	0	112.666666667
0.6	3	5	0.6	0.9	1	71.4166666667
0.6	3	5	0.9	0	0	112.666666667
0.6	3	5	0.9	0	1	71.4166666667
0.6	3	5	0.9	0.3	0	112.666666667
0.6	3	5	0.9	0.3	1	71.4166666667
0.6	3	5	0.9	0.6	0	112.666666667
0.6	3	5	0.9	0.6	1	71.4166666667
0.6	3	5	0.9	0.9	0	112.666666667
0.6	3	5	0.9	0.9	1	71.4166666667
0.6	3	10	0	0	0	112.666666667
0.6	3	10	0	0	1	71.4166666667
0.6	3	10	0	0.3	0	112.666666667
0.6	3	10	0	0.3	1	71.4166666667
0.6	3	10	0	0.6	0	112.666666667
0.6	3	10	0	0.6	1	71.4166666667
0.6	3	10	0	0.9	0	112.666666667
0.6	3	10	0	0.9	1	71.4166666667
0.6	3	10	0.3	0	0	112.666666667
0.6	3	10	0.3	0	1	71.4166666667
0.6	3	10	0.3	0.3	0	112.666666667
0.6	3	10	0.3	0.3	1	71.4166666667
0.6	3	10	0.3	0.6	0	112.666666667
0.6	3	10	0.3	0.6	1	71.4166666667
0.6	3	10	0.3	0.9	0	112.666666667
0.6	3	10	0.3	0.9	1	71.4166666667
0.6	3	10	0.6	0	0	112.666666667
0.6	3	10	0.6	0	1	71.4166666667
0.6	3	10	0.6	0.3	0	112.666666667
0.6	3	10	0.6	0.3	1	71.4166666667
0.6	3	10	0.6	0.6	0	112.666666667
0.6	3	10	0.6	0.6	1	71.4166666667
0.6	3	10	0.6	0.9	0	112.666666667
0.6	3	10	0.6	0.9	1	71.4166666667
0.6	3	10	0.9	0	0	112.666666667
0.6	3	10	0.9	0	1	71.4166666667
0.6	3	10	0.9	0.3	0	112.666666667
0.6	3	10	0.9	0.3	1	71.4166666667
0.6	3	10	0.9	0.6	0	112.666666667
0.6	3	10	0.9	0.6	1	71.4166666667
0.6	3	10	0.9	0.9	0	112.666666667
0.6	3	10	0.9	0.9	1	71.4166666667
0.6	3	15	0	0	0	112.666666667
0.6	3	15	0	0	1	71.4166666667
0.6	3	15	0	0.3	0	112.666666667
0.6	3	15	0	0.3	1	71.4166666667
0.6	3	15	0	0.6	0	112.666666667
0.6	3	15	0	0.6	1	71.4166666667
0.6	3	15	0	0.9	0	112.666666667
0.6	3	15	0	0.9	1	71.4166666667
0.6	3	15	0.3	0	0	112.666666667
0.6	3	15	0.3	0	1	71.4166666667
0.6	3	15	0.3	0.3	0	112.666666667
0.6	3	15	0.3	0.3	1	71.4166666667
0.6	3	15	0.3	0.6	0	112.666666667
0.6	3	15	0.3	0.6	1	71.4166666667
0.6	3	15	0.3	0.9	0	112.666666667
0.6	3	15	0.3	0.9	1	71.4166666667
0.6	3	15	0.6	0	0	112.666666667
0.6	3	15	0.6	0	1	71.4166666667
0.6	3	15	0.6	0.3	0	112.666666667
0.6	3	15	0.6	0.3	1	71.4166666667
0.6	3	15	0.6	0.6	0	112.666666667
0.6	3	15	0.6	0.6	1	71.4166666667
0.6	3	15	0.6	0.9	0	112.666666667
0.6	3	15	0.6	0.9	1	71.4166666667
0.6	3	15	0.9	0	0	112.666666667
0.6	3	15	0.9	0	1	71.4166666667
0.6	3	15	0.9	0.3	0	112.666666667
0.6	3	15	0.9	0.3	1	71.4166666667
0.6	3	15	0.9	0.6	0	112.666666667
0.6	3	15	0.9	0.6	1	71.4166666667
0.6	3	15	0.9	0.9	0	112.666666667
0.6	3	15	0.9	0.9	1	71.4166666667
0.6	3	20	0	0	0	112.666666667
0.6	3	20	0	0	1	71.4166666667
0.6	3	20	0	0.3	0	112.666666667
0.6	3	20	0	0.3	1	71.4166666667
0.6	3	20	0	0.6	0	112.666666667
0.6	3	20	0	0.6	1	71.4166666667
0.6	3	20	0	0.9	0	112.666666667
0.6	3	20	0	0.9	1	71.4166666667
0.6	3	20	0.3	0	0	112.666666667
0.6	3	20	0.3	0	1	71.4166666667
0.6	3	20	0.3	0.3	0	112.666666667
0.6	3	20	0.3	0.3	1	71.4166666667
0.6	3	20	0.3	0.6	0	112.666666667
0.6	3	20	0.3	0.6	1	71.4166666667
0.6	3	20	0.3	0.9	0	112.666666667
0.6	3	20	0.3	0.9	1	71.4166666667
0.6	3	20	0.6	0	0	112.666666667
0.6	3	20	0.6	0	1	71.4166666667
0.6	3	20	0.6	0.3	0	112.666666667
0.6	3	20	0.6	0.3	1	71.4166666667
0.6	3	20	0.6	0.6	0	112.666666667
0.6	3	20	0.6	0.6	1	71.4166666667
0.6	3	20	0.6	0.9	0	112.666666667
0.6	3	20	0.6	0.9	1	71.4166666667
0.6	3	20	0.9	0	0	112.666666667
0.6	3	20	0.9	0	1	71.4166666667
0.6	3	20	0.9	0.3	0	112.666666667
0.6	3	20	0.9	0.3	1	71.4166666667
0.6	3	20	0.9	0.6	0	112.666666667
0.6	3	20	0.9	0.6	1	71.4166666667
0.6	3	20	0.9	0.9	0	112.666666667
0.6	3	20	0.9	0.9	1	71.4166666667
0.6	3	25	0	0	0	127.666666667
0.6	3	25	0	0	1	86.4166666667
0.6	3	25	0	0.3	0	127.666666667
0.6	3	25	0	0.3	1	86.4166666667
0.6	3	25	0	0.6	0	127.666666667
0.6	3	25	0	0.6	1	76.4166666667
0.6	3	25	0	0.9	0	118.583333333
0.6	3	25	0	0.9	1	72.25
0.6	3	25	0.3	0	0	127.666666667
0.6	3	25	0.3	0	1	86.4166666667
0.6	3	25	0.3	0.3	0	127.666666667
0.6	3	25	0.3	0.3	1	86.4166666667
0.6	3	25	0.3	0.6	0	127.666666667
0.6	3	25	0.3	0.6	1	76.4166666667
0.6	3	25	0.3	0.9	0	118.583333333
0.6	3	25	0.3	0.9	1	72.25
0.6	3	25	0.6	0	0	122.666666667
0.6	3	25	0.6	0	1	86.4166666667
0.6	3	25	0.6	0.3	0	122.666666667
0.6	3	25	0.6	0.3	1	86.4166666667
0.6	3	25	0.6	0.6	0	122.666666667
0.6	3	25	0.6	0.6	1	76.4166666667
0.6	3	25	0.6	0.9	0	118.583333333
0.6	3	25	0.6	0.9	1	72.25
0.6	3	25	0.9	0	0	114.333333333
0.6	3	25	0.9	0	1	80.6666666667
0.6	3	25	0.9	0.3	0	114.333333333
0.6	3	25	0.9	0.3	1	80.6666666667
0.6	3	25	0.9	0.6	0	114.333333333
0.6	3	25	0.9	0.6	1	76.4166666667
0.6	3	25	0.9	0.9	0	114.333333333
0.6	3	25	0.9	0.9	1	72.25
0.6	3	30	0	0	0	142.666666667
0.6	3	30	0	0	1	112.666666667
0.6	3	30	0	0.3	0	142.666666667
0.6	3	30	0	0.3	1	106.416666667
0.6	3	30	0	0.6	0	142.666666667
0.6	3	30	0	0.6	1	81.4166666667
0.6	3	30	0	0.9	0	124.416666667
0.6	3	30	0	0.9	1	73.0833333333
0.6	3	30	0.3	0	0	142.666666667
0.6	3	30	0.3	0	1	112.666666667
0.6	3	30	0.3	0.3	0	142.666666667
0.6	3	30	0.3	0.3	1	106.416666667
0.6	3	30	0.3	0.6	0	142.666666667
0.6	3	30	0.3	0.6	1	81.4166666667
0.6	3	30	0.3	0.9	0	124.416666667
0.6	3	30	0.3	0.9	1	73.0833333333
0.6	3	30	0.6	0	0	132.666666667
0.6	3	30	0.6	0	1	106.5
0.6	3	30	0.6	0.3	0	132.666666667
0.6	3	30	0.6	0.3	1	106.416666667
0.6	3	30	0.6	0.6	0	132.666666667
0.6	3	30	0.6	0.6	1	81.4166666667
0.6	3	30	0.6	0.9	0	124.416666667
0.6	3	30	0.6	0.9	1	73.0833333333
0.6	3	30	0.9	0	0	116
0.6	3	30	0.9	0	1	89.8333333333
0.6	3	30	0.9	0.3	0	116
0.6	3	30	0.9	0.3	1	89.8333333333
0.6	3	30	0.9	0.6	0	116
0.6	3	30	0.9	0.6	1	81.4166666667
0.6	3	30	0.9	0.9	0	116
0.6	3	30	0.9	0.9	1	73.0833333333
0.6	4	5	0	0	0	112.666666667
0.6	4	5	0	0	1	71.4166666667
0.6	4	5	0	0.3	0	112.666666667
0.6	4	5	0	0.3	1	71.4166666667
0.6	4	5	0	0.6	0	112.666666667
0.6	4	5	0	0.6	1	71.4166666667
0.6	4	5	0	0.9	0	112.666666667
0.6	4	5	0	0.9	1	71.4166666667
0.6	4	5	0.3	0	0	112.666666667
0.6	4	5	0.3	0	1	71.4166666667
0.6	4	5	0.3	0.3	0	112.666666667
0.6	4	5	0.3	0.3	1	71.4166666667
0.6	4	5	0.3	0.6	0	112.666666667
0.6	4	5	0.3	0.6	1	71.4166666667
0.6	4	5	0.3	0.9	0	112.666666667
0.6	4	5	0.3	0.9	1	71.4166666667
0.6	4	5	0.6	0	0	112.666666667
0.6	4	5	0.6	0	1	71.4166666667
0.6	4	5	0.6	0.3	0	112.666666667
0.6	4	5	0.6	0.3	1	71.4166666667
0.6	4	5	0.6	0.6	0	112.666666667
0.6	4	5	0.6	0.6	1	71.4166666667
0.6	4	5	0.6	0.9	0	112.666666667
0.6	4	5	0.6	0.9	1	71.4166666667
0.6	4	5	0.9	0	0	112.666666667
0.6	4	5	0.9	0	1	71.4166666667
0.6	4	5	0.9	0.3	0	112.666666667
0.6	4	5	0.9	0.3	1	71.4166666667
0.6	4	5	0.9	0.6	0	112.666666667
0.6	4	5	0.9	0.6	1	71.4166666667
0.6	4	5	0.9	0.9	0	112.666666667
0.6	4	5	0.9	0.9	1	71.4166666667
0.6	4	10	0	0	0	120.166666667
0.6	4	10	0	0	1	75.1666666667
0.6	4	10	0	0.3	0	120.166666667
0.6	4	10	0	0.3	1	75.1666666667
0.6	4	10	0	0.6	0	120.166666667
0.6	4	10	0	0.6	1	75.1666666667
0.6	4	10	0	0.9	0	118.583333333
0.6	4	10	0	0.9	1	72.25
0.6	4	10	0.3	0	0	120.166666667
0.6	4	10	0.3	0	1	75.1666666667
0.6	4	10	0.3	0.3	0	120.166666667
0.6	4	10	0.3	0.3	1	75.1666666667
0.6	4	10	0.3	0.6	0	120.166666667
0.6	4	10	0.3	0.6	1	75.1666666667
0.6	4	10	0.3	0.9	0	118.583333333
0.6	4	10	0.3	0.9	1	72.25
0.6	4	10	0.6	0	0	120.166666667
0.6	4	10	0.6	0	1	75.1666666667
0.6	4	10	0.6	0.3	0	120.166666667
0.6	4	10	0.6	0.3	1	75.1666666667
0.6	4	10	0.6	0.6	0	120.166666667
0.6	4	10	0.6	0.6	1	75.1666666667
0.6	4	10	0.6	0.9	0	118.583333333
0.6	4	10	0.6	0.9	1	72.25
0.6	4	10	0.9	0	0	114.333333333
0.6	4	10	0.9	0	1	75.1666666667
0.6	4	10	0.9	0.3	0	114.333333333
0.6	4	10	0.9	0.3	1	75.1666666667
0.6	4	10	0.9	0.6	0	114.333333333
0.6	4	10	0.9	0.6	1	75.1666666667
0.6	4	10	0.9	0.9	0	114.333333333
0.6	4	10	0.9	0.9	1	72.25
0.6	4	15	0	0	0	120.166666667
0.6	4	15	0	0	1	75.1666666667
0.6	4	15	0	0.3	0	120.166666667
0.6	4	15	0	0.3	1	75.1666666667
0.6	4	15	0	0.6	0	120.166666667
0.6	4	15	0	0.6	1	75.1666666667
0.6	4	15	0	0.9	0	120.166666667
0.6	4	15	0	0.9	1	73.0833333333
0.6	4	15	0.3	0	0	120.166666667
0.6	4	15	0.3	0	1	75.1666666667
0.6	4	15	0.3	0.3	0	120.166666667
0.6	4	15	0.3	0.3	1	75.1666666667
0.6	4	15	0.3	0.6	0	120.166666667
0.6	4	15	0.3	0.6	1	75.1666666667
0.6	4	15	0.3	0.9	0	120.166666667
0.6	4	15	0.3	0.9	1	73.0833333333
0.6	4	15	0.6	0	0	120.166666667
0.6	4	15	0.6	0	1	75.1666666667
0.6	4	15	0.6	0.3	0	120.166666667
0.6	4	15	0.6	0.3	1	75.1666666667
0.6	4	15	0.6	0.6	0	120.166666667
0.6	4	15	0.6	0.6	1	75.1666666667
0.6	4	15	0.6	0.9	0	120.166666667
0.6	4	15	0.6	0.9	1	73.0833333333
0.6	4	15	0.9	0	0	116
0.6	4	15	0.9	0	1	75.1666666667
0.6	4	15	0.9	0.3	0	116
0.6	4	15	0.9	0.3	1	75.1666666667
0.6	4	15	0.9	0.6	0	116
0.6	4	15	0.9	0.6	1	75.1666666667
0.6	4	15	0.9	0.9	0	116
0.6	4	15	0.9	0.9	1	73.0833333333
0.6	4	20	0	0	0	120.166666667
0.6	4	20	0	0	1	75.1666666667
0.6	4	20	0	0.3	0	120.166666667
0.6	4	20	0	0.3	1	75.1666666667
0.6	4	20	0	0.6	0	120.166666667
0.6	4	20	0	0.6	1	75.1666666667
0.6	4	20	0	0.9	0	120.166666667
0.6	4	20	0	0.9	1	73.0833333333
0.6	4	20	0.3	0	0	120.166666667
0.6	4	20	0.3	0	1	75.1666666667
0.6	4	20	0.3	0.3	0	120.166666667
0.6	4	20	0.3	0.3	1	75.1666666667
0.6	4	20	0.3	0.6	0	120.166666667
0.6	4	20	0.3	0.6	1	75.1666666667
0.6	4	20	0.3	0.9	0	120.166666667
0.6	4	20	0.3	0.9	1	73.0833333333
0.6	4	20	0.6	0	0	120.166666667
0.6	4	20	0.6	0	1	75.1666666667
0.6	4	20	0.6	0.3	0	120.166666667
0.6	4	20	0.6	0.3	1	75.1666666667
0.6	4	20	0.6	0.6	0	120.166666667
0.6	4	20	0.6	0.6	1	75.1666666667
0.6	4	20	0.6	0.9	0	120.166666667
0.6	4	20	0.6	0.9	1	73.0833333333
0.6	4	20	0.9	0	0	116
0.6	4	20	0.9	0	1	75.1666666667
0.6	4	20	0.9	0.3	0	116
0.6	4	20	0.9	0.3	1	75.1666666667
0.6	4	20	0.9	0.6	0	116
0.6	4	20	0.9	0.6	1	75.1666666667
0.6	4	20	0.9	0.9	0	116
0.6	4	20	0.9	0.9	1	73.0833333333
0.6	4	25	0	0	0	120.166666667
0.6	4	25	0	0	1	75.1666666667
0.6	4	25	0	0.3	0	120.166666667
0.6	4	25	0	0.3	1	75.1666666667
0.6	4	25	0	0.6	0	120.166666667
0.6	4	25	0	0.6	1	75.1666666667
0.6	4	25	0	0.9	0	120.166666667
0.6	4	25	0	0.9	1	73.0833333333
0.6	4	25	0.3	0	0	120.166666667
0.6	4	25	0.3	0	1	75.1666666667
0.6	4	25	0.3	0.3	0	120.166666667
0.6	4	25	0.3	0.3	1	75.1666666667
0.6	4	25	0.3	0.6	0	120.166666667
0.6	4	25	0.3	0.6	1	75.1666666667
0.6	4	25	0.3	0.9	0	120.166666667
0.6	4	25	0.3	0.9	1	73.0833333333
0.6	4	25	0.6	0	0	120.166666667
0.6	4	25	0.6	0	1	75.1666666667
0.6	4	25	0.6	0.3	0	120.166666667
0.6	4	25	0.6	0.3	1	75.1666666667
0.6	4	25	0.6	0.6	0	120.166666667
0.6	4	25	0.6	0.6	1	75.1666666667
0.6	4	25	0.6	0.9	0	120.166666667
0.6	4	25	0.6	0.9	1	73.0833333333
0.6	4	25	0.9	0	0	116
0.6	4	25	0.9	0	1	75.1666666667
0.6	4	25	0.9	0.3	0	116
0.6	4	25	0.9	0.3	1	75.1666666667
0.6	4	25	0.9	0.6	0	116
0.6	4	25	0.9	0.6	1	75.1666666667
0.6	4	25	0.9	0.9	0	116
0.6	4	25	0.9	0.9	1	73.0833333333
0.6	4	30	0	0	0	165.416666667
0.6	4	30	0	0	1	142.916666667
0.6	4	30	0	0.3	0	165.416666667
0.6	4	30	0	0.3	1	127.666666667
0.6	4	30	0	0.6	0	165.416666667
0.6	4	30	0	0.6	1	90.1666666667
0.6	4	30	0	0.9	0	137.916666667
0.6	4	30	0	0.9	1	75.1666666667
0.6	4	30	0.3	0	0	165.416666667
0.6	4	30	0.3	0	1	142.916666667
0.6	4	30	0.3	0.3	0	165.416666667
0.6	4	30	0.3	0.3	1	127.666666667
0.6	4	30	0.3	0.6	0	165.416666667
0.6	4	30	0.3	0.6	1	90.1666666667
0.6	4	30	0.3	0.9	0	137.916666667
0.6	4	30	0.3	0.9	1	75.1666666667
0.6	4	30	0.6	0	0	150.166666667
0.6	4	30	0.6	0	1	127.916666667
0.6	4	30	0.6	0.3	0	150.166666667
0.6	4	30	0.6	0.3	1	127.666666667
0.6	4	30	0.6	0.6	0	150.166666667
0.6	4	30	0.6	0.6	1	90.1666666667
0.6	4	30	0.6	0.9	0	137.916666667
0.6	4	30	0.6	0.9	1	75.1666666667
0.6	4	30	0.9	0	0	120.166666667
0.6	4	30	0.9	0	1	102.916666667
0.6	4	30	0.9	0.3	0	120.166666667
0.6	4	30	0.9	0.3	1	102.916666667
0.6	4	30	0.9	0.6	0	120.166666667
0.6	4	30	0.9	0.6	1	90.1666666667
0.6	4	30	0.9	0.9	0	120.166666667
0.6	4	30	0.9	0.9	1	75.1666666667
0.6	5	5	0	0	0	120.166666667
0.6	5	5	0	0	1	75.1666666667
0.6	5	5	0	0.3	0	120.166666667
0.6	5	5	0	0.3	1	75.1666666667
0.6	5	5	0	0.6	0	120.166666667
0.6	5	5	0	0.6	1	75.1666666667
0.6	5	5	0	0.9	0	118.583333333
0.6	5	5	0	0.9	1	72.25
0.6	5	5	0.3	0	0	120.166666667
0.6	5	5	0.3	0	1	75.1666666667
0.6	5	5	0.3	0.3	0	120.166666667
0.6	5	5	0.3	0.3	1	75.1666666667
0.6	5	5	0.3	0.6	0	120.166666667
0.6	5	5	0.3	0.6	1	75.1666666667
0.6	5	5	0.3	0.9	0	118.583333333
0.6	5	5	0.3	0.9	1	72.25
0.6	5	5	0.6	0	0	120.166666667
0.6	5	5	0.6	0	1	75.1666666667
0.6	5	5	0.6	0.3	0	120.166666667
0.6	5	5	0.6	0.3	1	75.1666666667
0.6	5	5	0.6	0.6	0	120.166666667
0.6	5	5	0.6	0.6	1	75.1666666667
0.6	5	5	0.6	0.9	0	118.583333333
0.6	5	5	0.6	0.9	1	72.25
0.6	5	5	0.9	0	0	114.333333333
0.6	5	5	0.9	0	1	75.1666666667
0.6	5	5	0.9	0.3	0	114.333333333
0.6	5	5	0.9	0.3	1	75.1666666667
0.6	5	5	0.9	0.6	0	114.333333333
0.6	5	5	0.9	0.6	1	75.1666666667
0.6	5	5	0.9	0.9	0	114.333333333
0.6	5	5	0.9	0.9	1	72.25
0.6	5	10	0	0	0	120.166666667
0.6	5	10	0	0	1	75.1666666667
0.6	5	10	0	0.3	0	120.166666667
0.6	5	10	0	0.3	1	75.1666666667
0.6	5	10	0	0.6	0	120.166666667
0.6	5	10	0	0.6	1	75.1666666667
0.6	5	10	0	0.9	0	120.166666667
0.6	5	10	0	0.9	1	73.0833333333
0.6	5	10	0.3	0	0	120.166666667
0.6	5	10	0.3	0	1	75.1666666667
0.6	5	10	0.3	0.3	0	120.166666667
0.6	5	10	0.3	0.3	1	75.1666666667
0.6	5	10	0.3	0.6	0	120.166666667
0.6	5	10	0.3	0.6	1	75.1666666667
0.6	5	10	0.3	0.9	0	120.166666667
0.6	5	10	0.3	0.9	1	73.0833333333
0.6	5	10	0.6	0	0	120.166666667
0.6	5	10	0.6	0	1	75.1666666667
0.6	5	10	0.6	0.3	0	120.166666667
0.6	5	10	0.6	0.3	1	75.1666666667
0.6	5	10	0.6	0.6	0	120.166666667
0.6	5	10	0.6	0.6	1	75.1666666667
0.6	5	10	0.6	0.9	0	120.166666667
0.6	5	10	0.6	0.9	1	73.0833333333
0.6	5	10	0.9	0	0	116
0.6	5	10	0.9	0	1	75.1666666667
0.6	5	10	0.9	0.3	0	116
0.6	5	10	0.9	0.3	1	75.1666666667
0.6	5	10	0.9	0.6	0	116
0.6	5	10	0.9	0.6	1	75.1666666667
0.6	5	10	0.9	0.9	0	116
0.6	5	10	0.9	0.9	1	73.0833333333
0.6	5	15	0	0	0	120.166666667
0.6	5	15	0	0	1	75.1666666667
0.6	5	15	0	0.3	0	120.166666667
0.6	5	15	0	0.3	1	75.1666666667
0.6	5	15	0	0.6	0	120.166666667
0.6	5	15	0	0.6	1	75.1666666667
0.6	5	15	0	0.9	0	120.166666667
0.6	5	15	0	0.9	1	73.0833333333
0.6	5	15	0.3	0	0	120.166666667
0.6	5	15	0.3	0	1	75.1666666667
0.6	5	15	0.3	0.3	0	120.166666667
0.6	5	15	0.3	0.3	1	75.1666666667
0.6	5	15	0.3	0.6	0	120.166666667
0.6	5	15	0.3	0.6	1	75.1666666667
0.6	5	15	0.3	0.9	0	120.166666667
0.6	5	15	0.3	0.9	1	73.0833333333
0.6	5	15	0.6	0	0	120.166666667
0.6	5	15	0.6	0	1	75.1666666667
0.6	5	15	0.6	0.3	0	120.166666667
0.6	5	15	0.6	0.3	1	75.1666666667
0.6	5	15	0.6	0.6	0	120.166666667
0.6	5	15	0.6	0.6	1	75.1666666667
0.6	5	15	0.6	0.9	0	120.166666667
0.6	5	15	0.6	0.9	1	73.0833333333
0.6	5	15	0.9	0	0	116
0.6	5	15	0.9	0	1	75.1666666667
0.6	5	15	0.9	0.3	0	116
0.6	5	15	0.9	0.3	1	75.1666666667
0.6	5	15	0.9	0.6	0	116
0.6	5	15	0.9	0.6	1	75.1666666667
0.6	5	15	0.9	0.9	0	116
0.6	5	15	0.9	0.9	1	73.0833333333
0.6	5	20	0	0	0	135.333333333
0.6	5	20	0	0	1	97.8333333333
0.6	5	20	0	0.3	0	135.333333333
0.6	5	20	0	0.3	1	92.6666666667
0.6	5	20	0	0.6	0	135.333333333
0.6	5	20	0	0.6	1	80.1666666667
0.6	5	20	0	0.9	0	124.416666667
0.6	5	20	0	0.9	1	73.0833333333
0.6	5	20	0.3	0	0	135.333333333
0.6	5	20	0.3	0	1	97.8333333333
0.6	5	20	0.3	0.3	0	135.333333333
0.6	5	20	0.3	0.3	1	92.6666666667
0.6	5	20	0.3	0.6	0	135.333333333
0.6	5	20	0.3	0.6	1	80.1666666667
0.6	5	20	0.3	0.9	0	124.416666667
0.6	5	20	0.3	0.9	1	73.0833333333
0.6	5	20	0.6	0	0	130.166666667
0.6	5	20	0.6	0	1	92.8333333333
0.6	5	20	0.6	0.3	0	130.166666667
0.6	5	20	0.6	0.3	1	92.6666666667
0.6	5	20	0.6	0.6	0	130.166666667
0.6	5	20	0.6	0.6	1	80.1666666667
0.6	5	20	0.6	0.9	0	124.416666667
0.6	5	20	0.6	0.9	1	73.0833333333
0.6	5	20	0.9	0	0	116
0.6	5	20	0.9	0	1	84.5
0.6	5	20	0.9	0.3	0	116
0.6	5	20	0.9	0.3	1	84.5
0.6	5	20	0.9	0.6	0	116
0.6	5	20	0.9	0.6	1	80.1666666667
0.6	5	20	0.9	0.9	0	116
0.6	5	20	0.9	0.9	1	73.0833333333
0.6	5	25	0	0	0	165.166666667
0.6	5	25	0	0	1	142.666666667
0.6	5	25	0	0.3	0	165.166666667
0.6	5	25	0	0.3	1	127.666666667
0.6	5	25	0	0.6	0	165.166666667
0.6	5	25	0	0.6	1	88.9166666667
0.6	5	25	0	0.9	0	133.166666667
0.6	5	25	0	0.9	1	74.3333333333
0.6	5	25	0.3	0	0	165.166666667
0.6	5	25	0.3	0	1	142.666666667
0.6	5	25	0.3	0.3	0	165.166666667
0.6	5	25	0.3	0.3	1	127.666666667
0.6	5	25	0.3	0.6	0	165.166666667
0.6	5	25	0.3	0.6	1	88.9166666667
0.6	5	25	0.3	0.9	0	133.166666667
0.6	5	25	0.3	0.9	1	74.3333333333
0.6	5	25	0.6	0	0	147.666666667
0.6	5	25	0.6	0	1	127.75
0.6	5	25	0.6	0.3	0	147.666666667
0.6	5	25	0.6	0.3	1	127.666666667
0.6	5	25	0.6	0.6	0	147.666666667
0.6	5	25	0.6	0.6	1	88.9166666667
0.6	5	25	0.6	0.9	0	133.166666667
0.6	5	25	0.6	0.9	1	74.3333333333
0.6	5	25	0.9	0	0	118.5
0.6	5	25	0.9	0	1	102.75
0.6	5	25	0.9	0.3	0	118.5
0.6	5	25	0.9	0.3	1	102.75
0.6	5	25	0.9	0.6	0	118.5
0.6	5	25	0.9	0.6	1	88.9166666667
0.6	5	25	0.9	0.9	0	118.5
0.6	5	25	0.9	0.9	1	74.3333333333
0.6	5	30	0	0	0	165.166666667
0.6	5	30	0	0	1	142.666666667
0.6	5	30	0	0.3	0	165.166666667
0.6	5	30	0	0.3	1	127.666666667
0.6	5	30	0	0.6	0	165.166666667
0.6	5	30	0	0.6	1	88.9166666667
0.6	5	30	0	0.9	0	133.166666667
0.6	5	30	0	0.9	1	74.3333333333
0.6	5	30	0.3	0	0	165.166666667
0.6	5	30	0.3	0	1	142.666666667
0.6	5	30	0.3	0.3	0	165.166666667
0.6	5	30	0.3	0.3	1	127.666666667
0.6	5	30	0.3	0.6	0	165.166666667
0.6	5	30	0.3	0.6	1	88.9166666667
0.6	5	30	0.3	0.9	0	133.166666667
0.6	5	30	0.3	0.9	1	74.3333333333
0.6	5	30	0.6	0	0	147.666666667
0.6	5	30	0.6	0	1	127.75
0.6	5	30	0.6	0.3	0	147.666666667
0.6	5	30	0.6	0.3	1	127.666666667
0.6	5	30	0.6	0.6	0	147.666666667
0.6	5	30	0.6	0.6	1	88.9166666667
0.6	5	30	0.6	0.9	0	133.166666667
0.6	5	30	0.6	0.9	1	74.3333333333
0.6	5	30	0.9	0	0	118.5
0.6	5	30	0.9	0	1	102.75
0.6	5	30	0.9	0.3	0	118.5
0.6	5	30	0.9	0.3	1	102.75
0.6	5	30	0.9	0.6	0	118.5
0.6	5	30	0.9	0.6	1	88.9166666667
0.6	5	30	0.9	0.9	0	118.5
0.6	5	30	0.9	0.9	1	74.3333333333
0.6	6	5	0	0	0	112.666666667
0.6	6	5	0	0	1	71.4166666667
0.6	6	5	0	0.3	0	112.666666667
0.6	6	5	0	0.3	1	71.4166666667
0.6	6	5	0	0.6	0	112.666666667
0.6	6	5	0	0.6	1	71.4166666667
0.6	6	5	0	0.9	0	112.666666667
0.6	6	5	0	0.9	1	71.4166666667
0.6	6	5	0.3	0	0	112.666666667
0.6	6	5	0.3	0	1	71.4166666667
0.6	6	5	0.3	0.3	0	112.666666667
0.6	6	5	0.3	0.3	1	71.4166666667
0.6	6	5	0.3	0.6	0	112.666666667
0.6	6	5	0.3	0.6	1	71.4166666667
0.6	6	5	0.3	0.9	0	112.666666667
0.6	6	5	0.3	0.9	1	71.4166666667
0.6	6	5	0.6	0	0	112.666666667
0.6	6	5	0.6	0	1	71.4166666667
0.6	6	5	0.6	0.3	0	112.666666667
0.6	6	5	0.6	0.3	1	71.4166666667
0.6	6	5	0.6	0.6	0	112.666666667
0.6	6	5	0.6	0.6	1	71.4166666667
0.6	6	5	0.6	0.9	0	112.666666667
0.6	6	5	0.6	0.9	1	71.4166666667
0.6	6	5	0.9	0	0	112.666666667
0.6	6	5	0.9	0	1	71.4166666667
0.6	6	5	0.9	0.3	0	112.666666667
0.6	6	5	0.9	0.3	1	71.4166666667
0.6	6	5	0.9	0.6	0	112.666666667
0.6	6	5	0.9	0.6	1	71.4166666667
0.6	6	5	0.9	0.9	0	112.666666667
0.6	6	5	0.9	0.9	1	71.4166666667
0.6	6	10	0	0	0	120.166666667
0.6	6	10	0	0	1	75.1666666667
0.6	6	10	0	0.3	0	120.166666667
0.6	6	10	0	0.3	1	75.1666666667
0.6	6	10	0	0.6	0	120.166666667
0.6	6	10	0	0.6	1	75.1666666667
0.6	6	10	0	0.9	0	118.583333333
0.6	6	10	0	0.9	1	72.25
0.6	6	10	0.3	0	0	120.166666667
0.6	6	10	0.3	0	1	75.1666666667
0.6	6	10	0.3	0.3	0	120.166666667
0.6	6	10	0.3	0.3	1	75.1666666667
0.6	6	10	0.3	0.6	0	120.166666667
0.6	6	10	0.3	0.6	1	75.1666666667
0.6	6	10	0.3	0.9	0	118.583333333
0.6	6	10	0.3	0.9	1	72.25
0.6	6	10	0.6	0	0	120.166666667
0.6	6	10	0.6	0	1	75.1666666667
0.6	6	10	0.6	0.3	0	120.166666667
0.6	6	10	0.6	0.3	1	75.1666666667
0.6	6	10	0.6	0.6	0	120.166666667
0.6	6	10	0.6	0.6	1	75.1666666667
0.6	6	10	0.6	0.9	0	118.583333333
0.6	6	10	0.6	0.9	1	72.25
0.6	6	10	0.9	0	0	114.333333333
0.6	6	10	0.9	0	1	75.1666666667
0.6	6	10	0.9	0.3	0	114.333333333
0.6	6	10	0.9	0.3	1	75.1666666667
0.6	6	10	0.9	0.6	0	114.333333333
0.6	6	10	0.9	0.6	1	75.1666666667
0.6	6	10	0.9	0.9	0	114.333333333
0.6	6	10	0.9	0.9	1	72.25
0.6	6	15	0	0	0	142.666666667
0.6	6	15	0	0	1	90.1666666667
0.6	6	15	0	0.3	0	142.666666667
0.6	6	15	0	0.3	1	90.1666666667
0.6	6	15	0	0.6	0	142.666666667
0.6	6	15	0	0.6	1	81.4166666667
0.6	6	15	0	0.9	0	124.416666667
0.6	6	15	0	0.9	1	73.0833333333
0.6	6	15	0.3	0	0	142.666666667
0.6	6	15	0.3	0	1	90.1666666667
0.6	6	15	0.3	0.3	0	142.666666667
0.6	6	15	0.3	0.3	1	90.1666666667
0.6	6	15	0.3	0.6	0	142.666666667
0.6	6	15	0.3	0.6	1	81.4166666667
0.6	6	15	0.3	0.9	0	124.416666667
0.6	6	15	0.3	0.9	1	73.0833333333
0.6	6	15	0.6	0	0	132.666666667
0.6	6	15	0.6	0	1	90.1666666667
0.6	6	15	0.6	0.3	0	132.666666667
0.6	6	15	0.6	0.3	1	90.1666666667
0.6	6	15	0.6	0.6	0	132.666666667
0.6	6	15	0.6	0.6	1	81.4166666667
0.6	6	15	0.6	0.9	0	124.416666667
0.6	6	15	0.6	0.9	1	73.0833333333
0.6	6	15	0.9	0	0	116
0.6	6	15	0.9	0	1	89.8333333333
0.6	6	15	0.9	0.3	0	116
0.6	6	15	0.9	0.3	1	89.8333333333
0.6	6	15	0.9	0.6	0	116
0.6	6	15	0.9	0.6	1	81.4166666667
0.6	6	15	0.9	0.9	0	116
0.6	6	15	0.9	0.9	1	73.0833333333
0.6	6	20	0	0	0	150.166666667
0.6	6	20	0	0	1	120.166666667
0.6	6	20	0	0.3	0	150.166666667
0.6	6	20	0	0.3	1	107.666666667
0.6	6	20	0	0.6	0	150.166666667
0.6	6	20	0	0.6	1	85.1666666667
0.6	6	20	0	0.9	0	131.916666667
0.6	6	20	0	0.9	1	74.3333333333
0.6	6	20	0.3	0	0	150.166666667
0.6	6	20	0.3	0	1	120.166666667
0.6	6	20	0.3	0.3	0	150.166666667
0.6	6	20	0.3	0.3	1	107.666666667
0.6	6	20	0.3	0.6	0	150.166666667
0.6	6	20	0.3	0.6	1	85.1666666667
0.6	6	20	0.3	0.9	0	131.916666667
0.6	6	20	0.3	0.9	1	74.3333333333
0.6	6	20	0.6	0	0	140.166666667
0.6	6	20	0.6	0	1	110.25
0.6	6	20	0.6	0.3	0	140.166666667
0.6	6	20	0.6	0.3	1	107.666666667
0.6	6	20	0.6	0.6	0	140.166666667
0.6	6	20	0.6	0.6	1	85.1666666667
0.6	6	20	0.6	0.9	0	131.916666667
0.6	6	20	0.6	0.9	1	74.3333333333
0.6	6	20	0.9	0	0	118.5
0.6	6	20	0.9	0	1	93.5833333333
0.6	6	20	0.9	0.3	0	118.5
0.6	6	20	0.9	0.3	1	93.5833333333
0.6	6	20	0.9	0.6	0	118.5
0.6	6	20	0.9	0.6	1	85.1666666667
0.6	6	20	0.9	0.9	0	118.5
0.6	6	20	0.9	0.9	1	74.3333333333
0.6	6	25	0	0	0	165.166666667
0.6	6	25	0	0	1	142.666666667
0.6	6	25	0	0.3	0	165.166666667
0.6	6	25	0	0.3	1	127.666666667
0.6	6	25	0	0.6	0	165.166666667
0.6	6	25	0	0.6	1	88.9166666667
0.6	6	25	0	0.9	0	133.166666667
0.6	6	25	0	0.9	1	74.3333333333
0.6	6	25	0.3	0	0	165.166666667
0.6	6	25	0.3	0	1	142.666666667
0.6	6	25	0.3	0.3	0	165.166666667
0.6	6	25	0.3	0.3	1	127.666666667
0.6	6	25	0.3	0.6	0	165.166666667
0.6	6	25	0.3	0.6	1	88.9166666667
0.6	6	25	0.3	0.9	0	133.166666667
0.6	6	25	0.3	0.9	1	74.3333333333
0.6	6	25	0.6	0	0	147.666666667
0.6	6	25	0.6	0	1	127.75
0.6	6	25	0.6	0.3	0	147.666666667
0.6	6	25	0.6	0.3	1	127.666666667
0.6	6	25	0.6	0.6	0	147.666666667
0.6	6	25	0.6	0.6	1	88.9166666667
0.6	6	25	0.6	0.9	0	133.166666667
0.6	6	25	0.6	0.9	1	74.3333333333
0.6	6	25	0.9	0	0	118.5
0.6	6	25	0.9	0	1	102.75
0.6	6	25	0.9	0.3	0	118.5
0.6	6	25	0.9	0.3	1	102.75
0.6	6	25	0.9	0.6	0	118.5
0.6	6	25	0.9	0.6	1	88.9166666667
0.6	6	25	0.9	0.9	0	118.5
0.6	6	25	0.9	0.9	1	74.3333333333
0.6	6	30	0	0	0	180.166666667
0.6	6	30	0	0	1	165.166666667
0.6	6	30	0	0.3	0	180.166666667
0.6	6	30	0	0.3	1	145.166666667
0.6	6	30	0	0.6	0	180.166666667
0.6	6	30	0	0.6	1	93.9166666667
0.6	6	30	0	0.9	0	142.666666667
0.6	6	30	0	0.9	1	75.1666666667
0.6	6	30	0.3	0	0	180.166666667
0.6	6	30	0.3	0	1	165.166666667
0.6	6	30	0.3	0.3	0	180.166666667
0.6	6	30	0.3	0.3	1	145.166666667
0.6	6	30	0.3	0.6	0	180.166666667
0.6	6	30	0.3	0.6	1	93.9166666667
0.6	6	30	0.3	0.9	0	142.666666667
0.6	6	30	0.3	0.9	1	75.1666666667
0.6	6	30	0.6	0	0	157.666666667
0.6	6	30	0.6	0	1	145.25
0.6	6	30	0.6	0.3	0	157.666666667
0.6	6	30	0.6	0.3	1	145.166666667
0.6	6	30	0.6	0.6	0	157.666666667
0.6	6	30	0.6	0.6	1	93.9166666667
0.6	6	30	0.6	0.9	0	142.666666667
0.6	6	30	0.6	0.9	1	75.1666666667
0.6	6	30	0.9	0	0	120.166666667
0.6	6	30	0.9	0	1	111.916666667
0.6	6	30	0.9	0.3	0	120.166666667
0.6	6	30	0.9	0.3	1	111.916666667
0.6	6	30	0.9	0.6	0	120.166666667
0.6	6	30	0.9	0.6	1	93.9166666667
0.6	6	30	0.9	0.9	0	120.166666667
0.6	6	30	0.9	0.9	1	75.1666666667
0.6	7	5	0	0	0	112.666666667
0.6	7	5	0	0	1	71.4166666667
0.6	7	5	0	0.3	0	112.666666667
0.6	7	5	0	0.3	1	71.4166666667
0.6	7	5	0	0.6	0	112.666666667
0.6	7	5	0	0.6	1	71.4166666667
0.6	7	5	0	0.9	0	112.666666667
0.6	7	5	0	0.9	1	71.4166666667
0.6	7	5	0.3	0	0	112.666666667
0.6	7	5	0.3	0	1	71.4166666667
0.6	7	5	0.3	0.3	0	112.666666667
0.6	7	5	0.3	0.3	1	71.4166666667
0.6	7	5	0.3	0.6	0	112.666666667
0.6	7	5	0.3	0.6	1	71.4166666667
0.6	7	5	0.3	0.9	0	112.666666667
0.6	7	5	0.3	0.9	1	71.4166666667
0.6	7	5	0.6	0	0	112.666666667
0.6	7	5	0.6	0	1	71.4166666667
0.6	7	5	0.6	0.3	0	112.666666667
0.6	7	5	0.6	0.3	1	71.4166666667
0.6	7	5	0.6	0.6	0	112.666666667
0.6	7	5	0.6	0.6	1	71.4166666667
0.6	7	5	0.6	0.9	0	112.666666667
0.6	7	5	0.6	0.9	1	71.4166666667
0.6	7	5	0.9	0	0	112.666666667
0.6	7	5	0.9	0	1	71.4166666667
0.6	7	5	0.9	0.3	0	112.666666667
0.6	7	5	0.9	0.3	1	71.4166666667
0.6	7	5	0.9	0.6	0	112.666666667
0.6	7	5	0.9	0.6	1	71.4166666667
0.6	7	5	0.9	0.9	0	112.666666667
0.6	7	5	0.9	0.9	1	71.4166666667
0.6	7	10	0	0	0	112.666666667
0.6	7	10	0	0	1	71.4166666667
0.6	7	10	0	0.3	0	112.666666667
0.6	7	10	0	0.3	1	71.4166666667
0.6	7	10	0	0.6	0	112.666666667
0.6	7	10	0	0.6	1	71.4166666667
0.6	7	10	0	0.9	0	112.666666667
0.6	7	10	0	0.9	1	71.4166666667
0.6	7	10	0.3	0	0	112.666666667
0.6	7	10	0.3	0	1	71.4166666667
0.6	7	10	0.3	0.3	0	112.666666667
0.6	7	10	0.3	0.3	1	71.4166666667
0.6	7	10	0.3	0.6	0	112.666666667
0.6	7	10	0.3	0.6	1	71.4166666667
0.6	7	10	0.3	0.9	0	112.666666667
0.6	7	10	0.3	0.9	1	71.4166666667
0.6	7	10	0.6	0	0	112.666666667
0.6	7	10	0.6	0	1	71.4166666667
0.6	7	10	0.6	0.3	0	112.666666667
0.6	7	10	0.6	0.3	1	71.4166666667
0.6	7	10	0.6	0.6	0	112.666666667
0.6	7	10	0.6	0.6	1	71.4166666667
0.6	7	10	0.6	0.9	0	112.666666667
0.6	7	10	0.6	0.9	1	71.4166666667
0.6	7	10	0.9	0	0	112.666666667
0.6	7	10	0.9	0	1	71.4166666667
0.6	7	10	0.9	0.3	0	112.666666667
0.6	7	10	0.9	0.3	1	71.4166666667
0.6	7	10	0.9	0.6	0	112.666666667
0.6	7	10	0.9	0.6	1	71.4166666667
0.6	7	10	0.9	0.9	0	112.666666667
0.6	7	10	0.9	0.9	1	71.4166666667
0.6	7	15	0	0	0	112.666666667
0.6	7	15	0	0	1	71.4166666667
0.6	7	15	0	0.3	0	112.666666667
0.6	7	15	0	0.3	1	71.4166666667
0.6	7	15	0	0.6	0	112.666666667
0.6	7	15	0	0.6	1	71.4166666667
0.6	7	15	0	0.9	0	112.666666667
0.6	7	15	0	0.9	1	71.4166666667
0.6	7	15	0.3	0	0	112.666666667
0.6	7	15	0.3	0	1	71.4166666667
0.6	7	15	0.3	0.3	0	112.666666667
0.6	7	15	0.3	0.3	1	71.4166666667
0.6	7	15	0.3	0.6	0	112.666666667
0.6	7	15	0.3	0.6	1	71.4166666667
0.6	7	15	0.3	0.9	0	112.666666667
0.6	7	15	0.3	0.9	1	71.4166666667
0.6	7	15	0.6	0	0	112.666666667
0.6	7	15	0.6	0	1	71.4166666667
0.6	7	15	0.6	0.3	0	112.666666667
0.6	7	15	0.6	0.3	1	71.4166666667
0.6	7	15	0.6	0.6	0	112.666666667
0.6	7	15	0.6	0.6	1	71.4166666667
0.6	7	15	0.6	0.9	0	112.666666667
0.6	7	15	0.6	0.9	1	71.4166666667
0.6	7	15	0.9	0	0	112.666666667
0.6	7	15	0.9	0	1	71.4166666667
0.6	7	15	0.9	0.3	0	112.666666667
0.6	7	15	0.9	0.3	1	71.4166666667
0.6	7	15	0.9	0.6	0	112.666666667
0.6	7	15	0.9	0.6	1	71.4166666667
0.6	7	15	0.9	0.9	0	112.666666667
0.6	7	15	0.9	0.9	1	71.4166666667
0.6	7	20	0	0	0	127.666666667
0.6	7	20	0	0	1	86.4166666667
0.6	7	20	0	0.3	0	127.666666667
0.6	7	20	0	0.3	1	86.4166666667
0.6	7	20	0	0.6	0	127.666666667
0.6	7	20	0	0.6	1	76.4166666667
0.6	7	20	0	0.9	0	118.583333333
0.6	7	20	0	0.9	1	72.25
0.6	7	20	0.3	0	0	127.666666667
0.6	7	20	0.3	0	1	86.4166666667
0.6	7	20	0.3	0.3	0	127.666666667
0.6	7	20	0.3	0.3	1	86.4166666667
0.6	7	20	0.3	0.6	0	127.666666667
0.6	7	20	0.3	0.6	1	76.4166666667
0.6	7	20	0.3	0.9	0	118.583333333
0.6	7	20	0.3	0.9	1	72.25
0.6	7	20	0.6	0	0	122.666666667
0.6	7	20	0.6	0	1	86.4166666667
0.6	7	20	0.6	0.3	0	122.666666667
0.6	7	20	0.6	0.3	1	86.4166666667
0.6	7	20	0.6	0.6	0	122.666666667
0.6	7	20	0.6	0.6	1	76.4166666667
0.6	7	20	0.6	0.9	0	118.583333333
0.6	7	20	0.6	0.9	1	72.25
0.6	7	20	0.9	0	0	114.333333333
0.6	7	20	0.9	0	1	80.6666666667
0.6	7	20	0.9	0.3	0	114.333333333
0.6	7	20	0.9	0.3	1	80.6666666667
0.6	7	20	0.9	0.6	0	114.333333333
0.6	7	20	0.9	0.6	1	76.4166666667
0.6	7	20	0.9	0.9	0	114.333333333
0.6	7	20	0.9	0.9	1	72.25
0.6	7	25	0	0	0	150.166666667
0.6	7	25	0	0	1	90.1666666667
0.6	7	25	0	0.3	0	150.166666667
0.6	7	25	0	0.3	1	90.1666666667
0.6	7	25	0	0.6	0	150.166666667
0.6	7	25	0	0.6	1	85.1666666667
0.6	7	25	0	0.9	0	131.916666667
0.6	7	25	0	0.9	1	74.3333333333
0.6	7	25	0.3	0	0	150.166666667
0.6	7	25	0.3	0	1	90.1666666667
0.6	7	25	0.3	0.3	0	150.166666667
0.6	7	25	0.3	0.3	1	90.1666666667
0.6	7	25	0.3	0.6	0	150.166666667
0.6	7	25	0.3	0.6	1	85.1666666667
0.6	7	25	0.3	0.9	0	131.916666667
0.6	7	25	0.3	0.9	1	74.3333333333
0.6	7	25	0.6	0	0	140.166666667
0.6	7	25	0.6	0	1	90.1666666667
0.6	7	25	0.6	0.3	0	140.166666667
0.6	7	25	0.6	0.3	1	90.1666666667
0.6	7	25	0.6	0.6	0	140.166666667
0.6	7	25	0.6	0.6	1	85.1666666667
0.6	7	25	0.6	0.9	0	131.916666667
0.6	7	25	0.6	0.9	1	74.3333333333
0.6	7	25	0.9	0	0	118.5
0.6	7	25	0.9	0	1	90.1666666667
0.6	7	25	0.9	0.3	0	118.5
0.6	7	25	0.9	0.3	1	90.1666666667
0.6	7	25	0.9	0.6	0	118.5
0.6	7	25	0.9	0.6	1	85.1666666667
0.6	7	25	0.9	0.9	0	118.5
0.6	7	25	0.9	0.9	1	74.3333333333
0.6	7	30	0	0	0	195.083333333
0.6	7	30	0	0	1	180.25
0.6	7	30	0	0.3	0	195.083333333
0.6	7	30	0	0.3	1	125.166666667
0.6	7	30	0	0.6	0	185.166666667
0.6	7	30	0	0.6	1	93.9166666667
0.6	7	30	0	0.9	0	142.666666667
0.6	7	30	0	0.9	1	75.1666666667
0.6	7	30	0.3	0	0	195.083333333
0.6	7	30	0.3	0	1	180.25
0.6	7	30	0.3	0.3	0	195.083333333
0.6	7	30	0.3	0.3	1	125.166666667
0.6	7	30	0.3	0.6	0	185.166666667
0.6	7	30	0.3	0.6	1	93.9166666667
0.6	7	30	0.3	0.9	0	142.666666667
0.6	7	30	0.3	0.9	1	75.1666666667
0.6	7	30	0.6	0	0	157.666666667
0.6	7	30	0.6	0	1	150.333333333
0.6	7	30	0.6	0.3	0	157.666666667
0.6	7	30	0.6	0.3	1	125.166666667
0.6	7	30	0.6	0.6	0	157.666666667
0.6	7	30	0.6	0.6	1	93.9166666667
0.6	7	30	0.6	0.9	0	142.666666667
0.6	7	30	0.6	0.9	1	75.1666666667
0.6	7	30	0.9	0	0	120.166666667
0.6	7	30	0.9	0	1	119.5
0.6	7	30	0.9	0.3	0	120.166666667
0.6	7	30	0.9	0.3	1	119.5
0.6	7	30	0.9	0.6	0	120.166666667
0.6	7	30	0.9	0.6	1	93.9166666667
0.6	7	30	0.9	0.9	0	120.166666667
0.6	7	30	0.9	0.9	1	75.1666666667
0.6	8	5	0	0	0	112.666666667
0.6	8	5	0	0	1	71.4166666667
0.6	8	5	0	0.3	0	112.666666667
0.6	8	5	0	0.3	1	71.4166666667
0.6	8	5	0	0.6	0	112.666666667
0.6	8	5	0	0.6	1	71.4166666667
0.6	8	5	0	0.9	0	112.666666667
0.6	8	5	0	0.9	1	71.4166666667
0.6	8	5	0.3	0	0	112.666666667
0.6	8	5	0.3	0	1	71.4166666667
0.6	8	5	0.3	0.3	0	112.666666667
0.6	8	5	0.3	0.3	1	71.4166666667
0.6	8	5	0.3	0.6	0	112.666666667
0.6	8	5	0.3	0.6	1	71.4166666667
0.6	8	5	0.3	0.9	0	112.666666667
0.6	8	5	0.3	0.9	1	71.4166666667
0.6	8	5	0.6	0	0	112.666666667
0.6	8	5	0.6	0	1	71.4166666667
0.6	8	5	0.6	0.3	0	112.666666667
0.6	8	5	0.6	0.3	1	71.4166666667
0.6	8	5	0.6	0.6	0	112.666666667
0.6	8	5	0.6	0.6	1	71.4166666667
0.6	8	5	0.6	0.9	0	112.666666667
0.6	8	5	0.6	0.9	1	71.4166666667
0.6	8	5	0.9	0	0	112.666666667
0.6	8	5	0.9	0	1	71.4166666667
0.6	8	5	0.9	0.3	0	112.666666667
0.6	8	5	0.9	0.3	1	71.4166666667
0.6	8	5	0.9	0.6	0	112.666666667
0.6	8	5	0.9	0.6	1	71.4166666667
0.6	8	5	0.9	0.9	0	112.666666667
0.6	8	5	0.9	0.9	1	71.4166666667
0.6	8	10	0	0	0	120.166666667
0.6	8	10	0	0	1	75.1666666667
0.6	8	10	0	0.3	0	120.166666667
0.6	8	10	0	0.3	1	75.1666666667
0.6	8	10	0	0.6	0	120.166666667
0.6	8	10	0	0.6	1	75.1666666667
0.6	8	10	0	0.9	0	118.666666667
0.6	8	10	0	0.9	1	72.25
0.6	8	10	0.3	0	0	120.166666667
0.6	8	10	0.3	0	1	75.1666666667
0.6	8	10	0.3	0.3	0	120.166666667
0.6	8	10	0.3	0.3	1	75.1666666667
0.6	8	10	0.3	0.6	0	120.166666667
0.6	8	10	0.3	0.6	1	75.1666666667
0.6	8	10	0.3	0.9	0	118.666666667
0.6	8	10	0.3	0.9	1	72.25
0.6	8	10	0.6	0	0	120.166666667
0.6	8	10	0.6	0	1	75.1666666667
0.6	8	10	0.6	0.3	0	120.166666667
0.6	8	10	0.6	0.3	1	75.1666666667
0.6	8	10	0.6	0.6	0	120.166666667
0.6	8	10	0.6	0.6	1	75.1666666667
0.6	8	10	0.6	0.9	0	118.666666667
0.6	8	10	0.6	0.9	1	72.25
0.6	8	10	0.9	0	0	114.333333333
0.6	8	10	0.9	0	1	75.1666666667
0.6	8	10	0.9	0.3	0	114.333333333
0.6	8	10	0.9	0.3	1	75.1666666667
0.6	8	10	0.9	0.6	0	114.333333333
0.6	8	10	0.9	0.6	1	75.1666666667
0.6	8	10	0.9	0.9	0	114.333333333
0.6	8	10	0.9	0.9	1	72.25
0.6	8	15	0	0	0	120.166666667
0.6	8	15	0	0	1	75.1666666667
0.6	8	15	0	0.3	0	120.166666667
0.6	8	15	0	0.3	1	75.1666666667
0.6	8	15	0	0.6	0	120.166666667
0.6	8	15	0	0.6	1	75.1666666667
0.6	8	15	0	0.9	0	120.166666667
0.6	8	15	0	0.9	1	73.0833333333
0.6	8	15	0.3	0	0	120.166666667
0.6	8	15	0.3	0	1	75.1666666667
0.6	8	15	0.3	0.3	0	120.166666667
0.6	8	15	0.3	0.3	1	75.1666666667
0.6	8	15	0.3	0.6	0	120.166666667
0.6	8	15	0.3	0.6	1	75.1666666667
0.6	8	15	0.3	0.9	0	120.166666667
0.6	8	15	0.3	0.9	1	73.0833333333
0.6	8	15	0.6	0	0	120.166666667
0.6	8	15	0.6	0	1	75.1666666667
0.6	8	15	0.6	0.3	0	120.166666667
0.6	8	15	0.6	0.3	1	75.1666666667
0.6	8	15	0.6	0.6	0	120.166666667
0.6	8	15	0.6	0.6	1	75.1666666667
0.6	8	15	0.6	0.9	0	120.166666667
0.6	8	15	0.6	0.9	1	73.0833333333
0.6	8	15	0.9	0	0	116
0.6	8	15	0.9	0	1	75.1666666667
0.6	8	15	0.9	0.3	0	116
0.6	8	15	0.9	0.3	1	75.1666666667
0.6	8	15	0.9	0.6	0	116
0.6	8	15	0.9	0.6	1	75.1666666667
0.6	8	15	0.9	0.9	0	116
0.6	8	15	0.9	0.9	1	73.0833333333
0.6	8	20	0	0	0	120.166666667
0.6	8	20	0	0	1	75.1666666667
0.6	8	20	0	0.3	0	120.166666667
0.6	8	20	0	0.3	1	75.1666666667
0.6	8	20	0	0.6	0	120.166666667
0.6	8	20	0	0.6	1	75.1666666667
0.6	8	20	0	0.9	0	120.166666667
0.6	8	20	0	0.9	1	73.0833333333
0.6	8	20	0.3	0	0	120.166666667
0.6	8	20	0.3	0	1	75.1666666667
0.6	8	20	0.3	0.3	0	120.166666667
0.6	8	20	0.3	0.3	1	75.1666666667
0.6	8	20	0.3	0.6	0	120.166666667
0.6	8	20	0.3	0.6	1	75.1666666667
0.6	8	20	0.3	0.9	0	120.166666667
0.6	8	20	0.3	0.9	1	73.0833333333
0.6	8	20	0.6	0	0	120.166666667
0.6	8	20	0.6	0	1	75.1666666667
0.6	8	20	0.6	0.3	0	120.166666667
0.6	8	20	0.6	0.3	1	75.1666666667
0.6	8	20	0.6	0.6	0	120.166666667
0.6	8	20	0.6	0.6	1	75.1666666667
0.6	8	20	0.6	0.9	0	120.166666667
0.6	8	20	0.6	0.9	1	73.0833333333
0.6	8	20	0.9	0	0	116
0.6	8	20	0.9	0	1	75.1666666667
0.6	8	20	0.9	0.3	0	116
0.6	8	20	0.9	0.3	1	75.1666666667
0.6	8	20	0.9	0.6	0	116
0.6	8	20	0.9	0.6	1	75.1666666667
0.6	8	20	0.9	0.9	0	116
0.6	8	20	0.9	0.9	1	73.0833333333
0.6	8	25	0	0	0	120.166666667
0.6	8	25	0	0	1	75.1666666667
0.6	8	25	0	0.3	0	120.166666667
0.6	8	25	0	0.3	1	75.1666666667
0.6	8	25	0	0.6	0	120.166666667
0.6	8	25	0	0.6	1	75.1666666667
0.6	8	25	0	0.9	0	120.166666667
0.6	8	25	0	0.9	1	74.3333333333
0.6	8	25	0.3	0	0	120.166666667
0.6	8	25	0.3	0	1	75.1666666667
0.6	8	25	0.3	0.3	0	120.166666667
0.6	8	25	0.3	0.3	1	75.1666666667
0.6	8	25	0.3	0.6	0	120.166666667
0.6	8	25	0.3	0.6	1	75.1666666667
0.6	8	25	0.3	0.9	0	120.166666667
0.6	8	25	0.3	0.9	1	74.3333333333
0.6	8	25	0.6	0	0	120.166666667
0.6	8	25	0.6	0	1	75.1666666667
0.6	8	25	0.6	0.3	0	120.166666667
0.6	8	25	0.6	0.3	1	75.1666666667
0.6	8	25	0.6	0.6	0	120.166666667
0.6	8	25	0.6	0.6	1	75.1666666667
0.6	8	25	0.6	0.9	0	120.166666667
0.6	8	25	0.6	0.9	1	74.3333333333
0.6	8	25	0.9	0	0	118.5
0.6	8	25	0.9	0	1	75.1666666667
0.6	8	25	0.9	0.3	0	118.5
0.6	8	25	0.9	0.3	1	75.1666666667
0.6	8	25	0.9	0.6	0	118.5
0.6	8	25	0.9	0.6	1	75.1666666667
0.6	8	25	0.9	0.9	0	118.5
0.6	8	25	0.9	0.9	1	74.3333333333
0.6	8	30	0	0	0	135.333333333
0.6	8	30	0	0	1	97.8333333333
0.6	8	30	0	0.3	0	135.333333333
0.6	8	30	0	0.3	1	92.6666666667
0.6	8	30	0	0.6	0	135.333333333
0.6	8	30	0	0.6	1	80.1666666667
0.6	8	30	0	0.9	0	126.166666667
0.6	8	30	0	0.9	1	75.1666666667
0.6	8	30	0.3	0	0	135.333333333
0.6	8	30	0.3	0	1	97.8333333333
0.6	8	30	0.3	0.3	0	135.333333333
0.6	8	30	0.3	0.3	1	92.6666666667
0.6	8	30	0.3	0.6	0	135.333333333
0.6	8	30	0.3	0.6	1	80.1666666667
0.6	8	30	0.3	0.9	0	126.166666667
0.6	8	30	0.3	0.9	1	75.1666666667
0.6	8	30	0.6	0	0	130.166666667
0.6	8	30	0.6	0	1	92.8333333333
0.6	8	30	0.6	0.3	0	130.166666667
0.6	8	30	0.6	0.3	1	92.6666666667
0.6	8	30	0.6	0.6	0	130.166666667
0.6	8	30	0.6	0.6	1	80.1666666667
0.6	8	30	0.6	0.9	0	126.166666667
0.6	8	30	0.6	0.9	1	75.1666666667
0.6	8	30	0.9	0	0	120.166666667
0.6	8	30	0.9	0	1	84.5
0.6	8	30	0.9	0.3	0	120.166666667
0.6	8	30	0.9	0.3	1	84.5
0.6	8	30	0.9	0.6	0	120.166666667
0.6	8	30	0.9	0.6	1	80.1666666667
0.6	8	30	0.9	0.9	0	120.166666667
0.6	8	30	0.9	0.9	1	75.1666666667
0.6	9	5	0	0	0	120.166666667
0.6	9	5	0	0	1	75.1666666667
0.6	9	5	0	0.3	0	120.166666667
0.6	9	5	0	0.3	1	75.1666666667
0.6	9	5	0	0.6	0	120.166666667
0.6	9	5	0	0.6	1	75.1666666667
0.6	9	5	0	0.9	0	118.666666667
0.6	9	5	0	0.9	1	72.25
0.6	9	5	0.3	0	0	120.166666667
0.6	9	5	0.3	0	1	75.1666666667
0.6	9	5	0.3	0.3	0	120.166666667
0.6	9	5	0.3	0.3	1	75.1666666667
0.6	9	5	0.3	0.6	0	120.166666667
0.6	9	5	0.3	0.6	1	75.1666666667
0.6	9	5	0.3	0.9	0	118.666666667
0.6	9	5	0.3	0.9	1	72.25
0.6	9	5	0.6	0	0	120.166666667
0.6	9	5	0.6	0	1	75.1666666667
0.6	9	5	0.6	0.3	0	120.166666667
0.6	9	5	0.6	0.3	1	75.1666666667
0.6	9	5	0.6	0.6	0	120.166666667
0.6	9	5	0.6	0.6	1	75.1666666667
0.6	9	5	0.6	0.9	0	118.666666667
0.6	9	5	0.6	0.9	1	72.25
0.6	9	5	0.9	0	0	114.333333333
0.6	9	5	0.9	0	1	75.1666666667
0.6	9	5	0.9	0.3	0	114.333333333
0.6	9	5	0.9	0.3	1	75.1666666667
0.6	9	5	0.9	0.6	0	114.333333333
0.6	9	5	0.9	0.6	1	75.1666666667
0.6	9	5	0.9	0.9	0	114.333333333
0.6	9	5	0.9	0.9	1	72.25
0.6	9	10	0	0	0	120.166666667
0.6	9	10	0	0	1	75.1666666667
0.6	9	10	0	0.3	0	120.166666667
0.6	9	10	0	0.3	1	75.1666666667
0.6	9	10	0	0.6	0	120.166666667
0.6	9	10	0	0.6	1	75.1666666667
0.6	9	10	0	0.9	0	120.166666667
0.6	9	10	0	0.9	1	73.0833333333
0.6	9	10	0.3	0	0	120.166666667
0.6	9	10	0.3	0	1	75.1666666667
0.6	9	10	0.3	0.3	0	120.166666667
0.6	9	10	0.3	0.3	1	75.1666666667
0.6	9	10	0.3	0.6	0	120.166666667
0.6	9	10	0.3	0.6	1	75.1666666667
0.6	9	10	0.3	0.9	0	120.166666667
0.6	9	10	0.3	0.9	1	73.0833333333
0.6	9	10	0.6	0	0	120.166666667
0.6	9	10	0.6	0	1	75.1666666667
0.6	9	10	0.6	0.3	0	120.166666667
0.6	9	10	0.6	0.3	1	75.1666666667
0.6	9	10	0.6	0.6	0	120.166666667
0.6	9	10	0.6	0.6	1	75.1666666667
0.6	9	10	0.6	0.9	0	120.166666667
0.6	9	10	0.6	0.9	1	73.0833333333
0.6	9	10	0.9	0	0	116
0.6	9	10	0.9	0	1	75.1666666667
0.6	9	10	0.9	0.3	0	116
0.6	9	10	0.9	0.3	1	75.1666666667
0.6	9	10	0.9	0.6	0	116
0.6	9	10	0.9	0.6	1	75.1666666667
0.6	9	10	0.9	0.9	0	116
0.6	9	10	0.9	0.9	1	73.0833333333
0.6	9	15	0	0	0	120.166666667
0.6	9	15	0	0	1	75.1666666667
0.6	9	15	0	0.3	0	120.166666667
0.6	9	15	0	0.3	1	75.1666666667
0.6	9	15	0	0.6	0	120.166666667
0.6	9	15	0	0.6	1	75.1666666667
0.6	9	15	0	0.9	0	120.166666667
0.6	9	15	0	0.9	1	74.3333333333
0.6	9	15	0.3	0	0	120.166666667
0.6	9	15	0.3	0	1	75.1666666667
0.6	9	15	0.3	0.3	0	120.166666667
0.6	9	15	0.3	0.3	1	75.1666666667
0.6	9	15	0.3	0.6	0	120.166666667
0.6	9	15	0.3	0.6	1	75.1666666667
0.6	9	15	0.3	0.9	0	120.166666667
0.6	9	15	0.3	0.9	1	74.3333333333
0.6	9	15	0.6	0	0	120.166666667
0.6	9	15	0.6	0	1	75.1666666667
0.6	9	15	0.6	0.3	0	120.166666667
0.6	9	15	0.6	0.3	1	75.1666666667
0.6	9	15	0.6	0.6	0	120.166666667
0.6	9	15	0.6	0.6	1	75.1666666667
0.6	9	15	0.6	0.9	0	120.166666667
0.6	9	15	0.6	0.9	1	74.3333333333
0.6	9	15	0.9	0	0	118.5
0.6	9	15	0.9	0	1	75.1666666667
0.6	9	15	0.9	0.3	0	118.5
0.6	9	15	0.9	0.3	1	75.1666666667
0.6	9	15	0.9	0.6	0	118.5
0.6	9	15	0.9	0.6	1	75.1666666667
0.6	9	15	0.9	0.9	0	118.5
0.6	9	15	0.9	0.9	1	74.3333333333
0.6	9	20	0	0	0	135.333333333
0.6	9	20	0	0	1	97.8333333333
0.6	9	20	0	0.3	0	135.333333333
0.6	9	20	0	0.3	1	92.6666666667
0.6	9	20	0	0.6	0	135.333333333
0.6	9	20	0	0.6	1	80.1666666667
0.6	9	20	0	0.9	0	126.166666667
0.6	9	20	0	0.9	1	74.3333333333
0.6	9	20	0.3	0	0	135.333333333
0.6	9	20	0.3	0	1	97.8333333333
0.6	9	20	0.3	0.3	0	135.333333333
0.6	9	20	0.3	0.3	1	92.6666666667
0.6	9	20	0.3	0.6	0	135.333333333
0.6	9	20	0.3	0.6	1	80.1666666667
0.6	9	20	0.3	0.9	0	126.166666667
0.6	9	20	0.3	0.9	1	74.3333333333
0.6	9	20	0.6	0	0	130.166666667
0.6	9	20	0.6	0	1	92.8333333333
0.6	9	20	0.6	0.3	0	130.166666667
0.6	9	20	0.6	0.3	1	92.6666666667
0.6	9	20	0.6	0.6	0	130.166666667
0.6	9	20	0.6	0.6	1	80.1666666667
0.6	9	20	0.6	0.9	0	126.166666667
0.6	9	20	0.6	0.9	1	74.3333333333
0.6	9	20	0.9	0	0	118.5
0.6	9	20	0.9	0	1	84.5
0.6	9	20	0.9	0.3	0	118.5
0.6	9	20	0.9	0.3	1	84.5
0.6	9	20	0.9	0.6	0	118.5
0.6	9	20	0.9	0.6	1	80.1666666667
0.6	9	20	0.9	0.9	0	118.5
0.6	9	20	0.9	0.9	1	74.3333333333
0.6	9	25	0	0	0	150.333333333
0.6	9	25	0	0	1	120.333333333
0.6	9	25	0	0.3	0	150.333333333
0.6	9	25	0	0.3	1	110.166666667
0.6	9	25	0	0.6	0	150.333333333
0.6	9	25	0	0.6	1	85.1666666667
0.6	9	25	0	0.9	0	132
0.6	9	25	0	0.9	1	75.1666666667
0.6	9	25	0.3	0	0	150.333333333
0.6	9	25	0.3	0	1	120.333333333
0.6	9	25	0.3	0.3	0	150.333333333
0.6	9	25	0.3	0.3	1	110.166666667
0.6	9	25	0.3	0.6	0	150.333333333
0.6	9	25	0.3	0.6	1	85.1666666667
0.6	9	25	0.3	0.9	0	132
0.6	9	25	0.3	0.9	1	75.1666666667
0.6	9	25	0.6	0	0	140.166666667
0.6	9	25	0.6	0	1	110.333333333
0.6	9	25	0.6	0.3	0	140.166666667
0.6	9	25	0.6	0.3	1	110.166666667
0.6	9	25	0.6	0.6	0	140.166666667
0.6	9	25	0.6	0.6	1	85.1666666667
0.6	9	25	0.6	0.9	0	132
0.6	9	25	0.6	0.9	1	75.1666666667
0.6	9	25	0.9	0	0	120.166666667
0.6	9	25	0.9	0	1	93.6666666667
0.6	9	25	0.9	0.3	0	120.166666667
0.6	9	25	0.9	0.3	1	93.6666666667
0.6	9	25	0.9	0.6	0	120.166666667
0.6	9	25	0.9	0.6	1	85.1666666667
0.6	9	25	0.9	0.9	0	120.166666667
0.6	9	25	0.9	0.9	1	75.1666666667
0.6	9	30	0	0	0	195.083333333
0.6	9	30	0	0	1	195.083333333
0.6	9	30	0	0.3	0	195.083333333
0.6	9	30	0	0.3	1	167.666666667
0.6	9	30	0	0.6	0	195.083333333
0.6	9	30	0	0.6	1	98.9166666667
0.6	9	30	0	0.9	0	144.75
0.6	9	30	0	0.9	1	76
0.6	9	30	0.3	0	0	195.083333333
0.6	9	30	0.3	0	1	195.083333333
0.6	9	30	0.3	0.3	0	195.083333333
0.6	9	30	0.3	0.3	1	167.666666667
0.6	9	30	0.3	0.6	0	195.083333333
0.6	9	30	0.3	0.6	1	98.9166666667
0.6	9	30	0.3	0.9	0	144.75
0.6	9	30	0.3	0.9	1	76
0.6	9	30	0.6	0	0	167.666666667
0.6	9	30	0.6	0	1	167.666666667
0.6	9	30	0.6	0.3	0	167.666666667
0.6	9	30	0.6	0.3	1	167.666666667
0.6	9	30	0.6	0.6	0	167.666666667
0.6	9	30	0.6	0.6	1	98.9166666667
0.6	9	30	0.6	0.9	0	144.75
0.6	9	30	0.6	0.9	1	76
0.6	9	30	0.9	0	0	121.833333333
0.6	9	30	0.9	0	1	121.833333333
0.6	9	30	0.9	0.3	0	121.833333333
0.6	9	30	0.9	0.3	1	121.833333333
0.6	9	30	0.9	0.6	0	121.833333333
0.6	9	30	0.9	0.6	1	98.9166666667
0.6	9	30	0.9	0.9	0	121.833333333
0.6	9	30	0.9	0.9	1	76
0.6	10	5	0	0	0	112.666666667
0.6	10	5	0	0	1	71.4166666667
0.6	10	5	0	0.3	0	112.666666667
0.6	10	5	0	0.3	1	71.4166666667
0.6	10	5	0	0.6	0	112.666666667
0.6	10	5	0	0.6	1	71.4166666667
0.6	10	5	0	0.9	0	112.666666667
0.6	10	5	0	0.9	1	71.4166666667
0.6	10	5	0.3	0	0	112.666666667
0.6	10	5	0.3	0	1	71.4166666667
0.6	10	5	0.3	0.3	0	112.666666667
0.6	10	5	0.3	0.3	1	71.4166666667
0.6	10	5	0.3	0.6	0	112.666666667
0.6	10	5	0.3	0.6	1	71.4166666667
0.6	10	5	0.3	0.9	0	112.666666667
0.6	10	5	0.3	0.9	1	71.4166666667
0.6	10	5	0.6	0	0	112.666666667
0.6	10	5	0.6	0	1	71.4166666667
0.6	10	5	0.6	0.3	0	112.666666667
0.6	10	5	0.6	0.3	1	71.4166666667
0.6	10	5	0.6	0.6	0	112.666666667
0.6	10	5	0.6	0.6	1	71.4166666667
0.6	10	5	0.6	0.9	0	112.666666667
0.6	10	5	0.6	0.9	1	71.4166666667
0.6	10	5	0.9	0	0	112.666666667
0.6	10	5	0.9	0	1	71.4166666667
0.6	10	5	0.9	0.3	0	112.666666667
0.6	10	5	0.9	0.3	1	71.4166666667
0.6	10	5	0.9	0.6	0	112.666666667
0.6	10	5	0.9	0.6	1	71.4166666667
0.6	10	5	0.9	0.9	0	112.666666667
0.6	10	5	0.9	0.9	1	71.4166666667
0.6	10	10	0	0	0	112.666666667
0.6	10	10	0	0	1	71.4166666667
0.6	10	10	0	0.3	0	112.666666667
0.6	10	10	0	0.3	1	71.4166666667
0.6	10	10	0	0.6	0	112.666666667
0.6	10	10	0	0.6	1	71.4166666667
0.6	10	10	0	0.9	0	112.666666667
0.6	10	10	0	0.9	1	71.4166666667
0.6	10	10	0.3	0	0	112.666666667
0.6	10	10	0.3	0	1	71.4166666667
0.6	10	10	0.3	0.3	0	112.666666667
0.6	10	10	0.3	0.3	1	71.4166666667
0.6	10	10	0.3	0.6	0	112.666666667
0.6	10	10	0.3	0.6	1	71.4166666667
0.6	10	10	0.3	0.9	0	112.666666667
0.6	10	10	0.3	0.9	1	71.4166666667
0.6	10	10	0.6	0	0	112.666666667
0.6	10	10	0.6	0	1	71.4166666667
0.6	10	10	0.6	0.3	0	112.666666667
0.6	10	10	0.6	0.3	1	71.4166666667
0.6	10	10	0.6	0.6	0	112.666666667
0.6	10	10	0.6	0.6	1	71.4166666667
0.6	10	10	0.6	0.9	0	112.666666667
0.6	10	10	0.6	0.9	1	71.4166666667
0.6	10	10	0.9	0	0	112.666666667
0.6	10	10	0.9	0	1	71.4166666667
0.6	10	10	0.9	0.3	0	112.666666667
0.6	10	10	0.9	0.3	1	71.4166666667
0.6	10	10	0.9	0.6	0	112.666666667
0.6	10	10	0.9	0.6	1	71.4166666667
0.6	10	10	0.9	0.9	0	112.666666667
0.6	10	10	0.9	0.9	1	71.4166666667
0.6	10	15	0	0	0	120.166666667
0.6	10	15	0	0	1	75.1666666667
0.6	10	15	0	0.3	0	120.166666667
0.6	10	15	0	0.3	1	75.1666666667
0.6	10	15	0	0.6	0	120.166666667
0.6	10	15	0	0.6	1	75.1666666667
0.6	10	15	0	0.9	0	120.166666667
0.6	10	15	0	0.9	1	72.6666666667
0.6	10	15	0.3	0	0	120.166666667
0.6	10	15	0.3	0	1	75.1666666667
0.6	10	15	0.3	0.3	0	120.166666667
0.6	10	15	0.3	0.3	1	75.1666666667
0.6	10	15	0.3	0.6	0	120.166666667
0.6	10	15	0.3	0.6	1	75.1666666667
0.6	10	15	0.3	0.9	0	120.166666667
0.6	10	15	0.3	0.9	1	72.6666666667
0.6	10	15	0.6	0	0	120.166666667
0.6	10	15	0.6	0	1	75.1666666667
0.6	10	15	0.6	0.3	0	120.166666667
0.6	10	15	0.6	0.3	1	75.1666666667
0.6	10	15	0.6	0.6	0	120.166666667
0.6	10	15	0.6	0.6	1	75.1666666667
0.6	10	15	0.6	0.9	0	120.166666667
0.6	10	15	0.6	0.9	1	72.6666666667
0.6	10	15	0.9	0	0	115.166666667
0.6	10	15	0.9	0	1	75.1666666667
0.6	10	15	0.9	0.3	0	115.166666667
0.6	10	15	0.9	0.3	1	75.1666666667
0.6	10	15	0.9	0.6	0	115.166666667
0.6	10	15	0.9	0.6	1	75.1666666667
0.6	10	15	0.9	0.9	0	115.166666667
0.6	10	15	0.9	0.9	1	72.6666666667
0.6	10	20	0	0	0	165.416666667
0.6	10	20	0	0	1	135.25
0.6	10	20	0	0.3	0	165.416666667
0.6	10	20	0	0.3	1	107.666666667
0.6	10	20	0	0.6	0	155.416666667
0.6	10	20	0	0.6	1	85.1666666667
0.6	10	20	0	0.9	0	135.833333333
0.6	10	20	0	0.9	1	74.3333333333
0.6	10	20	0.3	0	0	165.416666667
0.6	10	20	0.3	0	1	135.25
0.6	10	20	0.3	0.3	0	165.416666667
0.6	10	20	0.3	0.3	1	107.666666667
0.6	10	20	0.3	0.6	0	155.416666667
0.6	10	20	0.3	0.6	1	85.1666666667
0.6	10	20	0.3	0.9	0	135.833333333
0.6	10	20	0.3	0.9	1	74.3333333333
0.6	10	20	0.6	0	0	140.166666667
0.6	10	20	0.6	0	1	115.25
0.6	10	20	0.6	0.3	0	140.166666667
0.6	10	20	0.6	0.3	1	107.666666667
0.6	10	20	0.6	0.6	0	140.166666667
0.6	10	20	0.6	0.6	1	85.1666666667
0.6	10	20	0.6	0.9	0	135.833333333
0.6	10	20	0.6	0.9	1	74.3333333333
0.6	10	20	0.9	0	0	118.5
0.6	10	20	0.9	0	1	101.25
0.6	10	20	0.9	0.3	0	118.5
0.6	10	20	0.9	0.3	1	101.25
0.6	10	20	0.9	0.6	0	118.5
0.6	10	20	0.9	0.6	1	85.1666666667
0.6	10	20	0.9	0.9	0	118.5
0.6	10	20	0.9	0.9	1	74.3333333333
0.6	10	25	0	0	0	180.25
0.6	10	25	0	0	1	135.25
0.6	10	25	0	0.3	0	180.25
0.6	10	25	0	0.3	1	125.166666667
0.6	10	25	0	0.6	0	180.25
0.6	10	25	0	0.6	1	98.9166666667
0.6	10	25	0	0.9	0	144.75
0.6	10	25	0	0.9	1	76
0.6	10	25	0.3	0	0	180.25
0.6	10	25	0.3	0	1	135.25
0.6	10	25	0.3	0.3	0	180.25
0.6	10	25	0.3	0.3	1	125.166666667
0.6	10	25	0.3	0.6	0	180.25
0.6	10	25	0.3	0.6	1	98.9166666667
0.6	10	25	0.3	0.9	0	144.75
0.6	10	25	0.3	0.9	1	76
0.6	10	25	0.6	0	0	167.666666667
0.6	10	25	0.6	0	1	125.25
0.6	10	25	0.6	0.3	0	167.666666667
0.6	10	25	0.6	0.3	1	125.166666667
0.6	10	25	0.6	0.6	0	167.666666667
0.6	10	25	0.6	0.6	1	98.9166666667
0.6	10	25	0.6	0.9	0	144.75
0.6	10	25	0.6	0.9	1	76
0.6	10	25	0.9	0	0	121.833333333
0.6	10	25	0.9	0	1	108.583333333
0.6	10	25	0.9	0.3	0	121.833333333
0.6	10	25	0.9	0.3	1	108.583333333
0.6	10	25	0.9	0.6	0	121.833333333
0.6	10	25	0.9	0.6	1	98.9166666667
0.6	10	25	0.9	0.9	0	121.833333333
0.6	10	25	0.9	0.9	1	76
0.6	10	30	0	0	0	Error: Iterative method did not converge within 10000 iterations.
Consider using a different numerical method or increasing the maximum number of iterations.
0.6	10	30	0	0	1	Error: Iterative method did not converge within 10000 iterations.
Consider using a different numerical method or increasing the maximum number of iterations.
0.6	10	30	0	0.3	0	Error: Iterative method did not converge within 10000 iterations.
Consider using a different numerical method or increasing the maximum number of iterations.
0.6	10	30	0	0.3	1	Error: Iterative method did not converge within 10000 iterations.
Consider using a different numerical method or increasing the maximum number of iterations.
0.6	10	30	0	0.6	0	Error: Iterative method did not converge within 10000 iterations.
Consider using a different numerical method or increasing the maximum number of iterations.
0.6	10	30	0	0.6	1	Error: Iterative method did not converge within 10000 iterations.
Consider using a different numerical method or increasing the maximum number of iterations.
0.6	10	30	0	0.9	0	Error: Iterative method did not converge within 10000 iterations.
Consider using a different numerical method or increasing the maximum number of iterations.
0.6	10	30	0	0.9	1	Error: Iterative method did not converge within 10000 iterations.
Consider using a different numerical method or increasing the maximum number of iterations.
0.6	10	30	0.3	0	0	Error: Iterative method did not converge within 10000 iterations.
Consider using a different numerical method or increasing the maximum number of iterations.
0.6	10	30	0.3	0	1	Error: Iterative method did not converge within 10000 iterations.
Consider using a different numerical method or increasing the maximum number of iterations.
0.6	10	30	0.3	0.3	0	195.083333333
0.6	10	30	0.3	0.3	1	160.166666667
0.6	10	30	0.3	0.6	0	195.083333333
0.6	10	30	0.3	0.6	1	98.9166666667
0.6	10	30	0.3	0.9	0	144.75
0.6	10	30	0.3	0.9	1	76
0.6	10	30	0.6	0	0	Error: Iterative method did not converge within 10000 iterations.
Consider using a different numerical method or increasing the maximum number of iterations.
0.6	10	30	0.6	0	1	Error: Iterative method did not converge within 10000 iterations.
Consider using a different numerical method or increasing the maximum number of iterations.
0.6	10	30	0.6	0.3	0	167.666666667
0.6	10	30	0.6	0.3	1	160.166666667
0.6	10	30	0.6	0.6	0	167.666666667
0.6	10	30	0.6	0.6	1	98.9166666667
0.6	10	30	0.6	0.9	0	144.75
0.6	10	30	0.6	0.9	1	76
0.6	10	30	0.9	0	0	Error: Iterative method did not converge within 10000 iterations.
Consider using a different numerical method or increasing the maximum number of iterations.
0.6	10	30	0.9	0	1	Error: Iterative method did not converge within 10000 iterations.
Consider using a different numerical method or increasing the maximum number of iterations.
0.6	10	30	0.9	0.3	0	121.833333333
0.6	10	30	0.9	0.3	1	121.833333333
0.6	10	30	0.9	0.6	0	121.833333333
0.6	10	30	0.9	0.6	1	98.9166666667
0.6	10	30	0.9	0.9	0	121.833333333
0.6	10	30	0.9	0.9	1	76
0.6	11	5	0	0	0	112.666666667
0.6	11	5	0	0	1	71.4166666667
0.6	11	5	0	0.3	0	112.666666667
0.6	11	5	0	0.3	1	71.4166666667
0.6	11	5	0	0.6	0	112.666666667
0.6	11	5	0	0.6	1	71.4166666667
0.6	11	5	0	0.9	0	112.666666667
0.6	11	5	0	0.9	1	71.4166666667
0.6	11	5	0.3	0	0	112.666666667
0.6	11	5	0.3	0	1	71.4166666667
0.6	11	5	0.3	0.3	0	112.666666667
0.6	11	5	0.3	0.3	1	71.4166666667
0.6	11	5	0.3	0.6	0	112.666666667
0.6	11	5	0.3	0.6	1	71.4166666667
0.6	11	5	0.3	0.9	0	112.666666667
0.6	11	5	0.3	0.9	1	71.4166666667
0.6	11	5	0.6	0	0	112.666666667
0.6	11	5	0.6	0	1	71.4166666667
0.6	11	5	0.6	0.3	0	112.666666667
0.6	11	5	0.6	0.3	1	71.4166666667
0.6	11	5	0.6	0.6	0	112.666666667
0.6	11	5	0.6	0.6	1	71.4166666667
0.6	11	5	0.6	0.9	0	112.666666667
0.6	11	5	0.6	0.9	1	71.4166666667
0.6	11	5	0.9	0	0	112.666666667
0.6	11	5	0.9	0	1	71.4166666667
0.6	11	5	0.9	0.3	0	112.666666667
0.6	11	5	0.9	0.3	1	71.4166666667
0.6	11	5	0.9	0.6	0	112.666666667
0.6	11	5	0.9	0.6	1	71.4166666667
0.6	11	5	0.9	0.9	0	112.666666667
0.6	11	5	0.9	0.9	1	71.4166666667
0.6	11	10	0	0	0	112.666666667
0.6	11	10	0	0	1	71.4166666667
0.6	11	10	0	0.3	0	112.666666667
0.6	11	10	0	0.3	1	71.4166666667
0.6	11	10	0	0.6	0	112.666666667
0.6	11	10	0	0.6	1	71.4166666667
0.6	11	10	0	0.9	0	112.666666667
0.6	11	10	0	0.9	1	71.4166666667
0.6	11	10	0.3	0	0	112.666666667
0.6	11	10	0.3	0	1	71.4166666667
0.6	11	10	0.3	0.3	0	112.666666667
0.6	11	10	0.3	0.3	1	71.4166666667
0.6	11	10	0.3	0.6	0	112.666666667
0.6	11	10	0.3	0.6	1	71.4166666667
0.6	11	10	0.3	0.9	0	112.666666667
0.6	11	10	0.3	0.9	1	71.4166666667
0.6	11	10	0.6	0	0	112.666666667
0.6	11	10	0.6	0	1	71.4166666667
0.6	11	10	0.6	0.3	0	112.666666667
0.6	11	10	0.6	0.3	1	71.4166666667
0.6	11	10	0.6	0.6	0	112.666666667
0.6	11	10	0.6	0.6	1	71.4166666667
0.6	11	10	0.6	0.9	0	112.666666667
0.6	11	10	0.6	0.9	1	71.4166666667
0.6	11	10	0.9	0	0	112.666666667
0.6	11	10	0.9	0	1	71.4166666667
0.6	11	10	0.9	0.3	0	112.666666667
0.6	11	10	0.9	0.3	1	71.4166666667
0.6	11	10	0.9	0.6	0	112.666666667
0.6	11	10	0.9	0.6	1	71.4166666667
0.6	11	10	0.9	0.9	0	112.666666667
0.6	11	10	0.9	0.9	1	71.4166666667
0.6	11	15	0	0	0	120.166666667
0.6	11	15	0	0	1	75.1666666667
0.6	11	15	0	0.3	0	120.166666667
0.6	11	15	0	0.3	1	75.1666666667
0.6	11	15	0	0.6	0	120.166666667
0.6	11	15	0	0.6	1	75.1666666667
0.6	11	15	0	0.9	0	118.666666667
0.6	11	15	0	0.9	1	72.25
0.6	11	15	0.3	0	0	120.166666667
0.6	11	15	0.3	0	1	75.1666666667
0.6	11	15	0.3	0.3	0	120.166666667
0.6	11	15	0.3	0.3	1	75.1666666667
0.6	11	15	0.3	0.6	0	120.166666667
0.6	11	15	0.3	0.6	1	75.1666666667
0.6	11	15	0.3	0.9	0	118.666666667
0.6	11	15	0.3	0.9	1	72.25
0.6	11	15	0.6	0	0	120.166666667
0.6	11	15	0.6	0	1	75.1666666667
0.6	11	15	0.6	0.3	0	120.166666667
0.6	11	15	0.6	0.3	1	75.1666666667
0.6	11	15	0.6	0.6	0	120.166666667
0.6	11	15	0.6	0.6	1	75.1666666667
0.6	11	15	0.6	0.9	0	118.666666667
0.6	11	15	0.6	0.9	1	72.25
0.6	11	15	0.9	0	0	114.333333333
0.6	11	15	0.9	0	1	75.1666666667
0.6	11	15	0.9	0.3	0	114.333333333
0.6	11	15	0.9	0.3	1	75.1666666667
0.6	11	15	0.9	0.6	0	114.333333333
0.6	11	15	0.9	0.6	1	75.1666666667
0.6	11	15	0.9	0.9	0	114.333333333
0.6	11	15	0.9	0.9	1	72.25
0.6	11	20	0	0	0	120.166666667
0.6	11	20	0	0	1	75.1666666667
0.6	11	20	0	0.3	0	120.166666667
0.6	11	20	0	0.3	1	75.1666666667
0.6	11	20	0	0.6	0	120.166666667
0.6	11	20	0	0.6	1	75.1666666667
0.6	11	20	0	0.9	0	120.166666667
0.6	11	20	0	0.9	1	73.5
0.6	11	20	0.3	0	0	120.166666667
0.6	11	20	0.3	0	1	75.1666666667
0.6	11	20	0.3	0.3	0	120.166666667
0.6	11	20	0.3	0.3	1	75.1666666667
0.6	11	20	0.3	0.6	0	120.166666667
0.6	11	20	0.3	0.6	1	75.1666666667
0.6	11	20	0.3	0.9	0	120.166666667
0.6	11	20	0.3	0.9	1	73.5
0.6	11	20	0.6	0	0	120.166666667
0.6	11	20	0.6	0	1	75.1666666667
0.6	11	20	0.6	0.3	0	120.166666667
0.6	11	20	0.6	0.3	1	75.1666666667
0.6	11	20	0.6	0.6	0	120.166666667
0.6	11	20	0.6	0.6	1	75.1666666667
0.6	11	20	0.6	0.9	0	120.166666667
0.6	11	20	0.6	0.9	1	73.5
0.6	11	20	0.9	0	0	116.833333333
0.6	11	20	0.9	0	1	75.1666666667
0.6	11	20	0.9	0.3	0	116.833333333
0.6	11	20	0.9	0.3	1	75.1666666667
0.6	11	20	0.9	0.6	0	116.833333333
0.6	11	20	0.9	0.6	1	75.1666666667
0.6	11	20	0.9	0.9	0	116.833333333
0.6	11	20	0.9	0.9	1	73.5
0.6	11	25	0	0	0	120.166666667
0.6	11	25	0	0	1	75.1666666667
0.6	11	25	0	0.3	0	120.166666667
0.6	11	25	0	0.3	1	75.1666666667
0.6	11	25	0	0.6	0	120.166666667
0.6	11	25	0	0.6	1	75.1666666667
0.6	11	25	0	0.9	0	120.166666667
0.6	11	25	0	0.9	1	75.1666666667
0.6	11	25	0.3	0	0	120.166666667
0.6	11	25	0.3	0	1	75.1666666667
0.6	11	25	0.3	0.3	0	120.166666667
0.6	11	25	0.3	0.3	1	75.1666666667
0.6	11	25	0.3	0.6	0	120.166666667
0.6	11	25	0.3	0.6	1	75.1666666667
0.6	11	25	0.3	0.9	0	120.166666667
0.6	11	25	0.3	0.9	1	75.1666666667
0.6	11	25	0.6	0	0	120.166666667
0.6	11	25	0.6	0	1	75.1666666667
0.6	11	25	0.6	0.3	0	120.166666667
0.6	11	25	0.6	0.3	1	75.1666666667
0.6	11	25	0.6	0.6	0	120.166666667
0.6	11	25	0.6	0.6	1	75.1666666667
0.6	11	25	0.6	0.9	0	120.166666667
0.6	11	25	0.6	0.9	1	75.1666666667
0.6	11	25	0.9	0	0	120.166666667
0.6	11	25	0.9	0	1	75.1666666667
0.6	11	25	0.9	0.3	0	120.166666667
0.6	11	25	0.9	0.3	1	75.1666666667
0.6	11	25	0.9	0.6	0	120.166666667
0.6	11	25	0.9	0.6	1	75.1666666667
0.6	11	25	0.9	0.9	0	120.166666667
0.6	11	25	0.9	0.9	1	75.1666666667
0.6	11	30	0	0	0	120.166666667
0.6	11	30	0	0	1	75.1666666667
0.6	11	30	0	0.3	0	120.166666667
0.6	11	30	0	0.3	1	75.1666666667
0.6	11	30	0	0.6	0	120.166666667
0.6	11	30	0	0.6	1	75.1666666667
0.6	11	30	0	0.9	0	120.166666667
0.6	11	30	0	0.9	1	75.1666666667
0.6	11	30	0.3	0	0	120.166666667
0.6	11	30	0.3	0	1	75.1666666667
0.6	11	30	0.3	0.3	0	120.166666667
0.6	11	30	0.3	0.3	1	75.1666666667
0.6	11	30	0.3	0.6	0	120.166666667
0.6	11	30	0.3	0.6	1	75.1666666667
0.6	11	30	0.3	0.9	0	120.166666667
0.6	11	30	0.3	0.9	1	75.1666666667
0.6	11	30	0.6	0	0	120.166666667
0.6	11	30	0.6	0	1	75.1666666667
0.6	11	30	0.6	0.3	0	120.166666667
0.6	11	30	0.6	0.3	1	75.1666666667
0.6	11	30	0.6	0.6	0	120.166666667
0.6	11	30	0.6	0.6	1	75.1666666667
0.6	11	30	0.6	0.9	0	120.166666667
0.6	11	30	0.6	0.9	1	75.1666666667
0.6	11	30	0.9	0	0	120.166666667
0.6	11	30	0.9	0	1	75.1666666667
0.6	11	30	0.9	0.3	0	120.166666667
0.6	11	30	0.9	0.3	1	75.1666666667
0.6	11	30	0.9	0.6	0	120.166666667
0.6	11	30	0.9	0.6	1	75.1666666667
0.6	11	30	0.9	0.9	0	120.166666667
0.6	11	30	0.9	0.9	1	75.1666666667
0.6	12	5	0	0	0	112.666666667
0.6	12	5	0	0	1	71.4166666667
0.6	12	5	0	0.3	0	112.666666667
0.6	12	5	0	0.3	1	71.4166666667
0.6	12	5	0	0.6	0	112.666666667
0.6	12	5	0	0.6	1	71.4166666667
0.6	12	5	0	0.9	0	112.666666667
0.6	12	5	0	0.9	1	71.4166666667
0.6	12	5	0.3	0	0	112.666666667
0.6	12	5	0.3	0	1	71.4166666667
0.6	12	5	0.3	0.3	0	112.666666667
0.6	12	5	0.3	0.3	1	71.4166666667
0.6	12	5	0.3	0.6	0	112.666666667
0.6	12	5	0.3	0.6	1	71.4166666667
0.6	12	5	0.3	0.9	0	112.666666667
0.6	12	5	0.3	0.9	1	71.4166666667
0.6	12	5	0.6	0	0	112.666666667
0.6	12	5	0.6	0	1	71.4166666667
0.6	12	5	0.6	0.3	0	112.666666667
0.6	12	5	0.6	0.3	1	71.4166666667
0.6	12	5	0.6	0.6	0	112.666666667
0.6	12	5	0.6	0.6	1	71.4166666667
0.6	12	5	0.6	0.9	0	112.666666667
0.6	12	5	0.6	0.9	1	71.4166666667
0.6	12	5	0.9	0	0	112.666666667
0.6	12	5	0.9	0	1	71.4166666667
0.6	12	5	0.9	0.3	0	112.666666667
0.6	12	5	0.9	0.3	1	71.4166666667
0.6	12	5	0.9	0.6	0	112.666666667
0.6	12	5	0.9	0.6	1	71.4166666667
0.6	12	5	0.9	0.9	0	112.666666667
0.6	12	5	0.9	0.9	1	71.4166666667
0.6	12	10	0	0	0	120.166666667
0.6	12	10	0	0	1	75.1666666667
0.6	12	10	0	0.3	0	120.166666667
0.6	12	10	0	0.3	1	75.1666666667
0.6	12	10	0	0.6	0	120.166666667
0.6	12	10	0	0.6	1	75.1666666667
0.6	12	10	0	0.9	0	120.166666667
0.6	12	10	0	0.9	1	73.5
0.6	12	10	0.3	0	0	120.166666667
0.6	12	10	0.3	0	1	75.1666666667
0.6	12	10	0.3	0.3	0	120.166666667
0.6	12	10	0.3	0.3	1	75.1666666667
0.6	12	10	0.3	0.6	0	120.166666667
0.6	12	10	0.3	0.6	1	75.1666666667
0.6	12	10	0.3	0.9	0	120.166666667
0.6	12	10	0.3	0.9	1	73.5
0.6	12	10	0.6	0	0	120.166666667
0.6	12	10	0.6	0	1	75.1666666667
0.6	12	10	0.6	0.3	0	120.166666667
0.6	12	10	0.6	0.3	1	75.1666666667
0.6	12	10	0.6	0.6	0	120.166666667
0.6	12	10	0.6	0.6	1	75.1666666667
0.6	12	10	0.6	0.9	0	120.166666667
0.6	12	10	0.6	0.9	1	73.5
0.6	12	10	0.9	0	0	116.833333333
0.6	12	10	0.9	0	1	75.1666666667
0.6	12	10	0.9	0.3	0	116.833333333
0.6	12	10	0.9	0.3	1	75.1666666667
0.6	12	10	0.9	0.6	0	116.833333333
0.6	12	10	0.9	0.6	1	75.1666666667
0.6	12	10	0.9	0.9	0	116.833333333
0.6	12	10	0.9	0.9	1	73.5
0.6	12	15	0	0	0	120.166666667
0.6	12	15	0	0	1	75.1666666667
0.6	12	15	0	0.3	0	120.166666667
0.6	12	15	0	0.3	1	75.1666666667
0.6	12	15	0	0.6	0	120.166666667
0.6	12	15	0	0.6	1	75.1666666667
0.6	12	15	0	0.9	0	120.166666667
0.6	12	15	0	0.9	1	74.3333333333
0.6	12	15	0.3	0	0	120.166666667
0.6	12	15	0.3	0	1	75.1666666667
0.6	12	15	0.3	0.3	0	120.166666667
0.6	12	15	0.3	0.3	1	75.1666666667
0.6	12	15	0.3	0.6	0	120.166666667
0.6	12	15	0.3	0.6	1	75.1666666667
0.6	12	15	0.3	0.9	0	120.166666667
0.6	12	15	0.3	0.9	1	74.3333333333
0.6	12	15	0.6	0	0	120.166666667
0.6	12	15	0.6	0	1	75.1666666667
0.6	12	15	0.6	0.3	0	120.166666667
0.6	12	15	0.6	0.3	1	75.1666666667
0.6	12	15	0.6	0.6	0	120.166666667
0.6	12	15	0.6	0.6	1	75.1666666667
0.6	12	15	0.6	0.9	0	120.166666667
0.6	12	15	0.6	0.9	1	74.3333333333
0.6	12	15	0.9	0	0	118.5
0.6	12	15	0.9	0	1	75.1666666667
0.6	12	15	0.9	0.3	0	118.5
0.6	12	15	0.9	0.3	1	75.1666666667
0.6	12	15	0.9	0.6	0	118.5
0.6	12	15	0.9	0.6	1	75.1666666667
0.6	12	15	0.9	0.9	0	118.5
0.6	12	15	0.9	0.9	1	74.3333333333
0.6	12	20	0	0	0	120.166666667
0.6	12	20	0	0	1	75.1666666667
0.6	12	20	0	0.3	0	120.166666667
0.6	12	20	0	0.3	1	75.1666666667
0.6	12	20	0	0.6	0	120.166666667
0.6	12	20	0	0.6	1	75.1666666667
0.6	12	20	0	0.9	0	120.166666667
0.6	12	20	0	0.9	1	75.1666666667
0.6	12	20	0.3	0	0	120.166666667
0.6	12	20	0.3	0	1	75.1666666667
0.6	12	20	0.3	0.3	0	120.166666667
0.6	12	20	0.3	0.3	1	75.1666666667
0.6	12	20	0.3	0.6	0	120.166666667
0.6	12	20	0.3	0.6	1	75.1666666667
0.6	12	20	0.3	0.9	0	120.166666667
0.6	12	20	0.3	0.9	1	75.1666666667
0.6	12	20	0.6	0	0	120.166666667
0.6	12	20	0.6	0	1	75.1666666667
0.6	12	20	0.6	0.3	0	120.166666667
0.6	12	20	0.6	0.3	1	75.1666666667
0.6	12	20	0.6	0.6	0	120.166666667
0.6	12	20	0.6	0.6	1	75.1666666667
0.6	12	20	0.6	0.9	0	120.166666667
0.6	12	20	0.6	0.9	1	75.1666666667
0.6	12	20	0.9	0	0	120.166666667
0.6	12	20	0.9	0	1	75.1666666667
0.6	12	20	0.9	0.3	0	120.166666667
0.6	12	20	0.9	0.3	1	75.1666666667
0.6	12	20	0.9	0.6	0	120.166666667
0.6	12	20	0.9	0.6	1	75.1666666667
0.6	12	20	0.9	0.9	0	120.166666667
0.6	12	20	0.9	0.9	1	75.1666666667
0.6	12	25	0	0	0	165.25
0.6	12	25	0	0	1	142.75
0.6	12	25	0	0.3	0	165.25
0.6	12	25	0	0.3	1	127.666666667
0.6	12	25	0	0.6	0	165.25
0.6	12	25	0	0.6	1	90.1666666667
0.6	12	25	0	0.9	0	137.75
0.6	12	25	0	0.9	1	76
0.6	12	25	0.3	0	0	165.25
0.6	12	25	0.3	0	1	142.75
0.6	12	25	0.3	0.3	0	165.25
0.6	12	25	0.3	0.3	1	127.666666667
0.6	12	25	0.3	0.6	0	165.25
0.6	12	25	0.3	0.6	1	90.1666666667
0.6	12	25	0.3	0.9	0	137.75
0.6	12	25	0.3	0.9	1	76
0.6	12	25	0.6	0	0	150.166666667
0.6	12	25	0.6	0	1	127.75
0.6	12	25	0.6	0.3	0	150.166666667
0.6	12	25	0.6	0.3	1	127.666666667
0.6	12	25	0.6	0.6	0	150.166666667
0.6	12	25	0.6	0.6	1	90.1666666667
0.6	12	25	0.6	0.9	0	137.75
0.6	12	25	0.6	0.9	1	76
0.6	12	25	0.9	0	0	121.833333333
0.6	12	25	0.9	0	1	102.75
0.6	12	25	0.9	0.3	0	121.833333333
0.6	12	25	0.9	0.3	1	102.75
0.6	12	25	0.9	0.6	0	121.833333333
0.6	12	25	0.9	0.6	1	90.1666666667
0.6	12	25	0.9	0.9	0	121.833333333
0.6	12	25	0.9	0.9	1	76
0.6	12	30	0	0	0	180.25
0.6	12	30	0	0	1	165.25
0.6	12	30	0	0.3	0	180.25
0.6	12	30	0	0.3	1	145.166666667
0.6	12	30	0	0.6	0	180.25
0.6	12	30	0	0.6	1	95.1666666667
0.6	12	30	0	0.9	0	143.583333333
0.6	12	30	0	0.9	1	76
0.6	12	30	0.3	0	0	180.25
0.6	12	30	0.3	0	1	165.25
0.6	12	30	0.3	0.3	0	180.25
0.6	12	30	0.3	0.3	1	145.166666667
0.6	12	30	0.3	0.6	0	180.25
0.6	12	30	0.3	0.6	1	95.1666666667
0.6	12	30	0.3	0.9	0	143.583333333
0.6	12	30	0.3	0.9	1	76
0.6	12	30	0.6	0	0	160.166666667
0.6	12	30	0.6	0	1	145.25
0.6	12	30	0.6	0.3	0	160.166666667
0.6	12	30	0.6	0.3	1	145.166666667
0.6	12	30	0.6	0.6	0	160.166666667
0.6	12	30	0.6	0.6	1	95.1666666667
0.6	12	30	0.6	0.9	0	143.583333333
0.6	12	30	0.6	0.9	1	76
0.6	12	30	0.9	0	0	121.833333333
0.6	12	30	0.9	0	1	111.916666667
0.6	12	30	0.9	0.3	0	121.833333333
0.6	12	30	0.9	0.3	1	111.916666667
0.6	12	30	0.9	0.6	0	121.833333333
0.6	12	30	0.9	0.6	1	95.1666666667
0.6	12	30	0.9	0.9	0	121.833333333
0.6	12	30	0.9	0.9	1	76
0.6	13	5	0	0	0	120.166666667
0.6	13	5	0	0	1	75.1666666667
0.6	13	5	0	0.3	0	120.166666667
0.6	13	5	0	0.3	1	75.1666666667
0.6	13	5	0	0.6	0	120.166666667
0.6	13	5	0	0.6	1	75.1666666667
0.6	13	5	0	0.9	0	120.166666667
0.6	13	5	0	0.9	1	72.6666666667
0.6	13	5	0.3	0	0	120.166666667
0.6	13	5	0.3	0	1	75.1666666667
0.6	13	5	0.3	0.3	0	120.166666667
0.6	13	5	0.3	0.3	1	75.1666666667
0.6	13	5	0.3	0.6	0	120.166666667
0.6	13	5	0.3	0.6	1	75.1666666667
0.6	13	5	0.3	0.9	0	120.166666667
0.6	13	5	0.3	0.9	1	72.6666666667
0.6	13	5	0.6	0	0	120.166666667
0.6	13	5	0.6	0	1	75.1666666667
0.6	13	5	0.6	0.3	0	120.166666667
0.6	13	5	0.6	0.3	1	75.1666666667
0.6	13	5	0.6	0.6	0	120.166666667
0.6	13	5	0.6	0.6	1	75.1666666667
0.6	13	5	0.6	0.9	0	120.166666667
0.6	13	5	0.6	0.9	1	72.6666666667
0.6	13	5	0.9	0	0	115.166666667
0.6	13	5	0.9	0	1	75.1666666667
0.6	13	5	0.9	0.3	0	115.166666667
0.6	13	5	0.9	0.3	1	75.1666666667
0.6	13	5	0.9	0.6	0	115.166666667
0.6	13	5	0.9	0.6	1	75.1666666667
0.6	13	5	0.9	0.9	0	115.166666667
0.6	13	5	0.9	0.9	1	72.6666666667
0.6	13	10	0	0	0	120.166666667
0.6	13	10	0	0	1	75.1666666667
0.6	13	10	0	0.3	0	120.166666667
0.6	13	10	0	0.3	1	75.1666666667
0.6	13	10	0	0.6	0	120.166666667
0.6	13	10	0	0.6	1	75.1666666667
0.6	13	10	0	0.9	0	120.166666667
0.6	13	10	0	0.9	1	73.5
0.6	13	10	0.3	0	0	120.166666667
0.6	13	10	0.3	0	1	75.1666666667
0.6	13	10	0.3	0.3	0	120.166666667
0.6	13	10	0.3	0.3	1	75.1666666667
0.6	13	10	0.3	0.6	0	120.166666667
0.6	13	10	0.3	0.6	1	75.1666666667
0.6	13	10	0.3	0.9	0	120.166666667
0.6	13	10	0.3	0.9	1	73.5
0.6	13	10	0.6	0	0	120.166666667
0.6	13	10	0.6	0	1	75.1666666667
0.6	13	10	0.6	0.3	0	120.166666667
0.6	13	10	0.6	0.3	1	75.1666666667
0.6	13	10	0.6	0.6	0	120.166666667
0.6	13	10	0.6	0.6	1	75.1666666667
0.6	13	10	0.6	0.9	0	120.166666667
0.6	13	10	0.6	0.9	1	73.5
0.6	13	10	0.9	0	0	116.833333333
0.6	13	10	0.9	0	1	75.1666666667
0.6	13	10	0.9	0.3	0	116.833333333
0.6	13	10	0.9	0.3	1	75.1666666667
0.6	13	10	0.9	0.6	0	116.833333333
0.6	13	10	0.9	0.6	1	75.1666666667
0.6	13	10	0.9	0.9	0	116.833333333
0.6	13	10	0.9	0.9	1	73.5
0.6	13	15	0	0	0	165.25
0.6	13	15	0	0	1	142.75
0.6	13	15	0	0.3	0	165.25
0.6	13	15	0	0.3	1	127.666666667
0.6	13	15	0	0.6	0	165.25
0.6	13	15	0	0.6	1	90.1666666667
0.6	13	15	0	0.9	0	137.75
0.6	13	15	0	0.9	1	75.1666666667
0.6	13	15	0.3	0	0	165.25
0.6	13	15	0.3	0	1	142.75
0.6	13	15	0.3	0.3	0	165.25
0.6	13	15	0.3	0.3	1	127.666666667
0.6	13	15	0.3	0.6	0	165.25
0.6	13	15	0.3	0.6	1	90.1666666667
0.6	13	15	0.3	0.9	0	137.75
0.6	13	15	0.3	0.9	1	75.1666666667
0.6	13	15	0.6	0	0	150.166666667
0.6	13	15	0.6	0	1	127.75
0.6	13	15	0.6	0.3	0	150.166666667
0.6	13	15	0.6	0.3	1	127.666666667
0.6	13	15	0.6	0.6	0	150.166666667
0.6	13	15	0.6	0.6	1	90.1666666667
0.6	13	15	0.6	0.9	0	137.75
0.6	13	15	0.6	0.9	1	75.1666666667
0.6	13	15	0.9	0	0	120.166666667
0.6	13	15	0.9	0	1	102.75
0.6	13	15	0.9	0.3	0	120.166666667
0.6	13	15	0.9	0.3	1	102.75
0.6	13	15	0.9	0.6	0	120.166666667
0.6	13	15	0.9	0.6	1	90.1666666667
0.6	13	15	0.9	0.9	0	120.166666667
0.6	13	15	0.9	0.9	1	75.1666666667
0.6	13	20	0	0	0	165.25
0.6	13	20	0	0	1	142.75
0.6	13	20	0	0.3	0	165.25
0.6	13	20	0	0.3	1	127.666666667
0.6	13	20	0	0.6	0	165.25
0.6	13	20	0	0.6	1	90.1666666667
0.6	13	20	0	0.9	0	137.75
0.6	13	20	0	0.9	1	75.1666666667
0.6	13	20	0.3	0	0	165.25
0.6	13	20	0.3	0	1	142.75
0.6	13	20	0.3	0.3	0	165.25
0.6	13	20	0.3	0.3	1	127.666666667
0.6	13	20	0.3	0.6	0	165.25
0.6	13	20	0.3	0.6	1	90.1666666667
0.6	13	20	0.3	0.9	0	137.75
0.6	13	20	0.3	0.9	1	75.1666666667
0.6	13	20	0.6	0	0	150.166666667
0.6	13	20	0.6	0	1	127.75
0.6	13	20	0.6	0.3	0	150.166666667
0.6	13	20	0.6	0.3	1	127.666666667
0.6	13	20	0.6	0.6	0	150.166666667
0.6	13	20	0.6	0.6	1	90.1666666667
0.6	13	20	0.6	0.9	0	137.75
0.6	13	20	0.6	0.9	1	75.1666666667
0.6	13	20	0.9	0	0	120.166666667
0.6	13	20	0.9	0	1	102.75
0.6	13	20	0.9	0.3	0	120.166666667
0.6	13	20	0.9	0.3	1	102.75
0.6	13	20	0.9	0.6	0	120.166666667
0.6	13	20	0.9	0.6	1	90.1666666667
0.6	13	20	0.9	0.9	0	120.166666667
0.6	13	20	0.9	0.9	1	75.1666666667
0.6	13	25	0	0	0	180.25
0.6	13	25	0	0	1	165.25
0.6	13	25	0	0.3	0	180.25
0.6	13	25	0	0.3	1	145.166666667
0.6	13	25	0	0.6	0	180.25
0.6	13	25	0	0.6	1	95.1666666667
0.6	13	25	0	0.9	0	143.583333333
0.6	13	25	0	0.9	1	76
0.6	13	25	0.3	0	0	180.25
0.6	13	25	0.3	0	1	165.25
0.6	13	25	0.3	0.3	0	180.25
0.6	13	25	0.3	0.3	1	145.166666667
0.6	13	25	0.3	0.6	0	180.25
0.6	13	25	0.3	0.6	1	95.1666666667
0.6	13	25	0.3	0.9	0	143.583333333
0.6	13	25	0.3	0.9	1	76
0.6	13	25	0.6	0	0	160.166666667
0.6	13	25	0.6	0	1	145.25
0.6	13	25	0.6	0.3	0	160.166666667
0.6	13	25	0.6	0.3	1	145.166666667
0.6	13	25	0.6	0.6	0	160.166666667
0.6	13	25	0.6	0.6	1	95.1666666667
0.6	13	25	0.6	0.9	0	143.583333333
0.6	13	25	0.6	0.9	1	76
0.6	13	25	0.9	0	0	121.833333333
0.6	13	25	0.9	0	1	111.916666667
0.6	13	25	0.9	0.3	0	121.833333333
0.6	13	25	0.9	0.3	1	111.916666667
0.6	13	25	0.9	0.6	0	121.833333333
0.6	13	25	0.9	0.6	1	95.1666666667
0.6	13	25	0.9	0.9	0	121.833333333
0.6	13	25	0.9	0.9	1	76
0.6	13	30	0	0	0	180.25
0.6	13	30	0	0	1	165.25
0.6	13	30	0	0.3	0	180.25
0.6	13	30	0	0.3	1	145.166666667
0.6	13	30	0	0.6	0	180.25
0.6	13	30	0	0.6	1	95.1666666667
0.6	13	30	0	0.9	0	143.583333333
0.6	13	30	0	0.9	1	76
0.6	13	30	0.3	0	0	180.25
0.6	13	30	0.3	0	1	165.25
0.6	13	30	0.3	0.3	0	180.25
0.6	13	30	0.3	0.3	1	145.166666667
0.6	13	30	0.3	0.6	0	180.25
0.6	13	30	0.3	0.6	1	95.1666666667
0.6	13	30	0.3	0.9	0	143.583333333
0.6	13	30	0.3	0.9	1	76
0.6	13	30	0.6	0	0	160.166666667
0.6	13	30	0.6	0	1	145.25
0.6	13	30	0.6	0.3	0	160.166666667
0.6	13	30	0.6	0.3	1	145.166666667
0.6	13	30	0.6	0.6	0	160.166666667
0.6	13	30	0.6	0.6	1	95.1666666667
0.6	13	30	0.6	0.9	0	143.583333333
0.6	13	30	0.6	0.9	1	76
0.6	13	30	0.9	0	0	121.833333333
0.6	13	30	0.9	0	1	111.916666667
0.6	13	30	0.9	0.3	0	121.833333333
0.6	13	30	0.9	0.3	1	111.916666667
0.6	13	30	0.9	0.6	0	121.833333333
0.6	13	30	0.9	0.6	1	95.1666666667
0.6	13	30	0.9	0.9	0	121.833333333
0.6	13	30	0.9	0.9	1	76
0.6	14	5	0	0	0	112.666666667
0.6	14	5	0	0	1	71.4166666667
0.6	14	5	0	0.3	0	112.666666667
0.6	14	5	0	0.3	1	71.4166666667
0.6	14	5	0	0.6	0	112.666666667
0.6	14	5	0	0.6	1	71.4166666667
0.6	14	5	0	0.9	0	112.666666667
0.6	14	5	0	0.9	1	71.4166666667
0.6	14	5	0.3	0	0	112.666666667
0.6	14	5	0.3	0	1	71.4166666667
0.6	14	5	0.3	0.3	0	112.666666667
0.6	14	5	0.3	0.3	1	71.4166666667
0.6	14	5	0.3	0.6	0	112.666666667
0.6	14	5	0.3	0.6	1	71.4166666667
0.6	14	5	0.3	0.9	0	112.666666667
0.6	14	5	0.3	0.9	1	71.4166666667
0.6	14	5	0.6	0	0	112.666666667
0.6	14	5	0.6	0	1	71.4166666667
0.6	14	5	0.6	0.3	0	112.666666667
0.6	14	5	0.6	0.3	1	71.4166666667
0.6	14	5	0.6	0.6	0	112.666666667
0.6	14	5	0.6	0.6	1	71.4166666667
0.6	14	5	0.6	0.9	0	112.666666667
0.6	14	5	0.6	0.9	1	71.4166666667
0.6	14	5	0.9	0	0	112.666666667
0.6	14	5	0.9	0	1	71.4166666667
0.6	14	5	0.9	0.3	0	112.666666667
0.6	14	5	0.9	0.3	1	71.4166666667
0.6	14	5	0.9	0.6	0	112.666666667
0.6	14	5	0.9	0.6	1	71.4166666667
0.6	14	5	0.9	0.9	0	112.666666667
0.6	14	5	0.9	0.9	1	71.4166666667
0.6	14	10	0	0	0	112.666666667
0.6	14	10	0	0	1	71.4166666667
0.6	14	10	0	0.3	0	112.666666667
0.6	14	10	0	0.3	1	71.4166666667
0.6	14	10	0	0.6	0	112.666666667
0.6	14	10	0	0.6	1	71.4166666667
0.6	14	10	0	0.9	0	112.666666667
0.6	14	10	0	0.9	1	71.4166666667
0.6	14	10	0.3	0	0	112.666666667
0.6	14	10	0.3	0	1	71.4166666667
0.6	14	10	0.3	0.3	0	112.666666667
0.6	14	10	0.3	0.3	1	71.4166666667
0.6	14	10	0.3	0.6	0	112.666666667
0.6	14	10	0.3	0.6	1	71.4166666667
0.6	14	10	0.3	0.9	0	112.666666667
0.6	14	10	0.3	0.9	1	71.4166666667
0.6	14	10	0.6	0	0	112.666666667
0.6	14	10	0.6	0	1	71.4166666667
0.6	14	10	0.6	0.3	0	112.666666667
0.6	14	10	0.6	0.3	1	71.4166666667
0.6	14	10	0.6	0.6	0	112.666666667
0.6	14	10	0.6	0.6	1	71.4166666667
0.6	14	10	0.6	0.9	0	112.666666667
0.6	14	10	0.6	0.9	1	71.4166666667
0.6	14	10	0.9	0	0	112.666666667
0.6	14	10	0.9	0	1	71.4166666667
0.6	14	10	0.9	0.3	0	112.666666667
0.6	14	10	0.9	0.3	1	71.4166666667
0.6	14	10	0.9	0.6	0	112.666666667
0.6	14	10	0.9	0.6	1	71.4166666667
0.6	14	10	0.9	0.9	0	112.666666667
0.6	14	10	0.9	0.9	1	71.4166666667
0.6	14	15	0	0	0	112.666666667
0.6	14	15	0	0	1	71.4166666667
0.6	14	15	0	0.3	0	112.666666667
0.6	14	15	0	0.3	1	71.4166666667
0.6	14	15	0	0.6	0	112.666666667
0.6	14	15	0	0.6	1	71.4166666667
0.6	14	15	0	0.9	0	112.666666667
0.6	14	15	0	0.9	1	71.4166666667
0.6	14	15	0.3	0	0	112.666666667
0.6	14	15	0.3	0	1	71.4166666667
0.6	14	15	0.3	0.3	0	112.666666667
0.6	14	15	0.3	0.3	1	71.4166666667
0.6	14	15	0.3	0.6	0	112.666666667
0.6	14	15	0.3	0.6	1	71.4166666667
0.6	14	15	0.3	0.9	0	112.666666667
0.6	14	15	0.3	0.9	1	71.4166666667
0.6	14	15	0.6	0	0	112.666666667
0.6	14	15	0.6	0	1	71.4166666667
0.6	14	15	0.6	0.3	0	112.666666667
0.6	14	15	0.6	0.3	1	71.4166666667
0.6	14	15	0.6	0.6	0	112.666666667
0.6	14	15	0.6	0.6	1	71.4166666667
0.6	14	15	0.6	0.9	0	112.666666667
0.6	14	15	0.6	0.9	1	71.4166666667
0.6	14	15	0.9	0	0	112.666666667
0.6	14	15	0.9	0	1	71.4166666667
0.6	14	15	0.9	0.3	0	112.666666667
0.6	14	15	0.9	0.3	1	71.4166666667
0.6	14	15	0.9	0.6	0	112.666666667
0.6	14	15	0.9	0.6	1	71.4166666667
0.6	14	15	0.9	0.9	0	112.666666667
0.6	14	15	0.9	0.9	1	71.4166666667
0.6	14	20	0	0	0	120.166666667
0.6	14	20	0	0	1	75.1666666667
0.6	14	20	0	0.3	0	120.166666667
0.6	14	20	0	0.3	1	75.1666666667
0.6	14	20	0	0.6	0	120.166666667
0.6	14	20	0	0.6	1	75.1666666667
0.6	14	20	0	0.9	0	120.166666667
0.6	14	20	0	0.9	1	72.25
0.6	14	20	0.3	0	0	120.166666667
0.6	14	20	0.3	0	1	75.1666666667
0.6	14	20	0.3	0.3	0	120.166666667
0.6	14	20	0.3	0.3	1	75.1666666667
0.6	14	20	0.3	0.6	0	120.166666667
0.6	14	20	0.3	0.6	1	75.1666666667
0.6	14	20	0.3	0.9	0	120.166666667
0.6	14	20	0.3	0.9	1	72.25
0.6	14	20	0.6	0	0	120.166666667
0.6	14	20	0.6	0	1	75.1666666667
0.6	14	20	0.6	0.3	0	120.166666667
0.6	14	20	0.6	0.3	1	75.1666666667
0.6	14	20	0.6	0.6	0	120.166666667
0.6	14	20	0.6	0.6	1	75.1666666667
0.6	14	20	0.6	0.9	0	120.166666667
0.6	14	20	0.6	0.9	1	72.25
0.6	14	20	0.9	0	0	114.333333333
0.6	14	20	0.9	0	1	75.1666666667
0.6	14	20	0.9	0.3	0	114.333333333
0.6	14	20	0.9	0.3	1	75.1666666667
0.6	14	20	0.9	0.6	0	114.333333333
0.6	14	20	0.9	0.6	1	75.1666666667
0.6	14	20	0.9	0.9	0	114.333333333
0.6	14	20	0.9	0.9	1	72.25
0.6	14	25	0	0	0	120.166666667
0.6	14	25	0	0	1	75.1666666667
0.6	14	25	0	0.3	0	120.166666667
0.6	14	25	0	0.3	1	75.1666666667
0.6	14	25	0	0.6	0	120.166666667
0.6	14	25	0	0.6	1	75.1666666667
0.6	14	25	0	0.9	0	120.166666667
0.6	14	25	0	0.9	1	74.3333333333
0.6	14	25	0.3	0	0	120.166666667
0.6	14	25	0.3	0	1	75.1666666667
0.6	14	25	0.3	0.3	0	120.166666667
0.6	14	25	0.3	0.3	1	75.1666666667
0.6	14	25	0.3	0.6	0	120.166666667
0.6	14	25	0.3	0.6	1	75.1666666667
0.6	14	25	0.3	0.9	0	120.166666667
0.6	14	25	0.3	0.9	1	74.3333333333
0.6	14	25	0.6	0	0	120.166666667
0.6	14	25	0.6	0	1	75.1666666667
0.6	14	25	0.6	0.3	0	120.166666667
0.6	14	25	0.6	0.3	1	75.1666666667
0.6	14	25	0.6	0.6	0	120.166666667
0.6	14	25	0.6	0.6	1	75.1666666667
0.6	14	25	0.6	0.9	0	120.166666667
0.6	14	25	0.6	0.9	1	74.3333333333
0.6	14	25	0.9	0	0	118.5
0.6	14	25	0.9	0	1	75.1666666667
0.6	14	25	0.9	0.3	0	118.5
0.6	14	25	0.9	0.3	1	75.1666666667
0.6	14	25	0.9	0.6	0	118.5
0.6	14	25	0.9	0.6	1	75.1666666667
0.6	14	25	0.9	0.9	0	118.5
0.6	14	25	0.9	0.9	1	74.3333333333
0.6	14	30	0	0	0	150.25
0.6	14	30	0	0	1	120.25
0.6	14	30	0	0.3	0	150.25
0.6	14	30	0	0.3	1	110.166666667
0.6	14	30	0	0.6	0	150.25
0.6	14	30	0	0.6	1	85.1666666667
0.6	14	30	0	0.9	0	131.916666667
0.6	14	30	0	0.9	1	75.1666666667
0.6	14	30	0.3	0	0	150.25
0.6	14	30	0.3	0	1	120.25
0.6	14	30	0.3	0.3	0	150.25
0.6	14	30	0.3	0.3	1	110.166666667
0.6	14	30	0.3	0.6	0	150.25
0.6	14	30	0.3	0.6	1	85.1666666667
0.6	14	30	0.3	0.9	0	131.916666667
0.6	14	30	0.3	0.9	1	75.1666666667
0.6	14	30	0.6	0	0	140.166666667
0.6	14	30	0.6	0	1	110.25
0.6	14	30	0.6	0.3	0	140.166666667
0.6	14	30	0.6	0.3	1	110.166666667
0.6	14	30	0.6	0.6	0	140.166666667
0.6	14	30	0.6	0.6	1	85.1666666667
0.6	14	30	0.6	0.9	0	131.916666667
0.6	14	30	0.6	0.9	1	75.1666666667
0.6	14	30	0.9	0	0	120.166666667
0.6	14	30	0.9	0	1	93.5833333333
0.6	14	30	0.9	0.3	0	120.166666667
0.6	14	30	0.9	0.3	1	93.5833333333
0.6	14	30	0.9	0.6	0	120.166666667
0.6	14	30	0.9	0.6	1	85.1666666667
0.6	14	30	0.9	0.9	0	120.166666667
0.6	14	30	0.9	0.9	1	75.1666666667
0.6	15	5	0	0	0	112.666666667
0.6	15	5	0	0	1	71.4166666667
0.6	15	5	0	0.3	0	112.666666667
0.6	15	5	0	0.3	1	71.4166666667
0.6	15	5	0	0.6	0	112.666666667
0.6	15	5	0	0.6	1	71.4166666667
0.6	15	5	0	0.9	0	112.666666667
0.6	15	5	0	0.9	1	71.4166666667
0.6	15	5	0.3	0	0	112.666666667
0.6	15	5	0.3	0	1	71.4166666667
0.6	15	5	0.3	0.3	0	112.666666667
0.6	15	5	0.3	0.3	1	71.4166666667
0.6	15	5	0.3	0.6	0	112.666666667
0.6	15	5	0.3	0.6	1	71.4166666667
0.6	15	5	0.3	0.9	0	112.666666667
0.6	15	5	0.3	0.9	1	71.4166666667
0.6	15	5	0.6	0	0	112.666666667
0.6	15	5	0.6	0	1	71.4166666667
0.6	15	5	0.6	0.3	0	112.666666667
0.6	15	5	0.6	0.3	1	71.4166666667
0.6	15	5	0.6	0.6	0	112.666666667
0.6	15	5	0.6	0.6	1	71.4166666667
0.6	15	5	0.6	0.9	0	112.666666667
0.6	15	5	0.6	0.9	1	71.4166666667
0.6	15	5	0.9	0	0	112.666666667
0.6	15	5	0.9	0	1	71.4166666667
0.6	15	5	0.9	0.3	0	112.666666667
0.6	15	5	0.9	0.3	1	71.4166666667
0.6	15	5	0.9	0.6	0	112.666666667
0.6	15	5	0.9	0.6	1	71.4166666667
0.6	15	5	0.9	0.9	0	112.666666667
0.6	15	5	0.9	0.9	1	71.4166666667
0.6	15	10	0	0	0	120.166666667
0.6	15	10	0	0	1	75.1666666667
0.6	15	10	0	0.3	0	120.166666667
0.6	15	10	0	0.3	1	75.1666666667
0.6	15	10	0	0.6	0	120.166666667
0.6	15	10	0	0.6	1	75.1666666667
0.6	15	10	0	0.9	0	120.166666667
0.6	15	10	0	0.9	1	72.25
0.6	15	10	0.3	0	0	120.166666667
0.6	15	10	0.3	0	1	75.1666666667
0.6	15	10	0.3	0.3	0	120.166666667
0.6	15	10	0.3	0.3	1	75.1666666667
0.6	15	10	0.3	0.6	0	120.166666667
0.6	15	10	0.3	0.6	1	75.1666666667
0.6	15	10	0.3	0.9	0	120.166666667
0.6	15	10	0.3	0.9	1	72.25
0.6	15	10	0.6	0	0	120.166666667
0.6	15	10	0.6	0	1	75.1666666667
0.6	15	10	0.6	0.3	0	120.166666667
0.6	15	10	0.6	0.3	1	75.1666666667
0.6	15	10	0.6	0.6	0	120.166666667
0.6	15	10	0.6	0.6	1	75.1666666667
0.6	15	10	0.6	0.9	0	120.166666667
0.6	15	10	0.6	0.9	1	72.25
0.6	15	10	0.9	0	0	114.333333333
0.6	15	10	0.9	0	1	75.1666666667
0.6	15	10	0.9	0.3	0	114.333333333
0.6	15	10	0.9	0.3	1	75.1666666667
0.6	15	10	0.9	0.6	0	114.333333333
0.6	15	10	0.9	0.6	1	75.1666666667
0.6	15	10	0.9	0.9	0	114.333333333
0.6	15	10	0.9	0.9	1	72.25
0.6	15	15	0	0	0	120.166666667
0.6	15	15	0	0	1	75.1666666667
0.6	15	15	0	0.3	0	120.166666667
0.6	15	15	0	0.3	1	75.1666666667
0.6	15	15	0	0.6	0	120.166666667
0.6	15	15	0	0.6	1	75.1666666667
0.6	15	15	0	0.9	0	120.166666667
0.6	15	15	0	0.9	1	73.5
0.6	15	15	0.3	0	0	120.166666667
0.6	15	15	0.3	0	1	75.1666666667
0.6	15	15	0.3	0.3	0	120.166666667
0.6	15	15	0.3	0.3	1	75.1666666667
0.6	15	15	0.3	0.6	0	120.166666667
0.6	15	15	0.3	0.6	1	75.1666666667
0.6	15	15	0.3	0.9	0	120.166666667
0.6	15	15	0.3	0.9	1	73.5
0.6	15	15	0.6	0	0	120.166666667
0.6	15	15	0.6	0	1	75.1666666667
0.6	15	15	0.6	0.3	0	120.166666667
0.6	15	15	0.6	0.3	1	75.1666666667
0.6	15	15	0.6	0.6	0	120.166666667
0.6	15	15	0.6	0.6	1	75.1666666667
0.6	15	15	0.6	0.9	0	120.166666667
0.6	15	15	0.6	0.9	1	73.5
0.6	15	15	0.9	0	0	116.833333333
0.6	15	15	0.9	0	1	75.1666666667
0.6	15	15	0.9	0.3	0	116.833333333
0.6	15	15	0.9	0.3	1	75.1666666667
0.6	15	15	0.9	0.6	0	116.833333333
0.6	15	15	0.9	0.6	1	75.1666666667
0.6	15	15	0.9	0.9	0	116.833333333
0.6	15	15	0.9	0.9	1	73.5
0.6	15	20	0	0	0	150.25
0.6	15	20	0	0	1	120.25
0.6	15	20	0	0.3	0	150.25
0.6	15	20	0	0.3	1	110.166666667
0.6	15	20	0	0.6	0	150.25
0.6	15	20	0	0.6	1	85.1666666667
0.6	15	20	0	0.9	0	131.916666667
0.6	15	20	0	0.9	1	75.1666666667
0.6	15	20	0.3	0	0	150.25
0.6	15	20	0.3	0	1	120.25
0.6	15	20	0.3	0.3	0	150.25
0.6	15	20	0.3	0.3	1	110.166666667
0.6	15	20	0.3	0.6	0	150.25
0.6	15	20	0.3	0.6	1	85.1666666667
0.6	15	20	0.3	0.9	0	131.916666667
0.6	15	20	0.3	0.9	1	75.1666666667
0.6	15	20	0.6	0	0	140.166666667
0.6	15	20	0.6	0	1	110.25
0.6	15	20	0.6	0.3	0	140.166666667
0.6	15	20	0.6	0.3	1	110.166666667
0.6	15	20	0.6	0.6	0	140.166666667
0.6	15	20	0.6	0.6	1	85.1666666667
0.6	15	20	0.6	0.9	0	131.916666667
0.6	15	20	0.6	0.9	1	75.1666666667
0.6	15	20	0.9	0	0	120.166666667
0.6	15	20	0.9	0	1	93.5833333333
0.6	15	20	0.9	0.3	0	120.166666667
0.6	15	20	0.9	0.3	1	93.5833333333
0.6	15	20	0.9	0.6	0	120.166666667
0.6	15	20	0.9	0.6	1	85.1666666667
0.6	15	20	0.9	0.9	0	120.166666667
0.6	15	20	0.9	0.9	1	75.1666666667
0.6	15	25	0	0	0	150.25
0.6	15	25	0	0	1	120.25
0.6	15	25	0	0.3	0	150.25
0.6	15	25	0	0.3	1	110.166666667
0.6	15	25	0	0.6	0	150.25
0.6	15	25	0	0.6	1	85.1666666667
0.6	15	25	0	0.9	0	131.916666667
0.6	15	25	0	0.9	1	75.1666666667
0.6	15	25	0.3	0	0	150.25
0.6	15	25	0.3	0	1	120.25
0.6	15	25	0.3	0.3	0	150.25
0.6	15	25	0.3	0.3	1	110.166666667
0.6	15	25	0.3	0.6	0	150.25
0.6	15	25	0.3	0.6	1	85.1666666667
0.6	15	25	0.3	0.9	0	131.916666667
0.6	15	25	0.3	0.9	1	75.1666666667
0.6	15	25	0.6	0	0	140.166666667
0.6	15	25	0.6	0	1	110.25
0.6	15	25	0.6	0.3	0	140.166666667
0.6	15	25	0.6	0.3	1	110.166666667
0.6	15	25	0.6	0.6	0	140.166666667
0.6	15	25	0.6	0.6	1	85.1666666667
0.6	15	25	0.6	0.9	0	131.916666667
0.6	15	25	0.6	0.9	1	75.1666666667
0.6	15	25	0.9	0	0	120.166666667
0.6	15	25	0.9	0	1	93.5833333333
0.6	15	25	0.9	0.3	0	120.166666667
0.6	15	25	0.9	0.3	1	93.5833333333
0.6	15	25	0.9	0.6	0	120.166666667
0.6	15	25	0.9	0.6	1	85.1666666667
0.6	15	25	0.9	0.9	0	120.166666667
0.6	15	25	0.9	0.9	1	75.1666666667
0.6	15	30	0	0	0	165.25
0.6	15	30	0	0	1	142.75
0.6	15	30	0	0.3	0	165.25
0.6	15	30	0	0.3	1	127.666666667
0.6	15	30	0	0.6	0	165.25
0.6	15	30	0	0.6	1	90.1666666667
0.6	15	30	0	0.9	0	137.75
0.6	15	30	0	0.9	1	76
0.6	15	30	0.3	0	0	165.25
0.6	15	30	0.3	0	1	142.75
0.6	15	30	0.3	0.3	0	165.25
0.6	15	30	0.3	0.3	1	127.666666667
0.6	15	30	0.3	0.6	0	165.25
0.6	15	30	0.3	0.6	1	90.1666666667
0.6	15	30	0.3	0.9	0	137.75
0.6	15	30	0.3	0.9	1	76
0.6	15	30	0.6	0	0	150.166666667
0.6	15	30	0.6	0	1	127.75
0.6	15	30	0.6	0.3	0	150.166666667
0.6	15	30	0.6	0.3	1	127.666666667
0.6	15	30	0.6	0.6	0	150.166666667
0.6	15	30	0.6	0.6	1	90.1666666667
0.6	15	30	0.6	0.9	0	137.75
0.6	15	30	0.6	0.9	1	76
0.6	15	30	0.9	0	0	121.833333333
0.6	15	30	0.9	0	1	102.75
0.6	15	30	0.9	0.3	0	121.833333333
0.6	15	30	0.9	0.3	1	102.75
0.6	15	30	0.9	0.6	0	121.833333333
0.6	15	30	0.9	0.6	1	90.1666666667
0.6	15	30	0.9	0.9	0	121.833333333
0.6	15	30	0.9	0.9	1	76
0.6	16	5	0	0	0	120.166666667
0.6	16	5	0	0	1	75.1666666667
0.6	16	5	0	0.3	0	120.166666667
0.6	16	5	0	0.3	1	75.1666666667
0.6	16	5	0	0.6	0	120.166666667
0.6	16	5	0	0.6	1	75.1666666667
0.6	16	5	0	0.9	0	120.166666667
0.6	16	5	0	0.9	1	72.25
0.6	16	5	0.3	0	0	120.166666667
0.6	16	5	0.3	0	1	75.1666666667
0.6	16	5	0.3	0.3	0	120.166666667
0.6	16	5	0.3	0.3	1	75.1666666667
0.6	16	5	0.3	0.6	0	120.166666667
0.6	16	5	0.3	0.6	1	75.1666666667
0.6	16	5	0.3	0.9	0	120.166666667
0.6	16	5	0.3	0.9	1	72.25
0.6	16	5	0.6	0	0	120.166666667
0.6	16	5	0.6	0	1	75.1666666667
0.6	16	5	0.6	0.3	0	120.166666667
0.6	16	5	0.6	0.3	1	75.1666666667
0.6	16	5	0.6	0.6	0	120.166666667
0.6	16	5	0.6	0.6	1	75.1666666667
0.6	16	5	0.6	0.9	0	120.166666667
0.6	16	5	0.6	0.9	1	72.25
0.6	16	5	0.9	0	0	114.333333333
0.6	16	5	0.9	0	1	75.1666666667
0.6	16	5	0.9	0.3	0	114.333333333
0.6	16	5	0.9	0.3	1	75.1666666667
0.6	16	5	0.9	0.6	0	114.333333333
0.6	16	5	0.9	0.6	1	75.1666666667
0.6	16	5	0.9	0.9	0	114.333333333
0.6	16	5	0.9	0.9	1	72.25
0.6	16	10	0	0	0	150.25
0.6	16	10	0	0	1	120.25
0.6	16	10	0	0.3	0	150.25
0.6	16	10	0	0.3	1	110.166666667
0.6	16	10	0	0.6	0	150.25
0.6	16	10	0	0.6	1	85.1666666667
0.6	16	10	0	0.9	0	131.916666667
0.6	16	10	0	0.9	1	74.3333333333
0.6	16	10	0.3	0	0	150.25
0.6	16	10	0.3	0	1	120.25
0.6	16	10	0.3	0.3	0	150.25
0.6	16	10	0.3	0.3	1	110.166666667
0.6	16	10	0.3	0.6	0	150.25
0.6	16	10	0.3	0.6	1	85.1666666667
0.6	16	10	0.3	0.9	0	131.916666667
0.6	16	10	0.3	0.9	1	74.3333333333
0.6	16	10	0.6	0	0	140.166666667
0.6	16	10	0.6	0	1	110.25
0.6	16	10	0.6	0.3	0	140.166666667
0.6	16	10	0.6	0.3	1	110.166666667
0.6	16	10	0.6	0.6	0	140.166666667
0.6	16	10	0.6	0.6	1	85.1666666667
0.6	16	10	0.6	0.9	0	131.916666667
0.6	16	10	0.6	0.9	1	74.3333333333
0.6	16	10	0.9	0	0	118.5
0.6	16	10	0.9	0	1	93.5833333333
0.6	16	10	0.9	0.3	0	118.5
0.6	16	10	0.9	0.3	1	93.5833333333
0.6	16	10	0.9	0.6	0	118.5
0.6	16	10	0.9	0.6	1	85.1666666667
0.6	16	10	0.9	0.9	0	118.5
0.6	16	10	0.9	0.9	1	74.3333333333
0.6	16	15	0	0	0	150.25
0.6	16	15	0	0	1	120.25
0.6	16	15	0	0.3	0	150.25
0.6	16	15	0	0.3	1	110.166666667
0.6	16	15	0	0.6	0	150.25
0.6	16	15	0	0.6	1	85.1666666667
0.6	16	15	0	0.9	0	131.916666667
0.6	16	15	0	0.9	1	74.3333333333
0.6	16	15	0.3	0	0	150.25
0.6	16	15	0.3	0	1	120.25
0.6	16	15	0.3	0.3	0	150.25
0.6	16	15	0.3	0.3	1	110.166666667
0.6	16	15	0.3	0.6	0	150.25
0.6	16	15	0.3	0.6	1	85.1666666667
0.6	16	15	0.3	0.9	0	131.916666667
0.6	16	15	0.3	0.9	1	74.3333333333
0.6	16	15	0.6	0	0	140.166666667
0.6	16	15	0.6	0	1	110.25
0.6	16	15	0.6	0.3	0	140.166666667
0.6	16	15	0.6	0.3	1	110.166666667
0.6	16	15	0.6	0.6	0	140.166666667
0.6	16	15	0.6	0.6	1	85.1666666667
0.6	16	15	0.6	0.9	0	131.916666667
0.6	16	15	0.6	0.9	1	74.3333333333
0.6	16	15	0.9	0	0	118.5
0.6	16	15	0.9	0	1	93.5833333333
0.6	16	15	0.9	0.3	0	118.5
0.6	16	15	0.9	0.3	1	93.5833333333
0.6	16	15	0.9	0.6	0	118.5
0.6	16	15	0.9	0.6	1	85.1666666667
0.6	16	15	0.9	0.9	0	118.5
0.6	16	15	0.9	0.9	1	74.3333333333
0.6	16	20	0	0	0	150.25
0.6	16	20	0	0	1	120.25
0.6	16	20	0	0.3	0	150.25
0.6	16	20	0	0.3	1	110.166666667
0.6	16	20	0	0.6	0	150.25
0.6	16	20	0	0.6	1	85.1666666667
0.6	16	20	0	0.9	0	131.916666667
0.6	16	20	0	0.9	1	74.3333333333
0.6	16	20	0.3	0	0	150.25
0.6	16	20	0.3	0	1	120.25
0.6	16	20	0.3	0.3	0	150.25
0.6	16	20	0.3	0.3	1	110.166666667
0.6	16	20	0.3	0.6	0	150.25
0.6	16	20	0.3	0.6	1	85.1666666667
0.6	16	20	0.3	0.9	0	131.916666667
0.6	16	20	0.3	0.9	1	74.3333333333
0.6	16	20	0.6	0	0	140.166666667
0.6	16	20	0.6	0	1	110.25
0.6	16	20	0.6	0.3	0	140.166666667
0.6	16	20	0.6	0.3	1	110.166666667
0.6	16	20	0.6	0.6	0	140.166666667
0.6	16	20	0.6	0.6	1	85.1666666667
0.6	16	20	0.6	0.9	0	131.916666667
0.6	16	20	0.6	0.9	1	74.3333333333
0.6	16	20	0.9	0	0	118.5
0.6	16	20	0.9	0	1	93.5833333333
0.6	16	20	0.9	0.3	0	118.5
0.6	16	20	0.9	0.3	1	93.5833333333
0.6	16	20	0.9	0.6	0	118.5
0.6	16	20	0.9	0.6	1	85.1666666667
0.6	16	20	0.9	0.9	0	118.5
0.6	16	20	0.9	0.9	1	74.3333333333
0.6	16	25	0	0	0	165.25
0.6	16	25	0	0	1	142.75
0.6	16	25	0	0.3	0	165.25
0.6	16	25	0	0.3	1	127.666666667
0.6	16	25	0	0.6	0	165.25
0.6	16	25	0	0.6	1	90.1666666667
0.6	16	25	0	0.9	0	137.75
0.6	16	25	0	0.9	1	75.1666666667
0.6	16	25	0.3	0	0	165.25
0.6	16	25	0.3	0	1	142.75
0.6	16	25	0.3	0.3	0	165.25
0.6	16	25	0.3	0.3	1	127.666666667
0.6	16	25	0.3	0.6	0	165.25
0.6	16	25	0.3	0.6	1	90.1666666667
0.6	16	25	0.3	0.9	0	137.75
0.6	16	25	0.3	0.9	1	75.1666666667
0.6	16	25	0.6	0	0	150.166666667
0.6	16	25	0.6	0	1	127.75
0.6	16	25	0.6	0.3	0	150.166666667
0.6	16	25	0.6	0.3	1	127.666666667
0.6	16	25	0.6	0.6	0	150.166666667
0.6	16	25	0.6	0.6	1	90.1666666667
0.6	16	25	0.6	0.9	0	137.75
0.6	16	25	0.6	0.9	1	75.1666666667
0.6	16	25	0.9	0	0	120.166666667
0.6	16	25	0.9	0	1	102.75
0.6	16	25	0.9	0.3	0	120.166666667
0.6	16	25	0.9	0.3	1	102.75
0.6	16	25	0.9	0.6	0	120.166666667
0.6	16	25	0.9	0.6	1	90.1666666667
0.6	16	25	0.9	0.9	0	120.166666667
0.6	16	25	0.9	0.9	1	75.1666666667
0.6	16	30	0	0	0	165.25
0.6	16	30	0	0	1	142.75
0.6	16	30	0	0.3	0	165.25
0.6	16	30	0	0.3	1	127.666666667
0.6	16	30	0	0.6	0	165.25
0.6	16	30	0	0.6	1	90.1666666667
0.6	16	30	0	0.9	0	137.75
0.6	16	30	0	0.9	1	75.1666666667
0.6	16	30	0.3	0	0	165.25
0.6	16	30	0.3	0	1	142.75
0.6	16	30	0.3	0.3	0	165.25
0.6	16	30	0.3	0.3	1	127.666666667
0.6	16	30	0.3	0.6	0	165.25
0.6	16	30	0.3	0.6	1	90.1666666667
0.6	16	30	0.3	0.9	0	137.75
0.6	16	30	0.3	0.9	1	75.1666666667
0.6	16	30	0.6	0	0	150.166666667
0.6	16	30	0.6	0	1	127.75
0.6	16	30	0.6	0.3	0	150.166666667
0.6	16	30	0.6	0.3	1	127.666666667
0.6	16	30	0.6	0.6	0	150.166666667
0.6	16	30	0.6	0.6	1	90.1666666667
0.6	16	30	0.6	0.9	0	137.75
0.6	16	30	0.6	0.9	1	75.1666666667
0.6	16	30	0.9	0	0	120.166666667
0.6	16	30	0.9	0	1	102.75
0.6	16	30	0.9	0.3	0	120.166666667
0.6	16	30	0.9	0.3	1	102.75
0.6	16	30	0.9	0.6	0	120.166666667
0.6	16	30	0.9	0.6	1	90.1666666667
0.6	16	30	0.9	0.9	0	120.166666667
0.6	16	30	0.9	0.9	1	75.1666666667
0.6	17	5	0	0	0	142.75
0.6	17	5	0	0	1	116.5
0.6	17	5	0	0.3	0	142.75
0.6	17	5	0	0.3	1	88.9166666667
0.6	17	5	0	0.6	0	132.75
0.6	17	5	0	0.6	1	76.4166666667
0.6	17	5	0	0.9	0	122.333333333
0.6	17	5	0	0.9	1	72.25
0.6	17	5	0.3	0	0	142.75
0.6	17	5	0.3	0	1	116.5
0.6	17	5	0.3	0.3	0	142.75
0.6	17	5	0.3	0.3	1	88.9166666667
0.6	17	5	0.3	0.6	0	132.75
0.6	17	5	0.3	0.6	1	76.4166666667
0.6	17	5	0.3	0.9	0	122.333333333
0.6	17	5	0.3	0.9	1	72.25
0.6	17	5	0.6	0	0	122.666666667
0.6	17	5	0.6	0	1	96.5
0.6	17	5	0.6	0.3	0	122.666666667
0.6	17	5	0.6	0.3	1	88.9166666667
0.6	17	5	0.6	0.6	0	122.666666667
0.6	17	5	0.6	0.6	1	76.4166666667
0.6	17	5	0.6	0.9	0	122.333333333
0.6	17	5	0.6	0.9	1	72.25
0.6	17	5	0.9	0	0	114.333333333
0.6	17	5	0.9	0	1	88.1666666667
0.6	17	5	0.9	0.3	0	114.333333333
0.6	17	5	0.9	0.3	1	88.1666666667
0.6	17	5	0.9	0.6	0	114.333333333
0.6	17	5	0.9	0.6	1	76.4166666667
0.6	17	5	0.9	0.9	0	114.333333333
0.6	17	5	0.9	0.9	1	72.25
0.6	17	10	0	0	0	142.75
0.6	17	10	0	0	1	116.5
0.6	17	10	0	0.3	0	142.75
0.6	17	10	0	0.3	1	106.416666667
0.6	17	10	0	0.6	0	142.75
0.6	17	10	0	0.6	1	81.4166666667
0.6	17	10	0	0.9	0	124.416666667
0.6	17	10	0	0.9	1	73.0833333333
0.6	17	10	0.3	0	0	142.75
0.6	17	10	0.3	0	1	116.5
0.6	17	10	0.3	0.3	0	142.75
0.6	17	10	0.3	0.3	1	106.416666667
0.6	17	10	0.3	0.6	0	142.75
0.6	17	10	0.3	0.6	1	81.4166666667
0.6	17	10	0.3	0.9	0	124.416666667
0.6	17	10	0.3	0.9	1	73.0833333333
0.6	17	10	0.6	0	0	132.666666667
0.6	17	10	0.6	0	1	106.5
0.6	17	10	0.6	0.3	0	132.666666667
0.6	17	10	0.6	0.3	1	106.416666667
0.6	17	10	0.6	0.6	0	132.666666667
0.6	17	10	0.6	0.6	1	81.4166666667
0.6	17	10	0.6	0.9	0	124.416666667
0.6	17	10	0.6	0.9	1	73.0833333333
0.6	17	10	0.9	0	0	116
0.6	17	10	0.9	0	1	89.8333333333
0.6	17	10	0.9	0.3	0	116
0.6	17	10	0.9	0.3	1	89.8333333333
0.6	17	10	0.9	0.6	0	116
0.6	17	10	0.9	0.6	1	81.4166666667
0.6	17	10	0.9	0.9	0	116
0.6	17	10	0.9	0.9	1	73.0833333333
0.6	17	15	0	0	0	150.25
0.6	17	15	0	0	1	120.25
0.6	17	15	0	0.3	0	150.25
0.6	17	15	0	0.3	1	110.166666667
0.6	17	15	0	0.6	0	150.25
0.6	17	15	0	0.6	1	85.1666666667
0.6	17	15	0	0.9	0	131.916666667
0.6	17	15	0	0.9	1	74.3333333333
0.6	17	15	0.3	0	0	150.25
0.6	17	15	0.3	0	1	120.25
0.6	17	15	0.3	0.3	0	150.25
0.6	17	15	0.3	0.3	1	110.166666667
0.6	17	15	0.3	0.6	0	150.25
0.6	17	15	0.3	0.6	1	85.1666666667
0.6	17	15	0.3	0.9	0	131.916666667
0.6	17	15	0.3	0.9	1	74.3333333333
0.6	17	15	0.6	0	0	140.166666667
0.6	17	15	0.6	0	1	110.25
0.6	17	15	0.6	0.3	0	140.166666667
0.6	17	15	0.6	0.3	1	110.166666667
0.6	17	15	0.6	0.6	0	140.166666667
0.6	17	15	0.6	0.6	1	85.1666666667
0.6	17	15	0.6	0.9	0	131.916666667
0.6	17	15	0.6	0.9	1	74.3333333333
0.6	17	15	0.9	0	0	118.5
0.6	17	15	0.9	0	1	93.5833333333
0.6	17	15	0.9	0.3	0	118.5
0.6	17	15	0.9	0.3	1	93.5833333333
0.6	17	15	0.9	0.6	0	118.5
0.6	17	15	0.9	0.6	1	85.1666666667
0.6	17	15	0.9	0.9	0	118.5
0.6	17	15	0.9	0.9	1	74.3333333333
0.6	17	20	0	0	0	165.25
0.6	17	20	0	0	1	142.75
0.6	17	20	0	0.3	0	165.25
0.6	17	20	0	0.3	1	127.666666667
0.6	17	20	0	0.6	0	165.25
0.6	17	20	0	0.6	1	88.9166666667
0.6	17	20	0	0.9	0	133.166666667
0.6	17	20	0	0.9	1	74.3333333333
0.6	17	20	0.3	0	0	165.25
0.6	17	20	0.3	0	1	142.75
0.6	17	20	0.3	0.3	0	165.25
0.6	17	20	0.3	0.3	1	127.666666667
0.6	17	20	0.3	0.6	0	165.25
0.6	17	20	0.3	0.6	1	88.9166666667
0.6	17	20	0.3	0.9	0	133.166666667
0.6	17	20	0.3	0.9	1	74.3333333333
0.6	17	20	0.6	0	0	147.666666667
0.6	17	20	0.6	0	1	127.75
0.6	17	20	0.6	0.3	0	147.666666667
0.6	17	20	0.6	0.3	1	127.666666667
0.6	17	20	0.6	0.6	0	147.666666667
0.6	17	20	0.6	0.6	1	88.9166666667
0.6	17	20	0.6	0.9	0	133.166666667
0.6	17	20	0.6	0.9	1	74.3333333333
0.6	17	20	0.9	0	0	118.5
0.6	17	20	0.9	0	1	102.75
0.6	17	20	0.9	0.3	0	118.5
0.6	17	20	0.9	0.3	1	102.75
0.6	17	20	0.9	0.6	0	118.5
0.6	17	20	0.9	0.6	1	88.9166666667
0.6	17	20	0.9	0.9	0	118.5
0.6	17	20	0.9	0.9	1	74.3333333333
0.6	17	25	0	0	0	165.25
0.6	17	25	0	0	1	142.75
0.6	17	25	0	0.3	0	165.25
0.6	17	25	0	0.3	1	127.666666667
0.6	17	25	0	0.6	0	165.25
0.6	17	25	0	0.6	1	88.9166666667
0.6	17	25	0	0.9	0	133.166666667
0.6	17	25	0	0.9	1	74.3333333333
0.6	17	25	0.3	0	0	165.25
0.6	17	25	0.3	0	1	142.75
0.6	17	25	0.3	0.3	0	165.25
0.6	17	25	0.3	0.3	1	127.666666667
0.6	17	25	0.3	0.6	0	165.25
0.6	17	25	0.3	0.6	1	88.9166666667
0.6	17	25	0.3	0.9	0	133.166666667
0.6	17	25	0.3	0.9	1	74.3333333333
0.6	17	25	0.6	0	0	147.666666667
0.6	17	25	0.6	0	1	127.75
0.6	17	25	0.6	0.3	0	147.666666667
0.6	17	25	0.6	0.3	1	127.666666667
0.6	17	25	0.6	0.6	0	147.666666667
0.6	17	25	0.6	0.6	1	88.9166666667
0.6	17	25	0.6	0.9	0	133.166666667
0.6	17	25	0.6	0.9	1	74.3333333333
0.6	17	25	0.9	0	0	118.5
0.6	17	25	0.9	0	1	102.75
0.6	17	25	0.9	0.3	0	118.5
0.6	17	25	0.9	0.3	1	102.75
0.6	17	25	0.9	0.6	0	118.5
0.6	17	25	0.9	0.6	1	88.9166666667
0.6	17	25	0.9	0.9	0	118.5
0.6	17	25	0.9	0.9	1	74.3333333333
0.6	17	30	0	0	0	180.25
0.6	17	30	0	0	1	165.25
0.6	17	30	0	0.3	0	180.25
0.6	17	30	0	0.3	1	145.166666667
0.6	17	30	0	0.6	0	180.25
0.6	17	30	0	0.6	1	93.9166666667
0.6	17	30	0	0.9	0	139
0.6	17	30	0	0.9	1	75.1666666667
0.6	17	30	0.3	0	0	180.25
0.6	17	30	0.3	0	1	165.25
0.6	17	30	0.3	0.3	0	180.25
0.6	17	30	0.3	0.3	1	145.166666667
0.6	17	30	0.3	0.6	0	180.25
0.6	17	30	0.3	0.6	1	93.9166666667
0.6	17	30	0.3	0.9	0	139
0.6	17	30	0.3	0.9	1	75.1666666667
0.6	17	30	0.6	0	0	157.666666667
0.6	17	30	0.6	0	1	145.25
0.6	17	30	0.6	0.3	0	157.666666667
0.6	17	30	0.6	0.3	1	145.166666667
0.6	17	30	0.6	0.6	0	157.666666667
0.6	17	30	0.6	0.6	1	93.9166666667
0.6	17	30	0.6	0.9	0	139
0.6	17	30	0.6	0.9	1	75.1666666667
0.6	17	30	0.9	0	0	120.166666667
0.6	17	30	0.9	0	1	111.916666667
0.6	17	30	0.9	0.3	0	120.166666667
0.6	17	30	0.9	0.3	1	111.916666667
0.6	17	30	0.9	0.6	0	120.166666667
0.6	17	30	0.9	0.6	1	93.9166666667
0.6	17	30	0.9	0.9	0	120.166666667
0.6	17	30	0.9	0.9	1	75.1666666667
0.9	1	5	0	0	0	195.083333333
0.9	1	5	0	0	1	71.4166666667
0.9	1	5	0	0.3	0	195.083333333
0.9	1	5	0	0.3	1	71.4166666667
0.9	1	5	0	0.6	0	195.083333333
0.9	1	5	0	0.6	1	71.4166666667
0.9	1	5	0	0.9	0	195.083333333
0.9	1	5	0	0.9	1	71.4166666667
0.9	1	5	0.3	0	0	195.083333333
0.9	1	5	0.3	0	1	71.4166666667
0.9	1	5	0.3	0.3	0	195.083333333
0.9	1	5	0.3	0.3	1	71.4166666667
0.9	1	5	0.3	0.6	0	195.083333333
0.9	1	5	0.3	0.6	1	71.4166666667
0.9	1	5	0.3	0.9	0	195.083333333
0.9	1	5	0.3	0.9	1	71.4166666667
0.9	1	5	0.6	0	0	195.083333333
0.9	1	5	0.6	0	1	71.4166666667
0.9	1	5	0.6	0.3	0	195.083333333
0.9	1	5	0.6	0.3	1	71.4166666667
0.9	1	5	0.6	0.6	0	195.083333333
0.9	1	5	0.6	0.6	1	71.4166666667
0.9	1	5	0.6	0.9	0	195.083333333
0.9	1	5	0.6	0.9	1	71.4166666667
0.9	1	5	0.9	0	0	195.083333333
0.9	1	5	0.9	0	1	71.4166666667
0.9	1	5	0.9	0.3	0	195.083333333
0.9	1	5	0.9	0.3	1	71.4166666667
0.9	1	5	0.9	0.6	0	195.083333333
0.9	1	5	0.9	0.6	1	71.4166666667
0.9	1	5	0.9	0.9	0	195.083333333
0.9	1	5	0.9	0.9	1	71.4166666667
0.9	1	10	0	0	0	195.083333333
0.9	1	10	0	0	1	71.4166666667
0.9	1	10	0	0.3	0	195.083333333
0.9	1	10	0	0.3	1	71.4166666667
0.9	1	10	0	0.6	0	195.083333333
0.9	1	10	0	0.6	1	71.4166666667
0.9	1	10	0	0.9	0	195.083333333
0.9	1	10	0	0.9	1	71.4166666667
0.9	1	10	0.3	0	0	195.083333333
0.9	1	10	0.3	0	1	71.4166666667
0.9	1	10	0.3	0.3	0	195.083333333
0.9	1	10	0.3	0.3	1	71.4166666667
0.9	1	10	0.3	0.6	0	195.083333333
0.9	1	10	0.3	0.6	1	71.4166666667
0.9	1	10	0.3	0.9	0	195.083333333
0.9	1	10	0.3	0.9	1	71.4166666667
0.9	1	10	0.6	0	0	195.083333333
0.9	1	10	0.6	0	1	71.4166666667
0.9	1	10	0.6	0.3	0	195.083333333
0.9	1	10	0.6	0.3	1	71.4166666667
0.9	1	10	0.6	0.6	0	195.083333333
0.9	1	10	0.6	0.6	1	71.4166666667
0.9	1	10	0.6	0.9	0	195.083333333
0.9	1	10	0.6	0.9	1	71.4166666667
0.9	1	10	0.9	0	0	195.083333333
0.9	1	10	0.9	0	1	71.4166666667
0.9	1	10	0.9	0.3	0	195.083333333
0.9	1	10	0.9	0.3	1	71.4166666667
0.9	1	10	0.9	0.6	0	195.083333333
0.9	1	10	0.9	0.6	1	71.4166666667
0.9	1	10	0.9	0.9	0	195.083333333
0.9	1	10	0.9	0.9	1	71.4166666667
0.9	1	15	0	0	0	195.083333333
0.9	1	15	0	0	1	75.1666666667
0.9	1	15	0	0.3	0	195.083333333
0.9	1	15	0	0.3	1	75.1666666667
0.9	1	15	0	0.6	0	195.083333333
0.9	1	15	0	0.6	1	75.1666666667
0.9	1	15	0	0.9	0	195.083333333
0.9	1	15	0	0.9	1	72.25
0.9	1	15	0.3	0	0	195.083333333
0.9	1	15	0.3	0	1	75.1666666667
0.9	1	15	0.3	0.3	0	195.083333333
0.9	1	15	0.3	0.3	1	75.1666666667
0.9	1	15	0.3	0.6	0	195.083333333
0.9	1	15	0.3	0.6	1	75.1666666667
0.9	1	15	0.3	0.9	0	195.083333333
0.9	1	15	0.3	0.9	1	72.25
0.9	1	15	0.6	0	0	195.083333333
0.9	1	15	0.6	0	1	75.1666666667
0.9	1	15	0.6	0.3	0	195.083333333
0.9	1	15	0.6	0.3	1	75.1666666667
0.9	1	15	0.6	0.6	0	195.083333333
0.9	1	15	0.6	0.6	1	75.1666666667
0.9	1	15	0.6	0.9	0	195.083333333
0.9	1	15	0.6	0.9	1	72.25
0.9	1	15	0.9	0	0	195.083333333
0.9	1	15	0.9	0	1	75.1666666667
0.9	1	15	0.9	0.3	0	195.083333333
0.9	1	15	0.9	0.3	1	75.1666666667
0.9	1	15	0.9	0.6	0	195.083333333
0.9	1	15	0.9	0.6	1	75.1666666667
0.9	1	15	0.9	0.9	0	195.083333333
0.9	1	15	0.9	0.9	1	72.25
0.9	1	20	0	0	0	195.083333333
0.9	1	20	0	0	1	75.1666666667
0.9	1	20	0	0.3	0	195.083333333
0.9	1	20	0	0.3	1	75.1666666667
0.9	1	20	0	0.6	0	195.083333333
0.9	1	20	0	0.6	1	75.1666666667
0.9	1	20	0	0.9	0	195.083333333
0.9	1	20	0	0.9	1	72.25
0.9	1	20	0.3	0	0	195.083333333
0.9	1	20	0.3	0	1	75.1666666667
0.9	1	20	0.3	0.3	0	195.083333333
0.9	1	20	0.3	0.3	1	75.1666666667
0.9	1	20	0.3	0.6	0	195.083333333
0.9	1	20	0.3	0.6	1	75.1666666667
0.9	1	20	0.3	0.9	0	195.083333333
0.9	1	20	0.3	0.9	1	72.25
0.9	1	20	0.6	0	0	195.083333333
0.9	1	20	0.6	0	1	75.1666666667
0.9	1	20	0.6	0.3	0	195.083333333
0.9	1	20	0.6	0.3	1	75.1666666667
0.9	1	20	0.6	0.6	0	195.083333333
0.9	1	20	0.6	0.6	1	75.1666666667
0.9	1	20	0.6	0.9	0	195.083333333
0.9	1	20	0.6	0.9	1	72.25
0.9	1	20	0.9	0	0	195.083333333
0.9	1	20	0.9	0	1	75.1666666667
0.9	1	20	0.9	0.3	0	195.083333333
0.9	1	20	0.9	0.3	1	75.1666666667
0.9	1	20	0.9	0.6	0	195.083333333
0.9	1	20	0.9	0.6	1	75.1666666667
0.9	1	20	0.9	0.9	0	195.083333333
0.9	1	20	0.9	0.9	1	72.25
0.9	1	25	0	0	0	195.083333333
0.9	1	25	0	0	1	75.1666666667
0.9	1	25	0	0.3	0	195.083333333
0.9	1	25	0	0.3	1	75.1666666667
0.9	1	25	0	0.6	0	195.083333333
0.9	1	25	0	0.6	1	75.1666666667
0.9	1	25	0	0.9	0	195.083333333
0.9	1	25	0	0.9	1	73.0833333333
0.9	1	25	0.3	0	0	195.083333333
0.9	1	25	0.3	0	1	75.1666666667
0.9	1	25	0.3	0.3	0	195.083333333
0.9	1	25	0.3	0.3	1	75.1666666667
0.9	1	25	0.3	0.6	0	195.083333333
0.9	1	25	0.3	0.6	1	75.1666666667
0.9	1	25	0.3	0.9	0	195.083333333
0.9	1	25	0.3	0.9	1	73.0833333333
0.9	1	25	0.6	0	0	195.083333333
0.9	1	25	0.6	0	1	75.1666666667
0.9	1	25	0.6	0.3	0	195.083333333
0.9	1	25	0.6	0.3	1	75.1666666667
0.9	1	25	0.6	0.6	0	195.083333333
0.9	1	25	0.6	0.6	1	75.1666666667
0.9	1	25	0.6	0.9	0	195.083333333
0.9	1	25	0.6	0.9	1	73.0833333333
0.9	1	25	0.9	0	0	195.083333333
0.9	1	25	0.9	0	1	75.1666666667
0.9	1	25	0.9	0.3	0	195.083333333
0.9	1	25	0.9	0.3	1	75.1666666667
0.9	1	25	0.9	0.6	0	195.083333333
0.9	1	25	0.9	0.6	1	75.1666666667
0.9	1	25	0.9	0.9	0	195.083333333
0.9	1	25	0.9	0.9	1	73.0833333333
0.9	1	30	0	0	0	195.083333333
0.9	1	30	0	0	1	116.416666667
0.9	1	30	0	0.3	0	195.083333333
0.9	1	30	0	0.3	1	106.416666667
0.9	1	30	0	0.6	0	195.083333333
0.9	1	30	0	0.6	1	81.4166666667
0.9	1	30	0	0.9	0	195.083333333
0.9	1	30	0	0.9	1	73.0833333333
0.9	1	30	0.3	0	0	195.083333333
0.9	1	30	0.3	0	1	116.416666667
0.9	1	30	0.3	0.3	0	195.083333333
0.9	1	30	0.3	0.3	1	106.416666667
0.9	1	30	0.3	0.6	0	195.083333333
0.9	1	30	0.3	0.6	1	81.4166666667
0.9	1	30	0.3	0.9	0	195.083333333
0.9	1	30	0.3	0.9	1	73.0833333333
0.9	1	30	0.6	0	0	195.083333333
0.9	1	30	0.6	0	1	116.416666667
0.9	1	30	0.6	0.3	0	195.083333333
0.9	1	30	0.6	0.3	1	106.416666667
0.9	1	30	0.6	0.6	0	195.083333333
0.9	1	30	0.6	0.6	1	81.4166666667
0.9	1	30	0.6	0.9	0	195.083333333
0.9	1	30	0.6	0.9	1	73.0833333333
0.9	1	30	0.9	0	0	195.083333333
0.9	1	30	0.9	0	1	116.416666667
0.9	1	30	0.9	0.3	0	195.083333333
0.9	1	30	0.9	0.3	1	106.416666667
0.9	1	30	0.9	0.6	0	195.083333333
0.9	1	30	0.9	0.6	1	81.4166666667
0.9	1	30	0.9	0.9	0	195.083333333
0.9	1	30	0.9	0.9	1	73.0833333333
0.9	2	5	0	0	0	195.083333333
0.9	2	5	0	0	1	71.4166666667
0.9	2	5	0	0.3	0	195.083333333
0.9	2	5	0	0.3	1	71.4166666667
0.9	2	5	0	0.6	0	195.083333333
0.9	2	5	0	0.6	1	71.4166666667
0.9	2	5	0	0.9	0	195.083333333
0.9	2	5	0	0.9	1	71.4166666667
0.9	2	5	0.3	0	0	195.083333333
0.9	2	5	0.3	0	1	71.4166666667
0.9	2	5	0.3	0.3	0	195.083333333
0.9	2	5	0.3	0.3	1	71.4166666667
0.9	2	5	0.3	0.6	0	195.083333333
0.9	2	5	0.3	0.6	1	71.4166666667
0.9	2	5	0.3	0.9	0	195.083333333
0.9	2	5	0.3	0.9	1	71.4166666667
0.9	2	5	0.6	0	0	195.083333333
0.9	2	5	0.6	0	1	71.4166666667
0.9	2	5	0.6	0.3	0	195.083333333
0.9	2	5	0.6	0.3	1	71.4166666667
0.9	2	5	0.6	0.6	0	195.083333333
0.9	2	5	0.6	0.6	1	71.4166666667
0.9	2	5	0.6	0.9	0	195.083333333
0.9	2	5	0.6	0.9	1	71.4166666667
0.9	2	5	0.9	0	0	195.083333333
0.9	2	5	0.9	0	1	71.4166666667
0.9	2	5	0.9	0.3	0	195.083333333
0.9	2	5	0.9	0.3	1	71.4166666667
0.9	2	5	0.9	0.6	0	195.083333333
0.9	2	5	0.9	0.6	1	71.4166666667
0.9	2	5	0.9	0.9	0	195.083333333
0.9	2	5	0.9	0.9	1	71.4166666667
0.9	2	10	0	0	0	195.083333333
0.9	2	10	0	0	1	75.1666666667
0.9	2	10	0	0.3	0	195.083333333
0.9	2	10	0	0.3	1	75.1666666667
0.9	2	10	0	0.6	0	195.083333333
0.9	2	10	0	0.6	1	75.1666666667
0.9	2	10	0	0.9	0	195.083333333
0.9	2	10	0	0.9	1	72.25
0.9	2	10	0.3	0	0	195.083333333
0.9	2	10	0.3	0	1	75.1666666667
0.9	2	10	0.3	0.3	0	195.083333333
0.9	2	10	0.3	0.3	1	75.1666666667
0.9	2	10	0.3	0.6	0	195.083333333
0.9	2	10	0.3	0.6	1	75.1666666667
0.9	2	10	0.3	0.9	0	195.083333333
0.9	2	10	0.3	0.9	1	72.25
0.9	2	10	0.6	0	0	195.083333333
0.9	2	10	0.6	0	1	75.1666666667
0.9	2	10	0.6	0.3	0	195.083333333
0.9	2	10	0.6	0.3	1	75.1666666667
0.9	2	10	0.6	0.6	0	195.083333333
0.9	2	10	0.6	0.6	1	75.1666666667
0.9	2	10	0.6	0.9	0	195.083333333
0.9	2	10	0.6	0.9	1	72.25
0.9	2	10	0.9	0	0	195.083333333
0.9	2	10	0.9	0	1	75.1666666667
0.9	2	10	0.9	0.3	0	195.083333333
0.9	2	10	0.9	0.3	1	75.1666666667
0.9	2	10	0.9	0.6	0	195.083333333
0.9	2	10	0.9	0.6	1	75.1666666667
0.9	2	10	0.9	0.9	0	195.083333333
0.9	2	10	0.9	0.9	1	72.25
0.9	2	15	0	0	0	195.083333333
0.9	2	15	0	0	1	75.1666666667
0.9	2	15	0	0.3	0	195.083333333
0.9	2	15	0	0.3	1	75.1666666667
0.9	2	15	0	0.6	0	195.083333333
0.9	2	15	0	0.6	1	75.1666666667
0.9	2	15	0	0.9	0	195.083333333
0.9	2	15	0	0.9	1	72.25
0.9	2	15	0.3	0	0	195.083333333
0.9	2	15	0.3	0	1	75.1666666667
0.9	2	15	0.3	0.3	0	195.083333333
0.9	2	15	0.3	0.3	1	75.1666666667
0.9	2	15	0.3	0.6	0	195.083333333
0.9	2	15	0.3	0.6	1	75.1666666667
0.9	2	15	0.3	0.9	0	195.083333333
0.9	2	15	0.3	0.9	1	72.25
0.9	2	15	0.6	0	0	195.083333333
0.9	2	15	0.6	0	1	75.1666666667
0.9	2	15	0.6	0.3	0	195.083333333
0.9	2	15	0.6	0.3	1	75.1666666667
0.9	2	15	0.6	0.6	0	195.083333333
0.9	2	15	0.6	0.6	1	75.1666666667
0.9	2	15	0.6	0.9	0	195.083333333
0.9	2	15	0.6	0.9	1	72.25
0.9	2	15	0.9	0	0	195.083333333
0.9	2	15	0.9	0	1	75.1666666667
0.9	2	15	0.9	0.3	0	195.083333333
0.9	2	15	0.9	0.3	1	75.1666666667
0.9	2	15	0.9	0.6	0	195.083333333
0.9	2	15	0.9	0.6	1	75.1666666667
0.9	2	15	0.9	0.9	0	195.083333333
0.9	2	15	0.9	0.9	1	72.25
0.9	2	20	0	0	0	195.083333333
0.9	2	20	0	0	1	116.416666667
0.9	2	20	0	0.3	0	195.083333333
0.9	2	20	0	0.3	1	106.416666667
0.9	2	20	0	0.6	0	195.083333333
0.9	2	20	0	0.6	1	81.4166666667
0.9	2	20	0	0.9	0	195.083333333
0.9	2	20	0	0.9	1	73.0833333333
0.9	2	20	0.3	0	0	195.083333333
0.9	2	20	0.3	0	1	116.416666667
0.9	2	20	0.3	0.3	0	195.083333333
0.9	2	20	0.3	0.3	1	106.416666667
0.9	2	20	0.3	0.6	0	195.083333333
0.9	2	20	0.3	0.6	1	81.4166666667
0.9	2	20	0.3	0.9	0	195.083333333
0.9	2	20	0.3	0.9	1	73.0833333333
0.9	2	20	0.6	0	0	195.083333333
0.9	2	20	0.6	0	1	116.416666667
0.9	2	20	0.6	0.3	0	195.083333333
0.9	2	20	0.6	0.3	1	106.416666667
0.9	2	20	0.6	0.6	0	195.083333333
0.9	2	20	0.6	0.6	1	81.4166666667
0.9	2	20	0.6	0.9	0	195.083333333
0.9	2	20	0.6	0.9	1	73.0833333333
0.9	2	20	0.9	0	0	195.083333333
0.9	2	20	0.9	0	1	116.416666667
0.9	2	20	0.9	0.3	0	195.083333333
0.9	2	20	0.9	0.3	1	106.416666667
0.9	2	20	0.9	0.6	0	195.083333333
0.9	2	20	0.9	0.6	1	81.4166666667
0.9	2	20	0.9	0.9	0	195.083333333
0.9	2	20	0.9	0.9	1	73.0833333333
0.9	2	25	0	0	0	195.083333333
0.9	2	25	0	0	1	116.416666667
0.9	2	25	0	0.3	0	195.083333333
0.9	2	25	0	0.3	1	106.416666667
0.9	2	25	0	0.6	0	195.083333333
0.9	2	25	0	0.6	1	81.4166666667
0.9	2	25	0	0.9	0	195.083333333
0.9	2	25	0	0.9	1	73.0833333333
0.9	2	25	0.3	0	0	195.083333333
0.9	2	25	0.3	0	1	116.416666667
0.9	2	25	0.3	0.3	0	195.083333333
0.9	2	25	0.3	0.3	1	106.416666667
0.9	2	25	0.3	0.6	0	195.083333333
0.9	2	25	0.3	0.6	1	81.4166666667
0.9	2	25	0.3	0.9	0	195.083333333
0.9	2	25	0.3	0.9	1	73.0833333333
0.9	2	25	0.6	0	0	195.083333333
0.9	2	25	0.6	0	1	116.416666667
0.9	2	25	0.6	0.3	0	195.083333333
0.9	2	25	0.6	0.3	1	106.416666667
0.9	2	25	0.6	0.6	0	195.083333333
0.9	2	25	0.6	0.6	1	81.4166666667
0.9	2	25	0.6	0.9	0	195.083333333
0.9	2	25	0.6	0.9	1	73.0833333333
0.9	2	25	0.9	0	0	195.083333333
0.9	2	25	0.9	0	1	116.416666667
0.9	2	25	0.9	0.3	0	195.083333333
0.9	2	25	0.9	0.3	1	106.416666667
0.9	2	25	0.9	0.6	0	195.083333333
0.9	2	25	0.9	0.6	1	81.4166666667
0.9	2	25	0.9	0.9	0	195.083333333
0.9	2	25	0.9	0.9	1	73.0833333333
0.9	2	30	0	0	0	195.083333333
0.9	2	30	0	0	1	116.416666667
0.9	2	30	0	0.3	0	195.083333333
0.9	2	30	0	0.3	1	106.416666667
0.9	2	30	0	0.6	0	195.083333333
0.9	2	30	0	0.6	1	81.4166666667
0.9	2	30	0	0.9	0	195.083333333
0.9	2	30	0	0.9	1	73.0833333333
0.9	2	30	0.3	0	0	195.083333333
0.9	2	30	0.3	0	1	116.416666667
0.9	2	30	0.3	0.3	0	195.083333333
0.9	2	30	0.3	0.3	1	106.416666667
0.9	2	30	0.3	0.6	0	195.083333333
0.9	2	30	0.3	0.6	1	81.4166666667
0.9	2	30	0.3	0.9	0	195.083333333
0.9	2	30	0.3	0.9	1	73.0833333333
0.9	2	30	0.6	0	0	195.083333333
0.9	2	30	0.6	0	1	116.416666667
0.9	2	30	0.6	0.3	0	195.083333333
0.9	2	30	0.6	0.3	1	106.416666667
0.9	2	30	0.6	0.6	0	195.083333333
0.9	2	30	0.6	0.6	1	81.4166666667
0.9	2	30	0.6	0.9	0	195.083333333
0.9	2	30	0.6	0.9	1	73.0833333333
0.9	2	30	0.9	0	0	195.083333333
0.9	2	30	0.9	0	1	116.416666667
0.9	2	30	0.9	0.3	0	195.083333333
0.9	2	30	0.9	0.3	1	106.416666667
0.9	2	30	0.9	0.6	0	195.083333333
0.9	2	30	0.9	0.6	1	81.4166666667
0.9	2	30	0.9	0.9	0	195.083333333
0.9	2	30	0.9	0.9	1	73.0833333333
0.9	3	5	0	0	0	195.083333333
0.9	3	5	0	0	1	71.4166666667
0.9	3	5	0	0.3	0	195.083333333
0.9	3	5	0	0.3	1	71.4166666667
0.9	3	5	0	0.6	0	195.083333333
0.9	3	5	0	0.6	1	71.4166666667
0.9	3	5	0	0.9	0	195.083333333
0.9	3	5	0	0.9	1	71.4166666667
0.9	3	5	0.3	0	0	195.083333333
0.9	3	5	0.3	0	1	71.4166666667
0.9	3	5	0.3	0.3	0	195.083333333
0.9	3	5	0.3	0.3	1	71.4166666667
0.9	3	5	0.3	0.6	0	195.083333333
0.9	3	5	0.3	0.6	1	71.4166666667
0.9	3	5	0.3	0.9	0	195.083333333
0.9	3	5	0.3	0.9	1	71.4166666667
0.9	3	5	0.6	0	0	195.083333333
0.9	3	5	0.6	0	1	71.4166666667
0.9	3	5	0.6	0.3	0	195.083333333
0.9	3	5	0.6	0.3	1	71.4166666667
0.9	3	5	0.6	0.6	0	195.083333333
0.9	3	5	0.6	0.6	1	71.4166666667
0.9	3	5	0.6	0.9	0	195.083333333
0.9	3	5	0.6	0.9	1	71.4166666667
0.9	3	5	0.9	0	0	195.083333333
0.9	3	5	0.9	0	1	71.4166666667
0.9	3	5	0.9	0.3	0	195.083333333
0.9	3	5	0.9	0.3	1	71.4166666667
0.9	3	5	0.9	0.6	0	195.083333333
0.9	3	5	0.9	0.6	1	71.4166666667
0.9	3	5	0.9	0.9	0	195.083333333
0.9	3	5	0.9	0.9	1	71.4166666667
0.9	3	10	0	0	0	195.083333333
0.9	3	10	0	0	1	71.4166666667
0.9	3	10	0	0.3	0	195.083333333
0.9	3	10	0	0.3	1	71.4166666667
0.9	3	10	0	0.6	0	195.083333333
0.9	3	10	0	0.6	1	71.4166666667
0.9	3	10	0	0.9	0	195.083333333
0.9	3	10	0	0.9	1	71.4166666667
0.9	3	10	0.3	0	0	195.083333333
0.9	3	10	0.3	0	1	71.4166666667
0.9	3	10	0.3	0.3	0	195.083333333
0.9	3	10	0.3	0.3	1	71.4166666667
0.9	3	10	0.3	0.6	0	195.083333333
0.9	3	10	0.3	0.6	1	71.4166666667
0.9	3	10	0.3	0.9	0	195.083333333
0.9	3	10	0.3	0.9	1	71.4166666667
0.9	3	10	0.6	0	0	195.083333333
0.9	3	10	0.6	0	1	71.4166666667
0.9	3	10	0.6	0.3	0	195.083333333
0.9	3	10	0.6	0.3	1	71.4166666667
0.9	3	10	0.6	0.6	0	195.083333333
0.9	3	10	0.6	0.6	1	71.4166666667
0.9	3	10	0.6	0.9	0	195.083333333
0.9	3	10	0.6	0.9	1	71.4166666667
0.9	3	10	0.9	0	0	195.083333333
0.9	3	10	0.9	0	1	71.4166666667
0.9	3	10	0.9	0.3	0	195.083333333
0.9	3	10	0.9	0.3	1	71.4166666667
0.9	3	10	0.9	0.6	0	195.083333333
0.9	3	10	0.9	0.6	1	71.4166666667
0.9	3	10	0.9	0.9	0	195.083333333
0.9	3	10	0.9	0.9	1	71.4166666667
0.9	3	15	0	0	0	195.083333333
0.9	3	15	0	0	1	71.4166666667
0.9	3	15	0	0.3	0	195.083333333
0.9	3	15	0	0.3	1	71.4166666667
0.9	3	15	0	0.6	0	195.083333333
0.9	3	15	0	0.6	1	71.4166666667
0.9	3	15	0	0.9	0	195.083333333
0.9	3	15	0	0.9	1	71.4166666667
0.9	3	15	0.3	0	0	195.083333333
0.9	3	15	0.3	0	1	71.4166666667
0.9	3	15	0.3	0.3	0	195.083333333
0.9	3	15	0.3	0.3	1	71.4166666667
0.9	3	15	0.3	0.6	0	195.083333333
0.9	3	15	0.3	0.6	1	71.4166666667
0.9	3	15	0.3	0.9	0	195.083333333
0.9	3	15	0.3	0.9	1	71.4166666667
0.9	3	15	0.6	0	0	195.083333333
0.9	3	15	0.6	0	1	71.4166666667
0.9	3	15	0.6	0.3	0	195.083333333
0.9	3	15	0.6	0.3	1	71.4166666667
0.9	3	15	0.6	0.6	0	195.083333333
0.9	3	15	0.6	0.6	1	71.4166666667
0.9	3	15	0.6	0.9	0	195.083333333
0.9	3	15	0.6	0.9	1	71.4166666667
0.9	3	15	0.9	0	0	195.083333333
0.9	3	15	0.9	0	1	71.4166666667
0.9	3	15	0.9	0.3	0	195.083333333
0.9	3	15	0.9	0.3	1	71.4166666667
0.9	3	15	0.9	0.6	0	195.083333333
0.9	3	15	0.9	0.6	1	71.4166666667
0.9	3	15	0.9	0.9	0	195.083333333
0.9	3	15	0.9	0.9	1	71.4166666667
0.9	3	20	0	0	0	195.083333333
0.9	3	20	0	0	1	71.4166666667
0.9	3	20	0	0.3	0	195.083333333
0.9	3	20	0	0.3	1	71.4166666667
0.9	3	20	0	0.6	0	195.083333333
0.9	3	20	0	0.6	1	71.4166666667
0.9	3	20	0	0.9	0	195.083333333
0.9	3	20	0	0.9	1	71.4166666667
0.9	3	20	0.3	0	0	195.083333333
0.9	3	20	0.3	0	1	71.4166666667
0.9	3	20	0.3	0.3	0	195.083333333
0.9	3	20	0.3	0.3	1	71.4166666667
0.9	3	20	0.3	0.6	0	195.083333333
0.9	3	20	0.3	0.6	1	71.4166666667
0.9	3	20	0.3	0.9	0	195.083333333
0.9	3	20	0.3	0.9	1	71.4166666667
0.9	3	20	0.6	0	0	195.083333333
0.9	3	20	0.6	0	1	71.4166666667
0.9	3	20	0.6	0.3	0	195.083333333
0.9	3	20	0.6	0.3	1	71.4166666667
0.9	3	20	0.6	0.6	0	195.083333333
0.9	3	20	0.6	0.6	1	71.4166666667
0.9	3	20	0.6	0.9	0	195.083333333
0.9	3	20	0.6	0.9	1	71.4166666667
0.9	3	20	0.9	0	0	195.083333333
0.9	3	20	0.9	0	1	71.4166666667
0.9	3	20	0.9	0.3	0	195.083333333
0.9	3	20	0.9	0.3	1	71.4166666667
0.9	3	20	0.9	0.6	0	195.083333333
0.9	3	20	0.9	0.6	1	71.4166666667
0.9	3	20	0.9	0.9	0	195.083333333
0.9	3	20	0.9	0.9	1	71.4166666667
0.9	3	25	0	0	0	195.083333333
0.9	3	25	0	0	1	86.4166666667
0.9	3	25	0	0.3	0	195.083333333
0.9	3	25	0	0.3	1	86.4166666667
0.9	3	25	0	0.6	0	195.083333333
0.9	3	25	0	0.6	1	76.4166666667
0.9	3	25	0	0.9	0	195.083333333
0.9	3	25	0	0.9	1	72.25
0.9	3	25	0.3	0	0	195.083333333
0.9	3	25	0.3	0	1	86.4166666667
0.9	3	25	0.3	0.3	0	195.083333333
0.9	3	25	0.3	0.3	1	86.4166666667
0.9	3	25	0.3	0.6	0	195.083333333
0.9	3	25	0.3	0.6	1	76.4166666667
0.9	3	25	0.3	0.9	0	195.083333333
0.9	3	25	0.3	0.9	1	72.25
0.9	3	25	0.6	0	0	195.083333333
0.9	3	25	0.6	0	1	86.4166666667
0.9	3	25	0.6	0.3	0	195.083333333
0.9	3	25	0.6	0.3	1	86.4166666667
0.9	3	25	0.6	0.6	0	195.083333333
0.9	3	25	0.6	0.6	1	76.4166666667
0.9	3	25	0.6	0.9	0	195.083333333
0.9	3	25	0.6	0.9	1	72.25
0.9	3	25	0.9	0	0	195.083333333
0.9	3	25	0.9	0	1	86.4166666667
0.9	3	25	0.9	0.3	0	195.083333333
0.9	3	25	0.9	0.3	1	86.4166666667
0.9	3	25	0.9	0.6	0	195.083333333
0.9	3	25	0.9	0.6	1	76.4166666667
0.9	3	25	0.9	0.9	0	195.083333333
0.9	3	25	0.9	0.9	1	72.25
0.9	3	30	0	0	0	195.083333333
0.9	3	30	0	0	1	112.666666667
0.9	3	30	0	0.3	0	195.083333333
0.9	3	30	0	0.3	1	106.416666667
0.9	3	30	0	0.6	0	195.083333333
0.9	3	30	0	0.6	1	81.4166666667
0.9	3	30	0	0.9	0	195.083333333
0.9	3	30	0	0.9	1	73.0833333333
0.9	3	30	0.3	0	0	195.083333333
0.9	3	30	0.3	0	1	112.666666667
0.9	3	30	0.3	0.3	0	195.083333333
0.9	3	30	0.3	0.3	1	106.416666667
0.9	3	30	0.3	0.6	0	195.083333333
0.9	3	30	0.3	0.6	1	81.4166666667
0.9	3	30	0.3	0.9	0	195.083333333
0.9	3	30	0.3	0.9	1	73.0833333333
0.9	3	30	0.6	0	0	195.083333333
0.9	3	30	0.6	0	1	112.666666667
0.9	3	30	0.6	0.3	0	195.083333333
0.9	3	30	0.6	0.3	1	106.416666667
0.9	3	30	0.6	0.6	0	195.083333333
0.9	3	30	0.6	0.6	1	81.4166666667
0.9	3	30	0.6	0.9	0	195.083333333
0.9	3	30	0.6	0.9	1	73.0833333333
0.9	3	30	0.9	0	0	195.083333333
0.9	3	30	0.9	0	1	112.666666667
0.9	3	30	0.9	0.3	0	195.083333333
0.9	3	30	0.9	0.3	1	106.416666667
0.9	3	30	0.9	0.6	0	195.083333333
0.9	3	30	0.9	0.6	1	81.4166666667
0.9	3	30	0.9	0.9	0	195.083333333
0.9	3	30	0.9	0.9	1	73.0833333333
0.9	4	5	0	0	0	195.083333333
0.9	4	5	0	0	1	71.4166666667
0.9	4	5	0	0.3	0	195.083333333
0.9	4	5	0	0.3	1	71.4166666667
0.9	4	5	0	0.6	0	195.083333333
0.9	4	5	0	0.6	1	71.4166666667
0.9	4	5	0	0.9	0	195.083333333
0.9	4	5	0	0.9	1	71.4166666667
0.9	4	5	0.3	0	0	195.083333333
0.9	4	5	0.3	0	1	71.4166666667
0.9	4	5	0.3	0.3	0	195.083333333
0.9	4	5	0.3	0.3	1	71.4166666667
0.9	4	5	0.3	0.6	0	195.083333333
0.9	4	5	0.3	0.6	1	71.4166666667
0.9	4	5	0.3	0.9	0	195.083333333
0.9	4	5	0.3	0.9	1	71.4166666667
0.9	4	5	0.6	0	0	195.083333333
0.9	4	5	0.6	0	1	71.4166666667
0.9	4	5	0.6	0.3	0	195.083333333
0.9	4	5	0.6	0.3	1	71.4166666667
0.9	4	5	0.6	0.6	0	195.083333333
0.9	4	5	0.6	0.6	1	71.4166666667
0.9	4	5	0.6	0.9	0	195.083333333
0.9	4	5	0.6	0.9	1	71.4166666667
0.9	4	5	0.9	0	0	195.083333333
0.9	4	5	0.9	0	1	71.4166666667
0.9	4	5	0.9	0.3	0	195.083333333
0.9	4	5	0.9	0.3	1	71.4166666667
0.9	4	5	0.9	0.6	0	195.083333333
0.9	4	5	0.9	0.6	1	71.4166666667
0.9	4	5	0.9	0.9	0	195.083333333
0.9	4	5	0.9	0.9	1	71.4166666667
0.9	4	10	0	0	0	195.083333333
0.9	4	10	0	0	1	75.1666666667
0.9	4	10	0	0.3	0	195.083333333
0.9	4	10	0	0.3	1	75.1666666667
0.9	4	10	0	0.6	0	195.083333333
0.9	4	10	0	0.6	1	75.1666666667
0.9	4	10	0	0.9	0	195.083333333
0.9	4	10	0	0.9	1	72.25
0.9	4	10	0.3	0	0	195.083333333
0.9	4	10	0.3	0	1	75.1666666667
0.9	4	10	0.3	0.3	0	195.083333333
0.9	4	10	0.3	0.3	1	75.1666666667
0.9	4	10	0.3	0.6	0	195.083333333
0.9	4	10	0.3	0.6	1	75.1666666667
0.9	4	10	0.3	0.9	0	195.083333333
0.9	4	10	0.3	0.9	1	72.25
0.9	4	10	0.6	0	0	195.083333333
0.9	4	10	0.6	0	1	75.1666666667
0.9	4	10	0.6	0.3	0	195.083333333
0.9	4	10	0.6	0.3	1	75.1666666667
0.9	4	10	0.6	0.6	0	195.083333333
0.9	4	10	0.6	0.6	1	75.1666666667
0.9	4	10	0.6	0.9	0	195.083333333
0.9	4	10	0.6	0.9	1	72.25
0.9	4	10	0.9	0	0	195.083333333
0.9	4	10	0.9	0	1	75.1666666667
0.9	4	10	0.9	0.3	0	195.083333333
0.9	4	10	0.9	0.3	1	75.1666666667
0.9	4	10	0.9	0.6	0	195.083333333
0.9	4	10	0.9	0.6	1	75.1666666667
0.9	4	10	0.9	0.9	0	195.083333333
0.9	4	10	0.9	0.9	1	72.25
0.9	4	15	0	0	0	195.083333333
0.9	4	15	0	0	1	75.1666666667
0.9	4	15	0	0.3	0	195.083333333
0.9	4	15	0	0.3	1	75.1666666667
0.9	4	15	0	0.6	0	195.083333333
0.9	4	15	0	0.6	1	75.1666666667
0.9	4	15	0	0.9	0	195.083333333
0.9	4	15	0	0.9	1	73.0833333333
0.9	4	15	0.3	0	0	195.083333333
0.9	4	15	0.3	0	1	75.1666666667
0.9	4	15	0.3	0.3	0	195.083333333
0.9	4	15	0.3	0.3	1	75.1666666667
0.9	4	15	0.3	0.6	0	195.083333333
0.9	4	15	0.3	0.6	1	75.1666666667
0.9	4	15	0.3	0.9	0	195.083333333
0.9	4	15	0.3	0.9	1	73.0833333333
0.9	4	15	0.6	0	0	195.083333333
0.9	4	15	0.6	0	1	75.1666666667
0.9	4	15	0.6	0.3	0	195.083333333
0.9	4	15	0.6	0.3	1	75.1666666667
0.9	4	15	0.6	0.6	0	195.083333333
0.9	4	15	0.6	0.6	1	75.1666666667
0.9	4	15	0.6	0.9	0	195.083333333
0.9	4	15	0.6	0.9	1	73.0833333333
0.9	4	15	0.9	0	0	195.083333333
0.9	4	15	0.9	0	1	75.1666666667
0.9	4	15	0.9	0.3	0	195.083333333
0.9	4	15	0.9	0.3	1	75.1666666667
0.9	4	15	0.9	0.6	0	195.083333333
0.9	4	15	0.9	0.6	1	75.1666666667
0.9	4	15	0.9	0.9	0	195.083333333
0.9	4	15	0.9	0.9	1	73.0833333333
0.9	4	20	0	0	0	195.083333333
0.9	4	20	0	0	1	75.1666666667
0.9	4	20	0	0.3	0	195.083333333
0.9	4	20	0	0.3	1	75.1666666667
0.9	4	20	0	0.6	0	195.083333333
0.9	4	20	0	0.6	1	75.1666666667
0.9	4	20	0	0.9	0	195.083333333
0.9	4	20	0	0.9	1	73.0833333333
0.9	4	20	0.3	0	0	195.083333333
0.9	4	20	0.3	0	1	75.1666666667
0.9	4	20	0.3	0.3	0	195.083333333
0.9	4	20	0.3	0.3	1	75.1666666667
0.9	4	20	0.3	0.6	0	195.083333333
0.9	4	20	0.3	0.6	1	75.1666666667
0.9	4	20	0.3	0.9	0	195.083333333
0.9	4	20	0.3	0.9	1	73.0833333333
0.9	4	20	0.6	0	0	195.083333333
0.9	4	20	0.6	0	1	75.1666666667
0.9	4	20	0.6	0.3	0	195.083333333
0.9	4	20	0.6	0.3	1	75.1666666667
0.9	4	20	0.6	0.6	0	195.083333333
0.9	4	20	0.6	0.6	1	75.1666666667
0.9	4	20	0.6	0.9	0	195.083333333
0.9	4	20	0.6	0.9	1	73.0833333333
0.9	4	20	0.9	0	0	195.083333333
0.9	4	20	0.9	0	1	75.1666666667
0.9	4	20	0.9	0.3	0	195.083333333
0.9	4	20	0.9	0.3	1	75.1666666667
0.9	4	20	0.9	0.6	0	195.083333333
0.9	4	20	0.9	0.6	1	75.1666666667
0.9	4	20	0.9	0.9	0	195.083333333
0.9	4	20	0.9	0.9	1	73.0833333333
0.9	4	25	0	0	0	195.083333333
0.9	4	25	0	0	1	75.1666666667
0.9	4	25	0	0.3	0	195.083333333
0.9	4	25	0	0.3	1	75.1666666667
0.9	4	25	0	0.6	0	195.083333333
0.9	4	25	0	0.6	1	75.1666666667
0.9	4	25	0	0.9	0	195.083333333
0.9	4	25	0	0.9	1	73.0833333333
0.9	4	25	0.3	0	0	195.083333333
0.9	4	25	0.3	0	1	75.1666666667
0.9	4	25	0.3	0.3	0	195.083333333
0.9	4	25	0.3	0.3	1	75.1666666667
0.9	4	25	0.3	0.6	0	195.083333333
0.9	4	25	0.3	0.6	1	75.1666666667
0.9	4	25	0.3	0.9	0	195.083333333
0.9	4	25	0.3	0.9	1	73.0833333333
0.9	4	25	0.6	0	0	195.083333333
0.9	4	25	0.6	0	1	75.1666666667
0.9	4	25	0.6	0.3	0	195.083333333
0.9	4	25	0.6	0.3	1	75.1666666667
0.9	4	25	0.6	0.6	0	195.083333333
0.9	4	25	0.6	0.6	1	75.1666666667
0.9	4	25	0.6	0.9	0	195.083333333
0.9	4	25	0.6	0.9	1	73.0833333333
0.9	4	25	0.9	0	0	195.083333333
0.9	4	25	0.9	0	1	75.1666666667
0.9	4	25	0.9	0.3	0	195.083333333
0.9	4	25	0.9	0.3	1	75.1666666667
0.9	4	25	0.9	0.6	0	195.083333333
0.9	4	25	0.9	0.6	1	75.1666666667
0.9	4	25	0.9	0.9	0	195.083333333
0.9	4	25	0.9	0.9	1	73.0833333333
0.9	4	30	0	0	0	195.083333333
0.9	4	30	0	0	1	142.916666667
0.9	4	30	0	0.3	0	195.083333333
0.9	4	30	0	0.3	1	127.666666667
0.9	4	30	0	0.6	0	195.083333333
0.9	4	30	0	0.6	1	90.1666666667
0.9	4	30	0	0.9	0	195.083333333
0.9	4	30	0	0.9	1	75.1666666667
0.9	4	30	0.3	0	0	195.083333333
0.9	4	30	0.3	0	1	142.916666667
0.9	4	30	0.3	0.3	0	195.083333333
0.9	4	30	0.3	0.3	1	127.666666667
0.9	4	30	0.3	0.6	0	195.083333333
0.9	4	30	0.3	0.6	1	90.1666666667
0.9	4	30	0.3	0.9	0	195.083333333
0.9	4	30	0.3	0.9	1	75.1666666667
0.9	4	30	0.6	0	0	195.083333333
0.9	4	30	0.6	0	1	142.916666667
0.9	4	30	0.6	0.3	0	195.083333333
0.9	4	30	0.6	0.3	1	127.666666667
0.9	4	30	0.6	0.6	0	195.083333333
0.9	4	30	0.6	0.6	1	90.1666666667
0.9	4	30	0.6	0.9	0	195.083333333
0.9	4	30	0.6	0.9	1	75.1666666667
0.9	4	30	0.9	0	0	195.083333333
0.9	4	30	0.9	0	1	142.916666667
0.9	4	30	0.9	0.3	0	195.083333333
0.9	4	30	0.9	0.3	1	127.666666667
0.9	4	30	0.9	0.6	0	195.083333333
0.9	4	30	0.9	0.6	1	90.1666666667
0.9	4	30	0.9	0.9	0	195.083333333
0.9	4	30	0.9	0.9	1	75.1666666667
0.9	5	5	0	0	0	195.083333333
0.9	5	5	0	0	1	75.1666666667
0.9	5	5	0	0.3	0	195.083333333
0.9	5	5	0	0.3	1	75.1666666667
0.9	5	5	0	0.6	0	195.083333333
0.9	5	5	0	0.6	1	75.1666666667
0.9	5	5	0	0.9	0	195.083333333
0.9	5	5	0	0.9	1	72.25
0.9	5	5	0.3	0	0	195.083333333
0.9	5	5	0.3	0	1	75.1666666667
0.9	5	5	0.3	0.3	0	195.083333333
0.9	5	5	0.3	0.3	1	75.1666666667
0.9	5	5	0.3	0.6	0	195.083333333
0.9	5	5	0.3	0.6	1	75.1666666667
0.9	5	5	0.3	0.9	0	195.083333333
0.9	5	5	0.3	0.9	1	72.25
0.9	5	5	0.6	0	0	195.083333333
0.9	5	5	0.6	0	1	75.1666666667
0.9	5	5	0.6	0.3	0	195.083333333
0.9	5	5	0.6	0.3	1	75.1666666667
0.9	5	5	0.6	0.6	0	195.083333333
0.9	5	5	0.6	0.6	1	75.1666666667
0.9	5	5	0.6	0.9	0	195.083333333
0.9	5	5	0.6	0.9	1	72.25
0.9	5	5	0.9	0	0	195.083333333
0.9	5	5	0.9	0	1	75.1666666667
0.9	5	5	0.9	0.3	0	195.083333333
0.9	5	5	0.9	0.3	1	75.1666666667
0.9	5	5	0.9	0.6	0	195.083333333
0.9	5	5	0.9	0.6	1	75.1666666667
0.9	5	5	0.9	0.9	0	195.083333333
0.9	5	5	0.9	0.9	1	72.25
0.9	5	10	0	0	0	195.083333333
0.9	5	10	0	0	1	75.1666666667
0.9	5	10	0	0.3	0	195.083333333
0.9	5	10	0	0.3	1	75.1666666667
0.9	5	10	0	0.6	0	195.083333333
0.9	5	10	0	0.6	1	75.1666666667
0.9	5	10	0	0.9	0	195.083333333
0.9	5	10	0	0.9	1	73.0833333333
0.9	5	10	0.3	0	0	195.083333333
0.9	5	10	0.3	0	1	75.1666666667
0.9	5	10	0.3	0.3	0	195.083333333
0.9	5	10	0.3	0.3	1	75.1666666667
0.9	5	10	0.3	0.6	0	195.083333333
0.9	5	10	0.3	0.6	1	75.1666666667
0.9	5	10	0.3	0.9	0	195.083333333
0.9	5	10	0.3	0.9	1	73.0833333333
0.9	5	10	0.6	0	0	195.083333333
0.9	5	10	0.6	0	1	75.1666666667
0.9	5	10	0.6	0.3	0	195.083333333
0.9	5	10	0.6	0.3	1	75.1666666667
0.9	5	10	0.6	0.6	0	195.083333333
0.9	5	10	0.6	0.6	1	75.1666666667
0.9	5	10	0.6	0.9	0	195.083333333
0.9	5	10	0.6	0.9	1	73.0833333333
0.9	5	10	0.9	0	0	195.083333333
0.9	5	10	0.9	0	1	75.1666666667
0.9	5	10	0.9	0.3	0	195.083333333
0.9	5	10	0.9	0.3	1	75.1666666667
0.9	5	10	0.9	0.6	0	195.083333333
0.9	5	10	0.9	0.6	1	75.1666666667
0.9	5	10	0.9	0.9	0	195.083333333
0.9	5	10	0.9	0.9	1	73.0833333333
0.9	5	15	0	0	0	195.083333333
0.9	5	15	0	0	1	75.1666666667
0.9	5	15	0	0.3	0	195.083333333
0.9	5	15	0	0.3	1	75.1666666667
0.9	5	15	0	0.6	0	195.083333333
0.9	5	15	0	0.6	1	75.1666666667
0.9	5	15	0	0.9	0	195.083333333
0.9	5	15	0	0.9	1	73.0833333333
0.9	5	15	0.3	0	0	195.083333333
0.9	5	15	0.3	0	1	75.1666666667
0.9	5	15	0.3	0.3	0	195.083333333
0.9	5	15	0.3	0.3	1	75.1666666667
0.9	5	15	0.3	0.6	0	195.083333333
0.9	5	15	0.3	0.6	1	75.1666666667
0.9	5	15	0.3	0.9	0	195.083333333
0.9	5	15	0.3	0.9	1	73.0833333333
0.9	5	15	0.6	0	0	195.083333333
0.9	5	15	0.6	0	1	75.1666666667
0.9	5	15	0.6	0.3	0	195.083333333
0.9	5	15	0.6	0.3	1	75.1666666667
0.9	5	15	0.6	0.6	0	195.083333333
0.9	5	15	0.6	0.6	1	75.1666666667
0.9	5	15	0.6	0.9	0	195.083333333
0.9	5	15	0.6	0.9	1	73.0833333333
0.9	5	15	0.9	0	0	195.083333333
0.9	5	15	0.9	0	1	75.1666666667
0.9	5	15	0.9	0.3	0	195.083333333
0.9	5	15	0.9	0.3	1	75.1666666667
0.9	5	15	0.9	0.6	0	195.083333333
0.9	5	15	0.9	0.6	1	75.1666666667
0.9	5	15	0.9	0.9	0	195.083333333
0.9	5	15	0.9	0.9	1	73.0833333333
0.9	5	20	0	0	0	195.083333333
0.9	5	20	0	0	1	97.8333333333
0.9	5	20	0	0.3	0	195.083333333
0.9	5	20	0	0.3	1	92.6666666667
0.9	5	20	0	0.6	0	195.083333333
0.9	5	20	0	0.6	1	80.1666666667
0.9	5	20	0	0.9	0	195.083333333
0.9	5	20	0	0.9	1	73.0833333333
0.9	5	20	0.3	0	0	195.083333333
0.9	5	20	0.3	0	1	97.8333333333
0.9	5	20	0.3	0.3	0	195.083333333
0.9	5	20	0.3	0.3	1	92.6666666667
0.9	5	20	0.3	0.6	0	195.083333333
0.9	5	20	0.3	0.6	1	80.1666666667
0.9	5	20	0.3	0.9	0	195.083333333
0.9	5	20	0.3	0.9	1	73.0833333333
0.9	5	20	0.6	0	0	195.083333333
0.9	5	20	0.6	0	1	97.8333333333
0.9	5	20	0.6	0.3	0	195.083333333
0.9	5	20	0.6	0.3	1	92.6666666667
0.9	5	20	0.6	0.6	0	195.083333333
0.9	5	20	0.6	0.6	1	80.1666666667
0.9	5	20	0.6	0.9	0	195.083333333
0.9	5	20	0.6	0.9	1	73.0833333333
0.9	5	20	0.9	0	0	195.083333333
0.9	5	20	0.9	0	1	97.8333333333
0.9	5	20	0.9	0.3	0	195.083333333
0.9	5	20	0.9	0.3	1	92.6666666667
0.9	5	20	0.9	0.6	0	195.083333333
0.9	5	20	0.9	0.6	1	80.1666666667
0.9	5	20	0.9	0.9	0	195.083333333
0.9	5	20	0.9	0.9	1	73.0833333333
0.9	5	25	0	0	0	195.083333333
0.9	5	25	0	0	1	142.666666667
0.9	5	25	0	0.3	0	195.083333333
0.9	5	25	0	0.3	1	127.666666667
0.9	5	25	0	0.6	0	195.083333333
0.9	5	25	0	0.6	1	88.9166666667
0.9	5	25	0	0.9	0	195.083333333
0.9	5	25	0	0.9	1	74.3333333333
0.9	5	25	0.3	0	0	195.083333333
0.9	5	25	0.3	0	1	142.666666667
0.9	5	25	0.3	0.3	0	195.083333333
0.9	5	25	0.3	0.3	1	127.666666667
0.9	5	25	0.3	0.6	0	195.083333333
0.9	5	25	0.3	0.6	1	88.9166666667
0.9	5	25	0.3	0.9	0	195.083333333
0.9	5	25	0.3	0.9	1	74.3333333333
0.9	5	25	0.6	0	0	195.083333333
0.9	5	25	0.6	0	1	142.666666667
0.9	5	25	0.6	0.3	0	195.083333333
0.9	5	25	0.6	0.3	1	127.666666667
0.9	5	25	0.6	0.6	0	195.083333333
0.9	5	25	0.6	0.6	1	88.9166666667
0.9	5	25	0.6	0.9	0	195.083333333
0.9	5	25	0.6	0.9	1	74.3333333333
0.9	5	25	0.9	0	0	195.083333333
0.9	5	25	0.9	0	1	142.666666667
0.9	5	25	0.9	0.3	0	195.083333333
0.9	5	25	0.9	0.3	1	127.666666667
0.9	5	25	0.9	0.6	0	195.083333333
0.9	5	25	0.9	0.6	1	88.9166666667
0.9	5	25	0.9	0.9	0	195.083333333
0.9	5	25	0.9	0.9	1	74.3333333333
0.9	5	30	0	0	0	195.083333333
0.9	5	30	0	0	1	142.666666667
0.9	5	30	0	0.3	0	195.083333333
0.9	5	30	0	0.3	1	127.666666667
0.9	5	30	0	0.6	0	195.083333333
0.9	5	30	0	0.6	1	88.9166666667
0.9	5	30	0	0.9	0	195.083333333
0.9	5	30	0	0.9	1	74.3333333333
0.9	5	30	0.3	0	0	195.083333333
0.9	5	30	0.3	0	1	142.666666667
0.9	5	30	0.3	0.3	0	195.083333333
0.9	5	30	0.3	0.3	1	127.666666667
0.9	5	30	0.3	0.6	0	195.083333333
0.9	5	30	0.3	0.6	1	88.9166666667
0.9	5	30	0.3	0.9	0	195.083333333
0.9	5	30	0.3	0.9	1	74.3333333333
0.9	5	30	0.6	0	0	195.083333333
0.9	5	30	0.6	0	1	142.666666667
0.9	5	30	0.6	0.3	0	195.083333333
0.9	5	30	0.6	0.3	1	127.666666667
0.9	5	30	0.6	0.6	0	195.083333333
0.9	5	30	0.6	0.6	1	88.9166666667
0.9	5	30	0.6	0.9	0	195.083333333
0.9	5	30	0.6	0.9	1	74.3333333333
0.9	5	30	0.9	0	0	195.083333333
0.9	5	30	0.9	0	1	142.666666667
0.9	5	30	0.9	0.3	0	195.083333333
0.9	5	30	0.9	0.3	1	127.666666667
0.9	5	30	0.9	0.6	0	195.083333333
0.9	5	30	0.9	0.6	1	88.9166666667
0.9	5	30	0.9	0.9	0	195.083333333
0.9	5	30	0.9	0.9	1	74.3333333333
0.9	6	5	0	0	0	195.083333333
0.9	6	5	0	0	1	71.4166666667
0.9	6	5	0	0.3	0	195.083333333
0.9	6	5	0	0.3	1	71.4166666667
0.9	6	5	0	0.6	0	195.083333333
0.9	6	5	0	0.6	1	71.4166666667
0.9	6	5	0	0.9	0	195.083333333
0.9	6	5	0	0.9	1	71.4166666667
0.9	6	5	0.3	0	0	195.083333333
0.9	6	5	0.3	0	1	71.4166666667
0.9	6	5	0.3	0.3	0	195.083333333
0.9	6	5	0.3	0.3	1	71.4166666667
0.9	6	5	0.3	0.6	0	195.083333333
0.9	6	5	0.3	0.6	1	71.4166666667
0.9	6	5	0.3	0.9	0	195.083333333
0.9	6	5	0.3	0.9	1	71.4166666667
0.9	6	5	0.6	0	0	195.083333333
0.9	6	5	0.6	0	1	71.4166666667
0.9	6	5	0.6	0.3	0	195.083333333
0.9	6	5	0.6	0.3	1	71.4166666667
0.9	6	5	0.6	0.6	0	195.083333333
0.9	6	5	0.6	0.6	1	71.4166666667
0.9	6	5	0.6	0.9	0	195.083333333
0.9	6	5	0.6	0.9	1	71.4166666667
0.9	6	5	0.9	0	0	195.083333333
0.9	6	5	0.9	0	1	71.4166666667
0.9	6	5	0.9	0.3	0	195.083333333
0.9	6	5	0.9	0.3	1	71.4166666667
0.9	6	5	0.9	0.6	0	195.083333333
0.9	6	5	0.9	0.6	1	71.4166666667
0.9	6	5	0.9	0.9	0	195.083333333
0.9	6	5	0.9	0.9	1	71.4166666667
0.9	6	10	0	0	0	195.083333333
0.9	6	10	0	0	1	75.1666666667
0.9	6	10	0	0.3	0	195.083333333
0.9	6	10	0	0.3	1	75.1666666667
0.9	6	10	0	0.6	0	195.083333333
0.9	6	10	0	0.6	1	75.1666666667
0.9	6	10	0	0.9	0	195.083333333
0.9	6	10	0	0.9	1	72.25
0.9	6	10	0.3	0	0	195.083333333
0.9	6	10	0.3	0	1	75.1666666667
0.9	6	10	0.3	0.3	0	195.083333333
0.9	6	10	0.3	0.3	1	75.1666666667
0.9	6	10	0.3	0.6	0	195.083333333
0.9	6	10	0.3	0.6	1	75.1666666667
0.9	6	10	0.3	0.9	0	195.083333333
0.9	6	10	0.3	0.9	1	72.25
0.9	6	10	0.6	0	0	195.083333333
0.9	6	10	0.6	0	1	75.1666666667
0.9	6	10	0.6	0.3	0	195.083333333
0.9	6	10	0.6	0.3	1	75.1666666667
0.9	6	10	0.6	0.6	0	195.083333333
0.9	6	10	0.6	0.6	1	75.1666666667
0.9	6	10	0.6	0.9	0	195.083333333
0.9	6	10	0.6	0.9	1	72.25
0.9	6	10	0.9	0	0	195.083333333
0.9	6	10	0.9	0	1	75.1666666667
0.9	6	10	0.9	0.3	0	195.083333333
0.9	6	10	0.9	0.3	1	75.1666666667
0.9	6	10	0.9	0.6	0	195.083333333
0.9	6	10	0.9	0.6	1	75.1666666667
0.9	6	10	0.9	0.9	0	195.083333333
0.9	6	10	0.9	0.9	1	72.25
0.9	6	15	0	0	0	195.083333333
0.9	6	15	0	0	1	90.1666666667
0.9	6	15	0	0.3	0	195.083333333
0.9	6	15	0	0.3	1	90.1666666667
0.9	6	15	0	0.6	0	195.083333333
0.9	6	15	0	0.6	1	81.4166666667
0.9	6	15	0	0.9	0	195.083333333
0.9	6	15	0	0.9	1	73.0833333333
0.9	6	15	0.3	0	0	195.083333333
0.9	6	15	0.3	0	1	90.1666666667
0.9	6	15	0.3	0.3	0	195.083333333
0.9	6	15	0.3	0.3	1	90.1666666667
0.9	6	15	0.3	0.6	0	195.083333333
0.9	6	15	0.3	0.6	1	81.4166666667
0.9	6	15	0.3	0.9	0	195.083333333
0.9	6	15	0.3	0.9	1	73.0833333333
0.9	6	15	0.6	0	0	195.083333333
0.9	6	15	0.6	0	1	90.1666666667
0.9	6	15	0.6	0.3	0	195.083333333
0.9	6	15	0.6	0.3	1	90.1666666667
0.9	6	15	0.6	0.6	0	195.083333333
0.9	6	15	0.6	0.6	1	81.4166666667
0.9	6	15	0.6	0.9	0	195.083333333
0.9	6	15	0.6	0.9	1	73.0833333333
0.9	6	15	0.9	0	0	195.083333333
0.9	6	15	0.9	0	1	90.1666666667
0.9	6	15	0.9	0.3	0	195.083333333
0.9	6	15	0.9	0.3	1	90.1666666667
0.9	6	15	0.9	0.6	0	195.083333333
0.9	6	15	0.9	0.6	1	81.4166666667
0.9	6	15	0.9	0.9	0	195.083333333
0.9	6	15	0.9	0.9	1	73.0833333333
0.9	6	20	0	0	0	195.083333333
0.9	6	20	0	0	1	120.166666667
0.9	6	20	0	0.3	0	195.083333333
0.9	6	20	0	0.3	1	107.666666667
0.9	6	20	0	0.6	0	195.083333333
0.9	6	20	0	0.6	1	85.1666666667
0.9	6	20	0	0.9	0	195.083333333
0.9	6	20	0	0.9	1	74.3333333333
0.9	6	20	0.3	0	0	195.083333333
0.9	6	20	0.3	0	1	120.166666667
0.9	6	20	0.3	0.3	0	195.083333333
0.9	6	20	0.3	0.3	1	107.666666667
0.9	6	20	0.3	0.6	0	195.083333333
0.9	6	20	0.3	0.6	1	85.1666666667
0.9	6	20	0.3	0.9	0	195.083333333
0.9	6	20	0.3	0.9	1	74.3333333333
0.9	6	20	0.6	0	0	195.083333333
0.9	6	20	0.6	0	1	120.166666667
0.9	6	20	0.6	0.3	0	195.083333333
0.9	6	20	0.6	0.3	1	107.666666667
0.9	6	20	0.6	0.6	0	195.083333333
0.9	6	20	0.6	0.6	1	85.1666666667
0.9	6	20	0.6	0.9	0	195.083333333
0.9	6	20	0.6	0.9	1	74.3333333333
0.9	6	20	0.9	0	0	195.083333333
0.9	6	20	0.9	0	1	120.166666667
0.9	6	20	0.9	0.3	0	195.083333333
0.9	6	20	0.9	0.3	1	107.666666667
0.9	6	20	0.9	0.6	0	195.083333333
0.9	6	20	0.9	0.6	1	85.1666666667
0.9	6	20	0.9	0.9	0	195.083333333
0.9	6	20	0.9	0.9	1	74.3333333333
0.9	6	25	0	0	0	195.083333333
0.9	6	25	0	0	1	142.666666667
0.9	6	25	0	0.3	0	195.083333333
0.9	6	25	0	0.3	1	127.666666667
0.9	6	25	0	0.6	0	195.083333333
0.9	6	25	0	0.6	1	88.9166666667
0.9	6	25	0	0.9	0	195.083333333
0.9	6	25	0	0.9	1	74.3333333333
0.9	6	25	0.3	0	0	195.083333333
0.9	6	25	0.3	0	1	142.666666667
0.9	6	25	0.3	0.3	0	195.083333333
0.9	6	25	0.3	0.3	1	127.666666667
0.9	6	25	0.3	0.6	0	195.083333333
0.9	6	25	0.3	0.6	1	88.9166666667
0.9	6	25	0.3	0.9	0	195.083333333
0.9	6	25	0.3	0.9	1	74.3333333333
0.9	6	25	0.6	0	0	195.083333333
0.9	6	25	0.6	0	1	142.666666667
0.9	6	25	0.6	0.3	0	195.083333333
0.9	6	25	0.6	0.3	1	127.666666667
0.9	6	25	0.6	0.6	0	195.083333333
0.9	6	25	0.6	0.6	1	88.9166666667
0.9	6	25	0.6	0.9	0	195.083333333
0.9	6	25	0.6	0.9	1	74.3333333333
0.9	6	25	0.9	0	0	195.083333333
0.9	6	25	0.9	0	1	142.666666667
0.9	6	25	0.9	0.3	0	195.083333333
0.9	6	25	0.9	0.3	1	127.666666667
0.9	6	25	0.9	0.6	0	195.083333333
0.9	6	25	0.9	0.6	1	88.9166666667
0.9	6	25	0.9	0.9	0	195.083333333
0.9	6	25	0.9	0.9	1	74.3333333333
0.9	6	30	0	0	0	195.083333333
0.9	6	30	0	0	1	165.166666667
0.9	6	30	0	0.3	0	195.083333333
0.9	6	30	0	0.3	1	145.166666667
0.9	6	30	0	0.6	0	195.083333333
0.9	6	30	0	0.6	1	93.9166666667
0.9	6	30	0	0.9	0	195.083333333
0.9	6	30	0	0.9	1	75.1666666667
0.9	6	30	0.3	0	0	195.083333333
0.9	6	30	0.3	0	1	165.166666667
0.9	6	30	0.3	0.3	0	195.083333333
0.9	6	30	0.3	0.3	1	145.166666667
0.9	6	30	0.3	0.6	0	195.083333333
0.9	6	30	0.3	0.6	1	93.9166666667
0.9	6	30	0.3	0.9	0	195.083333333
0.9	6	30	0.3	0.9	1	75.1666666667
0.9	6	30	0.6	0	0	195.083333333
0.9	6	30	0.6	0	1	165.166666667
0.9	6	30	0.6	0.3	0	195.083333333
0.9	6	30	0.6	0.3	1	145.166666667
0.9	6	30	0.6	0.6	0	195.083333333
0.9	6	30	0.6	0.6	1	93.9166666667
0.9	6	30	0.6	0.9	0	195.083333333
0.9	6	30	0.6	0.9	1	75.1666666667
0.9	6	30	0.9	0	0	195.083333333
0.9	6	30	0.9	0	1	165.166666667
0.9	6	30	0.9	0.3	0	195.083333333
0.9	6	30	0.9	0.3	1	145.166666667
0.9	6	30	0.9	0.6	0	195.083333333
0.9	6	30	0.9	0.6	1	93.9166666667
0.9	6	30	0.9	0.9	0	195.083333333
0.9	6	30	0.9	0.9	1	75.1666666667
0.9	7	5	0	0	0	195.083333333
0.9	7	5	0	0	1	71.4166666667
0.9	7	5	0	0.3	0	195.083333333
0.9	7	5	0	0.3	1	71.4166666667
0.9	7	5	0	0.6	0	195.083333333
0.9	7	5	0	0.6	1	71.4166666667
0.9	7	5	0	0.9	0	195.083333333
0.9	7	5	0	0.9	1	71.4166666667
0.9	7	5	0.3	0	0	195.083333333
0.9	7	5	0.3	0	1	71.4166666667
0.9	7	5	0.3	0.3	0	195.083333333
0.9	7	5	0.3	0.3	1	71.4166666667
0.9	7	5	0.3	0.6	0	195.083333333
0.9	7	5	0.3	0.6	1	71.4166666667
0.9	7	5	0.3	0.9	0	195.083333333
0.9	7	5	0.3	0.9	1	71.4166666667
0.9	7	5	0.6	0	0	195.083333333
0.9	7	5	0.6	0	1	71.4166666667
0.9	7	5	0.6	0.3	0	195.083333333
0.9	7	5	0.6	0.3	1	71.4166666667
0.9	7	5	0.6	0.6	0	195.083333333
0.9	7	5	0.6	0.6	1	71.4166666667
0.9	7	5	0.6	0.9	0	195.083333333
0.9	7	5	0.6	0.9	1	71.4166666667
0.9	7	5	0.9	0	0	195.083333333
0.9	7	5	0.9	0	1	71.4166666667
0.9	7	5	0.9	0.3	0	195.083333333
0.9	7	5	0.9	0.3	1	71.4166666667
0.9	7	5	0.9	0.6	0	195.083333333
0.9	7	5	0.9	0.6	1	71.4166666667
0.9	7	5	0.9	0.9	0	195.083333333
0.9	7	5	0.9	0.9	1	71.4166666667
0.9	7	10	0	0	0	195.083333333
0.9	7	10	0	0	1	71.4166666667
0.9	7	10	0	0.3	0	195.083333333
0.9	7	10	0	0.3	1	71.4166666667
0.9	7	10	0	0.6	0	195.083333333
0.9	7	10	0	0.6	1	71.4166666667
0.9	7	10	0	0.9	0	195.083333333
0.9	7	10	0	0.9	1	71.4166666667
0.9	7	10	0.3	0	0	195.083333333
0.9	7	10	0.3	0	1	71.4166666667
0.9	7	10	0.3	0.3	0	195.083333333
0.9	7	10	0.3	0.3	1	71.4166666667
0.9	7	10	0.3	0.6	0	195.083333333
0.9	7	10	0.3	0.6	1	71.4166666667
0.9	7	10	0.3	0.9	0	195.083333333
0.9	7	10	0.3	0.9	1	71.4166666667
0.9	7	10	0.6	0	0	195.083333333
0.9	7	10	0.6	0	1	71.4166666667
0.9	7	10	0.6	0.3	0	195.083333333
0.9	7	10	0.6	0.3	1	71.4166666667
0.9	7	10	0.6	0.6	0	195.083333333
0.9	7	10	0.6	0.6	1	71.4166666667
0.9	7	10	0.6	0.9	0	195.083333333
0.9	7	10	0.6	0.9	1	71.4166666667
0.9	7	10	0.9	0	0	195.083333333
0.9	7	10	0.9	0	1	71.4166666667
0.9	7	10	0.9	0.3	0	195.083333333
0.9	7	10	0.9	0.3	1	71.4166666667
0.9	7	10	0.9	0.6	0	195.083333333
0.9	7	10	0.9	0.6	1	71.4166666667
0.9	7	10	0.9	0.9	0	195.083333333
0.9	7	10	0.9	0.9	1	71.4166666667
0.9	7	15	0	0	0	195.083333333
0.9	7	15	0	0	1	71.4166666667
0.9	7	15	0	0.3	0	195.083333333
0.9	7	15	0	0.3	1	71.4166666667
0.9	7	15	0	0.6	0	195.083333333
0.9	7	15	0	0.6	1	71.4166666667
0.9	7	15	0	0.9	0	195.083333333
0.9	7	15	0	0.9	1	71.4166666667
0.9	7	15	0.3	0	0	195.083333333
0.9	7	15	0.3	0	1	71.4166666667
0.9	7	15	0.3	0.3	0	195.083333333
0.9	7	15	0.3	0.3	1	71.4166666667
0.9	7	15	0.3	0.6	0	195.083333333
0.9	7	15	0.3	0.6	1	71.4166666667
0.9	7	15	0.3	0.9	0	195.083333333
0.9	7	15	0.3	0.9	1	71.4166666667
0.9	7	15	0.6	0	0	195.083333333
0.9	7	15	0.6	0	1	71.4166666667
0.9	7	15	0.6	0.3	0	195.083333333
0.9	7	15	0.6	0.3	1	71.4166666667
0.9	7	15	0.6	0.6	0	195.083333333
0.9	7	15	0.6	0.6	1	71.4166666667
0.9	7	15	0.6	0.9	0	195.083333333
0.9	7	15	0.6	0.9	1	71.4166666667
0.9	7	15	0.9	0	0	195.083333333
0.9	7	15	0.9	0	1	71.4166666667
0.9	7	15	0.9	0.3	0	195.083333333
0.9	7	15	0.9	0.3	1	71.4166666667
0.9	7	15	0.9	0.6	0	195.083333333
0.9	7	15	0.9	0.6	1	71.4166666667
0.9	7	15	0.9	0.9	0	195.083333333
0.9	7	15	0.9	0.9	1	71.4166666667
0.9	7	20	0	0	0	195.083333333
0.9	7	20	0	0	1	86.4166666667
0.9	7	20	0	0.3	0	195.083333333
0.9	7	20	0	0.3	1	86.4166666667
0.9	7	20	0	0.6	0	195.083333333
0.9	7	20	0	0.6	1	76.4166666667
0.9	7	20	0	0.9	0	195.083333333
0.9	7	20	0	0.9	1	72.25
0.9	7	20	0.3	0	0	195.083333333
0.9	7	20	0.3	0	1	86.4166666667
0.9	7	20	0.3	0.3	0	195.083333333
0.9	7	20	0.3	0.3	1	86.4166666667
0.9	7	20	0.3	0.6	0	195.083333333
0.9	7	20	0.3	0.6	1	76.4166666667
0.9	7	20	0.3	0.9	0	195.083333333
0.9	7	20	0.3	0.9	1	72.25
0.9	7	20	0.6	0	0	195.083333333
0.9	7	20	0.6	0	1	86.4166666667
0.9	7	20	0.6	0.3	0	195.083333333
0.9	7	20	0.6	0.3	1	86.4166666667
0.9	7	20	0.6	0.6	0	195.083333333
0.9	7	20	0.6	0.6	1	76.4166666667
0.9	7	20	0.6	0.9	0	195.083333333
0.9	7	20	0.6	0.9	1	72.25
0.9	7	20	0.9	0	0	195.083333333
0.9	7	20	0.9	0	1	86.4166666667
0.9	7	20	0.9	0.3	0	195.083333333
0.9	7	20	0.9	0.3	1	86.4166666667
0.9	7	20	0.9	0.6	0	195.083333333
0.9	7	20	0.9	0.6	1	76.4166666667
0.9	7	20	0.9	0.9	0	195.083333333
0.9	7	20	0.9	0.9	1	72.25
0.9	7	25	0	0	0	195.083333333
0.9	7	25	0	0	1	90.1666666667
0.9	7	25	0	0.3	0	195.083333333
0.9	7	25	0	0.3	1	90.1666666667
0.9	7	25	0	0.6	0	195.083333333
0.9	7	25	0	0.6	1	85.1666666667
0.9	7	25	0	0.9	0	195.083333333
0.9	7	25	0	0.9	1	74.3333333333
0.9	7	25	0.3	0	0	195.083333333
0.9	7	25	0.3	0	1	90.1666666667
0.9	7	25	0.3	0.3	0	195.083333333
0.9	7	25	0.3	0.3	1	90.1666666667
0.9	7	25	0.3	0.6	0	195.083333333
0.9	7	25	0.3	0.6	1	85.1666666667
0.9	7	25	0.3	0.9	0	195.083333333
0.9	7	25	0.3	0.9	1	74.3333333333
0.9	7	25	0.6	0	0	195.083333333
0.9	7	25	0.6	0	1	90.1666666667
0.9	7	25	0.6	0.3	0	195.083333333
0.9	7	25	0.6	0.3	1	90.1666666667
0.9	7	25	0.6	0.6	0	195.083333333
0.9	7	25	0.6	0.6	1	85.1666666667
0.9	7	25	0.6	0.9	0	195.083333333
0.9	7	25	0.6	0.9	1	74.3333333333
0.9	7	25	0.9	0	0	195.083333333
0.9	7	25	0.9	0	1	90.1666666667
0.9	7	25	0.9	0.3	0	195.083333333
0.9	7	25	0.9	0.3	1	90.1666666667
0.9	7	25	0.9	0.6	0	195.083333333
0.9	7	25	0.9	0.6	1	85.1666666667
0.9	7	25	0.9	0.9	0	195.083333333
0.9	7	25	0.9	0.9	1	74.3333333333
0.9	7	30	0	0	0	195.083333333
0.9	7	30	0	0	1	180.25
0.9	7	30	0	0.3	0	195.083333333
0.9	7	30	0	0.3	1	125.166666667
0.9	7	30	0	0.6	0	195.083333333
0.9	7	30	0	0.6	1	93.9166666667
0.9	7	30	0	0.9	0	195.083333333
0.9	7	30	0	0.9	1	75.1666666667
0.9	7	30	0.3	0	0	195.083333333
0.9	7	30	0.3	0	1	180.25
0.9	7	30	0.3	0.3	0	195.083333333
0.9	7	30	0.3	0.3	1	125.166666667
0.9	7	30	0.3	0.6	0	195.083333333
0.9	7	30	0.3	0.6	1	93.9166666667
0.9	7	30	0.3	0.9	0	195.083333333
0.9	7	30	0.3	0.9	1	75.1666666667
0.9	7	30	0.6	0	0	195.083333333
0.9	7	30	0.6	0	1	180.25
0.9	7	30	0.6	0.3	0	195.083333333
0.9	7	30	0.6	0.3	1	125.166666667
0.9	7	30	0.6	0.6	0	195.083333333
0.9	7	30	0.6	0.6	1	93.9166666667
0.9	7	30	0.6	0.9	0	195.083333333
0.9	7	30	0.6	0.9	1	75.1666666667
0.9	7	30	0.9	0	0	195.083333333
0.9	7	30	0.9	0	1	180.25
0.9	7	30	0.9	0.3	0	195.083333333
0.9	7	30	0.9	0.3	1	125.166666667
0.9	7	30	0.9	0.6	0	195.083333333
0.9	7	30	0.9	0.6	1	93.9166666667
0.9	7	30	0.9	0.9	0	195.083333333
0.9	7	30	0.9	0.9	1	75.1666666667
0.9	8	5	0	0	0	195.083333333
0.9	8	5	0	0	1	71.4166666667
0.9	8	5	0	0.3	0	195.083333333
0.9	8	5	0	0.3	1	71.4166666667
0.9	8	5	0	0.6	0	195.083333333
0.9	8	5	0	0.6	1	71.4166666667
0.9	8	5	0	0.9	0	195.083333333
0.9	8	5	0	0.9	1	71.4166666667
0.9	8	5	0.3	0	0	195.083333333
0.9	8	5	0.3	0	1	71.4166666667
0.9	8	5	0.3	0.3	0	195.083333333
0.9	8	5	0.3	0.3	1	71.4166666667
0.9	8	5	0.3	0.6	0	195.083333333
0.9	8	5	0.3	0.6	1	71.4166666667
0.9	8	5	0.3	0.9	0	195.083333333
0.9	8	5	0.3	0.9	1	71.4166666667
0.9	8	5	0.6	0	0	195.083333333
0.9	8	5	0.6	0	1	71.4166666667
0.9	8	5	0.6	0.3	0	195.083333333
0.9	8	5	0.6	0.3	1	71.4166666667
0.9	8	5	0.6	0.6	0	195.083333333
0.9	8	5	0.6	0.6	1	71.4166666667
0.9	8	5	0.6	0.9	0	195.083333333
0.9	8	5	0.6	0.9	1	71.4166666667
0.9	8	5	0.9	0	0	195.083333333
0.9	8	5	0.9	0	1	71.4166666667
0.9	8	5	0.9	0.3	0	195.083333333
0.9	8	5	0.9	0.3	1	71.4166666667
0.9	8	5	0.9	0.6	0	195.083333333
0.9	8	5	0.9	0.6	1	71.4166666667
0.9	8	5	0.9	0.9	0	195.083333333
0.9	8	5	0.9	0.9	1	71.4166666667
0.9	8	10	0	0	0	195.083333333
0.9	8	10	0	0	1	75.1666666667
0.9	8	10	0	0.3	0	195.083333333
0.9	8	10	0	0.3	1	75.1666666667
0.9	8	10	0	0.6	0	195.083333333
0.9	8	10	0	0.6	1	75.1666666667
0.9	8	10	0	0.9	0	195.083333333
0.9	8	10	0	0.9	1	72.25
0.9	8	10	0.3	0	0	195.083333333
0.9	8	10	0.3	0	1	75.1666666667
0.9	8	10	0.3	0.3	0	195.083333333
0.9	8	10	0.3	0.3	1	75.1666666667
0.9	8	10	0.3	0.6	0	195.083333333
0.9	8	10	0.3	0.6	1	75.1666666667
0.9	8	10	0.3	0.9	0	195.083333333
0.9	8	10	0.3	0.9	1	72.25
0.9	8	10	0.6	0	0	195.083333333
0.9	8	10	0.6	0	1	75.1666666667
0.9	8	10	0.6	0.3	0	195.083333333
0.9	8	10	0.6	0.3	1	75.1666666667
0.9	8	10	0.6	0.6	0	195.083333333
0.9	8	10	0.6	0.6	1	75.1666666667
0.9	8	10	0.6	0.9	0	195.083333333
0.9	8	10	0.6	0.9	1	72.25
0.9	8	10	0.9	0	0	195.083333333
0.9	8	10	0.9	0	1	75.1666666667
0.9	8	10	0.9	0.3	0	195.083333333
0.9	8	10	0.9	0.3	1	75.1666666667
0.9	8	10	0.9	0.6	0	195.083333333
0.9	8	10	0.9	0.6	1	75.1666666667
0.9	8	10	0.9	0.9	0	195.083333333
0.9	8	10	0.9	0.9	1	72.25
0.9	8	15	0	0	0	195.083333333
0.9	8	15	0	0	1	75.1666666667
0.9	8	15	0	0.3	0	195.083333333
0.9	8	15	0	0.3	1	75.1666666667
0.9	8	15	0	0.6	0	195.083333333
0.9	8	15	0	0.6	1	75.1666666667
0.9	8	15	0	0.9	0	195.083333333
0.9	8	15	0	0.9	1	73.0833333333
0.9	8	15	0.3	0	0	195.083333333
0.9	8	15	0.3	0	1	75.1666666667
0.9	8	15	0.3	0.3	0	195.083333333
0.9	8	15	0.3	0.3	1	75.1666666667
0.9	8	15	0.3	0.6	0	195.083333333
0.9	8	15	0.3	0.6	1	75.1666666667
0.9	8	15	0.3	0.9	0	195.083333333
0.9	8	15	0.3	0.9	1	73.0833333333
0.9	8	15	0.6	0	0	195.083333333
0.9	8	15	0.6	0	1	75.1666666667
0.9	8	15	0.6	0.3	0	195.083333333
0.9	8	15	0.6	0.3	1	75.1666666667
0.9	8	15	0.6	0.6	0	195.083333333
0.9	8	15	0.6	0.6	1	75.1666666667
0.9	8	15	0.6	0.9	0	195.083333333
0.9	8	15	0.6	0.9	1	73.0833333333
0.9	8	15	0.9	0	0	195.083333333
0.9	8	15	0.9	0	1	75.1666666667
0.9	8	15	0.9	0.3	0	195.083333333
0.9	8	15	0.9	0.3	1	75.1666666667
0.9	8	15	0.9	0.6	0	195.083333333
0.9	8	15	0.9	0.6	1	75.1666666667
0.9	8	15	0.9	0.9	0	195.083333333
0.9	8	15	0.9	0.9	1	73.0833333333
0.9	8	20	0	0	0	195.083333333
0.9	8	20	0	0	1	75.1666666667
0.9	8	20	0	0.3	0	195.083333333
0.9	8	20	0	0.3	1	75.1666666667
0.9	8	20	0	0.6	0	195.083333333
0.9	8	20	0	0.6	1	75.1666666667
0.9	8	20	0	0.9	0	195.083333333
0.9	8	20	0	0.9	1	73.0833333333
0.9	8	20	0.3	0	0	195.083333333
0.9	8	20	0.3	0	1	75.1666666667
0.9	8	20	0.3	0.3	0	195.083333333
0.9	8	20	0.3	0.3	1	75.1666666667
0.9	8	20	0.3	0.6	0	195.083333333
0.9	8	20	0.3	0.6	1	75.1666666667
0.9	8	20	0.3	0.9	0	195.083333333
0.9	8	20	0.3	0.9	1	73.0833333333
0.9	8	20	0.6	0	0	195.083333333
0.9	8	20	0.6	0	1	75.1666666667
0.9	8	20	0.6	0.3	0	195.083333333
0.9	8	20	0.6	0.3	1	75.1666666667
0.9	8	20	0.6	0.6	0	195.083333333
0.9	8	20	0.6	0.6	1	75.1666666667
0.9	8	20	0.6	0.9	0	195.083333333
0.9	8	20	0.6	0.9	1	73.0833333333
0.9	8	20	0.9	0	0	195.083333333
0.9	8	20	0.9	0	1	75.1666666667
0.9	8	20	0.9	0.3	0	195.083333333
0.9	8	20	0.9	0.3	1	75.1666666667
0.9	8	20	0.9	0.6	0	195.083333333
0.9	8	20	0.9	0.6	1	75.1666666667
0.9	8	20	0.9	0.9	0	195.083333333
0.9	8	20	0.9	0.9	1	73.0833333333
0.9	8	25	0	0	0	195.083333333
0.9	8	25	0	0	1	75.1666666667
0.9	8	25	0	0.3	0	195.083333333
0.9	8	25	0	0.3	1	75.1666666667
0.9	8	25	0	0.6	0	195.083333333
0.9	8	25	0	0.6	1	75.1666666667
0.9	8	25	0	0.9	0	195.083333333
0.9	8	25	0	0.9	1	74.3333333333
0.9	8	25	0.3	0	0	195.083333333
0.9	8	25	0.3	0	1	75.1666666667
0.9	8	25	0.3	0.3	0	195.083333333
0.9	8	25	0.3	0.3	1	75.1666666667
0.9	8	25	0.3	0.6	0	195.083333333
0.9	8	25	0.3	0.6	1	75.1666666667
0.9	8	25	0.3	0.9	0	195.083333333
0.9	8	25	0.3	0.9	1	74.3333333333
0.9	8	25	0.6	0	0	195.083333333
0.9	8	25	0.6	0	1	75.1666666667
0.9	8	25	0.6	0.3	0	195.083333333
0.9	8	25	0.6	0.3	1	75.1666666667
0.9	8	25	0.6	0.6	0	195.083333333
0.9	8	25	0.6	0.6	1	75.1666666667
0.9	8	25	0.6	0.9	0	195.083333333
0.9	8	25	0.6	0.9	1	74.3333333333
0.9	8	25	0.9	0	0	195.083333333
0.9	8	25	0.9	0	1	75.1666666667
0.9	8	25	0.9	0.3	0	195.083333333
0.9	8	25	0.9	0.3	1	75.1666666667
0.9	8	25	0.9	0.6	0	195.083333333
0.9	8	25	0.9	0.6	1	75.1666666667
0.9	8	25	0.9	0.9	0	195.083333333
0.9	8	25	0.9	0.9	1	74.3333333333
0.9	8	30	0	0	0	195.083333333
0.9	8	30	0	0	1	97.8333333333
0.9	8	30	0	0.3	0	195.083333333
0.9	8	30	0	0.3	1	92.6666666667
0.9	8	30	0	0.6	0	195.083333333
0.9	8	30	0	0.6	1	80.1666666667
0.9	8	30	0	0.9	0	195.083333333
0.9	8	30	0	0.9	1	75.1666666667
0.9	8	30	0.3	0	0	195.083333333
0.9	8	30	0.3	0	1	97.8333333333
0.9	8	30	0.3	0.3	0	195.083333333
0.9	8	30	0.3	0.3	1	92.6666666667
0.9	8	30	0.3	0.6	0	195.083333333
0.9	8	30	0.3	0.6	1	80.1666666667
0.9	8	30	0.3	0.9	0	195.083333333
0.9	8	30	0.3	0.9	1	75.1666666667
0.9	8	30	0.6	0	0	195.083333333
0.9	8	30	0.6	0	1	97.8333333333
0.9	8	30	0.6	0.3	0	195.083333333
0.9	8	30	0.6	0.3	1	92.6666666667
0.9	8	30	0.6	0.6	0	195.083333333
0.9	8	30	0.6	0.6	1	80.1666666667
0.9	8	30	0.6	0.9	0	195.083333333
0.9	8	30	0.6	0.9	1	75.1666666667
0.9	8	30	0.9	0	0	195.083333333
0.9	8	30	0.9	0	1	97.8333333333
0.9	8	30	0.9	0.3	0	195.083333333
0.9	8	30	0.9	0.3	1	92.6666666667
0.9	8	30	0.9	0.6	0	195.083333333
0.9	8	30	0.9	0.6	1	80.1666666667
0.9	8	30	0.9	0.9	0	195.083333333
0.9	8	30	0.9	0.9	1	75.1666666667
0.9	9	5	0	0	0	195.083333333
0.9	9	5	0	0	1	75.1666666667
0.9	9	5	0	0.3	0	195.083333333
0.9	9	5	0	0.3	1	75.1666666667
0.9	9	5	0	0.6	0	195.083333333
0.9	9	5	0	0.6	1	75.1666666667
0.9	9	5	0	0.9	0	195.083333333
0.9	9	5	0	0.9	1	72.25
0.9	9	5	0.3	0	0	195.083333333
0.9	9	5	0.3	0	1	75.1666666667
0.9	9	5	0.3	0.3	0	195.083333333
0.9	9	5	0.3	0.3	1	75.1666666667
0.9	9	5	0.3	0.6	0	195.083333333
0.9	9	5	0.3	0.6	1	75.1666666667
0.9	9	5	0.3	0.9	0	195.083333333
0.9	9	5	0.3	0.9	1	72.25
0.9	9	5	0.6	0	0	195.083333333
0.9	9	5	0.6	0	1	75.1666666667
0.9	9	5	0.6	0.3	0	195.083333333
0.9	9	5	0.6	0.3	1	75.1666666667
0.9	9	5	0.6	0.6	0	195.083333333
0.9	9	5	0.6	0.6	1	75.1666666667
0.9	9	5	0.6	0.9	0	195.083333333
0.9	9	5	0.6	0.9	1	72.25
0.9	9	5	0.9	0	0	195.083333333
0.9	9	5	0.9	0	1	75.1666666667
0.9	9	5	0.9	0.3	0	195.083333333
0.9	9	5	0.9	0.3	1	75.1666666667
0.9	9	5	0.9	0.6	0	195.083333333
0.9	9	5	0.9	0.6	1	75.1666666667
0.9	9	5	0.9	0.9	0	195.083333333
0.9	9	5	0.9	0.9	1	72.25
0.9	9	10	0	0	0	195.083333333
0.9	9	10	0	0	1	75.1666666667
0.9	9	10	0	0.3	0	195.083333333
0.9	9	10	0	0.3	1	75.1666666667
0.9	9	10	0	0.6	0	195.083333333
0.9	9	10	0	0.6	1	75.1666666667
0.9	9	10	0	0.9	0	195.083333333
0.9	9	10	0	0.9	1	73.0833333333
0.9	9	10	0.3	0	0	195.083333333
0.9	9	10	0.3	0	1	75.1666666667
0.9	9	10	0.3	0.3	0	195.083333333
0.9	9	10	0.3	0.3	1	75.1666666667
0.9	9	10	0.3	0.6	0	195.083333333
0.9	9	10	0.3	0.6	1	75.1666666667
0.9	9	10	0.3	0.9	0	195.083333333
0.9	9	10	0.3	0.9	1	73.0833333333
0.9	9	10	0.6	0	0	195.083333333
0.9	9	10	0.6	0	1	75.1666666667
0.9	9	10	0.6	0.3	0	195.083333333
0.9	9	10	0.6	0.3	1	75.1666666667
0.9	9	10	0.6	0.6	0	195.083333333
0.9	9	10	0.6	0.6	1	75.1666666667
0.9	9	10	0.6	0.9	0	195.083333333
0.9	9	10	0.6	0.9	1	73.0833333333
0.9	9	10	0.9	0	0	195.083333333
0.9	9	10	0.9	0	1	75.1666666667
0.9	9	10	0.9	0.3	0	195.083333333
0.9	9	10	0.9	0.3	1	75.1666666667
0.9	9	10	0.9	0.6	0	195.083333333
0.9	9	10	0.9	0.6	1	75.1666666667
0.9	9	10	0.9	0.9	0	195.083333333
0.9	9	10	0.9	0.9	1	73.0833333333
0.9	9	15	0	0	0	195.083333333
0.9	9	15	0	0	1	75.1666666667
0.9	9	15	0	0.3	0	195.083333333
0.9	9	15	0	0.3	1	75.1666666667
0.9	9	15	0	0.6	0	195.083333333
0.9	9	15	0	0.6	1	75.1666666667
0.9	9	15	0	0.9	0	195.083333333
0.9	9	15	0	0.9	1	74.3333333333
0.9	9	15	0.3	0	0	195.083333333
0.9	9	15	0.3	0	1	75.1666666667
0.9	9	15	0.3	0.3	0	195.083333333
0.9	9	15	0.3	0.3	1	75.1666666667
0.9	9	15	0.3	0.6	0	195.083333333
0.9	9	15	0.3	0.6	1	75.1666666667
0.9	9	15	0.3	0.9	0	195.083333333
0.9	9	15	0.3	0.9	1	74.3333333333
0.9	9	15	0.6	0	0	195.083333333
0.9	9	15	0.6	0	1	75.1666666667
0.9	9	15	0.6	0.3	0	195.083333333
0.9	9	15	0.6	0.3	1	75.1666666667
0.9	9	15	0.6	0.6	0	195.083333333
0.9	9	15	0.6	0.6	1	75.1666666667
0.9	9	15	0.6	0.9	0	195.083333333
0.9	9	15	0.6	0.9	1	74.3333333333
0.9	9	15	0.9	0	0	195.083333333
0.9	9	15	0.9	0	1	75.1666666667
0.9	9	15	0.9	0.3	0	195.083333333
0.9	9	15	0.9	0.3	1	75.1666666667
0.9	9	15	0.9	0.6	0	195.083333333
0.9	9	15	0.9	0.6	1	75.1666666667
0.9	9	15	0.9	0.9	0	195.083333333
0.9	9	15	0.9	0.9	1	74.3333333333
0.9	9	20	0	0	0	195.083333333
0.9	9	20	0	0	1	97.8333333333
0.9	9	20	0	0.3	0	195.083333333
0.9	9	20	0	0.3	1	92.6666666667
0.9	9	20	0	0.6	0	195.083333333
0.9	9	20	0	0.6	1	80.1666666667
0.9	9	20	0	0.9	0	195.083333333
0.9	9	20	0	0.9	1	74.3333333333
0.9	9	20	0.3	0	0	195.083333333
0.9	9	20	0.3	0	1	97.8333333333
0.9	9	20	0.3	0.3	0	195.083333333
0.9	9	20	0.3	0.3	1	92.6666666667
0.9	9	20	0.3	0.6	0	195.083333333
0.9	9	20	0.3	0.6	1	80.1666666667
0.9	9	20	0.3	0.9	0	195.083333333
0.9	9	20	0.3	0.9	1	74.3333333333
0.9	9	20	0.6	0	0	195.083333333
0.9	9	20	0.6	0	1	97.8333333333
0.9	9	20	0.6	0.3	0	195.083333333
0.9	9	20	0.6	0.3	1	92.6666666667
0.9	9	20	0.6	0.6	0	195.083333333
0.9	9	20	0.6	0.6	1	80.1666666667
0.9	9	20	0.6	0.9	0	195.083333333
0.9	9	20	0.6	0.9	1	74.3333333333
0.9	9	20	0.9	0	0	195.083333333
0.9	9	20	0.9	0	1	97.8333333333
0.9	9	20	0.9	0.3	0	195.083333333
0.9	9	20	0.9	0.3	1	92.6666666667
0.9	9	20	0.9	0.6	0	195.083333333
0.9	9	20	0.9	0.6	1	80.1666666667
0.9	9	20	0.9	0.9	0	195.083333333
0.9	9	20	0.9	0.9	1	74.3333333333
0.9	9	25	0	0	0	195.083333333
0.9	9	25	0	0	1	120.333333333
0.9	9	25	0	0.3	0	195.083333333
0.9	9	25	0	0.3	1	110.166666667
0.9	9	25	0	0.6	0	195.083333333
0.9	9	25	0	0.6	1	85.1666666667
0.9	9	25	0	0.9	0	195.083333333
0.9	9	25	0	0.9	1	75.1666666667
0.9	9	25	0.3	0	0	195.083333333
0.9	9	25	0.3	0	1	120.333333333
0.9	9	25	0.3	0.3	0	195.083333333
0.9	9	25	0.3	0.3	1	110.166666667
0.9	9	25	0.3	0.6	0	195.083333333
0.9	9	25	0.3	0.6	1	85.1666666667
0.9	9	25	0.3	0.9	0	195.083333333
0.9	9	25	0.3	0.9	1	75.1666666667
0.9	9	25	0.6	0	0	195.083333333
0.9	9	25	0.6	0	1	120.333333333
0.9	9	25	0.6	0.3	0	195.083333333
0.9	9	25	0.6	0.3	1	110.166666667
0.9	9	25	0.6	0.6	0	195.083333333
0.9	9	25	0.6	0.6	1	85.1666666667
0.9	9	25	0.6	0.9	0	195.083333333
0.9	9	25	0.6	0.9	1	75.1666666667
0.9	9	25	0.9	0	0	195.083333333
0.9	9	25	0.9	0	1	120.333333333
0.9	9	25	0.9	0.3	0	195.083333333
0.9	9	25	0.9	0.3	1	110.166666667
0.9	9	25	0.9	0.6	0	195.083333333
0.9	9	25	0.9	0.6	1	85.1666666667
0.9	9	25	0.9	0.9	0	195.083333333
0.9	9	25	0.9	0.9	1	75.1666666667
0.9	9	30	0	0	0	195.083333333
0.9	9	30	0	0	1	195.083333333
0.9	9	30	0	0.3	0	195.083333333
0.9	9	30	0	0.3	1	167.666666667
0.9	9	30	0	0.6	0	195.083333333
0.9	9	30	0	0.6	1	98.9166666667
0.9	9	30	0	0.9	0	195.083333333
0.9	9	30	0	0.9	1	76
0.9	9	30	0.3	0	0	195.083333333
0.9	9	30	0.3	0	1	195.083333333
0.9	9	30	0.3	0.3	0	195.083333333
0.9	9	30	0.3	0.3	1	167.666666667
0.9	9	30	0.3	0.6	0	195.083333333
0.9	9	30	0.3	0.6	1	98.9166666667
0.9	9	30	0.3	0.9	0	195.083333333
0.9	9	30	0.3	0.9	1	76
0.9	9	30	0.6	0	0	195.083333333
0.9	9	30	0.6	0	1	195.083333333
0.9	9	30	0.6	0.3	0	195.083333333
0.9	9	30	0.6	0.3	1	167.666666667
0.9	9	30	0.6	0.6	0	195.083333333
0.9	9	30	0.6	0.6	1	98.9166666667
0.9	9	30	0.6	0.9	0	195.083333333
0.9	9	30	0.6	0.9	1	76
0.9	9	30	0.9	0	0	195.083333333
0.9	9	30	0.9	0	1	195.083333333
0.9	9	30	0.9	0.3	0	195.083333333
0.9	9	30	0.9	0.3	1	167.666666667
0.9	9	30	0.9	0.6	0	195.083333333
0.9	9	30	0.9	0.6	1	98.9166666667
0.9	9	30	0.9	0.9	0	195.083333333
0.9	9	30	0.9	0.9	1	76
0.9	10	5	0	0	0	195.083333333
0.9	10	5	0	0	1	71.4166666667
0.9	10	5	0	0.3	0	195.083333333
0.9	10	5	0	0.3	1	71.4166666667
0.9	10	5	0	0.6	0	195.083333333
0.9	10	5	0	0.6	1	71.4166666667
0.9	10	5	0	0.9	0	195.083333333
0.9	10	5	0	0.9	1	71.4166666667
0.9	10	5	0.3	0	0	195.083333333
0.9	10	5	0.3	0	1	71.4166666667
0.9	10	5	0.3	0.3	0	195.083333333
0.9	10	5	0.3	0.3	1	71.4166666667
0.9	10	5	0.3	0.6	0	195.083333333
0.9	10	5	0.3	0.6	1	71.4166666667
0.9	10	5	0.3	0.9	0	195.083333333
0.9	10	5	0.3	0.9	1	71.4166666667
0.9	10	5	0.6	0	0	195.083333333
0.9	10	5	0.6	0	1	71.4166666667
0.9	10	5	0.6	0.3	0	195.083333333
0.9	10	5	0.6	0.3	1	71.4166666667
0.9	10	5	0.6	0.6	0	195.083333333
0.9	10	5	0.6	0.6	1	71.4166666667
0.9	10	5	0.6	0.9	0	195.083333333
0.9	10	5	0.6	0.9	1	71.4166666667
0.9	10	5	0.9	0	0	195.083333333
0.9	10	5	0.9	0	1	71.4166666667
0.9	10	5	0.9	0.3	0	195.083333333
0.9	10	5	0.9	0.3	1	71.4166666667
0.9	10	5	0.9	0.6	0	195.083333333
0.9	10	5	0.9	0.6	1	71.4166666667
0.9	10	5	0.9	0.9	0	195.083333333
0.9	10	5	0.9	0.9	1	71.4166666667
0.9	10	10	0	0	0	195.083333333
0.9	10	10	0	0	1	71.4166666667
0.9	10	10	0	0.3	0	195.083333333
0.9	10	10	0	0.3	1	71.4166666667
0.9	10	10	0	0.6	0	195.083333333
0.9	10	10	0	0.6	1	71.4166666667
0.9	10	10	0	0.9	0	195.083333333
0.9	10	10	0	0.9	1	71.4166666667
0.9	10	10	0.3	0	0	195.083333333
0.9	10	10	0.3	0	1	71.4166666667
0.9	10	10	0.3	0.3	0	195.083333333
0.9	10	10	0.3	0.3	1	71.4166666667
0.9	10	10	0.3	0.6	0	195.083333333
0.9	10	10	0.3	0.6	1	71.4166666667
0.9	10	10	0.3	0.9	0	195.083333333
0.9	10	10	0.3	0.9	1	71.4166666667
0.9	10	10	0.6	0	0	195.083333333
0.9	10	10	0.6	0	1	71.4166666667
0.9	10	10	0.6	0.3	0	195.083333333
0.9	10	10	0.6	0.3	1	71.4166666667
0.9	10	10	0.6	0.6	0	195.083333333
0.9	10	10	0.6	0.6	1	71.4166666667
0.9	10	10	0.6	0.9	0	195.083333333
0.9	10	10	0.6	0.9	1	71.4166666667
0.9	10	10	0.9	0	0	195.083333333
0.9	10	10	0.9	0	1	71.4166666667
0.9	10	10	0.9	0.3	0	195.083333333
0.9	10	10	0.9	0.3	1	71.4166666667
0.9	10	10	0.9	0.6	0	195.083333333
0.9	10	10	0.9	0.6	1	71.4166666667
0.9	10	10	0.9	0.9	0	195.083333333
0.9	10	10	0.9	0.9	1	71.4166666667
0.9	10	15	0	0	0	195.083333333
0.9	10	15	0	0	1	75.1666666667
0.9	10	15	0	0.3	0	195.083333333
0.9	10	15	0	0.3	1	75.1666666667
0.9	10	15	0	0.6	0	195.083333333
0.9	10	15	0	0.6	1	75.1666666667
0.9	10	15	0	0.9	0	195.083333333
0.9	10	15	0	0.9	1	72.6666666667
0.9	10	15	0.3	0	0	195.083333333
0.9	10	15	0.3	0	1	75.1666666667
0.9	10	15	0.3	0.3	0	195.083333333
0.9	10	15	0.3	0.3	1	75.1666666667
0.9	10	15	0.3	0.6	0	195.083333333
0.9	10	15	0.3	0.6	1	75.1666666667
0.9	10	15	0.3	0.9	0	195.083333333
0.9	10	15	0.3	0.9	1	72.6666666667
0.9	10	15	0.6	0	0	195.083333333
0.9	10	15	0.6	0	1	75.1666666667
0.9	10	15	0.6	0.3	0	195.083333333
0.9	10	15	0.6	0.3	1	75.1666666667
0.9	10	15	0.6	0.6	0	195.083333333
0.9	10	15	0.6	0.6	1	75.1666666667
0.9	10	15	0.6	0.9	0	195.083333333
0.9	10	15	0.6	0.9	1	72.6666666667
0.9	10	15	0.9	0	0	195.083333333
0.9	10	15	0.9	0	1	75.1666666667
0.9	10	15	0.9	0.3	0	195.083333333
0.9	10	15	0.9	0.3	1	75.1666666667
0.9	10	15	0.9	0.6	0	195.083333333
0.9	10	15	0.9	0.6	1	75.1666666667
0.9	10	15	0.9	0.9	0	195.083333333
0.9	10	15	0.9	0.9	1	72.6666666667
0.9	10	20	0	0	0	195.083333333
0.9	10	20	0	0	1	135.25
0.9	10	20	0	0.3	0	195.083333333
0.9	10	20	0	0.3	1	107.666666667
0.9	10	20	0	0.6	0	195.083333333
0.9	10	20	0	0.6	1	85.1666666667
0.9	10	20	0	0.9	0	195.083333333
0.9	10	20	0	0.9	1	74.3333333333
0.9	10	20	0.3	0	0	195.083333333
0.9	10	20	0.3	0	1	135.25
0.9	10	20	0.3	0.3	0	195.083333333
0.9	10	20	0.3	0.3	1	107.666666667
0.9	10	20	0.3	0.6	0	195.083333333
0.9	10	20	0.3	0.6	1	85.1666666667
0.9	10	20	0.3	0.9	0	195.083333333
0.9	10	20	0.3	0.9	1	74.3333333333
0.9	10	20	0.6	0	0	195.083333333
0.9	10	20	0.6	0	1	135.25
0.9	10	20	0.6	0.3	0	195.083333333
0.9	10	20	0.6	0.3	1	107.666666667
0.9	10	20	0.6	0.6	0	195.083333333
0.9	10	20	0.6	0.6	1	85.1666666667
0.9	10	20	0.6	0.9	0	195.083333333
0.9	10	20	0.6	0.9	1	74.3333333333
0.9	10	20	0.9	0	0	195.083333333
0.9	10	20	0.9	0	1	135.25
0.9	10	20	0.9	0.3	0	195.083333333
0.9	10	20	0.9	0.3	1	107.666666667
0.9	10	20	0.9	0.6	0	195.083333333
0.9	10	20	0.9	0.6	1	85.1666666667
0.9	10	20	0.9	0.9	0	195.083333333
0.9	10	20	0.9	0.9	1	74.3333333333
0.9	10	25	0	0	0	195.083333333
0.9	10	25	0	0	1	135.25
0.9	10	25	0	0.3	0	195.083333333
0.9	10	25	0	0.3	1	125.166666667
0.9	10	25	0	0.6	0	195.083333333
0.9	10	25	0	0.6	1	98.9166666667
0.9	10	25	0	0.9	0	195.083333333
0.9	10	25	0	0.9	1	76
0.9	10	25	0.3	0	0	195.083333333
0.9	10	25	0.3	0	1	135.25
0.9	10	25	0.3	0.3	0	195.083333333
0.9	10	25	0.3	0.3	1	125.166666667
0.9	10	25	0.3	0.6	0	195.083333333
0.9	10	25	0.3	0.6	1	98.9166666667
0.9	10	25	0.3	0.9	0	195.083333333
0.9	10	25	0.3	0.9	1	76
0.9	10	25	0.6	0	0	195.083333333
0.9	10	25	0.6	0	1	135.25
0.9	10	25	0.6	0.3	0	195.083333333
0.9	10	25	0.6	0.3	1	125.166666667
0.9	10	25	0.6	0.6	0	195.083333333
0.9	10	25	0.6	0.6	1	98.9166666667
0.9	10	25	0.6	0.9	0	195.083333333
0.9	10	25	0.6	0.9	1	76
0.9	10	25	0.9	0	0	195.083333333
0.9	10	25	0.9	0	1	135.25
0.9	10	25	0.9	0.3	0	195.083333333
0.9	10	25	0.9	0.3	1	125.166666667
0.9	10	25	0.9	0.6	0	195.083333333
0.9	10	25	0.9	0.6	1	98.9166666667
0.9	10	25	0.9	0.9	0	195.083333333
0.9	10	25	0.9	0.9	1	76
0.9	10	30	0	0	0	Error: Iterative method did not converge within 10000 iterations.
Consider using a different numerical method or increasing the maximum number of iterations.
0.9	10	30	0	0	1	Error: Iterative method did not converge within 10000 iterations.
Consider using a different numerical method or increasing the maximum number of iterations.
0.9	10	30	0	0.3	0	Error: Iterative method did not converge within 10000 iterations.
Consider using a different numerical method or increasing the maximum number of iterations.
0.9	10	30	0	0.3	1	Error: Iterative method did not converge within 10000 iterations.
Consider using a different numerical method or increasing the maximum number of iterations.
0.9	10	30	0	0.6	0	Error: Iterative method did not converge within 10000 iterations.
Consider using a different numerical method or increasing the maximum number of iterations.
0.9	10	30	0	0.6	1	Error: Iterative method did not converge within 10000 iterations.
Consider using a different numerical method or increasing the maximum number of iterations.
0.9	10	30	0	0.9	0	Error: Iterative method did not converge within 10000 iterations.
Consider using a different numerical method or increasing the maximum number of iterations.
0.9	10	30	0	0.9	1	Error: Iterative method did not converge within 10000 iterations.
Consider using a different numerical method or increasing the maximum number of iterations.
0.9	10	30	0.3	0	0	Error: Iterative method did not converge within 10000 iterations.
Consider using a different numerical method or increasing the maximum number of iterations.
0.9	10	30	0.3	0	1	Error: Iterative method did not converge within 10000 iterations.
Consider using a different numerical method or increasing the maximum number of iterations.
0.9	10	30	0.3	0.3	0	195.083333333
0.9	10	30	0.3	0.3	1	160.166666667
0.9	10	30	0.3	0.6	0	195.083333333
0.9	10	30	0.3	0.6	1	98.9166666667
0.9	10	30	0.3	0.9	0	195.083333333
0.9	10	30	0.3	0.9	1	76
0.9	10	30	0.6	0	0	Error: Iterative method did not converge within 10000 iterations.
Consider using a different numerical method or increasing the maximum number of iterations.
0.9	10	30	0.6	0	1	Error: Iterative method did not converge within 10000 iterations.
Consider using a different numerical method or increasing the maximum number of iterations.
0.9	10	30	0.6	0.3	0	195.083333333
0.9	10	30	0.6	0.3	1	160.166666667
0.9	10	30	0.6	0.6	0	195.083333333
0.9	10	30	0.6	0.6	1	98.9166666667
0.9	10	30	0.6	0.9	0	195.083333333
0.9	10	30	0.6	0.9	1	76
0.9	10	30	0.9	0	0	Error: Iterative method did not converge within 10000 iterations.
Consider using a different numerical method or increasing the maximum number of iterations.
0.9	10	30	0.9	0	1	Error: Iterative method did not converge within 10000 iterations.
Consider using a different numerical method or increasing the maximum number of iterations.
0.9	10	30	0.9	0.3	0	195.083333333
0.9	10	30	0.9	0.3	1	160.166666667
0.9	10	30	0.9	0.6	0	195.083333333
0.9	10	30	0.9	0.6	1	98.9166666667
0.9	10	30	0.9	0.9	0	195.083333333
0.9	10	30	0.9	0.9	1	76
0.9	11	5	0	0	0	195.083333333
0.9	11	5	0	0	1	71.4166666667
0.9	11	5	0	0.3	0	195.083333333
0.9	11	5	0	0.3	1	71.4166666667
0.9	11	5	0	0.6	0	195.083333333
0.9	11	5	0	0.6	1	71.4166666667
0.9	11	5	0	0.9	0	195.083333333
0.9	11	5	0	0.9	1	71.4166666667
0.9	11	5	0.3	0	0	195.083333333
0.9	11	5	0.3	0	1	71.4166666667
0.9	11	5	0.3	0.3	0	195.083333333
0.9	11	5	0.3	0.3	1	71.4166666667
0.9	11	5	0.3	0.6	0	195.083333333
0.9	11	5	0.3	0.6	1	71.4166666667
0.9	11	5	0.3	0.9	0	195.083333333
0.9	11	5	0.3	0.9	1	71.4166666667
0.9	11	5	0.6	0	0	195.083333333
0.9	11	5	0.6	0	1	71.4166666667
0.9	11	5	0.6	0.3	0	195.083333333
0.9	11	5	0.6	0.3	1	71.4166666667
0.9	11	5	0.6	0.6	0	195.083333333
0.9	11	5	0.6	0.6	1	71.4166666667
0.9	11	5	0.6	0.9	0	195.083333333
0.9	11	5	0.6	0.9	1	71.4166666667
0.9	11	5	0.9	0	0	195.083333333
0.9	11	5	0.9	0	1	71.4166666667
0.9	11	5	0.9	0.3	0	195.083333333
0.9	11	5	0.9	0.3	1	71.4166666667
0.9	11	5	0.9	0.6	0	195.083333333
0.9	11	5	0.9	0.6	1	71.4166666667
0.9	11	5	0.9	0.9	0	195.083333333
0.9	11	5	0.9	0.9	1	71.4166666667
0.9	11	10	0	0	0	195.083333333
0.9	11	10	0	0	1	71.4166666667
0.9	11	10	0	0.3	0	195.083333333
0.9	11	10	0	0.3	1	71.4166666667
0.9	11	10	0	0.6	0	195.083333333
0.9	11	10	0	0.6	1	71.4166666667
0.9	11	10	0	0.9	0	195.083333333
0.9	11	10	0	0.9	1	71.4166666667
0.9	11	10	0.3	0	0	195.083333333
0.9	11	10	0.3	0	1	71.4166666667
0.9	11	10	0.3	0.3	0	195.083333333
0.9	11	10	0.3	0.3	1	71.4166666667
0.9	11	10	0.3	0.6	0	195.083333333
0.9	11	10	0.3	0.6	1	71.4166666667
0.9	11	10	0.3	0.9	0	195.083333333
0.9	11	10	0.3	0.9	1	71.4166666667
0.9	11	10	0.6	0	0	195.083333333
0.9	11	10	0.6	0	1	71.4166666667
0.9	11	10	0.6	0.3	0	195.083333333
0.9	11	10	0.6	0.3	1	71.4166666667
0.9	11	10	0.6	0.6	0	195.083333333
0.9	11	10	0.6	0.6	1	71.4166666667
0.9	11	10	0.6	0.9	0	195.083333333
0.9	11	10	0.6	0.9	1	71.4166666667
0.9	11	10	0.9	0	0	195.083333333
0.9	11	10	0.9	0	1	71.4166666667
0.9	11	10	0.9	0.3	0	195.083333333
0.9	11	10	0.9	0.3	1	71.4166666667
0.9	11	10	0.9	0.6	0	195.083333333
0.9	11	10	0.9	0.6	1	71.4166666667
0.9	11	10	0.9	0.9	0	195.083333333
0.9	11	10	0.9	0.9	1	71.4166666667
0.9	11	15	0	0	0	195.083333333
0.9	11	15	0	0	1	75.1666666667
0.9	11	15	0	0.3	0	195.083333333
0.9	11	15	0	0.3	1	75.1666666667
0.9	11	15	0	0.6	0	195.083333333
0.9	11	15	0	0.6	1	75.1666666667
0.9	11	15	0	0.9	0	195.083333333
0.9	11	15	0	0.9	1	72.25
0.9	11	15	0.3	0	0	195.083333333
0.9	11	15	0.3	0	1	75.1666666667
0.9	11	15	0.3	0.3	0	195.083333333
0.9	11	15	0.3	0.3	1	75.1666666667
0.9	11	15	0.3	0.6	0	195.083333333
0.9	11	15	0.3	0.6	1	75.1666666667
0.9	11	15	0.3	0.9	0	195.083333333
0.9	11	15	0.3	0.9	1	72.25
0.9	11	15	0.6	0	0	195.083333333
0.9	11	15	0.6	0	1	75.1666666667
0.9	11	15	0.6	0.3	0	195.083333333
0.9	11	15	0.6	0.3	1	75.1666666667
0.9	11	15	0.6	0.6	0	195.083333333
0.9	11	15	0.6	0.6	1	75.1666666667
0.9	11	15	0.6	0.9	0	195.083333333
0.9	11	15	0.6	0.9	1	72.25
0.9	11	15	0.9	0	0	195.083333333
0.9	11	15	0.9	0	1	75.1666666667
0.9	11	15	0.9	0.3	0	195.083333333
0.9	11	15	0.9	0.3	1	75.1666666667
0.9	11	15	0.9	0.6	0	195.083333333
0.9	11	15	0.9	0.6	1	75.1666666667
0.9	11	15	0.9	0.9	0	195.083333333
0.9	11	15	0.9	0.9	1	72.25
0.9	11	20	0	0	0	195.083333333
0.9	11	20	0	0	1	75.1666666667
0.9	11	20	0	0.3	0	195.083333333
0.9	11	20	0	0.3	1	75.1666666667
0.9	11	20	0	0.6	0	195.083333333
0.9	11	20	0	0.6	1	75.1666666667
0.9	11	20	0	0.9	0	195.083333333
0.9	11	20	0	0.9	1	73.5
0.9	11	20	0.3	0	0	195.083333333
0.9	11	20	0.3	0	1	75.1666666667
0.9	11	20	0.3	0.3	0	195.083333333
0.9	11	20	0.3	0.3	1	75.1666666667
0.9	11	20	0.3	0.6	0	195.083333333
0.9	11	20	0.3	0.6	1	75.1666666667
0.9	11	20	0.3	0.9	0	195.083333333
0.9	11	20	0.3	0.9	1	73.5
0.9	11	20	0.6	0	0	195.083333333
0.9	11	20	0.6	0	1	75.1666666667
0.9	11	20	0.6	0.3	0	195.083333333
0.9	11	20	0.6	0.3	1	75.1666666667
0.9	11	20	0.6	0.6	0	195.083333333
0.9	11	20	0.6	0.6	1	75.1666666667
0.9	11	20	0.6	0.9	0	195.083333333
0.9	11	20	0.6	0.9	1	73.5
0.9	11	20	0.9	0	0	195.083333333
0.9	11	20	0.9	0	1	75.1666666667
0.9	11	20	0.9	0.3	0	195.083333333
0.9	11	20	0.9	0.3	1	75.1666666667
0.9	11	20	0.9	0.6	0	195.083333333
0.9	11	20	0.9	0.6	1	75.1666666667
0.9	11	20	0.9	0.9	0	195.083333333
0.9	11	20	0.9	0.9	1	73.5
0.9	11	25	0	0	0	195.083333333
0.9	11	25	0	0	1	75.1666666667
0.9	11	25	0	0.3	0	195.083333333
0.9	11	25	0	0.3	1	75.1666666667
0.9	11	25	0	0.6	0	195.083333333
0.9	11	25	0	0.6	1	75.1666666667
0.9	11	25	0	0.9	0	195.083333333
0.9	11	25	0	0.9	1	75.1666666667
0.9	11	25	0.3	0	0	195.083333333
0.9	11	25	0.3	0	1	75.1666666667
0.9	11	25	0.3	0.3	0	195.083333333
0.9	11	25	0.3	0.3	1	75.1666666667
0.9	11	25	0.3	0.6	0	195.083333333
0.9	11	25	0.3	0.6	1	75.1666666667
0.9	11	25	0.3	0.9	0	195.083333333
0.9	11	25	0.3	0.9	1	75.1666666667
0.9	11	25	0.6	0	0	195.083333333
0.9	11	25	0.6	0	1	75.1666666667
0.9	11	25	0.6	0.3	0	195.083333333
0.9	11	25	0.6	0.3	1	75.1666666667
0.9	11	25	0.6	0.6	0	195.083333333
0.9	11	25	0.6	0.6	1	75.1666666667
0.9	11	25	0.6	0.9	0	195.083333333
0.9	11	25	0.6	0.9	1	75.1666666667
0.9	11	25	0.9	0	0	195.083333333
0.9	11	25	0.9	0	1	75.1666666667
0.9	11	25	0.9	0.3	0	195.083333333
0.9	11	25	0.9	0.3	1	75.1666666667
0.9	11	25	0.9	0.6	0	195.083333333
0.9	11	25	0.9	0.6	1	75.1666666667
0.9	11	25	0.9	0.9	0	195.083333333
0.9	11	25	0.9	0.9	1	75.1666666667
0.9	11	30	0	0	0	195.083333333
0.9	11	30	0	0	1	75.1666666667
0.9	11	30	0	0.3	0	195.083333333
0.9	11	30	0	0.3	1	75.1666666667
0.9	11	30	0	0.6	0	195.083333333
0.9	11	30	0	0.6	1	75.1666666667
0.9	11	30	0	0.9	0	195.083333333
0.9	11	30	0	0.9	1	75.1666666667
0.9	11	30	0.3	0	0	195.083333333
0.9	11	30	0.3	0	1	75.1666666667
0.9	11	30	0.3	0.3	0	195.083333333
0.9	11	30	0.3	0.3	1	75.1666666667
0.9	11	30	0.3	0.6	0	195.083333333
0.9	11	30	0.3	0.6	1	75.1666666667
0.9	11	30	0.3	0.9	0	195.083333333
0.9	11	30	0.3	0.9	1	75.1666666667
0.9	11	30	0.6	0	0	195.083333333
0.9	11	30	0.6	0	1	75.1666666667
0.9	11	30	0.6	0.3	0	195.083333333
0.9	11	30	0.6	0.3	1	75.1666666667
0.9	11	30	0.6	0.6	0	195.083333333
0.9	11	30	0.6	0.6	1	75.1666666667
0.9	11	30	0.6	0.9	0	195.083333333
0.9	11	30	0.6	0.9	1	75.1666666667
0.9	11	30	0.9	0	0	195.083333333
0.9	11	30	0.9	0	1	75.1666666667
0.9	11	30	0.9	0.3	0	195.083333333
0.9	11	30	0.9	0.3	1	75.1666666667
0.9	11	30	0.9	0.6	0	195.083333333
0.9	11	30	0.9	0.6	1	75.1666666667
0.9	11	30	0.9	0.9	0	195.083333333
0.9	11	30	0.9	0.9	1	75.1666666667
0.9	12	5	0	0	0	195.083333333
0.9	12	5	0	0	1	71.4166666667
0.9	12	5	0	0.3	0	195.083333333
0.9	12	5	0	0.3	1	71.4166666667
0.9	12	5	0	0.6	0	195.083333333
0.9	12	5	0	0.6	1	71.4166666667
0.9	12	5	0	0.9	0	195.083333333
0.9	12	5	0	0.9	1	71.4166666667
0.9	12	5	0.3	0	0	195.083333333
0.9	12	5	0.3	0	1	71.4166666667
0.9	12	5	0.3	0.3	0	195.083333333
0.9	12	5	0.3	0.3	1	71.4166666667
0.9	12	5	0.3	0.6	0	195.083333333
0.9	12	5	0.3	0.6	1	71.4166666667
0.9	12	5	0.3	0.9	0	195.083333333
0.9	12	5	0.3	0.9	1	71.4166666667
0.9	12	5	0.6	0	0	195.083333333
0.9	12	5	0.6	0	1	71.4166666667
0.9	12	5	0.6	0.3	0	195.083333333
0.9	12	5	0.6	0.3	1	71.4166666667
0.9	12	5	0.6	0.6	0	195.083333333
0.9	12	5	0.6	0.6	1	71.4166666667
0.9	12	5	0.6	0.9	0	195.083333333
0.9	12	5	0.6	0.9	1	71.4166666667
0.9	12	5	0.9	0	0	195.083333333
0.9	12	5	0.9	0	1	71.4166666667
0.9	12	5	0.9	0.3	0	195.083333333
0.9	12	5	0.9	0.3	1	71.4166666667
0.9	12	5	0.9	0.6	0	195.083333333
0.9	12	5	0.9	0.6	1	71.4166666667
0.9	12	5	0.9	0.9	0	195.083333333
0.9	12	5	0.9	0.9	1	71.4166666667
0.9	12	10	0	0	0	195.083333333
0.9	12	10	0	0	1	75.1666666667
0.9	12	10	0	0.3	0	195.083333333
0.9	12	10	0	0.3	1	75.1666666667
0.9	12	10	0	0.6	0	195.083333333
0.9	12	10	0	0.6	1	75.1666666667
0.9	12	10	0	0.9	0	195.083333333
0.9	12	10	0	0.9	1	73.5
0.9	12	10	0.3	0	0	195.083333333
0.9	12	10	0.3	0	1	75.1666666667
0.9	12	10	0.3	0.3	0	195.083333333
0.9	12	10	0.3	0.3	1	75.1666666667
0.9	12	10	0.3	0.6	0	195.083333333
0.9	12	10	0.3	0.6	1	75.1666666667
0.9	12	10	0.3	0.9	0	195.083333333
0.9	12	10	0.3	0.9	1	73.5
0.9	12	10	0.6	0	0	195.083333333
0.9	12	10	0.6	0	1	75.1666666667
0.9	12	10	0.6	0.3	0	195.083333333
0.9	12	10	0.6	0.3	1	75.1666666667
0.9	12	10	0.6	0.6	0	195.083333333
0.9	12	10	0.6	0.6	1	75.1666666667
0.9	12	10	0.6	0.9	0	195.083333333
0.9	12	10	0.6	0.9	1	73.5
0.9	12	10	0.9	0	0	195.083333333
0.9	12	10	0.9	0	1	75.1666666667
0.9	12	10	0.9	0.3	0	195.083333333
0.9	12	10	0.9	0.3	1	75.1666666667
0.9	12	10	0.9	0.6	0	195.083333333
0.9	12	10	0.9	0.6	1	75.1666666667
0.9	12	10	0.9	0.9	0	195.083333333
0.9	12	10	0.9	0.9	1	73.5
0.9	12	15	0	0	0	195.083333333
0.9	12	15	0	0	1	75.1666666667
0.9	12	15	0	0.3	0	195.083333333
0.9	12	15	0	0.3	1	75.1666666667
0.9	12	15	0	0.6	0	195.083333333
0.9	12	15	0	0.6	1	75.1666666667
0.9	12	15	0	0.9	0	195.083333333
0.9	12	15	0	0.9	1	74.3333333333
0.9	12	15	0.3	0	0	195.083333333
0.9	12	15	0.3	0	1	75.1666666667
0.9	12	15	0.3	0.3	0	195.083333333
0.9	12	15	0.3	0.3	1	75.1666666667
0.9	12	15	0.3	0.6	0	195.083333333
0.9	12	15	0.3	0.6	1	75.1666666667
0.9	12	15	0.3	0.9	0	195.083333333
0.9	12	15	0.3	0.9	1	74.3333333333
0.9	12	15	0.6	0	0	195.083333333
0.9	12	15	0.6	0	1	75.1666666667
0.9	12	15	0.6	0.3	0	195.083333333
0.9	12	15	0.6	0.3	1	75.1666666667
0.9	12	15	0.6	0.6	0	195.083333333
0.9	12	15	0.6	0.6	1	75.1666666667
0.9	12	15	0.6	0.9	0	195.083333333
0.9	12	15	0.6	0.9	1	74.3333333333
0.9	12	15	0.9	0	0	195.083333333
0.9	12	15	0.9	0	1	75.1666666667
0.9	12	15	0.9	0.3	0	195.083333333
0.9	12	15	0.9	0.3	1	75.1666666667
0.9	12	15	0.9	0.6	0	195.083333333
0.9	12	15	0.9	0.6	1	75.1666666667
0.9	12	15	0.9	0.9	0	195.083333333
0.9	12	15	0.9	0.9	1	74.3333333333
0.9	12	20	0	0	0	195.083333333
0.9	12	20	0	0	1	75.1666666667
0.9	12	20	0	0.3	0	195.083333333
0.9	12	20	0	0.3	1	75.1666666667
0.9	12	20	0	0.6	0	195.083333333
0.9	12	20	0	0.6	1	75.1666666667
0.9	12	20	0	0.9	0	195.083333333
0.9	12	20	0	0.9	1	75.1666666667
0.9	12	20	0.3	0	0	195.083333333
0.9	12	20	0.3	0	1	75.1666666667
0.9	12	20	0.3	0.3	0	195.083333333
0.9	12	20	0.3	0.3	1	75.1666666667
0.9	12	20	0.3	0.6	0	195.083333333
0.9	12	20	0.3	0.6	1	75.1666666667
0.9	12	20	0.3	0.9	0	195.083333333
0.9	12	20	0.3	0.9	1	75.1666666667
0.9	12	20	0.6	0	0	195.083333333
0.9	12	20	0.6	0	1	75.1666666667
0.9	12	20	0.6	0.3	0	195.083333333
0.9	12	20	0.6	0.3	1	75.1666666667
0.9	12	20	0.6	0.6	0	195.083333333
0.9	12	20	0.6	0.6	1	75.1666666667
0.9	12	20	0.6	0.9	0	195.083333333
0.9	12	20	0.6	0.9	1	75.1666666667
0.9	12	20	0.9	0	0	195.083333333
0.9	12	20	0.9	0	1	75.1666666667
0.9	12	20	0.9	0.3	0	195.083333333
0.9	12	20	0.9	0.3	1	75.1666666667
0.9	12	20	0.9	0.6	0	195.083333333
0.9	12	20	0.9	0.6	1	75.1666666667
0.9	12	20	0.9	0.9	0	195.083333333
0.9	12	20	0.9	0.9	1	75.1666666667
0.9	12	25	0	0	0	195.083333333
0.9	12	25	0	0	1	142.75
0.9	12	25	0	0.3	0	195.083333333
0.9	12	25	0	0.3	1	127.666666667
0.9	12	25	0	0.6	0	195.083333333
0.9	12	25	0	0.6	1	90.1666666667
0.9	12	25	0	0.9	0	195.083333333
0.9	12	25	0	0.9	1	76
0.9	12	25	0.3	0	0	195.083333333
0.9	12	25	0.3	0	1	142.75
0.9	12	25	0.3	0.3	0	195.083333333
0.9	12	25	0.3	0.3	1	127.666666667
0.9	12	25	0.3	0.6	0	195.083333333
0.9	12	25	0.3	0.6	1	90.1666666667
0.9	12	25	0.3	0.9	0	195.083333333
0.9	12	25	0.3	0.9	1	76
0.9	12	25	0.6	0	0	195.083333333
0.9	12	25	0.6	0	1	142.75
0.9	12	25	0.6	0.3	0	195.083333333
0.9	12	25	0.6	0.3	1	127.666666667
0.9	12	25	0.6	0.6	0	195.083333333
0.9	12	25	0.6	0.6	1	90.1666666667
0.9	12	25	0.6	0.9	0	195.083333333
0.9	12	25	0.6	0.9	1	76
0.9	12	25	0.9	0	0	195.083333333
0.9	12	25	0.9	0	1	142.75
0.9	12	25	0.9	0.3	0	195.083333333
0.9	12	25	0.9	0.3	1	127.666666667
0.9	12	25	0.9	0.6	0	195.083333333
0.9	12	25	0.9	0.6	1	90.1666666667
0.9	12	25	0.9	0.9	0	195.083333333
0.9	12	25	0.9	0.9	1	76
0.9	12	30	0	0	0	195.083333333
0.9	12	30	0	0	1	165.25
0.9	12	30	0	0.3	0	195.083333333
0.9	12	30	0	0.3	1	145.166666667
0.9	12	30	0	0.6	0	195.083333333
0.9	12	30	0	0.6	1	95.1666666667
0.9	12	30	0	0.9	0	195.083333333
0.9	12	30	0	0.9	1	76
0.9	12	30	0.3	0	0	195.083333333
0.9	12	30	0.3	0	1	165.25
0.9	12	30	0.3	0.3	0	195.083333333
0.9	12	30	0.3	0.3	1	145.166666667
0.9	12	30	0.3	0.6	0	195.083333333
0.9	12	30	0.3	0.6	1	95.1666666667
0.9	12	30	0.3	0.9	0	195.083333333
0.9	12	30	0.3	0.9	1	76
0.9	12	30	0.6	0	0	195.083333333
0.9	12	30	0.6	0	1	165.25
0.9	12	30	0.6	0.3	0	195.083333333
0.9	12	30	0.6	0.3	1	145.166666667
0.9	12	30	0.6	0.6	0	195.083333333
0.9	12	30	0.6	0.6	1	95.1666666667
0.9	12	30	0.6	0.9	0	195.083333333
0.9	12	30	0.6	0.9	1	76
0.9	12	30	0.9	0	0	195.083333333
0.9	12	30	0.9	0	1	165.25
0.9	12	30	0.9	0.3	0	195.083333333
0.9	12	30	0.9	0.3	1	145.166666667
0.9	12	30	0.9	0.6	0	195.083333333
0.9	12	30	0.9	0.6	1	95.1666666667
0.9	12	30	0.9	0.9	0	195.083333333
0.9	12	30	0.9	0.9	1	76
0.9	13	5	0	0	0	195.083333333
0.9	13	5	0	0	1	75.1666666667
0.9	13	5	0	0.3	0	195.083333333
0.9	13	5	0	0.3	1	75.1666666667
0.9	13	5	0	0.6	0	195.083333333
0.9	13	5	0	0.6	1	75.1666666667
0.9	13	5	0	0.9	0	195.083333333
0.9	13	5	0	0.9	1	72.6666666667
0.9	13	5	0.3	0	0	195.083333333
0.9	13	5	0.3	0	1	75.1666666667
0.9	13	5	0.3	0.3	0	195.083333333
0.9	13	5	0.3	0.3	1	75.1666666667
0.9	13	5	0.3	0.6	0	195.083333333
0.9	13	5	0.3	0.6	1	75.1666666667
0.9	13	5	0.3	0.9	0	195.083333333
0.9	13	5	0.3	0.9	1	72.6666666667
0.9	13	5	0.6	0	0	195.083333333
0.9	13	5	0.6	0	1	75.1666666667
0.9	13	5	0.6	0.3	0	195.083333333
0.9	13	5	0.6	0.3	1	75.1666666667
0.9	13	5	0.6	0.6	0	195.083333333
0.9	13	5	0.6	0.6	1	75.1666666667
0.9	13	5	0.6	0.9	0	195.083333333
0.9	13	5	0.6	0.9	1	72.6666666667
0.9	13	5	0.9	0	0	195.083333333
0.9	13	5	0.9	0	1	75.1666666667
0.9	13	5	0.9	0.3	0	195.083333333
0.9	13	5	0.9	0.3	1	75.1666666667
0.9	13	5	0.9	0.6	0	195.083333333
0.9	13	5	0.9	0.6	1	75.1666666667
0.9	13	5	0.9	0.9	0	195.083333333
0.9	13	5	0.9	0.9	1	72.6666666667
0.9	13	10	0	0	0	195.083333333
0.9	13	10	0	0	1	75.1666666667
0.9	13	10	0	0.3	0	195.083333333
0.9	13	10	0	0.3	1	75.1666666667
0.9	13	10	0	0.6	0	195.083333333
0.9	13	10	0	0.6	1	75.1666666667
0.9	13	10	0	0.9	0	195.083333333
0.9	13	10	0	0.9	1	73.5
0.9	13	10	0.3	0	0	195.083333333
0.9	13	10	0.3	0	1	75.1666666667
0.9	13	10	0.3	0.3	0	195.083333333
0.9	13	10	0.3	0.3	1	75.1666666667
0.9	13	10	0.3	0.6	0	195.083333333
0.9	13	10	0.3	0.6	1	75.1666666667
0.9	13	10	0.3	0.9	0	195.083333333
0.9	13	10	0.3	0.9	1	73.5
0.9	13	10	0.6	0	0	195.083333333
0.9	13	10	0.6	0	1	75.1666666667
0.9	13	10	0.6	0.3	0	195.083333333
0.9	13	10	0.6	0.3	1	75.1666666667
0.9	13	10	0.6	0.6	0	195.083333333
0.9	13	10	0.6	0.6	1	75.1666666667
0.9	13	10	0.6	0.9	0	195.083333333
0.9	13	10	0.6	0.9	1	73.5
0.9	13	10	0.9	0	0	195.083333333
0.9	13	10	0.9	0	1	75.1666666667
0.9	13	10	0.9	0.3	0	195.083333333
0.9	13	10	0.9	0.3	1	75.1666666667
0.9	13	10	0.9	0.6	0	195.083333333
0.9	13	10	0.9	0.6	1	75.1666666667
0.9	13	10	0.9	0.9	0	195.083333333
0.9	13	10	0.9	0.9	1	73.5
0.9	13	15	0	0	0	195.083333333
0.9	13	15	0	0	1	142.75
0.9	13	15	0	0.3	0	195.083333333
0.9	13	15	0	0.3	1	127.666666667
0.9	13	15	0	0.6	0	195.083333333
0.9	13	15	0	0.6	1	90.1666666667
0.9	13	15	0	0.9	0	195.083333333
0.9	13	15	0	0.9	1	75.1666666667
0.9	13	15	0.3	0	0	195.083333333
0.9	13	15	0.3	0	1	142.75
0.9	13	15	0.3	0.3	0	195.083333333
0.9	13	15	0.3	0.3	1	127.666666667
0.9	13	15	0.3	0.6	0	195.083333333
0.9	13	15	0.3	0.6	1	90.1666666667
0.9	13	15	0.3	0.9	0	195.083333333
0.9	13	15	0.3	0.9	1	75.1666666667
0.9	13	15	0.6	0	0	195.083333333
0.9	13	15	0.6	0	1	142.75
0.9	13	15	0.6	0.3	0	195.083333333
0.9	13	15	0.6	0.3	1	127.666666667
0.9	13	15	0.6	0.6	0	195.083333333
0.9	13	15	0.6	0.6	1	90.1666666667
0.9	13	15	0.6	0.9	0	195.083333333
0.9	13	15	0.6	0.9	1	75.1666666667
0.9	13	15	0.9	0	0	195.083333333
0.9	13	15	0.9	0	1	142.75
0.9	13	15	0.9	0.3	0	195.083333333
0.9	13	15	0.9	0.3	1	127.666666667
0.9	13	15	0.9	0.6	0	195.083333333
0.9	13	15	0.9	0.6	1	90.1666666667
0.9	13	15	0.9	0.9	0	195.083333333
0.9	13	15	0.9	0.9	1	75.1666666667
0.9	13	20	0	0	0	195.083333333
0.9	13	20	0	0	1	142.75
0.9	13	20	0	0.3	0	195.083333333
0.9	13	20	0	0.3	1	127.666666667
0.9	13	20	0	0.6	0	195.083333333
0.9	13	20	0	0.6	1	90.1666666667
0.9	13	20	0	0.9	0	195.083333333
0.9	13	20	0	0.9	1	75.1666666667
0.9	13	20	0.3	0	0	195.083333333
0.9	13	20	0.3	0	1	142.75
0.9	13	20	0.3	0.3	0	195.083333333
0.9	13	20	0.3	0.3	1	127.666666667
0.9	13	20	0.3	0.6	0	195.083333333
0.9	13	20	0.3	0.6	1	90.1666666667
0.9	13	20	0.3	0.9	0	195.083333333
0.9	13	20	0.3	0.9	1	75.1666666667
0.9	13	20	0.6	0	0	195.083333333
0.9	13	20	0.6	0	1	142.75
0.9	13	20	0.6	0.3	0	195.083333333
0.9	13	20	0.6	0.3	1	127.666666667
0.9	13	20	0.6	0.6	0	195.083333333
0.9	13	20	0.6	0.6	1	90.1666666667
0.9	13	20	0.6	0.9	0	195.083333333
0.9	13	20	0.6	0.9	1	75.1666666667
0.9	13	20	0.9	0	0	195.083333333
0.9	13	20	0.9	0	1	142.75
0.9	13	20	0.9	0.3	0	195.083333333
0.9	13	20	0.9	0.3	1	127.666666667
0.9	13	20	0.9	0.6	0	195.083333333
0.9	13	20	0.9	0.6	1	90.1666666667
0.9	13	20	0.9	0.9	0	195.083333333
0.9	13	20	0.9	0.9	1	75.1666666667
0.9	13	25	0	0	0	195.083333333
0.9	13	25	0	0	1	165.25
0.9	13	25	0	0.3	0	195.083333333
0.9	13	25	0	0.3	1	145.166666667
0.9	13	25	0	0.6	0	195.083333333
0.9	13	25	0	0.6	1	95.1666666667
0.9	13	25	0	0.9	0	195.083333333
0.9	13	25	0	0.9	1	76
0.9	13	25	0.3	0	0	195.083333333
0.9	13	25	0.3	0	1	165.25
0.9	13	25	0.3	0.3	0	195.083333333
0.9	13	25	0.3	0.3	1	145.166666667
0.9	13	25	0.3	0.6	0	195.083333333
0.9	13	25	0.3	0.6	1	95.1666666667
0.9	13	25	0.3	0.9	0	195.083333333
0.9	13	25	0.3	0.9	1	76
0.9	13	25	0.6	0	0	195.083333333
0.9	13	25	0.6	0	1	165.25
0.9	13	25	0.6	0.3	0	195.083333333
0.9	13	25	0.6	0.3	1	145.166666667
0.9	13	25	0.6	0.6	0	195.083333333
0.9	13	25	0.6	0.6	1	95.1666666667
0.9	13	25	0.6	0.9	0	195.083333333
0.9	13	25	0.6	0.9	1	76
0.9	13	25	0.9	0	0	195.083333333
0.9	13	25	0.9	0	1	165.25
0.9	13	25	0.9	0.3	0	195.083333333
0.9	13	25	0.9	0.3	1	145.166666667
0.9	13	25	0.9	0.6	0	195.083333333
0.9	13	25	0.9	0.6	1	95.1666666667
0.9	13	25	0.9	0.9	0	195.083333333
0.9	13	25	0.9	0.9	1	76
0.9	13	30	0	0	0	195.083333333
0.9	13	30	0	0	1	165.25
0.9	13	30	0	0.3	0	195.083333333
0.9	13	30	0	0.3	1	145.166666667
0.9	13	30	0	0.6	0	195.083333333
0.9	13	30	0	0.6	1	95.1666666667
0.9	13	30	0	0.9	0	195.083333333
0.9	13	30	0	0.9	1	76
0.9	13	30	0.3	0	0	195.083333333
0.9	13	30	0.3	0	1	165.25
0.9	13	30	0.3	0.3	0	195.083333333
0.9	13	30	0.3	0.3	1	145.166666667
0.9	13	30	0.3	0.6	0	195.083333333
0.9	13	30	0.3	0.6	1	95.1666666667
0.9	13	30	0.3	0.9	0	195.083333333
0.9	13	30	0.3	0.9	1	76
0.9	13	30	0.6	0	0	195.083333333
0.9	13	30	0.6	0	1	165.25
0.9	13	30	0.6	0.3	0	195.083333333
0.9	13	30	0.6	0.3	1	145.166666667
0.9	13	30	0.6	0.6	0	195.083333333
0.9	13	30	0.6	0.6	1	95.1666666667
0.9	13	30	0.6	0.9	0	195.083333333
0.9	13	30	0.6	0.9	1	76
0.9	13	30	0.9	0	0	195.083333333
0.9	13	30	0.9	0	1	165.25
0.9	13	30	0.9	0.3	0	195.083333333
0.9	13	30	0.9	0.3	1	145.166666667
0.9	13	30	0.9	0.6	0	195.083333333
0.9	13	30	0.9	0.6	1	95.1666666667
0.9	13	30	0.9	0.9	0	195.083333333
0.9	13	30	0.9	0.9	1	76
0.9	14	5	0	0	0	195.083333333
0.9	14	5	0	0	1	71.4166666667
0.9	14	5	0	0.3	0	195.083333333
0.9	14	5	0	0.3	1	71.4166666667
0.9	14	5	0	0.6	0	195.083333333
0.9	14	5	0	0.6	1	71.4166666667
0.9	14	5	0	0.9	0	195.083333333
0.9	14	5	0	0.9	1	71.4166666667
0.9	14	5	0.3	0	0	195.083333333
0.9	14	5	0.3	0	1	71.4166666667
0.9	14	5	0.3	0.3	0	195.083333333
0.9	14	5	0.3	0.3	1	71.4166666667
0.9	14	5	0.3	0.6	0	195.083333333
0.9	14	5	0.3	0.6	1	71.4166666667
0.9	14	5	0.3	0.9	0	195.083333333
0.9	14	5	0.3	0.9	1	71.4166666667
0.9	14	5	0.6	0	0	195.083333333
0.9	14	5	0.6	0	1	71.4166666667
0.9	14	5	0.6	0.3	0	195.083333333
0.9	14	5	0.6	0.3	1	71.4166666667
0.9	14	5	0.6	0.6	0	195.083333333
0.9	14	5	0.6	0.6	1	71.4166666667
0.9	14	5	0.6	0.9	0	195.083333333
0.9	14	5	0.6	0.9	1	71.4166666667
0.9	14	5	0.9	0	0	195.083333333
0.9	14	5	0.9	0	1	71.4166666667
0.9	14	5	0.9	0.3	0	195.083333333
0.9	14	5	0.9	0.3	1	71.4166666667
0.9	14	5	0.9	0.6	0	195.083333333
0.9	14	5	0.9	0.6	1	71.4166666667
0.9	14	5	0.9	0.9	0	195.083333333
0.9	14	5	0.9	0.9	1	71.4166666667
0.9	14	10	0	0	0	195.083333333
0.9	14	10	0	0	1	71.4166666667
0.9	14	10	0	0.3	0	195.083333333
0.9	14	10	0	0.3	1	71.4166666667
0.9	14	10	0	0.6	0	195.083333333
0.9	14	10	0	0.6	1	71.4166666667
0.9	14	10	0	0.9	0	195.083333333
0.9	14	10	0	0.9	1	71.4166666667
0.9	14	10	0.3	0	0	195.083333333
0.9	14	10	0.3	0	1	71.4166666667
0.9	14	10	0.3	0.3	0	195.083333333
0.9	14	10	0.3	0.3	1	71.4166666667
0.9	14	10	0.3	0.6	0	195.083333333
0.9	14	10	0.3	0.6	1	71.4166666667
0.9	14	10	0.3	0.9	0	195.083333333
0.9	14	10	0.3	0.9	1	71.4166666667
0.9	14	10	0.6	0	0	195.083333333
0.9	14	10	0.6	0	1	71.4166666667
0.9	14	10	0.6	0.3	0	195.083333333
0.9	14	10	0.6	0.3	1	71.4166666667
0.9	14	10	0.6	0.6	0	195.083333333
0.9	14	10	0.6	0.6	1	71.4166666667
0.9	14	10	0.6	0.9	0	195.083333333
0.9	14	10	0.6	0.9	1	71.4166666667
0.9	14	10	0.9	0	0	195.083333333
0.9	14	10	0.9	0	1	71.4166666667
0.9	14	10	0.9	0.3	0	195.083333333
0.9	14	10	0.9	0.3	1	71.4166666667
0.9	14	10	0.9	0.6	0	195.083333333
0.9	14	10	0.9	0.6	1	71.4166666667
0.9	14	10	0.9	0.9	0	195.083333333
0.9	14	10	0.9	0.9	1	71.4166666667
0.9	14	15	0	0	0	195.083333333
0.9	14	15	0	0	1	71.4166666667
0.9	14	15	0	0.3	0	195.083333333
0.9	14	15	0	0.3	1	71.4166666667
0.9	14	15	0	0.6	0	195.083333333
0.9	14	15	0	0.6	1	71.4166666667
0.9	14	15	0	0.9	0	195.083333333
0.9	14	15	0	0.9	1	71.4166666667
0.9	14	15	0.3	0	0	195.083333333
0.9	14	15	0.3	0	1	71.4166666667
0.9	14	15	0.3	0.3	0	195.083333333
0.9	14	15	0.3	0.3	1	71.4166666667
0.9	14	15	0.3	0.6	0	195.083333333
0.9	14	15	0.3	0.6	1	71.4166666667
0.9	14	15	0.3	0.9	0	195.083333333
0.9	14	15	0.3	0.9	1	71.4166666667
0.9	14	15	0.6	0	0	195.083333333
0.9	14	15	0.6	0	1	71.4166666667
0.9	14	15	0.6	0.3	0	195.083333333
0.9	14	15	0.6	0.3	1	71.4166666667
0.9	14	15	0.6	0.6	0	195.083333333
0.9	14	15	0.6	0.6	1	71.4166666667
0.9	14	15	0.6	0.9	0	195.083333333
0.9	14	15	0.6	0.9	1	71.4166666667
0.9	14	15	0.9	0	0	195.083333333
0.9	14	15	0.9	0	1	71.4166666667
0.9	14	15	0.9	0.3	0	195.083333333
0.9	14	15	0.9	0.3	1	71.4166666667
0.9	14	15	0.9	0.6	0	195.083333333
0.9	14	15	0.9	0.6	1	71.4166666667
0.9	14	15	0.9	0.9	0	195.083333333
0.9	14	15	0.9	0.9	1	71.4166666667
0.9	14	20	0	0	0	195.083333333
0.9	14	20	0	0	1	75.1666666667
0.9	14	20	0	0.3	0	195.083333333
0.9	14	20	0	0.3	1	75.1666666667
0.9	14	20	0	0.6	0	195.083333333
0.9	14	20	0	0.6	1	75.1666666667
0.9	14	20	0	0.9	0	195.083333333
0.9	14	20	0	0.9	1	72.25
0.9	14	20	0.3	0	0	195.083333333
0.9	14	20	0.3	0	1	75.1666666667
0.9	14	20	0.3	0.3	0	195.083333333
0.9	14	20	0.3	0.3	1	75.1666666667
0.9	14	20	0.3	0.6	0	195.083333333
0.9	14	20	0.3	0.6	1	75.1666666667
0.9	14	20	0.3	0.9	0	195.083333333
0.9	14	20	0.3	0.9	1	72.25
0.9	14	20	0.6	0	0	195.083333333
0.9	14	20	0.6	0	1	75.1666666667
0.9	14	20	0.6	0.3	0	195.083333333
0.9	14	20	0.6	0.3	1	75.1666666667
0.9	14	20	0.6	0.6	0	195.083333333
0.9	14	20	0.6	0.6	1	75.1666666667
0.9	14	20	0.6	0.9	0	195.083333333
0.9	14	20	0.6	0.9	1	72.25
0.9	14	20	0.9	0	0	195.083333333
0.9	14	20	0.9	0	1	75.1666666667
0.9	14	20	0.9	0.3	0	195.083333333
0.9	14	20	0.9	0.3	1	75.1666666667
0.9	14	20	0.9	0.6	0	195.083333333
0.9	14	20	0.9	0.6	1	75.1666666667
0.9	14	20	0.9	0.9	0	195.083333333
0.9	14	20	0.9	0.9	1	72.25
0.9	14	25	0	0	0	195.083333333
0.9	14	25	0	0	1	75.1666666667
0.9	14	25	0	0.3	0	195.083333333
0.9	14	25	0	0.3	1	75.1666666667
0.9	14	25	0	0.6	0	195.083333333
0.9	14	25	0	0.6	1	75.1666666667
0.9	14	25	0	0.9	0	195.083333333
0.9	14	25	0	0.9	1	74.3333333333
0.9	14	25	0.3	0	0	195.083333333
0.9	14	25	0.3	0	1	75.1666666667
0.9	14	25	0.3	0.3	0	195.083333333
0.9	14	25	0.3	0.3	1	75.1666666667
0.9	14	25	0.3	0.6	0	195.083333333
0.9	14	25	0.3	0.6	1	75.1666666667
0.9	14	25	0.3	0.9	0	195.083333333
0.9	14	25	0.3	0.9	1	74.3333333333
0.9	14	25	0.6	0	0	195.083333333
0.9	14	25	0.6	0	1	75.1666666667
0.9	14	25	0.6	0.3	0	195.083333333
0.9	14	25	0.6	0.3	1	75.1666666667
0.9	14	25	0.6	0.6	0	195.083333333
0.9	14	25	0.6	0.6	1	75.1666666667
0.9	14	25	0.6	0.9	0	195.083333333
0.9	14	25	0.6	0.9	1	74.3333333333
0.9	14	25	0.9	0	0	195.083333333
0.9	14	25	0.9	0	1	75.1666666667
0.9	14	25	0.9	0.3	0	195.083333333
0.9	14	25	0.9	0.3	1	75.1666666667
0.9	14	25	0.9	0.6	0	195.083333333
0.9	14	25	0.9	0.6	1	75.1666666667
0.9	14	25	0.9	0.9	0	195.083333333
0.9	14	25	0.9	0.9	1	74.3333333333
0.9	14	30	0	0	0	195.083333333
0.9	14	30	0	0	1	120.25
0.9	14	30	0	0.3	0	195.083333333
0.9	14	30	0	0.3	1	110.166666667
0.9	14	30	0	0.6	0	195.083333333
0.9	14	30	0	0.6	1	85.1666666667
0.9	14	30	0	0.9	0	195.083333333
0.9	14	30	0	0.9	1	75.1666666667
0.9	14	30	0.3	0	0	195.083333333
0.9	14	30	0.3	0	1	120.25
0.9	14	30	0.3	0.3	0	195.083333333
0.9	14	30	0.3	0.3	1	110.166666667
0.9	14	30	0.3	0.6	0	195.083333333
0.9	14	30	0.3	0.6	1	85.1666666667
0.9	14	30	0.3	0.9	0	195.083333333
0.9	14	30	0.3	0.9	1	75.1666666667
0.9	14	30	0.6	0	0	195.083333333
0.9	14	30	0.6	0	1	120.25
0.9	14	30	0.6	0.3	0	195.083333333
0.9	14	30	0.6	0.3	1	110.166666667
0.9	14	30	0.6	0.6	0	195.083333333
0.9	14	30	0.6	0.6	1	85.1666666667
0.9	14	30	0.6	0.9	0	195.083333333
0.9	14	30	0.6	0.9	1	75.1666666667
0.9	14	30	0.9	0	0	195.083333333
0.9	14	30	0.9	0	1	120.25
0.9	14	30	0.9	0.3	0	195.083333333
0.9	14	30	0.9	0.3	1	110.166666667
0.9	14	30	0.9	0.6	0	195.083333333
0.9	14	30	0.9	0.6	1	85.1666666667
0.9	14	30	0.9	0.9	0	195.083333333
0.9	14	30	0.9	0.9	1	75.1666666667
0.9	15	5	0	0	0	195.083333333
0.9	15	5	0	0	1	71.4166666667
0.9	15	5	0	0.3	0	195.083333333
0.9	15	5	0	0.3	1	71.4166666667
0.9	15	5	0	0.6	0	195.083333333
0.9	15	5	0	0.6	1	71.4166666667
0.9	15	5	0	0.9	0	195.083333333
0.9	15	5	0	0.9	1	71.4166666667
0.9	15	5	0.3	0	0	195.083333333
0.9	15	5	0.3	0	1	71.4166666667
0.9	15	5	0.3	0.3	0	195.083333333
0.9	15	5	0.3	0.3	1	71.4166666667
0.9	15	5	0.3	0.6	0	195.083333333
0.9	15	5	0.3	0.6	1	71.4166666667
0.9	15	5	0.3	0.9	0	195.083333333
0.9	15	5	0.3	0.9	1	71.4166666667
0.9	15	5	0.6	0	0	195.083333333
0.9	15	5	0.6	0	1	71.4166666667
0.9	15	5	0.6	0.3	0	195.083333333
0.9	15	5	0.6	0.3	1	71.4166666667
0.9	15	5	0.6	0.6	0	195.083333333
0.9	15	5	0.6	0.6	1	71.4166666667
0.9	15	5	0.6	0.9	0	195.083333333
0.9	15	5	0.6	0.9	1	71.4166666667
0.9	15	5	0.9	0	0	195.083333333
0.9	15	5	0.9	0	1	71.4166666667
0.9	15	5	0.9	0.3	0	195.083333333
0.9	15	5	0.9	0.3	1	71.4166666667
0.9	15	5	0.9	0.6	0	195.083333333
0.9	15	5	0.9	0.6	1	71.4166666667
0.9	15	5	0.9	0.9	0	195.083333333
0.9	15	5	0.9	0.9	1	71.4166666667
0.9	15	10	0	0	0	195.083333333
0.9	15	10	0	0	1	75.1666666667
0.9	15	10	0	0.3	0	195.083333333
0.9	15	10	0	0.3	1	75.1666666667
0.9	15	10	0	0.6	0	195.083333333
0.9	15	10	0	0.6	1	75.1666666667
0.9	15	10	0	0.9	0	195.083333333
0.9	15	10	0	0.9	1	72.25
0.9	15	10	0.3	0	0	195.083333333
0.9	15	10	0.3	0	1	75.1666666667
0.9	15	10	0.3	0.3	0	195.083333333
0.9	15	10	0.3	0.3	1	75.1666666667
0.9	15	10	0.3	0.6	0	195.083333333
0.9	15	10	0.3	0.6	1	75.1666666667
0.9	15	10	0.3	0.9	0	195.083333333
0.9	15	10	0.3	0.9	1	72.25
0.9	15	10	0.6	0	0	195.083333333
0.9	15	10	0.6	0	1	75.1666666667
0.9	15	10	0.6	0.3	0	195.083333333
0.9	15	10	0.6	0.3	1	75.1666666667
0.9	15	10	0.6	0.6	0	195.083333333
0.9	15	10	0.6	0.6	1	75.1666666667
0.9	15	10	0.6	0.9	0	195.083333333
0.9	15	10	0.6	0.9	1	72.25
0.9	15	10	0.9	0	0	195.083333333
0.9	15	10	0.9	0	1	75.1666666667
0.9	15	10	0.9	0.3	0	195.083333333
0.9	15	10	0.9	0.3	1	75.1666666667
0.9	15	10	0.9	0.6	0	195.083333333
0.9	15	10	0.9	0.6	1	75.1666666667
0.9	15	10	0.9	0.9	0	195.083333333
0.9	15	10	0.9	0.9	1	72.25
0.9	15	15	0	0	0	195.083333333
0.9	15	15	0	0	1	75.1666666667
0.9	15	15	0	0.3	0	195.083333333
0.9	15	15	0	0.3	1	75.1666666667
0.9	15	15	0	0.6	0	195.083333333
0.9	15	15	0	0.6	1	75.1666666667
0.9	15	15	0	0.9	0	195.083333333
0.9	15	15	0	0.9	1	73.5
0.9	15	15	0.3	0	0	195.083333333
0.9	15	15	0.3	0	1	75.1666666667
0.9	15	15	0.3	0.3	0	195.083333333
0.9	15	15	0.3	0.3	1	75.1666666667
0.9	15	15	0.3	0.6	0	195.083333333
0.9	15	15	0.3	0.6	1	75.1666666667
0.9	15	15	0.3	0.9	0	195.083333333
0.9	15	15	0.3	0.9	1	73.5
0.9	15	15	0.6	0	0	195.083333333
0.9	15	15	0.6	0	1	75.1666666667
0.9	15	15	0.6	0.3	0	195.083333333
0.9	15	15	0.6	0.3	1	75.1666666667
0.9	15	15	0.6	0.6	0	195.083333333
0.9	15	15	0.6	0.6	1	75.1666666667
0.9	15	15	0.6	0.9	0	195.083333333
0.9	15	15	0.6	0.9	1	73.5
0.9	15	15	0.9	0	0	195.083333333
0.9	15	15	0.9	0	1	75.1666666667
0.9	15	15	0.9	0.3	0	195.083333333
0.9	15	15	0.9	0.3	1	75.1666666667
0.9	15	15	0.9	0.6	0	195.083333333
0.9	15	15	0.9	0.6	1	75.1666666667
0.9	15	15	0.9	0.9	0	195.083333333
0.9	15	15	0.9	0.9	1	73.5
0.9	15	20	0	0	0	195.083333333
0.9	15	20	0	0	1	120.25
0.9	15	20	0	0.3	0	195.083333333
0.9	15	20	0	0.3	1	110.166666667
0.9	15	20	0	0.6	0	195.083333333
0.9	15	20	0	0.6	1	85.1666666667
0.9	15	20	0	0.9	0	195.083333333
0.9	15	20	0	0.9	1	75.1666666667
0.9	15	20	0.3	0	0	195.083333333
0.9	15	20	0.3	0	1	120.25
0.9	15	20	0.3	0.3	0	195.083333333
0.9	15	20	0.3	0.3	1	110.166666667
0.9	15	20	0.3	0.6	0	195.083333333
0.9	15	20	0.3	0.6	1	85.1666666667
0.9	15	20	0.3	0.9	0	195.083333333
0.9	15	20	0.3	0.9	1	75.1666666667
0.9	15	20	0.6	0	0	195.083333333
0.9	15	20	0.6	0	1	120.25
0.9	15	20	0.6	0.3	0	195.083333333
0.9	15	20	0.6	0.3	1	110.166666667
0.9	15	20	0.6	0.6	0	195.083333333
0.9	15	20	0.6	0.6	1	85.1666666667
0.9	15	20	0.6	0.9	0	195.083333333
0.9	15	20	0.6	0.9	1	75.1666666667
0.9	15	20	0.9	0	0	195.083333333
0.9	15	20	0.9	0	1	120.25
0.9	15	20	0.9	0.3	0	195.083333333
0.9	15	20	0.9	0.3	1	110.166666667
0.9	15	20	0.9	0.6	0	195.083333333
0.9	15	20	0.9	0.6	1	85.1666666667
0.9	15	20	0.9	0.9	0	195.083333333
0.9	15	20	0.9	0.9	1	75.1666666667
0.9	15	25	0	0	0	195.083333333
0.9	15	25	0	0	1	120.25
0.9	15	25	0	0.3	0	195.083333333
0.9	15	25	0	0.3	1	110.166666667
0.9	15	25	0	0.6	0	195.083333333
0.9	15	25	0	0.6	1	85.1666666667
0.9	15	25	0	0.9	0	195.083333333
0.9	15	25	0	0.9	1	75.1666666667
0.9	15	25	0.3	0	0	195.083333333
0.9	15	25	0.3	0	1	120.25
0.9	15	25	0.3	0.3	0	195.083333333
0.9	15	25	0.3	0.3	1	110.166666667
0.9	15	25	0.3	0.6	0	195.083333333
0.9	15	25	0.3	0.6	1	85.1666666667
0.9	15	25	0.3	0.9	0	195.083333333
0.9	15	25	0.3	0.9	1	75.1666666667
0.9	15	25	0.6	0	0	195.083333333
0.9	15	25	0.6	0	1	120.25
0.9	15	25	0.6	0.3	0	195.083333333
0.9	15	25	0.6	0.3	1	110.166666667
0.9	15	25	0.6	0.6	0	195.083333333
0.9	15	25	0.6	0.6	1	85.1666666667
0.9	15	25	0.6	0.9	0	195.083333333
0.9	15	25	0.6	0.9	1	75.1666666667
0.9	15	25	0.9	0	0	195.083333333
0.9	15	25	0.9	0	1	120.25
0.9	15	25	0.9	0.3	0	195.083333333
0.9	15	25	0.9	0.3	1	110.166666667
0.9	15	25	0.9	0.6	0	195.083333333
0.9	15	25	0.9	0.6	1	85.1666666667
0.9	15	25	0.9	0.9	0	195.083333333
0.9	15	25	0.9	0.9	1	75.1666666667
0.9	15	30	0	0	0	195.083333333
0.9	15	30	0	0	1	142.75
0.9	15	30	0	0.3	0	195.083333333
0.9	15	30	0	0.3	1	127.666666667
0.9	15	30	0	0.6	0	195.083333333
0.9	15	30	0	0.6	1	90.1666666667
0.9	15	30	0	0.9	0	195.083333333
0.9	15	30	0	0.9	1	76
0.9	15	30	0.3	0	0	195.083333333
0.9	15	30	0.3	0	1	142.75
0.9	15	30	0.3	0.3	0	195.083333333
0.9	15	30	0.3	0.3	1	127.666666667
0.9	15	30	0.3	0.6	0	195.083333333
0.9	15	30	0.3	0.6	1	90.1666666667
0.9	15	30	0.3	0.9	0	195.083333333
0.9	15	30	0.3	0.9	1	76
0.9	15	30	0.6	0	0	195.083333333
0.9	15	30	0.6	0	1	142.75
0.9	15	30	0.6	0.3	0	195.083333333
0.9	15	30	0.6	0.3	1	127.666666667
0.9	15	30	0.6	0.6	0	195.083333333
0.9	15	30	0.6	0.6	1	90.1666666667
0.9	15	30	0.6	0.9	0	195.083333333
0.9	15	30	0.6	0.9	1	76
0.9	15	30	0.9	0	0	195.083333333
0.9	15	30	0.9	0	1	142.75
0.9	15	30	0.9	0.3	0	195.083333333
0.9	15	30	0.9	0.3	1	127.666666667
0.9	15	30	0.9	0.6	0	195.083333333
0.9	15	30	0.9	0.6	1	90.1666666667
0.9	15	30	0.9	0.9	0	195.083333333
0.9	15	30	0.9	0.9	1	76
0.9	16	5	0	0	0	195.083333333
0.9	16	5	0	0	1	75.1666666667
0.9	16	5	0	0.3	0	195.083333333
0.9	16	5	0	0.3	1	75.1666666667
0.9	16	5	0	0.6	0	195.083333333
0.9	16	5	0	0.6	1	75.1666666667
0.9	16	5	0	0.9	0	195.083333333
0.9	16	5	0	0.9	1	72.25
0.9	16	5	0.3	0	0	195.083333333
0.9	16	5	0.3	0	1	75.1666666667
0.9	16	5	0.3	0.3	0	195.083333333
0.9	16	5	0.3	0.3	1	75.1666666667
0.9	16	5	0.3	0.6	0	195.083333333
0.9	16	5	0.3	0.6	1	75.1666666667
0.9	16	5	0.3	0.9	0	195.083333333
0.9	16	5	0.3	0.9	1	72.25
0.9	16	5	0.6	0	0	195.083333333
0.9	16	5	0.6	0	1	75.1666666667
0.9	16	5	0.6	0.3	0	195.083333333
0.9	16	5	0.6	0.3	1	75.1666666667
0.9	16	5	0.6	0.6	0	195.083333333
0.9	16	5	0.6	0.6	1	75.1666666667
0.9	16	5	0.6	0.9	0	195.083333333
0.9	16	5	0.6	0.9	1	72.25
0.9	16	5	0.9	0	0	195.083333333
0.9	16	5	0.9	0	1	75.1666666667
0.9	16	5	0.9	0.3	0	195.083333333
0.9	16	5	0.9	0.3	1	75.1666666667
0.9	16	5	0.9	0.6	0	195.083333333
0.9	16	5	0.9	0.6	1	75.1666666667
0.9	16	5	0.9	0.9	0	195.083333333
0.9	16	5	0.9	0.9	1	72.25
0.9	16	10	0	0	0	195.083333333
0.9	16	10	0	0	1	120.25
0.9	16	10	0	0.3	0	195.083333333
0.9	16	10	0	0.3	1	110.166666667
0.9	16	10	0	0.6	0	195.083333333
0.9	16	10	0	0.6	1	85.1666666667
0.9	16	10	0	0.9	0	195.083333333
0.9	16	10	0	0.9	1	74.3333333333
0.9	16	10	0.3	0	0	195.083333333
0.9	16	10	0.3	0	1	120.25
0.9	16	10	0.3	0.3	0	195.083333333
0.9	16	10	0.3	0.3	1	110.166666667
0.9	16	10	0.3	0.6	0	195.083333333
0.9	16	10	0.3	0.6	1	85.1666666667
0.9	16	10	0.3	0.9	0	195.083333333
0.9	16	10	0.3	0.9	1	74.3333333333
0.9	16	10	0.6	0	0	195.083333333
0.9	16	10	0.6	0	1	120.25
0.9	16	10	0.6	0.3	0	195.083333333
0.9	16	10	0.6	0.3	1	110.166666667
0.9	16	10	0.6	0.6	0	195.083333333
0.9	16	10	0.6	0.6	1	85.1666666667
0.9	16	10	0.6	0.9	0	195.083333333
0.9	16	10	0.6	0.9	1	74.3333333333
0.9	16	10	0.9	0	0	195.083333333
0.9	16	10	0.9	0	1	120.25
0.9	16	10	0.9	0.3	0	195.083333333
0.9	16	10	0.9	0.3	1	110.166666667
0.9	16	10	0.9	0.6	0	195.083333333
0.9	16	10	0.9	0.6	1	85.1666666667
0.9	16	10	0.9	0.9	0	195.083333333
0.9	16	10	0.9	0.9	1	74.3333333333
0.9	16	15	0	0	0	195.083333333
0.9	16	15	0	0	1	120.25
0.9	16	15	0	0.3	0	195.083333333
0.9	16	15	0	0.3	1	110.166666667
0.9	16	15	0	0.6	0	195.083333333
0.9	16	15	0	0.6	1	85.1666666667
0.9	16	15	0	0.9	0	195.083333333
0.9	16	15	0	0.9	1	74.3333333333
0.9	16	15	0.3	0	0	195.083333333
0.9	16	15	0.3	0	1	120.25
0.9	16	15	0.3	0.3	0	195.083333333
0.9	16	15	0.3	0.3	1	110.166666667
0.9	16	15	0.3	0.6	0	195.083333333
0.9	16	15	0.3	0.6	1	85.1666666667
0.9	16	15	0.3	0.9	0	195.083333333
0.9	16	15	0.3	0.9	1	74.3333333333
0.9	16	15	0.6	0	0	195.083333333
0.9	16	15	0.6	0	1	120.25
0.9	16	15	0.6	0.3	0	195.083333333
0.9	16	15	0.6	0.3	1	110.166666667
0.9	16	15	0.6	0.6	0	195.083333333
0.9	16	15	0.6	0.6	1	85.1666666667
0.9	16	15	0.6	0.9	0	195.083333333
0.9	16	15	0.6	0.9	1	74.3333333333
0.9	16	15	0.9	0	0	195.083333333
0.9	16	15	0.9	0	1	120.25
0.9	16	15	0.9	0.3	0	195.083333333
0.9	16	15	0.9	0.3	1	110.166666667
0.9	16	15	0.9	0.6	0	195.083333333
0.9	16	15	0.9	0.6	1	85.1666666667
0.9	16	15	0.9	0.9	0	195.083333333
0.9	16	15	0.9	0.9	1	74.3333333333
0.9	16	20	0	0	0	195.083333333
0.9	16	20	0	0	1	120.25
0.9	16	20	0	0.3	0	195.083333333
0.9	16	20	0	0.3	1	110.166666667
0.9	16	20	0	0.6	0	195.083333333
0.9	16	20	0	0.6	1	85.1666666667
0.9	16	20	0	0.9	0	195.083333333
0.9	16	20	0	0.9	1	74.3333333333
0.9	16	20	0.3	0	0	195.083333333
0.9	16	20	0.3	0	1	120.25
0.9	16	20	0.3	0.3	0	195.083333333
0.9	16	20	0.3	0.3	1	110.166666667
0.9	16	20	0.3	0.6	0	195.083333333
0.9	16	20	0.3	0.6	1	85.1666666667
0.9	16	20	0.3	0.9	0	195.083333333
0.9	16	20	0.3	0.9	1	74.3333333333
0.9	16	20	0.6	0	0	195.083333333
0.9	16	20	0.6	0	1	120.25
0.9	16	20	0.6	0.3	0	195.083333333
0.9	16	20	0.6	0.3	1	110.166666667
0.9	16	20	0.6	0.6	0	195.083333333
0.9	16	20	0.6	0.6	1	85.1666666667
0.9	16	20	0.6	0.9	0	195.083333333
0.9	16	20	0.6	0.9	1	74.3333333333
0.9	16	20	0.9	0	0	195.083333333
0.9	16	20	0.9	0	1	120.25
0.9	16	20	0.9	0.3	0	195.083333333
0.9	16	20	0.9	0.3	1	110.166666667
0.9	16	20	0.9	0.6	0	195.083333333
0.9	16	20	0.9	0.6	1	85.1666666667
0.9	16	20	0.9	0.9	0	195.083333333
0.9	16	20	0.9	0.9	1	74.3333333333
0.9	16	25	0	0	0	195.083333333
0.9	16	25	0	0	1	142.75
0.9	16	25	0	0.3	0	195.083333333
0.9	16	25	0	0.3	1	127.666666667
0.9	16	25	0	0.6	0	195.083333333
0.9	16	25	0	0.6	1	90.1666666667
0.9	16	25	0	0.9	0	195.083333333
0.9	16	25	0	0.9	1	75.1666666667
0.9	16	25	0.3	0	0	195.083333333
0.9	16	25	0.3	0	1	142.75
0.9	16	25	0.3	0.3	0	195.083333333
0.9	16	25	0.3	0.3	1	127.666666667
0.9	16	25	0.3	0.6	0	195.083333333
0.9	16	25	0.3	0.6	1	90.1666666667
0.9	16	25	0.3	0.9	0	195.083333333
0.9	16	25	0.3	0.9	1	75.1666666667
0.9	16	25	0.6	0	0	195.083333333
0.9	16	25	0.6	0	1	142.75
0.9	16	25	0.6	0.3	0	195.083333333
0.9	16	25	0.6	0.3	1	127.666666667
0.9	16	25	0.6	0.6	0	195.083333333
0.9	16	25	0.6	0.6	1	90.1666666667
0.9	16	25	0.6	0.9	0	195.083333333
0.9	16	25	0.6	0.9	1	75.1666666667
0.9	16	25	0.9	0	0	195.083333333
0.9	16	25	0.9	0	1	142.75
0.9	16	25	0.9	0.3	0	195.083333333
0.9	16	25	0.9	0.3	1	127.666666667
0.9	16	25	0.9	0.6	0	195.083333333
0.9	16	25	0.9	0.6	1	90.1666666667
0.9	16	25	0.9	0.9	0	195.083333333
0.9	16	25	0.9	0.9	1	75.1666666667
0.9	16	30	0	0	0	195.083333333
0.9	16	30	0	0	1	142.75
0.9	16	30	0	0.3	0	195.083333333
0.9	16	30	0	0.3	1	127.666666667
0.9	16	30	0	0.6	0	195.083333333
0.9	16	30	0	0.6	1	90.1666666667
0.9	16	30	0	0.9	0	195.083333333
0.9	16	30	0	0.9	1	75.1666666667
0.9	16	30	0.3	0	0	195.083333333
0.9	16	30	0.3	0	1	142.75
0.9	16	30	0.3	0.3	0	195.083333333
0.9	16	30	0.3	0.3	1	127.666666667
0.9	16	30	0.3	0.6	0	195.083333333
0.9	16	30	0.3	0.6	1	90.1666666667
0.9	16	30	0.3	0.9	0	195.083333333
0.9	16	30	0.3	0.9	1	75.1666666667
0.9	16	30	0.6	0	0	195.083333333
0.9	16	30	0.6	0	1	142.75
0.9	16	30	0.6	0.3	0	195.083333333
0.9	16	30	0.6	0.3	1	127.666666667
0.9	16	30	0.6	0.6	0	195.083333333
0.9	16	30	0.6	0.6	1	90.1666666667
0.9	16	30	0.6	0.9	0	195.083333333
0.9	16	30	0.6	0.9	1	75.1666666667
0.9	16	30	0.9	0	0	195.083333333
0.9	16	30	0.9	0	1	142.75
0.9	16	30	0.9	0.3	0	195.083333333
0.9	16	30	0.9	0.3	1	127.666666667
0.9	16	30	0.9	0.6	0	195.083333333
0.9	16	30	0.9	0.6	1	90.1666666667
0.9	16	30	0.9	0.9	0	195.083333333
0.9	16	30	0.9	0.9	1	75.1666666667
0.9	17	5	0	0	0	195.083333333
0.9	17	5	0	0	1	116.5
0.9	17	5	0	0.3	0	195.083333333
0.9	17	5	0	0.3	1	88.9166666667
0.9	17	5	0	0.6	0	195.083333333
0.9	17	5	0	0.6	1	76.4166666667
0.9	17	5	0	0.9	0	195.083333333
0.9	17	5	0	0.9	1	72.25
0.9	17	5	0.3	0	0	195.083333333
0.9	17	5	0.3	0	1	116.5
0.9	17	5	0.3	0.3	0	195.083333333
0.9	17	5	0.3	0.3	1	88.9166666667
0.9	17	5	0.3	0.6	0	195.083333333
0.9	17	5	0.3	0.6	1	76.4166666667
0.9	17	5	0.3	0.9	0	195.083333333
0.9	17	5	0.3	0.9	1	72.25
0.9	17	5	0.6	0	0	195.083333333
0.9	17	5	0.6	0	1	116.5
0.9	17	5	0.6	0.3	0	195.083333333
0.9	17	5	0.6	0.3	1	88.9166666667
0.9	17	5	0.6	0.6	0	195.083333333
0.9	17	5	0.6	0.6	1	76.4166666667
0.9	17	5	0.6	0.9	0	195.083333333
0.9	17	5	0.6	0.9	1	72.25
0.9	17	5	0.9	0	0	195.083333333
0.9	17	5	0.9	0	1	116.5
0.9	17	5	0.9	0.3	0	195.083333333
0.9	17	5	0.9	0.3	1	88.9166666667
0.9	17	5	0.9	0.6	0	195.083333333
0.9	17	5	0.9	0.6	1	76.4166666667
0.9	17	5	0.9	0.9	0	195.083333333
0.9	17	5	0.9	0.9	1	72.25
0.9	17	10	0	0	0	195.083333333
0.9	17	10	0	0	1	116.5
0.9	17	10	0	0.3	0	195.083333333
0.9	17	10	0	0.3	1	106.416666667
0.9	17	10	0	0.6	0	195.083333333
0.9	17	10	0	0.6	1	81.4166666667
0.9	17	10	0	0.9	0	195.083333333
0.9	17	10	0	0.9	1	73.0833333333
0.9	17	10	0.3	0	0	195.083333333
0.9	17	10	0.3	0	1	116.5
0.9	17	10	0.3	0.3	0	195.083333333
0.9	17	10	0.3	0.3	1	106.416666667
0.9	17	10	0.3	0.6	0	195.083333333
0.9	17	10	0.3	0.6	1	81.4166666667
0.9	17	10	0.3	0.9	0	195.083333333
0.9	17	10	0.3	0.9	1	73.0833333333
0.9	17	10	0.6	0	0	195.083333333
0.9	17	10	0.6	0	1	116.5
0.9	17	10	0.6	0.3	0	195.083333333
0.9	17	10	0.6	0.3	1	106.416666667
0.9	17	10	0.6	0.6	0	195.083333333
0.9	17	10	0.6	0.6	1	81.4166666667
0.9	17	10	0.6	0.9	0	195.083333333
0.9	17	10	0.6	0.9	1	73.0833333333
0.9	17	10	0.9	0	0	195.083333333
0.9	17	10	0.9	0	1	116.5
0.9	17	10	0.9	0.3	0	195.083333333
0.9	17	10	0.9	0.3	1	106.416666667
0.9	17	10	0.9	0.6	0	195.083333333
0.9	17	10	0.9	0.6	1	81.4166666667
0.9	17	10	0.9	0.9	0	195.083333333
0.9	17	10	0.9	0.9	1	73.0833333333
0.9	17	15	0	0	0	195.083333333
0.9	17	15	0	0	1	120.25
0.9	17	15	0	0.3	0	195.083333333
0.9	17	15	0	0.3	1	110.166666667
0.9	17	15	0	0.6	0	195.083333333
0.9	17	15	0	0.6	1	85.1666666667
0.9	17	15	0	0.9	0	195.083333333
0.9	17	15	0	0.9	1	74.3333333333
0.9	17	15	0.3	0	0	195.083333333
0.9	17	15	0.3	0	1	120.25
0.9	17	15	0.3	0.3	0	195.083333333
0.9	17	15	0.3	0.3	1	110.166666667
0.9	17	15	0.3	0.6	0	195.083333333
0.9	17	15	0.3	0.6	1	85.1666666667
0.9	17	15	0.3	0.9	0	195.083333333
0.9	17	15	0.3	0.9	1	74.3333333333
0.9	17	15	0.6	0	0	195.083333333
0.9	17	15	0.6	0	1	120.25
0.9	17	15	0.6	0.3	0	195.083333333
0.9	17	15	0.6	0.3	1	110.166666667
0.9	17	15	0.6	0.6	0	195.083333333
0.9	17	15	0.6	0.6	1	85.1666666667
0.9	17	15	0.6	0.9	0	195.083333333
0.9	17	15	0.6	0.9	1	74.3333333333
0.9	17	15	0.9	0	0	195.083333333
0.9	17	15	0.9	0	1	120.25
0.9	17	15	0.9	0.3	0	195.083333333
0.9	17	15	0.9	0.3	1	110.166666667
0.9	17	15	0.9	0.6	0	195.083333333
0.9	17	15	0.9	0.6	1	85.1666666667
0.9	17	15	0.9	0.9	0	195.083333333
0.9	17	15	0.9	0.9	1	74.3333333333
0.9	17	20	0	0	0	195.083333333
0.9	17	20	0	0	1	142.75
0.9	17	20	0	0.3	0	195.083333333
0.9	17	20	0	0.3	1	127.666666667
0.9	17	20	0	0.6	0	195.083333333
0.9	17	20	0	0.6	1	88.9166666667
0.9	17	20	0	0.9	0	195.083333333
0.9	17	20	0	0.9	1	74.3333333333
0.9	17	20	0.3	0	0	195.083333333
0.9	17	20	0.3	0	1	142.75
0.9	17	20	0.3	0.3	0	195.083333333
0.9	17	20	0.3	0.3	1	127.666666667
0.9	17	20	0.3	0.6	0	195.083333333
0.9	17	20	0.3	0.6	1	88.9166666667
0.9	17	20	0.3	0.9	0	195.083333333
0.9	17	20	0.3	0.9	1	74.3333333333
0.9	17	20	0.6	0	0	195.083333333
0.9	17	20	0.6	0	1	142.75
0.9	17	20	0.6	0.3	0	195.083333333
0.9	17	20	0.6	0.3	1	127.666666667
0.9	17	20	0.6	0.6	0	195.083333333
0.9	17	20	0.6	0.6	1	88.9166666667
0.9	17	20	0.6	0.9	0	195.083333333
0.9	17	20	0.6	0.9	1	74.3333333333
0.9	17	20	0.9	0	0	195.083333333
0.9	17	20	0.9	0	1	142.75
0.9	17	20	0.9	0.3	0	195.083333333
0.9	17	20	0.9	0.3	1	127.666666667
0.9	17	20	0.9	0.6	0	195.083333333
0.9	17	20	0.9	0.6	1	88.9166666667
0.9	17	20	0.9	0.9	0	195.083333333
0.9	17	20	0.9	0.9	1	74.3333333333
0.9	17	25	0	0	0	195.083333333
0.9	17	25	0	0	1	142.75
0.9	17	25	0	0.3	0	195.083333333
0.9	17	25	0	0.3	1	127.666666667
0.9	17	25	0	0.6	0	195.083333333
0.9	17	25	0	0.6	1	88.9166666667
0.9	17	25	0	0.9	0	195.083333333
0.9	17	25	0	0.9	1	74.3333333333
0.9	17	25	0.3	0	0	195.083333333
0.9	17	25	0.3	0	1	142.75
0.9	17	25	0.3	0.3	0	195.083333333
0.9	17	25	0.3	0.3	1	127.666666667
0.9	17	25	0.3	0.6	0	195.083333333
0.9	17	25	0.3	0.6	1	88.9166666667
0.9	17	25	0.3	0.9	0	195.083333333
0.9	17	25	0.3	0.9	1	74.3333333333
0.9	17	25	0.6	0	0	195.083333333
0.9	17	25	0.6	0	1	142.75
0.9	17	25	0.6	0.3	0	195.083333333
0.9	17	25	0.6	0.3	1	127.666666667
0.9	17	25	0.6	0.6	0	195.083333333
0.9	17	25	0.6	0.6	1	88.9166666667
0.9	17	25	0.6	0.9	0	195.083333333
0.9	17	25	0.6	0.9	1	74.3333333333
0.9	17	25	0.9	0	0	195.083333333
0.9	17	25	0.9	0	1	142.75
0.9	17	25	0.9	0.3	0	195.083333333
0.9	17	25	0.9	0.3	1	127.666666667
0.9	17	25	0.9	0.6	0	195.083333333
0.9	17	25	0.9	0.6	1	88.9166666667
0.9	17	25	0.9	0.9	0	195.083333333
0.9	17	25	0.9	0.9	1	74.3333333333
0.9	17	30	0	0	0	195.083333333
0.9	17	30	0	0	1	165.25
0.9	17	30	0	0.3	0	195.083333333
0.9	17	30	0	0.3	1	145.166666667
0.9	17	30	0	0.6	0	195.083333333
0.9	17	30	0	0.6	1	93.9166666667
0.9	17	30	0	0.9	0	195.083333333
0.9	17	30	0	0.9	1	75.1666666667
0.9	17	30	0.3	0	0	195.083333333
0.9	17	30	0.3	0	1	165.25
0.9	17	30	0.3	0.3	0	195.083333333
0.9	17	30	0.3	0.3	1	145.166666667
0.9	17	30	0.3	0.6	0	195.083333333
0.9	17	30	0.3	0.6	1	93.9166666667
0.9	17	30	0.3	0.9	0	195.083333333
0.9	17	30	0.3	0.9	1	75.1666666667
0.9	17	30	0.6	0	0	195.083333333
0.9	17	30	0.6	0	1	165.25
0.9	17	30	0.6	0.3	0	195.083333333
0.9	17	30	0.6	0.3	1	145.166666667
0.9	17	30	0.6	0.6	0	195.083333333
0.9	17	30	0.6	0.6	1	93.9166666667
0.9	17	30	0.6	0.9	0	195.083333333
0.9	17	30	0.6	0.9	1	75.1666666667
0.9	17	30	0.9	0	0	195.083333333
0.9	17	30	0.9	0	1	165.25
0.9	17	30	0.9	0.3	0	195.083333333
0.9	17	30	0.9	0.3	1	145.166666667
0.9	17	30	0.9	0.6	0	195.083333333
0.9	17	30	0.9	0.6	1	93.9166666667
0.9	17	30	0.9	0.9	0	195.083333333
0.9	17	30	0.9	0.9	1	75.1666666667
